project_id,milestone_name,planned_date,achieved_date,is_delayed
PRJ-00001,Detailed Alignment Survey & RoW Acquisition,2025-11-25,2025-11-16,False
PRJ-00001,Forest & Railway Board Sanction,2026-04-26,2026-04-18,False
PRJ-00001,Tendering & Major Civil Contract Award,2026-09-25,,False
PRJ-00001,"Earthwork, Tunnels & Bridge Abutments",2027-02-25,,False
PRJ-00001,Track Laying & 25kV OHE Electrification,2027-07-27,,False
PRJ-00001,Signalling (Kavach) & CRS Safety Inspection,2027-12-26,,False
PRJ-00002,Land Acquisition & 3D Notification (90% RoW),2022-04-30,2022-04-25,False
PRJ-00002,Forest & Environmental Clearance,2022-11-05,2022-10-29,False
PRJ-00002,EPC / HAM Contract Award & Financial Close,2023-05-13,2023-05-02,False
PRJ-00002,"Earthwork, Embankment & Subgrade Completion",2023-11-18,2023-11-09,False
PRJ-00002,Major Bridges & Flyover Structures Erection,2024-05-26,2024-06-04,False
PRJ-00002,"Bituminous Pavement, Signage & Final COD",2024-12-01,2024-11-26,False
PRJ-00003,Land Acquisition & 3D Notification (90% RoW),2024-12-03,2024-12-05,False
PRJ-00003,Forest & Environmental Clearance,2025-05-09,2025-05-03,False
PRJ-00003,EPC / HAM Contract Award & Financial Close,2025-10-13,2025-10-18,False
PRJ-00003,"Earthwork, Embankment & Subgrade Completion",2026-03-19,2026-03-23,False
PRJ-00003,Major Bridges & Flyover Structures Erection,2026-08-23,,False
PRJ-00003,"Bituminous Pavement, Signage & Final COD",2027-01-27,,False
PRJ-00004,Detailed Alignment Survey & RoW Acquisition,2022-02-22,2022-02-18,False
PRJ-00004,Forest & Railway Board Sanction,2022-07-29,2022-10-20,True
PRJ-00004,Tendering & Major Civil Contract Award,2023-01-02,2023-07-22,True
PRJ-00004,"Earthwork, Tunnels & Bridge Abutments",2023-06-08,2023-09-14,True
PRJ-00004,Track Laying & 25kV OHE Electrification,2023-11-12,2024-06-08,True
PRJ-00004,Signalling (Kavach) & CRS Safety Inspection,2024-04-17,,True
PRJ-00005,Land Acquisition & 3D Notification (90% RoW),2024-12-25,2025-01-03,False
PRJ-00005,Forest & Environmental Clearance,2026-01-17,,True
PRJ-00005,EPC / HAM Contract Award & Financial Close,2027-02-09,,False
PRJ-00005,"Earthwork, Embankment & Subgrade Completion",2028-03-02,,False
PRJ-00005,Major Bridges & Flyover Structures Erection,2029-03-25,,False
PRJ-00005,"Bituminous Pavement, Signage & Final COD",2030-04-17,,False
PRJ-00006,AERB Site Clearance & Environmental Approval,2022-12-25,2022-12-22,False
PRJ-00006,First Pour of Concrete (FPC) Milestone,2023-06-18,2023-06-23,False
PRJ-00006,Reactor Building Inner Containment Dome,2023-12-11,2023-12-10,False
PRJ-00006,Reactor Pressure Vessel & Steam Generator Installation,2024-06-03,2024-05-23,False
PRJ-00006,"Secondary Piping, Turbine & Grid Interface",2024-11-25,2024-11-18,False
PRJ-00006,AERB Fuel Loading Permission & Full Power COD,2025-05-20,2025-05-09,False
PRJ-00007,Land Acquisition & 3D Notification (90% RoW),2023-01-18,2023-01-23,False
PRJ-00007,Forest & Environmental Clearance,2023-07-31,2023-10-09,True
PRJ-00007,EPC / HAM Contract Award & Financial Close,2024-02-10,2024-09-29,True
PRJ-00007,"Earthwork, Embankment & Subgrade Completion",2024-08-22,,True
PRJ-00007,Major Bridges & Flyover Structures Erection,2025-03-04,,True
PRJ-00007,"Bituminous Pavement, Signage & Final COD",2025-09-14,,True
PRJ-00008,Statutory Approvals & Land Possession,2024-04-16,2024-04-18,False
PRJ-00008,Engineering Design & EPC Contract Award,2024-08-14,2024-08-23,False
PRJ-00008,Civil Works Foundation & Substructure,2024-12-12,2024-12-05,False
PRJ-00008,Main Equipment Supply & Installation,2025-04-11,2025-04-20,False
PRJ-00008,"Piping, Cabling & Auxiliary Works",2025-08-09,2025-08-14,False
PRJ-00008,"Pre-commissioning, Testing & Final Handover",2025-12-07,2025-12-02,False
PRJ-00009,Statutory Approvals & Land Possession,2025-02-15,2025-02-19,False
PRJ-00009,Engineering Design & EPC Contract Award,2025-08-23,,True
PRJ-00009,Civil Works Foundation & Substructure,2026-02-28,,True
PRJ-00009,Main Equipment Supply & Installation,2026-09-05,,False
PRJ-00009,"Piping, Cabling & Auxiliary Works",2027-03-14,,False
PRJ-00009,"Pre-commissioning, Testing & Final Handover",2027-09-19,,False
PRJ-00010,Detailed Alignment Survey & RoW Acquisition,2021-06-07,2021-05-30,False
PRJ-00010,Forest & Railway Board Sanction,2021-11-02,2022-04-26,True
PRJ-00010,Tendering & Major Civil Contract Award,2022-03-30,2022-05-19,True
PRJ-00010,"Earthwork, Tunnels & Bridge Abutments",2022-08-24,2022-10-14,True
PRJ-00010,Track Laying & 25kV OHE Electrification,2023-01-19,2023-08-24,True
PRJ-00010,Signalling (Kavach) & CRS Safety Inspection,2023-06-16,2023-11-17,True
PRJ-00011,Land & Depot Acquisition Approval,2024-03-30,2024-04-01,False
PRJ-00011,Utility Shifting & Tree Clearance,2024-08-20,2025-03-31,True
PRJ-00011,Viaduct Pier Construction & TBM Tunneling,2025-01-10,2025-08-14,True
PRJ-00011,Underground / Elevated Stations Civil Structure,2025-06-02,2025-12-25,True
PRJ-00011,Third Rail / OHE & CBTC Signalling,2025-10-23,,True
PRJ-00011,Rolling Stock Trials & CMRS Certification,2026-03-15,,True
PRJ-00012,Statutory Approvals & Land Possession,2025-04-20,,True
PRJ-00012,Engineering Design & EPC Contract Award,2025-11-04,,True
PRJ-00012,Civil Works Foundation & Substructure,2026-05-22,,True
PRJ-00012,Main Equipment Supply & Installation,2026-12-06,,False
PRJ-00012,"Piping, Cabling & Auxiliary Works",2027-06-23,,False
PRJ-00012,"Pre-commissioning, Testing & Final Handover",2028-01-07,,False
PRJ-00013,Land & Depot Acquisition Approval,2021-09-28,2021-10-06,False
PRJ-00013,Utility Shifting & Tree Clearance,2022-10-21,2023-04-15,True
PRJ-00013,Viaduct Pier Construction & TBM Tunneling,2023-11-13,2024-05-08,True
PRJ-00013,Underground / Elevated Stations Civil Structure,2024-12-04,2025-05-04,True
PRJ-00013,Third Rail / OHE & CBTC Signalling,2025-12-27,,True
PRJ-00013,Rolling Stock Trials & CMRS Certification,2027-01-19,,False
PRJ-00014,Detailed Alignment Survey & RoW Acquisition,2026-04-20,,True
PRJ-00014,Forest & Railway Board Sanction,2026-11-04,,False
PRJ-00014,Tendering & Major Civil Contract Award,2027-05-22,,False
PRJ-00014,"Earthwork, Tunnels & Bridge Abutments",2027-12-06,,False
PRJ-00014,Track Laying & 25kV OHE Electrification,2028-06-22,,False
PRJ-00014,Signalling (Kavach) & CRS Safety Inspection,2029-01-06,,False
PRJ-00015,Detailed Alignment Survey & RoW Acquisition,2022-02-02,2022-01-20,False
PRJ-00015,Forest & Railway Board Sanction,2022-08-24,2023-01-14,True
PRJ-00015,Tendering & Major Civil Contract Award,2023-03-15,2023-11-06,True
PRJ-00015,"Earthwork, Tunnels & Bridge Abutments",2023-10-04,2024-03-22,True
PRJ-00015,Track Laying & 25kV OHE Electrification,2024-04-24,,True
PRJ-00015,Signalling (Kavach) & CRS Safety Inspection,2024-11-13,,True
PRJ-00016,Land & Depot Acquisition Approval,2022-04-03,2022-03-31,False
PRJ-00016,Utility Shifting & Tree Clearance,2022-09-21,2022-12-27,True
PRJ-00016,Viaduct Pier Construction & TBM Tunneling,2023-03-11,2023-10-27,True
PRJ-00016,Underground / Elevated Stations Civil Structure,2023-08-29,2024-04-15,True
PRJ-00016,Third Rail / OHE & CBTC Signalling,2024-02-15,2024-07-10,True
PRJ-00016,Rolling Stock Trials & CMRS Certification,2024-08-04,2024-11-15,True
PRJ-00017,Statutory Approvals & Land Possession,2021-11-07,2021-11-10,False
PRJ-00017,Engineering Design & EPC Contract Award,2022-04-04,2022-04-04,False
PRJ-00017,Civil Works Foundation & Substructure,2022-08-30,2022-08-31,False
PRJ-00017,Main Equipment Supply & Installation,2023-01-24,2023-01-25,False
PRJ-00017,"Piping, Cabling & Auxiliary Works",2023-06-21,2023-06-11,False
PRJ-00017,"Pre-commissioning, Testing & Final Handover",2023-11-16,2023-11-02,False
PRJ-00018,Land Acquisition & 3D Notification (90% RoW),2023-09-06,2023-09-09,False
PRJ-00018,Forest & Environmental Clearance,2024-01-22,2024-07-14,True
PRJ-00018,EPC / HAM Contract Award & Financial Close,2024-06-09,2024-11-19,True
PRJ-00018,"Earthwork, Embankment & Subgrade Completion",2024-10-25,2025-02-12,True
PRJ-00018,Major Bridges & Flyover Structures Erection,2025-03-13,,True
PRJ-00018,"Bituminous Pavement, Signage & Final COD",2025-07-29,,True
PRJ-00019,Solar Park / Land Lease Execution,2023-03-20,2023-03-05,False
PRJ-00019,Grid Connectivity & PPA Execution,2023-08-10,2023-08-09,False
PRJ-00019,Module Mounting Structures & Inverter Civil Work,2023-12-31,2024-01-04,False
PRJ-00019,Solar PV Module / WTG Erection,2024-05-22,2024-05-25,False
PRJ-00019,Transmission Line to Pooling Substation,2024-10-12,2024-09-30,False
PRJ-00019,RLDC Charging & Commercial Operation Declaration,2025-03-04,2025-02-19,False
PRJ-00020,Detailed Alignment Survey & RoW Acquisition,2022-12-30,2022-12-31,False
PRJ-00020,Forest & Railway Board Sanction,2023-05-31,2023-07-02,True
PRJ-00020,Tendering & Major Civil Contract Award,2023-10-30,2024-05-17,True
PRJ-00020,"Earthwork, Tunnels & Bridge Abutments",2024-03-31,2024-11-25,True
PRJ-00020,Track Laying & 25kV OHE Electrification,2024-08-30,2025-02-17,True
PRJ-00020,Signalling (Kavach) & CRS Safety Inspection,2025-01-29,2025-05-15,True
PRJ-00021,Statutory Approvals & Land Possession,2024-10-04,2024-09-27,False
PRJ-00021,Engineering Design & EPC Contract Award,2025-02-24,,True
PRJ-00021,Civil Works Foundation & Substructure,2025-07-17,,True
PRJ-00021,Main Equipment Supply & Installation,2025-12-07,,True
PRJ-00021,"Piping, Cabling & Auxiliary Works",2026-04-29,,True
PRJ-00021,"Pre-commissioning, Testing & Final Handover",2026-09-19,,False
PRJ-00022,Land Acquisition & 3D Notification (90% RoW),2023-11-28,2023-12-06,False
PRJ-00022,Forest & Environmental Clearance,2024-05-26,2024-10-16,True
PRJ-00022,EPC / HAM Contract Award & Financial Close,2024-11-22,,True
PRJ-00022,"Earthwork, Embankment & Subgrade Completion",2025-05-21,,True
PRJ-00022,Major Bridges & Flyover Structures Erection,2025-11-17,,True
PRJ-00022,"Bituminous Pavement, Signage & Final COD",2026-05-16,,True
PRJ-00023,Detailed Alignment Survey & RoW Acquisition,2025-02-02,,True
PRJ-00023,Forest & Railway Board Sanction,2025-11-24,,True
PRJ-00023,Tendering & Major Civil Contract Award,2026-09-16,,False
PRJ-00023,"Earthwork, Tunnels & Bridge Abutments",2027-07-08,,False
PRJ-00023,Track Laying & 25kV OHE Electrification,2028-04-28,,False
PRJ-00023,Signalling (Kavach) & CRS Safety Inspection,2029-02-18,,False
PRJ-00024,Statutory Approvals & Land Possession,2021-03-28,2021-03-20,False
PRJ-00024,Engineering Design & EPC Contract Award,2021-09-19,2021-09-09,False
PRJ-00024,Civil Works Foundation & Substructure,2022-03-14,2022-03-24,False
PRJ-00024,Main Equipment Supply & Installation,2022-09-05,2022-09-15,False
PRJ-00024,"Piping, Cabling & Auxiliary Works",2023-02-27,2023-02-17,False
PRJ-00024,"Pre-commissioning, Testing & Final Handover",2023-08-22,2023-08-20,False
PRJ-00025,Land Acquisition & 3D Notification (90% RoW),2025-10-19,2025-10-11,False
PRJ-00025,Forest & Environmental Clearance,2026-03-11,2026-03-02,False
PRJ-00025,EPC / HAM Contract Award & Financial Close,2026-08-01,2026-07-31,False
PRJ-00025,"Earthwork, Embankment & Subgrade Completion",2026-12-22,,False
PRJ-00025,Major Bridges & Flyover Structures Erection,2027-05-14,,False
PRJ-00025,"Bituminous Pavement, Signage & Final COD",2027-10-04,,False
PRJ-00026,Statutory Approvals & Land Possession,2021-05-17,2021-05-14,False
PRJ-00026,Engineering Design & EPC Contract Award,2021-09-05,2022-03-27,True
PRJ-00026,Civil Works Foundation & Substructure,2021-12-25,2022-06-10,True
PRJ-00026,Main Equipment Supply & Installation,2022-04-15,2022-08-07,True
PRJ-00026,"Piping, Cabling & Auxiliary Works",2022-08-03,2022-09-09,True
PRJ-00026,"Pre-commissioning, Testing & Final Handover",2022-11-22,2023-01-20,True
PRJ-00027,Detailed Alignment Survey & RoW Acquisition,2024-06-18,2024-06-21,False
PRJ-00027,Forest & Railway Board Sanction,2025-02-04,2025-04-23,True
PRJ-00027,Tendering & Major Civil Contract Award,2025-09-23,,True
PRJ-00027,"Earthwork, Tunnels & Bridge Abutments",2026-05-12,,True
PRJ-00027,Track Laying & 25kV OHE Electrification,2026-12-28,,False
PRJ-00027,Signalling (Kavach) & CRS Safety Inspection,2027-08-16,,False
PRJ-00028,Statutory Approvals & Land Possession,2025-12-05,2025-12-11,False
PRJ-00028,Engineering Design & EPC Contract Award,2026-07-19,,True
PRJ-00028,Civil Works Foundation & Substructure,2027-03-02,,False
PRJ-00028,Main Equipment Supply & Installation,2027-10-14,,False
PRJ-00028,"Piping, Cabling & Auxiliary Works",2028-05-27,,False
PRJ-00028,"Pre-commissioning, Testing & Final Handover",2029-01-08,,False
PRJ-00029,Land Acquisition & 3D Notification (90% RoW),2025-06-17,2025-06-15,False
PRJ-00029,Forest & Environmental Clearance,2026-04-22,,True
PRJ-00029,EPC / HAM Contract Award & Financial Close,2027-02-25,,False
PRJ-00029,"Earthwork, Embankment & Subgrade Completion",2027-12-31,,False
PRJ-00029,Major Bridges & Flyover Structures Erection,2028-11-05,,False
PRJ-00029,"Bituminous Pavement, Signage & Final COD",2029-09-10,,False
PRJ-00030,Statutory Approvals & Land Possession,2024-10-09,2024-10-08,False
PRJ-00030,Engineering Design & EPC Contract Award,2025-05-05,,True
PRJ-00030,Civil Works Foundation & Substructure,2025-11-29,,True
PRJ-00030,Main Equipment Supply & Installation,2026-06-24,,True
PRJ-00030,"Piping, Cabling & Auxiliary Works",2027-01-18,,False
PRJ-00030,"Pre-commissioning, Testing & Final Handover",2027-08-14,,False
PRJ-00031,Detailed Alignment Survey & RoW Acquisition,2025-10-14,,True
PRJ-00031,Forest & Railway Board Sanction,2026-03-29,,True
PRJ-00031,Tendering & Major Civil Contract Award,2026-09-11,,False
PRJ-00031,"Earthwork, Tunnels & Bridge Abutments",2027-02-24,,False
PRJ-00031,Track Laying & 25kV OHE Electrification,2027-08-09,,False
PRJ-00031,Signalling (Kavach) & CRS Safety Inspection,2028-01-22,,False
PRJ-00032,Statutory Approvals & Land Possession,2020-09-15,2020-09-18,False
PRJ-00032,Engineering Design & EPC Contract Award,2021-02-24,2021-02-15,False
PRJ-00032,Civil Works Foundation & Substructure,2021-08-04,2021-08-11,False
PRJ-00032,Main Equipment Supply & Installation,2022-01-13,2022-01-20,False
PRJ-00032,"Piping, Cabling & Auxiliary Works",2022-06-23,2022-06-20,False
PRJ-00032,"Pre-commissioning, Testing & Final Handover",2022-12-02,2022-12-02,False
PRJ-00033,Detailed Alignment Survey & RoW Acquisition,2024-01-19,2024-01-07,False
PRJ-00033,Forest & Railway Board Sanction,2024-06-24,2024-06-23,False
PRJ-00033,Tendering & Major Civil Contract Award,2024-11-28,2024-11-17,False
PRJ-00033,"Earthwork, Tunnels & Bridge Abutments",2025-05-04,2025-05-14,False
PRJ-00033,Track Laying & 25kV OHE Electrification,2025-10-08,2025-10-07,False
PRJ-00033,Signalling (Kavach) & CRS Safety Inspection,2026-03-14,2026-03-20,False
PRJ-00034,Land Acquisition & 3D Notification (90% RoW),2025-06-02,2025-05-26,False
PRJ-00034,Forest & Environmental Clearance,2025-11-24,2025-12-03,False
PRJ-00034,EPC / HAM Contract Award & Financial Close,2026-05-19,2026-05-28,False
PRJ-00034,"Earthwork, Embankment & Subgrade Completion",2026-11-10,,False
PRJ-00034,Major Bridges & Flyover Structures Erection,2027-05-04,,False
PRJ-00034,"Bituminous Pavement, Signage & Final COD",2027-10-27,,False
PRJ-00035,Statutory Approvals & Land Possession,2022-11-05,2022-10-25,False
PRJ-00035,Engineering Design & EPC Contract Award,2023-03-23,2023-10-19,True
PRJ-00035,Civil Works Foundation & Substructure,2023-08-09,2023-11-01,True
PRJ-00035,Main Equipment Supply & Installation,2023-12-25,2024-02-09,True
PRJ-00035,"Piping, Cabling & Auxiliary Works",2024-05-12,2024-09-25,True
PRJ-00035,"Pre-commissioning, Testing & Final Handover",2024-09-27,2025-02-08,True
PRJ-00036,Statutory Approvals & Land Possession,2024-04-10,2024-04-10,False
PRJ-00036,Engineering Design & EPC Contract Award,2024-09-14,2024-08-30,False
PRJ-00036,Civil Works Foundation & Substructure,2025-02-18,2025-02-14,False
PRJ-00036,Main Equipment Supply & Installation,2025-07-25,2025-07-19,False
PRJ-00036,"Piping, Cabling & Auxiliary Works",2025-12-29,2026-01-07,False
PRJ-00036,"Pre-commissioning, Testing & Final Handover",2026-06-04,2026-06-01,False
PRJ-00037,Land Acquisition & 3D Notification (90% RoW),2021-03-21,2021-03-25,False
PRJ-00037,Forest & Environmental Clearance,2021-08-06,2022-01-19,True
PRJ-00037,EPC / HAM Contract Award & Financial Close,2021-12-23,2022-01-28,True
PRJ-00037,"Earthwork, Embankment & Subgrade Completion",2022-05-10,2022-09-17,True
PRJ-00037,Major Bridges & Flyover Structures Erection,2022-09-26,2023-03-26,True
PRJ-00037,"Bituminous Pavement, Signage & Final COD",2023-02-11,2023-08-04,True
PRJ-00038,Statutory Approvals & Land Possession,2023-09-05,2023-09-02,False
PRJ-00038,Engineering Design & EPC Contract Award,2024-01-08,2024-04-18,True
PRJ-00038,Civil Works Foundation & Substructure,2024-05-11,2024-12-19,True
PRJ-00038,Main Equipment Supply & Installation,2024-09-13,,True
PRJ-00038,"Piping, Cabling & Auxiliary Works",2025-01-16,,True
PRJ-00038,"Pre-commissioning, Testing & Final Handover",2025-05-20,,True
PRJ-00039,Statutory Approvals & Land Possession,2026-06-06,,True
PRJ-00039,Engineering Design & EPC Contract Award,2026-12-26,,False
PRJ-00039,Civil Works Foundation & Substructure,2027-07-17,,False
PRJ-00039,Main Equipment Supply & Installation,2028-02-05,,False
PRJ-00039,"Piping, Cabling & Auxiliary Works",2028-08-26,,False
PRJ-00039,"Pre-commissioning, Testing & Final Handover",2029-03-17,,False
PRJ-00040,Land Acquisition & 3D Notification (90% RoW),2021-12-12,2021-12-08,False
PRJ-00040,Forest & Environmental Clearance,2022-05-18,2022-07-29,True
PRJ-00040,EPC / HAM Contract Award & Financial Close,2022-10-22,2023-04-25,True
PRJ-00040,"Earthwork, Embankment & Subgrade Completion",2023-03-28,,True
PRJ-00040,Major Bridges & Flyover Structures Erection,2023-09-01,,True
PRJ-00040,"Bituminous Pavement, Signage & Final COD",2024-02-05,,True
PRJ-00041,Land Acquisition & 3D Notification (90% RoW),2023-09-13,2023-09-20,False
PRJ-00041,Forest & Environmental Clearance,2024-03-11,2024-03-16,False
PRJ-00041,EPC / HAM Contract Award & Financial Close,2024-09-07,2024-08-30,False
PRJ-00041,"Earthwork, Embankment & Subgrade Completion",2025-03-06,2025-02-22,False
PRJ-00041,Major Bridges & Flyover Structures Erection,2025-09-02,2025-09-09,False
PRJ-00041,"Bituminous Pavement, Signage & Final COD",2026-03-01,2026-03-10,False
PRJ-00042,Land Acquisition & 3D Notification (90% RoW),2024-09-03,2024-09-03,False
PRJ-00042,Forest & Environmental Clearance,2025-05-19,,True
PRJ-00042,EPC / HAM Contract Award & Financial Close,2026-02-02,,True
PRJ-00042,"Earthwork, Embankment & Subgrade Completion",2026-10-18,,False
PRJ-00042,Major Bridges & Flyover Structures Erection,2027-07-04,,False
PRJ-00042,"Bituminous Pavement, Signage & Final COD",2028-03-18,,False
PRJ-00043,Statutory Approvals & Land Possession,2026-01-13,2026-01-15,False
PRJ-00043,Engineering Design & EPC Contract Award,2026-09-24,,False
PRJ-00043,Civil Works Foundation & Substructure,2027-06-05,,False
PRJ-00043,Main Equipment Supply & Installation,2028-02-14,,False
PRJ-00043,"Piping, Cabling & Auxiliary Works",2028-10-25,,False
PRJ-00043,"Pre-commissioning, Testing & Final Handover",2029-07-06,,False
PRJ-00044,Statutory Approvals & Land Possession,2021-12-09,2021-11-24,False
PRJ-00044,Engineering Design & EPC Contract Award,2022-05-20,2022-10-23,True
PRJ-00044,Civil Works Foundation & Substructure,2022-10-28,2023-02-18,True
PRJ-00044,Main Equipment Supply & Installation,2023-04-08,2023-06-23,True
PRJ-00044,"Piping, Cabling & Auxiliary Works",2023-09-16,2024-02-17,True
PRJ-00044,"Pre-commissioning, Testing & Final Handover",2024-02-25,2024-05-19,True
PRJ-00045,Detailed Alignment Survey & RoW Acquisition,2023-06-08,2023-06-17,False
PRJ-00045,Forest & Railway Board Sanction,2023-12-10,2023-12-02,False
PRJ-00045,Tendering & Major Civil Contract Award,2024-06-11,2024-06-18,False
PRJ-00045,"Earthwork, Tunnels & Bridge Abutments",2024-12-13,2024-12-13,False
PRJ-00045,Track Laying & 25kV OHE Electrification,2025-06-16,2025-06-21,False
PRJ-00045,Signalling (Kavach) & CRS Safety Inspection,2025-12-17,2025-12-24,False
PRJ-00046,Detailed Alignment Survey & RoW Acquisition,2024-08-26,2024-08-24,False
PRJ-00046,Forest & Railway Board Sanction,2025-03-08,,True
PRJ-00046,Tendering & Major Civil Contract Award,2025-09-18,,True
PRJ-00046,"Earthwork, Tunnels & Bridge Abutments",2026-03-31,,True
PRJ-00046,Track Laying & 25kV OHE Electrification,2026-10-11,,False
PRJ-00046,Signalling (Kavach) & CRS Safety Inspection,2027-04-23,,False
PRJ-00047,Detailed Alignment Survey & RoW Acquisition,2022-02-08,2022-01-29,False
PRJ-00047,Forest & Railway Board Sanction,2022-11-30,2023-02-17,True
PRJ-00047,Tendering & Major Civil Contract Award,2023-09-22,2023-12-16,True
PRJ-00047,"Earthwork, Tunnels & Bridge Abutments",2024-07-13,2025-02-17,True
PRJ-00047,Track Laying & 25kV OHE Electrification,2025-05-04,,True
PRJ-00047,Signalling (Kavach) & CRS Safety Inspection,2026-02-24,,True
PRJ-00048,Statutory Approvals & Land Possession,2022-05-14,2022-04-30,False
PRJ-00048,Engineering Design & EPC Contract Award,2023-03-05,2023-04-17,True
PRJ-00048,Civil Works Foundation & Substructure,2023-12-26,2024-06-14,True
PRJ-00048,Main Equipment Supply & Installation,2024-10-16,2025-01-28,True
PRJ-00048,"Piping, Cabling & Auxiliary Works",2025-08-07,,True
PRJ-00048,"Pre-commissioning, Testing & Final Handover",2026-05-30,,True
PRJ-00049,Statutory Approvals & Land Possession,2023-07-21,2023-07-09,False
PRJ-00049,Engineering Design & EPC Contract Award,2024-03-31,2024-11-26,True
PRJ-00049,Civil Works Foundation & Substructure,2024-12-10,,True
PRJ-00049,Main Equipment Supply & Installation,2025-08-21,,True
PRJ-00049,"Piping, Cabling & Auxiliary Works",2026-05-02,,True
PRJ-00049,"Pre-commissioning, Testing & Final Handover",2027-01-11,,False
PRJ-00050,Statutory Approvals & Land Possession,2021-01-30,2021-02-08,False
PRJ-00050,Engineering Design & EPC Contract Award,2021-08-16,2021-08-14,False
PRJ-00050,Civil Works Foundation & Substructure,2022-03-03,2022-03-07,False
PRJ-00050,Main Equipment Supply & Installation,2022-09-17,2022-09-21,False
PRJ-00050,"Piping, Cabling & Auxiliary Works",2023-04-04,2023-04-14,False
PRJ-00050,"Pre-commissioning, Testing & Final Handover",2023-10-19,2023-10-23,False
PRJ-00051,Statutory Approvals & Land Possession,2024-02-13,2024-02-18,False
PRJ-00051,Engineering Design & EPC Contract Award,2024-07-24,2024-10-16,True
PRJ-00051,Civil Works Foundation & Substructure,2025-01-01,2025-04-08,True
PRJ-00051,Main Equipment Supply & Installation,2025-06-12,,True
PRJ-00051,"Piping, Cabling & Auxiliary Works",2025-11-20,,True
PRJ-00051,"Pre-commissioning, Testing & Final Handover",2026-05-01,,True
PRJ-00052,Statutory Approvals & Land Possession,2021-08-27,2021-09-03,False
PRJ-00052,Engineering Design & EPC Contract Award,2022-01-12,2022-06-07,True
PRJ-00052,Civil Works Foundation & Substructure,2022-05-31,2022-07-18,True
PRJ-00052,Main Equipment Supply & Installation,2022-10-16,2023-05-09,True
PRJ-00052,"Piping, Cabling & Auxiliary Works",2023-03-04,2023-06-01,True
PRJ-00052,"Pre-commissioning, Testing & Final Handover",2023-07-20,2023-10-25,True
PRJ-00053,Statutory Approvals & Land Possession,2021-12-17,2021-12-16,False
PRJ-00053,Engineering Design & EPC Contract Award,2022-05-23,2022-07-23,True
PRJ-00053,Civil Works Foundation & Substructure,2022-10-27,2023-03-25,True
PRJ-00053,Main Equipment Supply & Installation,2023-04-02,2023-10-25,True
PRJ-00053,"Piping, Cabling & Auxiliary Works",2023-09-06,2023-12-22,True
PRJ-00053,"Pre-commissioning, Testing & Final Handover",2024-02-10,,True
PRJ-00054,Detailed Alignment Survey & RoW Acquisition,2024-12-15,2024-12-21,False
PRJ-00054,Forest & Railway Board Sanction,2025-07-15,,True
PRJ-00054,Tendering & Major Civil Contract Award,2026-02-12,,True
PRJ-00054,"Earthwork, Tunnels & Bridge Abutments",2026-09-13,,False
PRJ-00054,Track Laying & 25kV OHE Electrification,2027-04-13,,False
PRJ-00054,Signalling (Kavach) & CRS Safety Inspection,2027-11-11,,False
PRJ-00055,Statutory Approvals & Land Possession,2022-06-10,2022-06-10,False
PRJ-00055,Engineering Design & EPC Contract Award,2022-12-12,2022-11-29,False
PRJ-00055,Civil Works Foundation & Substructure,2023-06-14,2023-06-14,False
PRJ-00055,Main Equipment Supply & Installation,2023-12-16,2023-12-12,False
PRJ-00055,"Piping, Cabling & Auxiliary Works",2024-06-18,2024-06-16,False
PRJ-00055,"Pre-commissioning, Testing & Final Handover",2024-12-19,2024-12-14,False
PRJ-00056,Detailed Alignment Survey & RoW Acquisition,2024-03-23,2024-03-18,False
PRJ-00056,Forest & Railway Board Sanction,2024-08-27,,True
PRJ-00056,Tendering & Major Civil Contract Award,2025-01-31,,True
PRJ-00056,"Earthwork, Tunnels & Bridge Abutments",2025-07-07,,True
PRJ-00056,Track Laying & 25kV OHE Electrification,2025-12-11,,True
PRJ-00056,Signalling (Kavach) & CRS Safety Inspection,2026-05-17,,True
PRJ-00057,Statutory Approvals & Land Possession,2024-10-04,2024-10-08,False
PRJ-00057,Engineering Design & EPC Contract Award,2025-01-27,2025-09-07,True
PRJ-00057,Civil Works Foundation & Substructure,2025-05-23,,True
PRJ-00057,Main Equipment Supply & Installation,2025-09-15,,True
PRJ-00057,"Piping, Cabling & Auxiliary Works",2026-01-08,,True
PRJ-00057,"Pre-commissioning, Testing & Final Handover",2026-05-04,,True
PRJ-00058,Land Acquisition & 3D Notification (90% RoW),2024-11-26,2024-12-06,False
PRJ-00058,Forest & Environmental Clearance,2025-05-20,2025-05-12,False
PRJ-00058,EPC / HAM Contract Award & Financial Close,2025-11-12,2025-11-19,False
PRJ-00058,"Earthwork, Embankment & Subgrade Completion",2026-05-06,2026-04-26,False
PRJ-00058,Major Bridges & Flyover Structures Erection,2026-10-28,,False
PRJ-00058,"Bituminous Pavement, Signage & Final COD",2027-04-22,,False
PRJ-00059,Statutory Approvals & Land Possession,2021-09-23,2021-09-23,False
PRJ-00059,Engineering Design & EPC Contract Award,2022-03-17,2022-08-14,True
PRJ-00059,Civil Works Foundation & Substructure,2022-09-09,2022-12-10,True
PRJ-00059,Main Equipment Supply & Installation,2023-03-03,,True
PRJ-00059,"Piping, Cabling & Auxiliary Works",2023-08-25,,True
PRJ-00059,"Pre-commissioning, Testing & Final Handover",2024-02-17,,True
PRJ-00060,Statutory Approvals & Land Possession,2025-09-27,,True
PRJ-00060,Engineering Design & EPC Contract Award,2026-03-03,,True
PRJ-00060,Civil Works Foundation & Substructure,2026-08-07,,False
PRJ-00060,Main Equipment Supply & Installation,2027-01-11,,False
PRJ-00060,"Piping, Cabling & Auxiliary Works",2027-06-17,,False
PRJ-00060,"Pre-commissioning, Testing & Final Handover",2027-11-21,,False
PRJ-00061,Statutory Approvals & Land Possession,2025-06-14,2025-06-23,False
PRJ-00061,Engineering Design & EPC Contract Award,2025-11-04,2025-11-06,False
PRJ-00061,Civil Works Foundation & Substructure,2026-03-27,2026-03-24,False
PRJ-00061,Main Equipment Supply & Installation,2026-08-17,,False
PRJ-00061,"Piping, Cabling & Auxiliary Works",2027-01-07,,False
PRJ-00061,"Pre-commissioning, Testing & Final Handover",2027-05-30,,False
PRJ-00062,Statutory Approvals & Land Possession,2024-05-05,2024-05-02,False
PRJ-00062,Engineering Design & EPC Contract Award,2025-01-05,2025-01-02,False
PRJ-00062,Civil Works Foundation & Substructure,2025-09-06,2025-09-12,False
PRJ-00062,Main Equipment Supply & Installation,2026-05-09,2026-05-19,False
PRJ-00062,"Piping, Cabling & Auxiliary Works",2027-01-09,,False
PRJ-00062,"Pre-commissioning, Testing & Final Handover",2027-09-10,,False
PRJ-00063,Stage-II Forest Clearance & R&R Settlement,2025-01-08,2025-01-16,False
PRJ-00063,River Diversion & Coffer Dam Construction,2025-06-09,2025-05-29,False
PRJ-00063,Head Race Tunnel (HRT) Excavation,2025-11-08,2025-11-06,False
PRJ-00063,Main Dam Concrete Placement / Embankment,2026-04-10,2026-04-15,False
PRJ-00063,Turbine & Generator Assembly Erection,2026-09-09,,False
PRJ-00063,Reservoir Impoundment & Grid Synchronization,2027-02-08,,False
PRJ-00064,Detailed Alignment Survey & RoW Acquisition,2026-05-24,,True
PRJ-00064,Forest & Railway Board Sanction,2027-02-16,,False
PRJ-00064,Tendering & Major Civil Contract Award,2027-11-11,,False
PRJ-00064,"Earthwork, Tunnels & Bridge Abutments",2028-08-04,,False
PRJ-00064,Track Laying & 25kV OHE Electrification,2029-04-29,,False
PRJ-00064,Signalling (Kavach) & CRS Safety Inspection,2030-01-22,,False
PRJ-00065,Stage-II Forest Clearance & R&R Settlement,2021-03-07,2021-02-23,False
PRJ-00065,River Diversion & Coffer Dam Construction,2021-09-26,2021-10-05,False
PRJ-00065,Head Race Tunnel (HRT) Excavation,2022-04-17,2022-04-22,False
PRJ-00065,Main Dam Concrete Placement / Embankment,2022-11-06,2022-11-13,False
PRJ-00065,Turbine & Generator Assembly Erection,2023-05-28,2023-05-16,False
PRJ-00065,Reservoir Impoundment & Grid Synchronization,2023-12-17,2023-12-16,False
PRJ-00066,Statutory Approvals & Land Possession,2021-01-10,2020-12-31,False
PRJ-00066,Engineering Design & EPC Contract Award,2021-06-25,2021-06-15,False
PRJ-00066,Civil Works Foundation & Substructure,2021-12-08,2021-11-28,False
PRJ-00066,Main Equipment Supply & Installation,2022-05-23,2022-05-10,False
PRJ-00066,"Piping, Cabling & Auxiliary Works",2022-11-05,2022-11-09,False
PRJ-00066,"Pre-commissioning, Testing & Final Handover",2023-04-20,2023-04-17,False
PRJ-00067,Statutory Approvals & Land Possession,2024-12-19,,True
PRJ-00067,Engineering Design & EPC Contract Award,2025-11-02,,True
PRJ-00067,Civil Works Foundation & Substructure,2026-09-17,,False
PRJ-00067,Main Equipment Supply & Installation,2027-08-01,,False
PRJ-00067,"Piping, Cabling & Auxiliary Works",2028-06-15,,False
PRJ-00067,"Pre-commissioning, Testing & Final Handover",2029-04-29,,False
PRJ-00068,Land Acquisition & 3D Notification (90% RoW),2026-02-22,,True
PRJ-00068,Forest & Environmental Clearance,2026-07-24,,True
PRJ-00068,EPC / HAM Contract Award & Financial Close,2026-12-23,,False
PRJ-00068,"Earthwork, Embankment & Subgrade Completion",2027-05-25,,False
PRJ-00068,Major Bridges & Flyover Structures Erection,2027-10-24,,False
PRJ-00068,"Bituminous Pavement, Signage & Final COD",2028-03-24,,False
PRJ-00069,Land Acquisition & 3D Notification (90% RoW),2025-12-30,,True
PRJ-00069,Forest & Environmental Clearance,2026-05-22,,True
PRJ-00069,EPC / HAM Contract Award & Financial Close,2026-10-12,,False
PRJ-00069,"Earthwork, Embankment & Subgrade Completion",2027-03-04,,False
PRJ-00069,Major Bridges & Flyover Structures Erection,2027-07-25,,False
PRJ-00069,"Bituminous Pavement, Signage & Final COD",2027-12-15,,False
PRJ-00070,Land Acquisition & 3D Notification (90% RoW),2022-10-07,2022-10-13,False
PRJ-00070,Forest & Environmental Clearance,2023-01-30,2023-04-05,True
PRJ-00070,EPC / HAM Contract Award & Financial Close,2023-05-26,2023-12-02,True
PRJ-00070,"Earthwork, Embankment & Subgrade Completion",2023-09-18,2023-11-11,True
PRJ-00070,Major Bridges & Flyover Structures Erection,2024-01-11,,True
PRJ-00070,"Bituminous Pavement, Signage & Final COD",2024-05-06,,True
PRJ-00071,Detailed Alignment Survey & RoW Acquisition,2026-01-13,,True
PRJ-00071,Forest & Railway Board Sanction,2026-07-03,,True
PRJ-00071,Tendering & Major Civil Contract Award,2026-12-21,,False
PRJ-00071,"Earthwork, Tunnels & Bridge Abutments",2027-06-10,,False
PRJ-00071,Track Laying & 25kV OHE Electrification,2027-11-27,,False
PRJ-00071,Signalling (Kavach) & CRS Safety Inspection,2028-05-16,,False
PRJ-00072,Statutory Approvals & Land Possession,2024-03-21,2024-03-13,False
PRJ-00072,Engineering Design & EPC Contract Award,2024-08-30,2024-09-05,False
PRJ-00072,Civil Works Foundation & Substructure,2025-02-07,2025-02-15,False
PRJ-00072,Main Equipment Supply & Installation,2025-07-19,2025-07-25,False
PRJ-00072,"Piping, Cabling & Auxiliary Works",2025-12-27,2025-12-24,False
PRJ-00072,"Pre-commissioning, Testing & Final Handover",2026-06-07,2026-06-17,False
PRJ-00073,Detailed Alignment Survey & RoW Acquisition,2021-05-07,2021-05-03,False
PRJ-00073,Forest & Railway Board Sanction,2021-10-06,2021-12-02,True
PRJ-00073,Tendering & Major Civil Contract Award,2022-03-07,2022-09-25,True
PRJ-00073,"Earthwork, Tunnels & Bridge Abutments",2022-08-07,2022-11-04,True
PRJ-00073,Track Laying & 25kV OHE Electrification,2023-01-06,,True
PRJ-00073,Signalling (Kavach) & CRS Safety Inspection,2023-06-07,,True
PRJ-00074,Statutory Approvals & Land Possession,2022-08-21,2022-08-10,False
PRJ-00074,Engineering Design & EPC Contract Award,2023-02-17,2023-02-03,False
PRJ-00074,Civil Works Foundation & Substructure,2023-08-16,2023-08-02,False
PRJ-00074,Main Equipment Supply & Installation,2024-02-12,2024-02-06,False
PRJ-00074,"Piping, Cabling & Auxiliary Works",2024-08-10,2024-08-10,False
PRJ-00074,"Pre-commissioning, Testing & Final Handover",2025-02-06,2025-01-25,False
PRJ-00075,Land Acquisition & 3D Notification (90% RoW),2024-07-18,2024-07-07,False
PRJ-00075,Forest & Environmental Clearance,2025-04-12,,True
PRJ-00075,EPC / HAM Contract Award & Financial Close,2026-01-05,,True
PRJ-00075,"Earthwork, Embankment & Subgrade Completion",2026-09-29,,False
PRJ-00075,Major Bridges & Flyover Structures Erection,2027-06-24,,False
PRJ-00075,"Bituminous Pavement, Signage & Final COD",2028-03-18,,False
PRJ-00076,Detailed Alignment Survey & RoW Acquisition,2022-10-20,2022-10-08,False
PRJ-00076,Forest & Railway Board Sanction,2023-05-02,2023-11-23,True
PRJ-00076,Tendering & Major Civil Contract Award,2023-11-12,2024-03-15,True
PRJ-00076,"Earthwork, Tunnels & Bridge Abutments",2024-05-24,2024-11-09,True
PRJ-00076,Track Laying & 25kV OHE Electrification,2024-12-04,,True
PRJ-00076,Signalling (Kavach) & CRS Safety Inspection,2025-06-16,,True
PRJ-00077,Statutory Approvals & Land Possession,2023-10-17,2023-10-09,False
PRJ-00077,Engineering Design & EPC Contract Award,2024-04-14,2024-04-03,False
PRJ-00077,Civil Works Foundation & Substructure,2024-10-11,2024-10-21,False
PRJ-00077,Main Equipment Supply & Installation,2025-04-09,2025-04-12,False
PRJ-00077,"Piping, Cabling & Auxiliary Works",2025-10-06,2025-09-27,False
PRJ-00077,"Pre-commissioning, Testing & Final Handover",2026-04-04,2026-03-22,False
PRJ-00078,Detailed Alignment Survey & RoW Acquisition,2024-11-13,2024-11-01,False
PRJ-00078,Forest & Railway Board Sanction,2025-05-03,2025-05-09,False
PRJ-00078,Tendering & Major Civil Contract Award,2025-10-21,2025-10-06,False
PRJ-00078,"Earthwork, Tunnels & Bridge Abutments",2026-04-10,2026-03-30,False
PRJ-00078,Track Laying & 25kV OHE Electrification,2026-09-27,,False
PRJ-00078,Signalling (Kavach) & CRS Safety Inspection,2027-03-17,,False
PRJ-00079,Detailed Alignment Survey & RoW Acquisition,2020-09-27,2020-10-06,False
PRJ-00079,Forest & Railway Board Sanction,2021-03-12,2021-07-12,True
PRJ-00079,Tendering & Major Civil Contract Award,2021-08-25,2022-02-02,True
PRJ-00079,"Earthwork, Tunnels & Bridge Abutments",2022-02-07,2022-08-07,True
PRJ-00079,Track Laying & 25kV OHE Electrification,2022-07-23,2022-09-18,True
PRJ-00079,Signalling (Kavach) & CRS Safety Inspection,2023-01-05,2023-05-30,True
PRJ-00080,Stage-II Forest Clearance & R&R Settlement,2026-04-19,,True
PRJ-00080,River Diversion & Coffer Dam Construction,2026-08-31,,False
PRJ-00080,Head Race Tunnel (HRT) Excavation,2027-01-12,,False
PRJ-00080,Main Dam Concrete Placement / Embankment,2027-05-26,,False
PRJ-00080,Turbine & Generator Assembly Erection,2027-10-07,,False
PRJ-00080,Reservoir Impoundment & Grid Synchronization,2028-02-18,,False
PRJ-00081,Statutory Approvals & Land Possession,2023-03-30,2023-04-03,False
PRJ-00081,Engineering Design & EPC Contract Award,2023-08-15,2024-01-27,True
PRJ-00081,Civil Works Foundation & Substructure,2024-01-01,2024-04-15,True
PRJ-00081,Main Equipment Supply & Installation,2024-05-18,2024-10-11,True
PRJ-00081,"Piping, Cabling & Auxiliary Works",2024-10-04,2025-03-12,True
PRJ-00081,"Pre-commissioning, Testing & Final Handover",2025-02-19,2025-08-22,True
PRJ-00082,Statutory Approvals & Land Possession,2026-07-30,2026-07-25,False
PRJ-00082,Engineering Design & EPC Contract Award,2026-12-25,,False
PRJ-00082,Civil Works Foundation & Substructure,2027-05-22,,False
PRJ-00082,Main Equipment Supply & Installation,2027-10-16,,False
PRJ-00082,"Piping, Cabling & Auxiliary Works",2028-03-12,,False
PRJ-00082,"Pre-commissioning, Testing & Final Handover",2028-08-07,,False
PRJ-00083,Statutory Approvals & Land Possession,2024-01-22,2024-01-09,False
PRJ-00083,Engineering Design & EPC Contract Award,2024-06-22,2024-08-12,True
PRJ-00083,Civil Works Foundation & Substructure,2024-11-21,2025-01-13,True
PRJ-00083,Main Equipment Supply & Installation,2025-04-23,,True
PRJ-00083,"Piping, Cabling & Auxiliary Works",2025-09-22,,True
PRJ-00083,"Pre-commissioning, Testing & Final Handover",2026-02-21,,True
PRJ-00084,Statutory Approvals & Land Possession,2022-06-09,2022-06-15,False
PRJ-00084,Engineering Design & EPC Contract Award,2022-12-01,2022-12-10,False
PRJ-00084,Civil Works Foundation & Substructure,2023-05-26,2023-05-24,False
PRJ-00084,Main Equipment Supply & Installation,2023-11-17,2023-11-25,False
PRJ-00084,"Piping, Cabling & Auxiliary Works",2024-05-10,2024-04-26,False
PRJ-00084,"Pre-commissioning, Testing & Final Handover",2024-11-02,2024-10-27,False
PRJ-00085,Stage-II Forest Clearance & R&R Settlement,2021-12-08,2021-11-30,False
PRJ-00085,River Diversion & Coffer Dam Construction,2022-05-28,2023-01-19,True
PRJ-00085,Head Race Tunnel (HRT) Excavation,2022-11-15,2023-04-03,True
PRJ-00085,Main Dam Concrete Placement / Embankment,2023-05-05,,True
PRJ-00085,Turbine & Generator Assembly Erection,2023-10-22,,True
PRJ-00085,Reservoir Impoundment & Grid Synchronization,2024-04-10,,True
PRJ-00086,Stage-II Forest Clearance & R&R Settlement,2020-11-30,2020-12-03,False
PRJ-00086,River Diversion & Coffer Dam Construction,2021-04-27,2021-11-11,True
PRJ-00086,Head Race Tunnel (HRT) Excavation,2021-09-22,2022-02-01,True
PRJ-00086,Main Dam Concrete Placement / Embankment,2022-02-16,2022-04-04,True
PRJ-00086,Turbine & Generator Assembly Erection,2022-07-14,2022-09-18,True
PRJ-00086,Reservoir Impoundment & Grid Synchronization,2022-12-09,2023-07-16,True
PRJ-00087,Detailed Alignment Survey & RoW Acquisition,2023-12-24,2023-12-11,False
PRJ-00087,Forest & Railway Board Sanction,2024-04-27,2024-06-09,True
PRJ-00087,Tendering & Major Civil Contract Award,2024-08-29,,True
PRJ-00087,"Earthwork, Tunnels & Bridge Abutments",2025-01-01,,True
PRJ-00087,Track Laying & 25kV OHE Electrification,2025-05-06,,True
PRJ-00087,Signalling (Kavach) & CRS Safety Inspection,2025-09-07,,True
PRJ-00088,Statutory Approvals & Land Possession,2021-05-27,2021-05-28,False
PRJ-00088,Engineering Design & EPC Contract Award,2022-02-14,2022-02-02,False
PRJ-00088,Civil Works Foundation & Substructure,2022-11-04,2022-10-31,False
PRJ-00088,Main Equipment Supply & Installation,2023-07-25,2023-07-23,False
PRJ-00088,"Piping, Cabling & Auxiliary Works",2024-04-13,2024-04-01,False
PRJ-00088,"Pre-commissioning, Testing & Final Handover",2025-01-01,2024-12-26,False
PRJ-00089,Detailed Alignment Survey & RoW Acquisition,2024-07-13,2024-07-07,False
PRJ-00089,Forest & Railway Board Sanction,2024-11-28,,True
PRJ-00089,Tendering & Major Civil Contract Award,2025-04-16,,True
PRJ-00089,"Earthwork, Tunnels & Bridge Abutments",2025-09-01,,True
PRJ-00089,Track Laying & 25kV OHE Electrification,2026-01-18,,True
PRJ-00089,Signalling (Kavach) & CRS Safety Inspection,2026-06-05,,True
PRJ-00090,Statutory Approvals & Land Possession,2022-04-11,2022-04-19,False
PRJ-00090,Engineering Design & EPC Contract Award,2022-09-06,2022-10-16,True
PRJ-00090,Civil Works Foundation & Substructure,2023-02-01,2023-06-22,True
PRJ-00090,Main Equipment Supply & Installation,2023-06-28,2023-08-01,True
PRJ-00090,"Piping, Cabling & Auxiliary Works",2023-11-23,2024-04-18,True
PRJ-00090,"Pre-commissioning, Testing & Final Handover",2024-04-19,2024-06-07,True
PRJ-00091,Land Acquisition & 3D Notification (90% RoW),2022-08-02,2022-08-09,False
PRJ-00091,Forest & Environmental Clearance,2022-12-18,2022-12-14,False
PRJ-00091,EPC / HAM Contract Award & Financial Close,2023-05-06,2023-04-23,False
PRJ-00091,"Earthwork, Embankment & Subgrade Completion",2023-09-21,2023-09-19,False
PRJ-00091,Major Bridges & Flyover Structures Erection,2024-02-07,2024-01-26,False
PRJ-00091,"Bituminous Pavement, Signage & Final COD",2024-06-24,2024-06-16,False
PRJ-00092,Statutory Approvals & Land Possession,2023-06-30,2023-07-01,False
PRJ-00092,Engineering Design & EPC Contract Award,2023-11-20,2024-04-28,True
PRJ-00092,Civil Works Foundation & Substructure,2024-04-11,2024-06-29,True
PRJ-00092,Main Equipment Supply & Installation,2024-09-01,2025-04-17,True
PRJ-00092,"Piping, Cabling & Auxiliary Works",2025-01-22,,True
PRJ-00092,"Pre-commissioning, Testing & Final Handover",2025-06-14,,True
PRJ-00093,Statutory Approvals & Land Possession,2021-11-08,2021-11-17,False
PRJ-00093,Engineering Design & EPC Contract Award,2022-04-28,2022-11-04,True
PRJ-00093,Civil Works Foundation & Substructure,2022-10-16,2023-03-21,True
PRJ-00093,Main Equipment Supply & Installation,2023-04-05,2023-08-31,True
PRJ-00093,"Piping, Cabling & Auxiliary Works",2023-09-22,,True
PRJ-00093,"Pre-commissioning, Testing & Final Handover",2024-03-11,,True
PRJ-00094,Stage-II Forest Clearance & R&R Settlement,2025-04-14,2025-04-08,False
PRJ-00094,River Diversion & Coffer Dam Construction,2025-10-11,,True
PRJ-00094,Head Race Tunnel (HRT) Excavation,2026-04-09,,True
PRJ-00094,Main Dam Concrete Placement / Embankment,2026-10-06,,False
PRJ-00094,Turbine & Generator Assembly Erection,2027-04-04,,False
PRJ-00094,Reservoir Impoundment & Grid Synchronization,2027-10-01,,False
PRJ-00095,Land Acquisition & 3D Notification (90% RoW),2023-08-28,2023-09-01,False
PRJ-00095,Forest & Environmental Clearance,2024-02-06,2024-02-10,False
PRJ-00095,EPC / HAM Contract Award & Financial Close,2024-07-16,2024-07-17,False
PRJ-00095,"Earthwork, Embankment & Subgrade Completion",2024-12-25,2024-12-22,False
PRJ-00095,Major Bridges & Flyover Structures Erection,2025-06-04,2025-06-03,False
PRJ-00095,"Bituminous Pavement, Signage & Final COD",2025-11-13,2025-11-16,False
PRJ-00096,Statutory Approvals & Land Possession,2022-01-29,2022-01-24,False
PRJ-00096,Engineering Design & EPC Contract Award,2022-06-12,2022-06-19,False
PRJ-00096,Civil Works Foundation & Substructure,2022-10-24,2022-10-11,False
PRJ-00096,Main Equipment Supply & Installation,2023-03-07,2023-03-08,False
PRJ-00096,"Piping, Cabling & Auxiliary Works",2023-07-19,2023-07-24,False
PRJ-00096,"Pre-commissioning, Testing & Final Handover",2023-11-30,2023-11-20,False
PRJ-00097,Statutory Approvals & Land Possession,2024-10-22,2024-10-08,False
PRJ-00097,Engineering Design & EPC Contract Award,2025-03-19,2025-03-29,False
PRJ-00097,Civil Works Foundation & Substructure,2025-08-14,2025-08-19,False
PRJ-00097,Main Equipment Supply & Installation,2026-01-08,2026-01-13,False
PRJ-00097,"Piping, Cabling & Auxiliary Works",2026-06-05,2026-05-31,False
PRJ-00097,"Pre-commissioning, Testing & Final Handover",2026-10-31,,False
PRJ-00098,Land & Depot Acquisition Approval,2023-10-08,2023-10-14,False
PRJ-00098,Utility Shifting & Tree Clearance,2024-03-27,2024-03-16,False
PRJ-00098,Viaduct Pier Construction & TBM Tunneling,2024-09-14,2024-09-10,False
PRJ-00098,Underground / Elevated Stations Civil Structure,2025-03-04,2025-02-26,False
PRJ-00098,Third Rail / OHE & CBTC Signalling,2025-08-21,2025-08-26,False
PRJ-00098,Rolling Stock Trials & CMRS Certification,2026-02-08,2026-02-15,False
PRJ-00099,Detailed Alignment Survey & RoW Acquisition,2025-02-27,,True
PRJ-00099,Forest & Railway Board Sanction,2026-03-22,,True
PRJ-00099,Tendering & Major Civil Contract Award,2027-04-14,,False
PRJ-00099,"Earthwork, Tunnels & Bridge Abutments",2028-05-05,,False
PRJ-00099,Track Laying & 25kV OHE Electrification,2029-05-28,,False
PRJ-00099,Signalling (Kavach) & CRS Safety Inspection,2030-06-20,,False
PRJ-00100,Land & Depot Acquisition Approval,2021-02-07,2021-01-27,False
PRJ-00100,Utility Shifting & Tree Clearance,2021-08-15,2021-08-04,False
PRJ-00100,Viaduct Pier Construction & TBM Tunneling,2022-02-20,2022-02-07,False
PRJ-00100,Underground / Elevated Stations Civil Structure,2022-08-28,2022-08-22,False
PRJ-00100,Third Rail / OHE & CBTC Signalling,2023-03-06,2023-03-16,False
PRJ-00100,Rolling Stock Trials & CMRS Certification,2023-09-11,2023-08-30,False
PRJ-00101,Land Acquisition & 3D Notification (90% RoW),2025-01-23,2025-01-13,False
PRJ-00101,Forest & Environmental Clearance,2025-06-24,,True
PRJ-00101,EPC / HAM Contract Award & Financial Close,2025-11-23,,True
PRJ-00101,"Earthwork, Embankment & Subgrade Completion",2026-04-25,,True
PRJ-00101,Major Bridges & Flyover Structures Erection,2026-09-24,,False
PRJ-00101,"Bituminous Pavement, Signage & Final COD",2027-02-23,,False
PRJ-00102,Detailed Alignment Survey & RoW Acquisition,2023-08-17,2023-08-17,False
PRJ-00102,Forest & Railway Board Sanction,2024-01-12,2024-03-31,True
PRJ-00102,Tendering & Major Civil Contract Award,2024-06-08,2024-10-10,True
PRJ-00102,"Earthwork, Tunnels & Bridge Abutments",2024-11-02,,True
PRJ-00102,Track Laying & 25kV OHE Electrification,2025-03-30,,True
PRJ-00102,Signalling (Kavach) & CRS Safety Inspection,2025-08-25,,True
PRJ-00103,Statutory Approvals & Land Possession,2025-03-07,2025-03-12,False
PRJ-00103,Engineering Design & EPC Contract Award,2025-06-26,,True
PRJ-00103,Civil Works Foundation & Substructure,2025-10-15,,True
PRJ-00103,Main Equipment Supply & Installation,2026-02-03,,True
PRJ-00103,"Piping, Cabling & Auxiliary Works",2026-05-24,,True
PRJ-00103,"Pre-commissioning, Testing & Final Handover",2026-09-12,,False
PRJ-00104,Land Acquisition & 3D Notification (90% RoW),2021-02-01,2021-01-24,False
PRJ-00104,Forest & Environmental Clearance,2021-06-29,2022-02-23,True
PRJ-00104,EPC / HAM Contract Award & Financial Close,2021-11-24,2022-04-18,True
PRJ-00104,"Earthwork, Embankment & Subgrade Completion",2022-04-20,2022-08-17,True
PRJ-00104,Major Bridges & Flyover Structures Erection,2022-09-15,2022-10-21,True
PRJ-00104,"Bituminous Pavement, Signage & Final COD",2023-02-10,2023-06-26,True
PRJ-00105,Statutory Approvals & Land Possession,2021-01-02,2020-12-22,False
PRJ-00105,Engineering Design & EPC Contract Award,2021-06-26,2021-06-15,False
PRJ-00105,Civil Works Foundation & Substructure,2021-12-19,2021-12-05,False
PRJ-00105,Main Equipment Supply & Installation,2022-06-12,2022-06-06,False
PRJ-00105,"Piping, Cabling & Auxiliary Works",2022-12-04,2022-12-04,False
PRJ-00105,"Pre-commissioning, Testing & Final Handover",2023-05-29,2023-06-05,False
PRJ-00106,Land & Depot Acquisition Approval,2020-08-05,2020-07-24,False
PRJ-00106,Utility Shifting & Tree Clearance,2021-01-04,2021-01-13,False
PRJ-00106,Viaduct Pier Construction & TBM Tunneling,2021-06-05,2021-05-30,False
PRJ-00106,Underground / Elevated Stations Civil Structure,2021-11-05,2021-10-28,False
PRJ-00106,Third Rail / OHE & CBTC Signalling,2022-04-06,2022-03-31,False
PRJ-00106,Rolling Stock Trials & CMRS Certification,2022-09-05,2022-08-24,False
PRJ-00107,Detailed Alignment Survey & RoW Acquisition,2021-01-21,2021-01-10,False
PRJ-00107,Forest & Railway Board Sanction,2021-07-25,2021-11-06,True
PRJ-00107,Tendering & Major Civil Contract Award,2022-01-25,2022-06-13,True
PRJ-00107,"Earthwork, Tunnels & Bridge Abutments",2022-07-29,2022-08-28,True
PRJ-00107,Track Laying & 25kV OHE Electrification,2023-01-30,2023-08-05,True
PRJ-00107,Signalling (Kavach) & CRS Safety Inspection,2023-08-02,2023-11-30,True
PRJ-00108,Land Acquisition & 3D Notification (90% RoW),2022-11-23,2022-11-23,False
PRJ-00108,Forest & Environmental Clearance,2023-05-22,2023-07-02,True
PRJ-00108,EPC / HAM Contract Award & Financial Close,2023-11-18,2024-05-28,True
PRJ-00108,"Earthwork, Embankment & Subgrade Completion",2024-05-16,2024-09-22,True
PRJ-00108,Major Bridges & Flyover Structures Erection,2024-11-12,,True
PRJ-00108,"Bituminous Pavement, Signage & Final COD",2025-05-11,,True
PRJ-00109,Statutory Approvals & Land Possession,2021-01-27,2021-01-16,False
PRJ-00109,Engineering Design & EPC Contract Award,2021-05-18,2021-05-04,False
PRJ-00109,Civil Works Foundation & Substructure,2021-09-06,2021-09-02,False
PRJ-00109,Main Equipment Supply & Installation,2021-12-26,2021-12-28,False
PRJ-00109,"Piping, Cabling & Auxiliary Works",2022-04-15,2022-04-10,False
PRJ-00109,"Pre-commissioning, Testing & Final Handover",2022-08-04,2022-08-09,False
PRJ-00110,Detailed Alignment Survey & RoW Acquisition,2021-09-30,2021-09-24,False
PRJ-00110,Forest & Railway Board Sanction,2022-02-06,2022-07-17,True
PRJ-00110,Tendering & Major Civil Contract Award,2022-06-15,2022-10-24,True
PRJ-00110,"Earthwork, Tunnels & Bridge Abutments",2022-10-22,2023-06-17,True
PRJ-00110,Track Laying & 25kV OHE Electrification,2023-03-01,,True
PRJ-00110,Signalling (Kavach) & CRS Safety Inspection,2023-07-08,,True
PRJ-00111,Land Acquisition & 3D Notification (90% RoW),2023-06-12,2023-06-09,False
PRJ-00111,Forest & Environmental Clearance,2024-07-04,,True
PRJ-00111,EPC / HAM Contract Award & Financial Close,2025-07-27,,True
PRJ-00111,"Earthwork, Embankment & Subgrade Completion",2026-08-18,,False
PRJ-00111,Major Bridges & Flyover Structures Erection,2027-09-10,,False
PRJ-00111,"Bituminous Pavement, Signage & Final COD",2028-10-02,,False
PRJ-00112,Detailed Alignment Survey & RoW Acquisition,2023-07-18,2023-07-08,False
PRJ-00112,Forest & Railway Board Sanction,2024-01-14,2024-07-01,True
PRJ-00112,Tendering & Major Civil Contract Award,2024-07-12,,True
PRJ-00112,"Earthwork, Tunnels & Bridge Abutments",2025-01-08,,True
PRJ-00112,Track Laying & 25kV OHE Electrification,2025-07-07,,True
PRJ-00112,Signalling (Kavach) & CRS Safety Inspection,2026-01-03,,True
PRJ-00113,Land Acquisition & 3D Notification (90% RoW),2023-07-23,2023-07-31,False
PRJ-00113,Forest & Environmental Clearance,2024-02-25,2024-06-24,True
PRJ-00113,EPC / HAM Contract Award & Financial Close,2024-09-29,,True
PRJ-00113,"Earthwork, Embankment & Subgrade Completion",2025-05-04,,True
PRJ-00113,Major Bridges & Flyover Structures Erection,2025-12-07,,True
PRJ-00113,"Bituminous Pavement, Signage & Final COD",2026-07-12,,True
PRJ-00114,Detailed Alignment Survey & RoW Acquisition,2026-04-08,2026-04-12,False
PRJ-00114,Forest & Railway Board Sanction,2026-09-30,,False
PRJ-00114,Tendering & Major Civil Contract Award,2027-03-25,,False
PRJ-00114,"Earthwork, Tunnels & Bridge Abutments",2027-09-16,,False
PRJ-00114,Track Laying & 25kV OHE Electrification,2028-03-09,,False
PRJ-00114,Signalling (Kavach) & CRS Safety Inspection,2028-09-01,,False
PRJ-00115,Detailed Alignment Survey & RoW Acquisition,2023-04-14,2023-04-10,False
PRJ-00115,Forest & Railway Board Sanction,2023-11-03,2024-03-25,True
PRJ-00115,Tendering & Major Civil Contract Award,2024-05-24,2025-01-04,True
PRJ-00115,"Earthwork, Tunnels & Bridge Abutments",2024-12-13,2025-01-31,True
PRJ-00115,Track Laying & 25kV OHE Electrification,2025-07-04,2025-12-27,True
PRJ-00115,Signalling (Kavach) & CRS Safety Inspection,2026-01-23,,True
PRJ-00116,Statutory Approvals & Land Possession,2021-12-06,2021-11-29,False
PRJ-00116,Engineering Design & EPC Contract Award,2022-06-09,2023-01-23,True
PRJ-00116,Civil Works Foundation & Substructure,2022-12-10,2023-03-16,True
PRJ-00116,Main Equipment Supply & Installation,2023-06-13,2024-01-09,True
PRJ-00116,"Piping, Cabling & Auxiliary Works",2023-12-15,2024-05-07,True
PRJ-00116,"Pre-commissioning, Testing & Final Handover",2024-06-16,,True
PRJ-00117,Land Acquisition & 3D Notification (90% RoW),2021-09-02,2021-08-28,False
PRJ-00117,Forest & Environmental Clearance,2022-01-28,2022-02-03,False
PRJ-00117,EPC / HAM Contract Award & Financial Close,2022-06-25,2022-06-21,False
PRJ-00117,"Earthwork, Embankment & Subgrade Completion",2022-11-19,2022-11-26,False
PRJ-00117,Major Bridges & Flyover Structures Erection,2023-04-16,2023-04-03,False
PRJ-00117,"Bituminous Pavement, Signage & Final COD",2023-09-11,2023-09-13,False
PRJ-00118,Statutory Approvals & Land Possession,2023-11-14,2023-11-10,False
PRJ-00118,Engineering Design & EPC Contract Award,2024-12-06,2024-12-08,False
PRJ-00118,Civil Works Foundation & Substructure,2025-12-29,2026-01-01,False
PRJ-00118,Main Equipment Supply & Installation,2027-01-20,,False
PRJ-00118,"Piping, Cabling & Auxiliary Works",2028-02-12,,False
PRJ-00118,"Pre-commissioning, Testing & Final Handover",2029-03-06,,False
PRJ-00119,Statutory Approvals & Land Possession,2020-09-24,2020-09-27,False
PRJ-00119,Engineering Design & EPC Contract Award,2021-02-19,2021-02-06,False
PRJ-00119,Civil Works Foundation & Substructure,2021-07-17,2021-07-06,False
PRJ-00119,Main Equipment Supply & Installation,2021-12-11,2021-12-06,False
PRJ-00119,"Piping, Cabling & Auxiliary Works",2022-05-08,2022-05-13,False
PRJ-00119,"Pre-commissioning, Testing & Final Handover",2022-10-03,2022-09-20,False
PRJ-00120,Land Acquisition & 3D Notification (90% RoW),2026-09-11,,False
PRJ-00120,Forest & Environmental Clearance,2027-04-11,,False
PRJ-00120,EPC / HAM Contract Award & Financial Close,2027-11-09,,False
PRJ-00120,"Earthwork, Embankment & Subgrade Completion",2028-06-09,,False
PRJ-00120,Major Bridges & Flyover Structures Erection,2029-01-07,,False
PRJ-00120,"Bituminous Pavement, Signage & Final COD",2029-08-07,,False
PRJ-00121,Land & Depot Acquisition Approval,2023-08-14,2023-08-07,False
PRJ-00121,Utility Shifting & Tree Clearance,2024-02-05,2024-04-25,True
PRJ-00121,Viaduct Pier Construction & TBM Tunneling,2024-07-30,2025-02-07,True
PRJ-00121,Underground / Elevated Stations Civil Structure,2025-01-21,2025-07-11,True
PRJ-00121,Third Rail / OHE & CBTC Signalling,2025-07-15,2025-10-23,True
PRJ-00121,Rolling Stock Trials & CMRS Certification,2026-01-07,,True
PRJ-00122,Statutory Approvals & Land Possession,2025-08-08,2025-08-12,False
PRJ-00122,Engineering Design & EPC Contract Award,2026-01-26,2026-01-21,False
PRJ-00122,Civil Works Foundation & Substructure,2026-07-16,2026-07-19,False
PRJ-00122,Main Equipment Supply & Installation,2027-01-03,,False
PRJ-00122,"Piping, Cabling & Auxiliary Works",2027-06-22,,False
PRJ-00122,"Pre-commissioning, Testing & Final Handover",2027-12-10,,False
PRJ-00123,Land Acquisition & 3D Notification (90% RoW),2023-08-18,2023-08-23,False
PRJ-00123,Forest & Environmental Clearance,2024-01-22,2024-07-09,True
PRJ-00123,EPC / HAM Contract Award & Financial Close,2024-06-27,2024-10-09,True
PRJ-00123,"Earthwork, Embankment & Subgrade Completion",2024-12-01,2025-06-13,True
PRJ-00123,Major Bridges & Flyover Structures Erection,2025-05-07,2025-08-22,True
PRJ-00123,"Bituminous Pavement, Signage & Final COD",2025-10-11,,True
PRJ-00124,Statutory Approvals & Land Possession,2023-09-04,2023-09-08,False
PRJ-00124,Engineering Design & EPC Contract Award,2024-02-08,2024-04-14,True
PRJ-00124,Civil Works Foundation & Substructure,2024-07-14,2024-11-01,True
PRJ-00124,Main Equipment Supply & Installation,2024-12-18,2025-07-19,True
PRJ-00124,"Piping, Cabling & Auxiliary Works",2025-05-24,,True
PRJ-00124,"Pre-commissioning, Testing & Final Handover",2025-10-28,,True
PRJ-00125,Statutory Approvals & Land Possession,2024-10-21,2024-10-07,False
PRJ-00125,Engineering Design & EPC Contract Award,2025-05-03,2025-08-15,True
PRJ-00125,Civil Works Foundation & Substructure,2025-11-13,,True
PRJ-00125,Main Equipment Supply & Installation,2026-05-26,,True
PRJ-00125,"Piping, Cabling & Auxiliary Works",2026-12-06,,False
PRJ-00125,"Pre-commissioning, Testing & Final Handover",2027-06-18,,False
PRJ-00126,Land Acquisition & 3D Notification (90% RoW),2023-04-27,2023-04-27,False
PRJ-00126,Forest & Environmental Clearance,2023-08-20,2023-12-06,True
PRJ-00126,EPC / HAM Contract Award & Financial Close,2023-12-14,2024-05-19,True
PRJ-00126,"Earthwork, Embankment & Subgrade Completion",2024-04-07,,True
PRJ-00126,Major Bridges & Flyover Structures Erection,2024-07-31,,True
PRJ-00126,"Bituminous Pavement, Signage & Final COD",2024-11-24,,True
PRJ-00127,Statutory Approvals & Land Possession,2022-02-09,2022-02-11,False
PRJ-00127,Engineering Design & EPC Contract Award,2022-09-19,2022-10-21,True
PRJ-00127,Civil Works Foundation & Substructure,2023-04-28,2023-06-24,True
PRJ-00127,Main Equipment Supply & Installation,2023-12-06,2024-04-24,True
PRJ-00127,"Piping, Cabling & Auxiliary Works",2024-07-14,,True
PRJ-00127,"Pre-commissioning, Testing & Final Handover",2025-02-21,,True
PRJ-00128,Statutory Approvals & Land Possession,2021-06-27,2021-06-28,False
PRJ-00128,Engineering Design & EPC Contract Award,2022-03-12,2022-08-04,True
PRJ-00128,Civil Works Foundation & Substructure,2022-11-26,2023-07-09,True
PRJ-00128,Main Equipment Supply & Installation,2023-08-11,2024-01-28,True
PRJ-00128,"Piping, Cabling & Auxiliary Works",2024-04-26,,True
PRJ-00128,"Pre-commissioning, Testing & Final Handover",2025-01-09,,True
PRJ-00129,Land Acquisition & 3D Notification (90% RoW),2025-01-25,2025-01-11,False
PRJ-00129,Forest & Environmental Clearance,2025-07-10,,True
PRJ-00129,EPC / HAM Contract Award & Financial Close,2025-12-23,,True
PRJ-00129,"Earthwork, Embankment & Subgrade Completion",2026-06-07,,True
PRJ-00129,Major Bridges & Flyover Structures Erection,2026-11-20,,False
PRJ-00129,"Bituminous Pavement, Signage & Final COD",2027-05-05,,False
PRJ-00130,Statutory Approvals & Land Possession,2022-04-25,2022-04-19,False
PRJ-00130,Engineering Design & EPC Contract Award,2022-09-15,2023-03-15,True
PRJ-00130,Civil Works Foundation & Substructure,2023-02-05,2023-06-01,True
PRJ-00130,Main Equipment Supply & Installation,2023-06-28,2023-12-04,True
PRJ-00130,"Piping, Cabling & Auxiliary Works",2023-11-18,2024-04-26,True
PRJ-00130,"Pre-commissioning, Testing & Final Handover",2024-04-09,2024-09-22,True
PRJ-00131,Statutory Approvals & Land Possession,2021-04-26,2021-05-03,False
PRJ-00131,Engineering Design & EPC Contract Award,2021-11-15,2022-05-25,True
PRJ-00131,Civil Works Foundation & Substructure,2022-06-06,2022-07-12,True
PRJ-00131,Main Equipment Supply & Installation,2022-12-26,2023-06-26,True
PRJ-00131,"Piping, Cabling & Auxiliary Works",2023-07-17,2023-12-15,True
PRJ-00131,"Pre-commissioning, Testing & Final Handover",2024-02-05,2024-05-12,True
PRJ-00132,Statutory Approvals & Land Possession,2025-10-11,,True
PRJ-00132,Engineering Design & EPC Contract Award,2026-05-11,,True
PRJ-00132,Civil Works Foundation & Substructure,2026-12-09,,False
PRJ-00132,Main Equipment Supply & Installation,2027-07-10,,False
PRJ-00132,"Piping, Cabling & Auxiliary Works",2028-02-07,,False
PRJ-00132,"Pre-commissioning, Testing & Final Handover",2028-09-06,,False
PRJ-00133,Detailed Alignment Survey & RoW Acquisition,2024-07-19,2024-07-27,False
PRJ-00133,Forest & Railway Board Sanction,2024-12-09,2025-07-13,True
PRJ-00133,Tendering & Major Civil Contract Award,2025-05-01,2025-06-15,True
PRJ-00133,"Earthwork, Tunnels & Bridge Abutments",2025-09-21,,True
PRJ-00133,Track Laying & 25kV OHE Electrification,2026-02-11,,True
PRJ-00133,Signalling (Kavach) & CRS Safety Inspection,2026-07-04,,True
PRJ-00134,Statutory Approvals & Land Possession,2024-01-04,2024-01-12,False
PRJ-00134,Engineering Design & EPC Contract Award,2024-05-08,2024-05-14,False
PRJ-00134,Civil Works Foundation & Substructure,2024-09-09,2024-09-14,False
PRJ-00134,Main Equipment Supply & Installation,2025-01-12,2025-01-22,False
PRJ-00134,"Piping, Cabling & Auxiliary Works",2025-05-17,2025-05-24,False
PRJ-00134,"Pre-commissioning, Testing & Final Handover",2025-09-18,2025-09-11,False
PRJ-00135,Land Acquisition & 3D Notification (90% RoW),2022-02-13,2022-02-23,False
PRJ-00135,Forest & Environmental Clearance,2022-08-30,2023-04-01,True
PRJ-00135,EPC / HAM Contract Award & Financial Close,2023-03-17,2023-06-25,True
PRJ-00135,"Earthwork, Embankment & Subgrade Completion",2023-10-01,2024-01-12,True
PRJ-00135,Major Bridges & Flyover Structures Erection,2024-04-17,2024-06-17,True
PRJ-00135,"Bituminous Pavement, Signage & Final COD",2024-11-01,2025-04-26,True
PRJ-00136,Detailed Alignment Survey & RoW Acquisition,2023-07-17,2023-07-19,False
PRJ-00136,Forest & Railway Board Sanction,2023-12-16,2023-12-09,False
PRJ-00136,Tendering & Major Civil Contract Award,2024-05-16,2024-05-18,False
PRJ-00136,"Earthwork, Tunnels & Bridge Abutments",2024-10-16,2024-10-23,False
PRJ-00136,Track Laying & 25kV OHE Electrification,2025-03-17,2025-03-10,False
PRJ-00136,Signalling (Kavach) & CRS Safety Inspection,2025-08-16,2025-08-05,False
PRJ-00137,Land Acquisition & 3D Notification (90% RoW),2025-10-27,,True
PRJ-00137,Forest & Environmental Clearance,2026-04-11,,True
PRJ-00137,EPC / HAM Contract Award & Financial Close,2026-09-24,,False
PRJ-00137,"Earthwork, Embankment & Subgrade Completion",2027-03-09,,False
PRJ-00137,Major Bridges & Flyover Structures Erection,2027-08-22,,False
PRJ-00137,"Bituminous Pavement, Signage & Final COD",2028-02-04,,False
PRJ-00138,Statutory Approvals & Land Possession,2021-12-29,2021-12-31,False
PRJ-00138,Engineering Design & EPC Contract Award,2022-06-13,2022-06-21,False
PRJ-00138,Civil Works Foundation & Substructure,2022-11-26,2022-12-04,False
PRJ-00138,Main Equipment Supply & Installation,2023-05-11,2023-04-27,False
PRJ-00138,"Piping, Cabling & Auxiliary Works",2023-10-24,2023-10-14,False
PRJ-00138,"Pre-commissioning, Testing & Final Handover",2024-04-07,2024-04-05,False
PRJ-00139,Detailed Alignment Survey & RoW Acquisition,2020-08-14,2020-08-16,False
PRJ-00139,Forest & Railway Board Sanction,2020-12-07,2021-05-20,True
PRJ-00139,Tendering & Major Civil Contract Award,2021-04-02,2021-09-05,True
PRJ-00139,"Earthwork, Tunnels & Bridge Abutments",2021-07-26,2021-09-28,True
PRJ-00139,Track Laying & 25kV OHE Electrification,2021-11-18,2022-04-26,True
PRJ-00139,Signalling (Kavach) & CRS Safety Inspection,2022-03-14,2022-08-10,True
PRJ-00140,Statutory Approvals & Land Possession,2026-05-22,2026-05-28,False
PRJ-00140,Engineering Design & EPC Contract Award,2026-12-20,,False
PRJ-00140,Civil Works Foundation & Substructure,2027-07-20,,False
PRJ-00140,Main Equipment Supply & Installation,2028-02-18,,False
PRJ-00140,"Piping, Cabling & Auxiliary Works",2028-09-17,,False
PRJ-00140,"Pre-commissioning, Testing & Final Handover",2029-04-17,,False
PRJ-00141,Detailed Alignment Survey & RoW Acquisition,2025-01-13,2025-01-05,False
PRJ-00141,Forest & Railway Board Sanction,2025-06-05,2025-05-21,False
PRJ-00141,Tendering & Major Civil Contract Award,2025-10-26,2025-10-19,False
PRJ-00141,"Earthwork, Tunnels & Bridge Abutments",2026-03-18,2026-03-15,False
PRJ-00141,Track Laying & 25kV OHE Electrification,2026-08-08,2026-07-31,False
PRJ-00141,Signalling (Kavach) & CRS Safety Inspection,2026-12-29,,False
PRJ-00142,Statutory Approvals & Land Possession,2026-05-27,2026-05-21,False
PRJ-00142,Engineering Design & EPC Contract Award,2026-11-18,,False
PRJ-00142,Civil Works Foundation & Substructure,2027-05-13,,False
PRJ-00142,Main Equipment Supply & Installation,2027-11-04,,False
PRJ-00142,"Piping, Cabling & Auxiliary Works",2028-04-27,,False
PRJ-00142,"Pre-commissioning, Testing & Final Handover",2028-10-20,,False
PRJ-00143,Statutory Approvals & Land Possession,2023-10-18,2023-10-07,False
PRJ-00143,Engineering Design & EPC Contract Award,2024-05-13,2024-05-13,False
PRJ-00143,Civil Works Foundation & Substructure,2024-12-07,2024-11-26,False
PRJ-00143,Main Equipment Supply & Installation,2025-07-02,2025-07-01,False
PRJ-00143,"Piping, Cabling & Auxiliary Works",2026-01-26,2026-02-03,False
PRJ-00143,"Pre-commissioning, Testing & Final Handover",2026-08-22,,False
PRJ-00144,Land Acquisition & 3D Notification (90% RoW),2025-12-03,2025-12-04,False
PRJ-00144,Forest & Environmental Clearance,2026-05-14,2026-05-21,False
PRJ-00144,EPC / HAM Contract Award & Financial Close,2026-10-22,,False
PRJ-00144,"Earthwork, Embankment & Subgrade Completion",2027-04-02,,False
PRJ-00144,Major Bridges & Flyover Structures Erection,2027-09-10,,False
PRJ-00144,"Bituminous Pavement, Signage & Final COD",2028-02-19,,False
PRJ-00145,Land Acquisition & 3D Notification (90% RoW),2025-01-17,2025-01-23,False
PRJ-00145,Forest & Environmental Clearance,2025-07-11,,True
PRJ-00145,EPC / HAM Contract Award & Financial Close,2026-01-03,,True
PRJ-00145,"Earthwork, Embankment & Subgrade Completion",2026-06-27,,True
PRJ-00145,Major Bridges & Flyover Structures Erection,2026-12-19,,False
PRJ-00145,"Bituminous Pavement, Signage & Final COD",2027-06-13,,False
PRJ-00146,Detailed Alignment Survey & RoW Acquisition,2021-05-25,2021-06-02,False
PRJ-00146,Forest & Railway Board Sanction,2021-12-09,2022-01-13,True
PRJ-00146,Tendering & Major Civil Contract Award,2022-06-26,2022-11-04,True
PRJ-00146,"Earthwork, Tunnels & Bridge Abutments",2023-01-10,2023-04-15,True
PRJ-00146,Track Laying & 25kV OHE Electrification,2023-07-28,2024-03-23,True
PRJ-00146,Signalling (Kavach) & CRS Safety Inspection,2024-02-11,2024-03-12,True
PRJ-00147,Statutory Approvals & Land Possession,2025-09-27,2025-09-25,False
PRJ-00147,Engineering Design & EPC Contract Award,2026-03-31,2026-03-21,False
PRJ-00147,Civil Works Foundation & Substructure,2026-10-01,,False
PRJ-00147,Main Equipment Supply & Installation,2027-04-04,,False
PRJ-00147,"Piping, Cabling & Auxiliary Works",2027-10-06,,False
PRJ-00147,"Pre-commissioning, Testing & Final Handover",2028-04-07,,False
PRJ-00148,Statutory Approvals & Land Possession,2024-02-08,2024-02-04,False
PRJ-00148,Engineering Design & EPC Contract Award,2024-07-28,2024-07-16,False
PRJ-00148,Civil Works Foundation & Substructure,2025-01-15,2025-01-05,False
PRJ-00148,Main Equipment Supply & Installation,2025-07-05,2025-07-07,False
PRJ-00148,"Piping, Cabling & Auxiliary Works",2025-12-22,2025-12-19,False
PRJ-00148,"Pre-commissioning, Testing & Final Handover",2026-06-11,2026-06-12,False
PRJ-00149,Land & Depot Acquisition Approval,2023-04-11,2023-03-31,False
PRJ-00149,Utility Shifting & Tree Clearance,2023-07-31,2023-11-08,True
PRJ-00149,Viaduct Pier Construction & TBM Tunneling,2023-11-19,2024-02-05,True
PRJ-00149,Underground / Elevated Stations Civil Structure,2024-03-09,2024-10-10,True
PRJ-00149,Third Rail / OHE & CBTC Signalling,2024-06-27,2025-02-07,True
PRJ-00149,Rolling Stock Trials & CMRS Certification,2024-10-16,2024-12-13,True
PRJ-00150,Detailed Alignment Survey & RoW Acquisition,2020-07-27,2020-07-24,False
PRJ-00150,Forest & Railway Board Sanction,2020-11-29,2021-04-20,True
PRJ-00150,Tendering & Major Civil Contract Award,2021-04-02,2021-06-30,True
PRJ-00150,"Earthwork, Tunnels & Bridge Abutments",2021-08-05,2022-01-20,True
PRJ-00150,Track Laying & 25kV OHE Electrification,2021-12-08,2022-03-03,True
PRJ-00150,Signalling (Kavach) & CRS Safety Inspection,2022-04-11,2022-11-20,True
PRJ-00151,Land Acquisition & 3D Notification (90% RoW),2026-06-09,2026-05-29,False
PRJ-00151,Forest & Environmental Clearance,2026-10-25,,False
PRJ-00151,EPC / HAM Contract Award & Financial Close,2027-03-13,,False
PRJ-00151,"Earthwork, Embankment & Subgrade Completion",2027-07-29,,False
PRJ-00151,Major Bridges & Flyover Structures Erection,2027-12-15,,False
PRJ-00151,"Bituminous Pavement, Signage & Final COD",2028-05-01,,False
PRJ-00152,Statutory Approvals & Land Possession,2025-09-17,,True
PRJ-00152,Engineering Design & EPC Contract Award,2026-03-11,,True
PRJ-00152,Civil Works Foundation & Substructure,2026-09-03,,False
PRJ-00152,Main Equipment Supply & Installation,2027-02-25,,False
PRJ-00152,"Piping, Cabling & Auxiliary Works",2027-08-19,,False
PRJ-00152,"Pre-commissioning, Testing & Final Handover",2028-02-11,,False
PRJ-00153,Statutory Approvals & Land Possession,2021-11-20,2021-11-27,False
PRJ-00153,Engineering Design & EPC Contract Award,2022-04-07,2022-03-27,False
PRJ-00153,Civil Works Foundation & Substructure,2022-08-24,2022-09-03,False
PRJ-00153,Main Equipment Supply & Installation,2023-01-09,2023-01-08,False
PRJ-00153,"Piping, Cabling & Auxiliary Works",2023-05-28,2023-05-14,False
PRJ-00153,"Pre-commissioning, Testing & Final Handover",2023-10-13,2023-10-15,False
PRJ-00154,AERB Site Clearance & Environmental Approval,2022-01-23,2022-01-14,False
PRJ-00154,First Pour of Concrete (FPC) Milestone,2022-07-31,2022-09-12,True
PRJ-00154,Reactor Building Inner Containment Dome,2023-02-05,2023-05-14,True
PRJ-00154,Reactor Pressure Vessel & Steam Generator Installation,2023-08-13,2023-12-17,True
PRJ-00154,"Secondary Piping, Turbine & Grid Interface",2024-02-19,2024-09-08,True
PRJ-00154,AERB Fuel Loading Permission & Full Power COD,2024-08-26,2025-02-26,True
PRJ-00155,Land Acquisition & 3D Notification (90% RoW),2026-05-12,,True
PRJ-00155,Forest & Environmental Clearance,2026-10-16,,False
PRJ-00155,EPC / HAM Contract Award & Financial Close,2027-03-22,,False
PRJ-00155,"Earthwork, Embankment & Subgrade Completion",2027-08-26,,False
PRJ-00155,Major Bridges & Flyover Structures Erection,2028-01-30,,False
PRJ-00155,"Bituminous Pavement, Signage & Final COD",2028-07-05,,False
PRJ-00156,Land Acquisition & 3D Notification (90% RoW),2026-02-24,,True
PRJ-00156,Forest & Environmental Clearance,2026-08-14,,False
PRJ-00156,EPC / HAM Contract Award & Financial Close,2027-02-01,,False
PRJ-00156,"Earthwork, Embankment & Subgrade Completion",2027-07-22,,False
PRJ-00156,Major Bridges & Flyover Structures Erection,2028-01-08,,False
PRJ-00156,"Bituminous Pavement, Signage & Final COD",2028-06-27,,False
PRJ-00157,Detailed Alignment Survey & RoW Acquisition,2023-12-06,2023-12-01,False
PRJ-00157,Forest & Railway Board Sanction,2024-05-16,2024-09-28,True
PRJ-00157,Tendering & Major Civil Contract Award,2024-10-24,,True
PRJ-00157,"Earthwork, Tunnels & Bridge Abutments",2025-04-04,,True
PRJ-00157,Track Laying & 25kV OHE Electrification,2025-09-12,,True
PRJ-00157,Signalling (Kavach) & CRS Safety Inspection,2026-02-21,,True
PRJ-00158,Statutory Approvals & Land Possession,2023-07-27,2023-07-30,False
PRJ-00158,Engineering Design & EPC Contract Award,2024-02-20,2024-02-12,False
PRJ-00158,Civil Works Foundation & Substructure,2024-09-15,2024-09-15,False
PRJ-00158,Main Equipment Supply & Installation,2025-04-10,2025-04-12,False
PRJ-00158,"Piping, Cabling & Auxiliary Works",2025-11-04,2025-11-09,False
PRJ-00158,"Pre-commissioning, Testing & Final Handover",2026-05-31,2026-06-06,False
PRJ-00159,Detailed Alignment Survey & RoW Acquisition,2026-05-19,,True
PRJ-00159,Forest & Railway Board Sanction,2026-12-31,,False
PRJ-00159,Tendering & Major Civil Contract Award,2027-08-14,,False
PRJ-00159,"Earthwork, Tunnels & Bridge Abutments",2028-03-27,,False
PRJ-00159,Track Laying & 25kV OHE Electrification,2028-11-08,,False
PRJ-00159,Signalling (Kavach) & CRS Safety Inspection,2029-06-22,,False
PRJ-00160,Statutory Approvals & Land Possession,2025-09-15,,True
PRJ-00160,Engineering Design & EPC Contract Award,2026-04-06,,True
PRJ-00160,Civil Works Foundation & Substructure,2026-10-26,,False
PRJ-00160,Main Equipment Supply & Installation,2027-05-17,,False
PRJ-00160,"Piping, Cabling & Auxiliary Works",2027-12-06,,False
PRJ-00160,"Pre-commissioning, Testing & Final Handover",2028-06-26,,False
PRJ-00161,Statutory Approvals & Land Possession,2026-09-23,,False
PRJ-00161,Engineering Design & EPC Contract Award,2027-03-04,,False
PRJ-00161,Civil Works Foundation & Substructure,2027-08-12,,False
PRJ-00161,Main Equipment Supply & Installation,2028-01-21,,False
PRJ-00161,"Piping, Cabling & Auxiliary Works",2028-06-30,,False
PRJ-00161,"Pre-commissioning, Testing & Final Handover",2028-12-09,,False
PRJ-00162,Land & Depot Acquisition Approval,2022-10-25,2022-10-13,False
PRJ-00162,Utility Shifting & Tree Clearance,2023-03-22,2023-03-23,False
PRJ-00162,Viaduct Pier Construction & TBM Tunneling,2023-08-17,2023-08-06,False
PRJ-00162,Underground / Elevated Stations Civil Structure,2024-01-11,2024-01-03,False
PRJ-00162,Third Rail / OHE & CBTC Signalling,2024-06-07,2024-05-29,False
PRJ-00162,Rolling Stock Trials & CMRS Certification,2024-11-02,2024-11-06,False
PRJ-00163,Land Acquisition & 3D Notification (90% RoW),2024-06-19,2024-06-24,False
PRJ-00163,Forest & Environmental Clearance,2025-02-19,2025-02-24,False
PRJ-00163,EPC / HAM Contract Award & Financial Close,2025-10-21,2025-10-30,False
PRJ-00163,"Earthwork, Embankment & Subgrade Completion",2026-06-23,,True
PRJ-00163,Major Bridges & Flyover Structures Erection,2027-02-23,,False
PRJ-00163,"Bituminous Pavement, Signage & Final COD",2027-10-25,,False
PRJ-00164,Statutory Approvals & Land Possession,2023-07-27,2023-08-06,False
PRJ-00164,Engineering Design & EPC Contract Award,2023-12-31,2024-04-23,True
PRJ-00164,Civil Works Foundation & Substructure,2024-06-05,,True
PRJ-00164,Main Equipment Supply & Installation,2024-11-09,,True
PRJ-00164,"Piping, Cabling & Auxiliary Works",2025-04-15,,True
PRJ-00164,"Pre-commissioning, Testing & Final Handover",2025-09-19,,True
PRJ-00165,AERB Site Clearance & Environmental Approval,2024-03-29,2024-03-15,False
PRJ-00165,First Pour of Concrete (FPC) Milestone,2024-09-30,2024-12-14,True
PRJ-00165,Reactor Building Inner Containment Dome,2025-04-02,,True
PRJ-00165,Reactor Pressure Vessel & Steam Generator Installation,2025-10-04,,True
PRJ-00165,"Secondary Piping, Turbine & Grid Interface",2026-04-07,,True
PRJ-00165,AERB Fuel Loading Permission & Full Power COD,2026-10-08,,False
PRJ-00166,Land Acquisition & 3D Notification (90% RoW),2026-02-22,,True
PRJ-00166,Forest & Environmental Clearance,2026-08-07,,False
PRJ-00166,EPC / HAM Contract Award & Financial Close,2027-01-20,,False
PRJ-00166,"Earthwork, Embankment & Subgrade Completion",2027-07-05,,False
PRJ-00166,Major Bridges & Flyover Structures Erection,2027-12-18,,False
PRJ-00166,"Bituminous Pavement, Signage & Final COD",2028-06-01,,False
PRJ-00167,Statutory Approvals & Land Possession,2026-08-15,,False
PRJ-00167,Engineering Design & EPC Contract Award,2027-01-24,,False
PRJ-00167,Civil Works Foundation & Substructure,2027-07-04,,False
PRJ-00167,Main Equipment Supply & Installation,2027-12-13,,False
PRJ-00167,"Piping, Cabling & Auxiliary Works",2028-05-22,,False
PRJ-00167,"Pre-commissioning, Testing & Final Handover",2028-10-31,,False
PRJ-00168,Statutory Approvals & Land Possession,2022-07-14,2022-07-11,False
PRJ-00168,Engineering Design & EPC Contract Award,2022-11-02,2022-10-31,False
PRJ-00168,Civil Works Foundation & Substructure,2023-02-21,2023-02-11,False
PRJ-00168,Main Equipment Supply & Installation,2023-06-12,2023-06-18,False
PRJ-00168,"Piping, Cabling & Auxiliary Works",2023-09-30,2023-10-03,False
PRJ-00168,"Pre-commissioning, Testing & Final Handover",2024-01-19,2024-01-25,False
PRJ-00169,Statutory Approvals & Land Possession,2022-05-12,2022-05-07,False
PRJ-00169,Engineering Design & EPC Contract Award,2022-09-09,2023-01-09,True
PRJ-00169,Civil Works Foundation & Substructure,2023-01-07,2023-03-05,True
PRJ-00169,Main Equipment Supply & Installation,2023-05-07,2023-06-29,True
PRJ-00169,"Piping, Cabling & Auxiliary Works",2023-09-04,2023-10-05,True
PRJ-00169,"Pre-commissioning, Testing & Final Handover",2024-01-02,2024-04-19,True
PRJ-00170,Land Acquisition & 3D Notification (90% RoW),2022-05-19,2022-05-23,False
PRJ-00170,Forest & Environmental Clearance,2022-12-13,2023-06-14,True
PRJ-00170,EPC / HAM Contract Award & Financial Close,2023-07-09,2024-02-24,True
PRJ-00170,"Earthwork, Embankment & Subgrade Completion",2024-02-01,2024-05-24,True
PRJ-00170,Major Bridges & Flyover Structures Erection,2024-08-27,2025-01-02,True
PRJ-00170,"Bituminous Pavement, Signage & Final COD",2025-03-23,2025-04-25,True
PRJ-00171,Statutory Approvals & Land Possession,2025-01-29,2025-01-22,False
PRJ-00171,Engineering Design & EPC Contract Award,2025-08-06,2026-01-09,True
PRJ-00171,Civil Works Foundation & Substructure,2026-02-11,,True
PRJ-00171,Main Equipment Supply & Installation,2026-08-19,,False
PRJ-00171,"Piping, Cabling & Auxiliary Works",2027-02-25,,False
PRJ-00171,"Pre-commissioning, Testing & Final Handover",2027-09-02,,False
PRJ-00172,Land Acquisition & 3D Notification (90% RoW),2023-08-22,2023-08-21,False
PRJ-00172,Forest & Environmental Clearance,2023-12-29,2023-12-17,False
PRJ-00172,EPC / HAM Contract Award & Financial Close,2024-05-06,2024-04-25,False
PRJ-00172,"Earthwork, Embankment & Subgrade Completion",2024-09-12,2024-09-06,False
PRJ-00172,Major Bridges & Flyover Structures Erection,2025-01-20,2025-01-05,False
PRJ-00172,"Bituminous Pavement, Signage & Final COD",2025-05-29,2025-05-26,False
PRJ-00173,Statutory Approvals & Land Possession,2023-08-19,2023-08-26,False
PRJ-00173,Engineering Design & EPC Contract Award,2024-04-29,2024-04-20,False
PRJ-00173,Civil Works Foundation & Substructure,2025-01-08,2025-01-08,False
PRJ-00173,Main Equipment Supply & Installation,2025-09-19,2025-09-14,False
PRJ-00173,"Piping, Cabling & Auxiliary Works",2026-05-31,2026-05-21,False
PRJ-00173,"Pre-commissioning, Testing & Final Handover",2027-02-09,,False
PRJ-00174,Statutory Approvals & Land Possession,2024-07-16,2024-07-04,False
PRJ-00174,Engineering Design & EPC Contract Award,2025-02-04,2025-07-28,True
PRJ-00174,Civil Works Foundation & Substructure,2025-08-26,,True
PRJ-00174,Main Equipment Supply & Installation,2026-03-17,,True
PRJ-00174,"Piping, Cabling & Auxiliary Works",2026-10-06,,False
PRJ-00174,"Pre-commissioning, Testing & Final Handover",2027-04-27,,False
PRJ-00175,Statutory Approvals & Land Possession,2024-10-18,2024-10-28,False
PRJ-00175,Engineering Design & EPC Contract Award,2025-06-06,2025-06-04,False
PRJ-00175,Civil Works Foundation & Substructure,2026-01-23,2026-01-29,False
PRJ-00175,Main Equipment Supply & Installation,2026-09-11,,False
PRJ-00175,"Piping, Cabling & Auxiliary Works",2027-04-29,,False
PRJ-00175,"Pre-commissioning, Testing & Final Handover",2027-12-16,,False
PRJ-00176,Statutory Approvals & Land Possession,2025-10-22,2025-10-19,False
PRJ-00176,Engineering Design & EPC Contract Award,2026-02-28,2026-03-02,False
PRJ-00176,Civil Works Foundation & Substructure,2026-07-07,2026-07-08,False
PRJ-00176,Main Equipment Supply & Installation,2026-11-13,,False
PRJ-00176,"Piping, Cabling & Auxiliary Works",2027-03-23,,False
PRJ-00176,"Pre-commissioning, Testing & Final Handover",2027-07-30,,False
PRJ-00177,Land Acquisition & 3D Notification (90% RoW),2025-05-21,2025-05-07,False
PRJ-00177,Forest & Environmental Clearance,2025-10-25,2025-10-28,False
PRJ-00177,EPC / HAM Contract Award & Financial Close,2026-03-31,2026-04-05,False
PRJ-00177,"Earthwork, Embankment & Subgrade Completion",2026-09-04,,False
PRJ-00177,Major Bridges & Flyover Structures Erection,2027-02-08,,False
PRJ-00177,"Bituminous Pavement, Signage & Final COD",2027-07-15,,False
PRJ-00178,Land Acquisition & 3D Notification (90% RoW),2021-02-25,2021-02-22,False
PRJ-00178,Forest & Environmental Clearance,2021-09-11,2022-02-06,True
PRJ-00178,EPC / HAM Contract Award & Financial Close,2022-03-29,2022-11-11,True
PRJ-00178,"Earthwork, Embankment & Subgrade Completion",2022-10-13,2023-05-04,True
PRJ-00178,Major Bridges & Flyover Structures Erection,2023-04-30,2023-10-27,True
PRJ-00178,"Bituminous Pavement, Signage & Final COD",2023-11-14,2024-06-07,True
PRJ-00179,Statutory Approvals & Land Possession,2024-01-04,2023-12-26,False
PRJ-00179,Engineering Design & EPC Contract Award,2024-07-20,2024-07-21,False
PRJ-00179,Civil Works Foundation & Substructure,2025-02-04,2025-02-04,False
PRJ-00179,Main Equipment Supply & Installation,2025-08-21,2025-08-17,False
PRJ-00179,"Piping, Cabling & Auxiliary Works",2026-03-08,2026-03-08,False
PRJ-00179,"Pre-commissioning, Testing & Final Handover",2026-09-22,,False
PRJ-00180,Statutory Approvals & Land Possession,2022-10-20,2022-10-30,False
PRJ-00180,Engineering Design & EPC Contract Award,2023-03-17,2023-05-28,True
PRJ-00180,Civil Works Foundation & Substructure,2023-08-12,,True
PRJ-00180,Main Equipment Supply & Installation,2024-01-06,,True
PRJ-00180,"Piping, Cabling & Auxiliary Works",2024-06-02,,True
PRJ-00180,"Pre-commissioning, Testing & Final Handover",2024-10-28,,True
PRJ-00181,Detailed Alignment Survey & RoW Acquisition,2024-05-13,2024-05-10,False
PRJ-00181,Forest & Railway Board Sanction,2024-10-08,2024-11-14,True
PRJ-00181,Tendering & Major Civil Contract Award,2025-03-05,2025-10-09,True
PRJ-00181,"Earthwork, Tunnels & Bridge Abutments",2025-07-30,,True
PRJ-00181,Track Laying & 25kV OHE Electrification,2025-12-25,,True
PRJ-00181,Signalling (Kavach) & CRS Safety Inspection,2026-05-22,,True
PRJ-00182,Stage-II Forest Clearance & R&R Settlement,2021-09-05,2021-09-07,False
PRJ-00182,River Diversion & Coffer Dam Construction,2022-04-10,2022-06-26,True
PRJ-00182,Head Race Tunnel (HRT) Excavation,2022-11-13,2023-03-16,True
PRJ-00182,Main Dam Concrete Placement / Embankment,2023-06-18,2023-10-09,True
PRJ-00182,Turbine & Generator Assembly Erection,2024-01-21,2024-04-10,True
PRJ-00182,Reservoir Impoundment & Grid Synchronization,2024-08-25,2025-01-19,True
PRJ-00183,Statutory Approvals & Land Possession,2026-07-04,,True
PRJ-00183,Engineering Design & EPC Contract Award,2027-04-30,,False
PRJ-00183,Civil Works Foundation & Substructure,2028-02-24,,False
PRJ-00183,Main Equipment Supply & Installation,2028-12-20,,False
PRJ-00183,"Piping, Cabling & Auxiliary Works",2029-10-16,,False
PRJ-00183,"Pre-commissioning, Testing & Final Handover",2030-08-12,,False
PRJ-00184,Land Acquisition & 3D Notification (90% RoW),2025-10-26,,True
PRJ-00184,Forest & Environmental Clearance,2026-04-29,,True
PRJ-00184,EPC / HAM Contract Award & Financial Close,2026-10-30,,False
PRJ-00184,"Earthwork, Embankment & Subgrade Completion",2027-05-03,,False
PRJ-00184,Major Bridges & Flyover Structures Erection,2027-11-04,,False
PRJ-00184,"Bituminous Pavement, Signage & Final COD",2028-05-06,,False
PRJ-00185,Land Acquisition & 3D Notification (90% RoW),2026-06-30,,True
PRJ-00185,Forest & Environmental Clearance,2026-11-11,,False
PRJ-00185,EPC / HAM Contract Award & Financial Close,2027-03-25,,False
PRJ-00185,"Earthwork, Embankment & Subgrade Completion",2027-08-06,,False
PRJ-00185,Major Bridges & Flyover Structures Erection,2027-12-18,,False
PRJ-00185,"Bituminous Pavement, Signage & Final COD",2028-04-30,,False
PRJ-00186,Land Acquisition & 3D Notification (90% RoW),2022-08-12,2022-08-18,False
PRJ-00186,Forest & Environmental Clearance,2023-01-21,2023-06-25,True
PRJ-00186,EPC / HAM Contract Award & Financial Close,2023-07-01,2023-11-14,True
PRJ-00186,"Earthwork, Embankment & Subgrade Completion",2023-12-10,2024-07-08,True
PRJ-00186,Major Bridges & Flyover Structures Erection,2024-05-19,2024-10-09,True
PRJ-00186,"Bituminous Pavement, Signage & Final COD",2024-10-28,2025-04-01,True
PRJ-00187,Detailed Alignment Survey & RoW Acquisition,2023-01-16,2023-01-16,False
PRJ-00187,Forest & Railway Board Sanction,2023-08-12,2024-01-29,True
PRJ-00187,Tendering & Major Civil Contract Award,2024-03-07,2024-08-14,True
PRJ-00187,"Earthwork, Tunnels & Bridge Abutments",2024-09-30,,True
PRJ-00187,Track Laying & 25kV OHE Electrification,2025-04-26,,True
PRJ-00187,Signalling (Kavach) & CRS Safety Inspection,2025-11-20,,True
PRJ-00188,Statutory Approvals & Land Possession,2021-09-29,2021-09-23,False
PRJ-00188,Engineering Design & EPC Contract Award,2022-04-06,2022-05-14,True
PRJ-00188,Civil Works Foundation & Substructure,2022-10-12,2023-03-06,True
PRJ-00188,Main Equipment Supply & Installation,2023-04-19,2023-07-25,True
PRJ-00188,"Piping, Cabling & Auxiliary Works",2023-10-26,2024-02-22,True
PRJ-00188,"Pre-commissioning, Testing & Final Handover",2024-05-02,2024-12-27,True
PRJ-00189,Statutory Approvals & Land Possession,2026-05-14,2026-05-24,False
PRJ-00189,Engineering Design & EPC Contract Award,2026-09-20,,False
PRJ-00189,Civil Works Foundation & Substructure,2027-01-27,,False
PRJ-00189,Main Equipment Supply & Installation,2027-06-05,,False
PRJ-00189,"Piping, Cabling & Auxiliary Works",2027-10-13,,False
PRJ-00189,"Pre-commissioning, Testing & Final Handover",2028-02-19,,False
PRJ-00190,Statutory Approvals & Land Possession,2025-03-12,2025-03-13,False
PRJ-00190,Engineering Design & EPC Contract Award,2025-09-26,,True
PRJ-00190,Civil Works Foundation & Substructure,2026-04-13,,True
PRJ-00190,Main Equipment Supply & Installation,2026-10-28,,False
PRJ-00190,"Piping, Cabling & Auxiliary Works",2027-05-15,,False
PRJ-00190,"Pre-commissioning, Testing & Final Handover",2027-11-29,,False
PRJ-00191,Solar Park / Land Lease Execution,2023-08-26,2023-09-04,False
PRJ-00191,Grid Connectivity & PPA Execution,2024-02-17,2024-02-23,False
PRJ-00191,Module Mounting Structures & Inverter Civil Work,2024-08-11,2024-08-08,False
PRJ-00191,Solar PV Module / WTG Erection,2025-02-02,2025-02-02,False
PRJ-00191,Transmission Line to Pooling Substation,2025-07-27,2025-07-16,False
PRJ-00191,RLDC Charging & Commercial Operation Declaration,2026-01-19,2026-01-22,False
PRJ-00192,Stage-II Forest Clearance & R&R Settlement,2021-09-30,2021-09-26,False
PRJ-00192,River Diversion & Coffer Dam Construction,2022-03-15,2022-03-14,False
PRJ-00192,Head Race Tunnel (HRT) Excavation,2022-08-28,2022-08-28,False
PRJ-00192,Main Dam Concrete Placement / Embankment,2023-02-10,2023-02-05,False
PRJ-00192,Turbine & Generator Assembly Erection,2023-07-26,2023-07-29,False
PRJ-00192,Reservoir Impoundment & Grid Synchronization,2024-01-08,2023-12-24,False
PRJ-00193,Stage-II Forest Clearance & R&R Settlement,2025-11-23,,True
PRJ-00193,River Diversion & Coffer Dam Construction,2026-03-14,,True
PRJ-00193,Head Race Tunnel (HRT) Excavation,2026-07-03,,True
PRJ-00193,Main Dam Concrete Placement / Embankment,2026-10-22,,False
PRJ-00193,Turbine & Generator Assembly Erection,2027-02-09,,False
PRJ-00193,Reservoir Impoundment & Grid Synchronization,2027-05-31,,False
PRJ-00194,Statutory Approvals & Land Possession,2024-04-14,2024-03-30,False
PRJ-00194,Engineering Design & EPC Contract Award,2024-10-02,2024-12-02,True
PRJ-00194,Civil Works Foundation & Substructure,2025-03-22,2025-05-31,True
PRJ-00194,Main Equipment Supply & Installation,2025-09-09,,True
PRJ-00194,"Piping, Cabling & Auxiliary Works",2026-02-26,,True
PRJ-00194,"Pre-commissioning, Testing & Final Handover",2026-08-16,,False
PRJ-00195,Land Acquisition & 3D Notification (90% RoW),2022-05-08,2022-04-25,False
PRJ-00195,Forest & Environmental Clearance,2022-09-14,2022-09-10,False
PRJ-00195,EPC / HAM Contract Award & Financial Close,2023-01-21,2023-01-27,False
PRJ-00195,"Earthwork, Embankment & Subgrade Completion",2023-05-30,2023-06-04,False
PRJ-00195,Major Bridges & Flyover Structures Erection,2023-10-07,2023-09-27,False
PRJ-00195,"Bituminous Pavement, Signage & Final COD",2024-02-13,2024-01-30,False
PRJ-00196,Statutory Approvals & Land Possession,2025-08-17,2025-08-18,False
PRJ-00196,Engineering Design & EPC Contract Award,2025-12-29,,True
PRJ-00196,Civil Works Foundation & Substructure,2026-05-12,,True
PRJ-00196,Main Equipment Supply & Installation,2026-09-23,,False
PRJ-00196,"Piping, Cabling & Auxiliary Works",2027-02-04,,False
PRJ-00196,"Pre-commissioning, Testing & Final Handover",2027-06-18,,False
PRJ-00197,Statutory Approvals & Land Possession,2021-02-24,2021-02-12,False
PRJ-00197,Engineering Design & EPC Contract Award,2021-08-14,2021-10-09,True
PRJ-00197,Civil Works Foundation & Substructure,2022-02-01,2022-05-22,True
PRJ-00197,Main Equipment Supply & Installation,2022-07-22,,True
PRJ-00197,"Piping, Cabling & Auxiliary Works",2023-01-08,,True
PRJ-00197,"Pre-commissioning, Testing & Final Handover",2023-06-28,,True
PRJ-00198,Land Acquisition & 3D Notification (90% RoW),2026-01-20,,True
PRJ-00198,Forest & Environmental Clearance,2026-09-03,,False
PRJ-00198,EPC / HAM Contract Award & Financial Close,2027-04-17,,False
PRJ-00198,"Earthwork, Embankment & Subgrade Completion",2027-11-29,,False
PRJ-00198,Major Bridges & Flyover Structures Erection,2028-07-12,,False
PRJ-00198,"Bituminous Pavement, Signage & Final COD",2029-02-23,,False
PRJ-00199,Stage-II Forest Clearance & R&R Settlement,2024-02-11,2024-02-07,False
PRJ-00199,River Diversion & Coffer Dam Construction,2024-07-31,2024-12-17,True
PRJ-00199,Head Race Tunnel (HRT) Excavation,2025-01-18,,True
PRJ-00199,Main Dam Concrete Placement / Embankment,2025-07-08,,True
PRJ-00199,Turbine & Generator Assembly Erection,2025-12-25,,True
PRJ-00199,Reservoir Impoundment & Grid Synchronization,2026-06-14,,True
PRJ-00200,Land Acquisition & 3D Notification (90% RoW),2026-03-13,,True
PRJ-00200,Forest & Environmental Clearance,2027-04-05,,False
PRJ-00200,EPC / HAM Contract Award & Financial Close,2028-04-27,,False
PRJ-00200,"Earthwork, Embankment & Subgrade Completion",2029-05-19,,False
PRJ-00200,Major Bridges & Flyover Structures Erection,2030-06-11,,False
PRJ-00200,"Bituminous Pavement, Signage & Final COD",2031-07-04,,False
PRJ-00201,Land Acquisition & 3D Notification (90% RoW),2026-04-18,,True
PRJ-00201,Forest & Environmental Clearance,2026-10-06,,False
PRJ-00201,EPC / HAM Contract Award & Financial Close,2027-03-26,,False
PRJ-00201,"Earthwork, Embankment & Subgrade Completion",2027-09-13,,False
PRJ-00201,Major Bridges & Flyover Structures Erection,2028-03-01,,False
PRJ-00201,"Bituminous Pavement, Signage & Final COD",2028-08-19,,False
PRJ-00202,Statutory Approvals & Land Possession,2023-07-16,2023-07-16,False
PRJ-00202,Engineering Design & EPC Contract Award,2024-07-01,2024-07-10,False
PRJ-00202,Civil Works Foundation & Substructure,2025-06-17,2025-06-04,False
PRJ-00202,Main Equipment Supply & Installation,2026-06-03,2026-05-19,False
PRJ-00202,"Piping, Cabling & Auxiliary Works",2027-05-19,,False
PRJ-00202,"Pre-commissioning, Testing & Final Handover",2028-05-04,,False
PRJ-00203,Statutory Approvals & Land Possession,2024-08-25,2024-08-12,False
PRJ-00203,Engineering Design & EPC Contract Award,2025-04-22,2025-11-01,True
PRJ-00203,Civil Works Foundation & Substructure,2025-12-18,,True
PRJ-00203,Main Equipment Supply & Installation,2026-08-15,,False
PRJ-00203,"Piping, Cabling & Auxiliary Works",2027-04-12,,False
PRJ-00203,"Pre-commissioning, Testing & Final Handover",2027-12-08,,False
PRJ-00204,Detailed Alignment Survey & RoW Acquisition,2022-05-29,2022-05-16,False
PRJ-00204,Forest & Railway Board Sanction,2022-11-25,2023-03-14,True
PRJ-00204,Tendering & Major Civil Contract Award,2023-05-24,2023-12-18,True
PRJ-00204,"Earthwork, Tunnels & Bridge Abutments",2023-11-20,,True
PRJ-00204,Track Laying & 25kV OHE Electrification,2024-05-18,,True
PRJ-00204,Signalling (Kavach) & CRS Safety Inspection,2024-11-14,,True
PRJ-00205,Statutory Approvals & Land Possession,2021-10-14,2021-10-04,False
PRJ-00205,Engineering Design & EPC Contract Award,2022-04-30,2022-06-29,True
PRJ-00205,Civil Works Foundation & Substructure,2022-11-15,2022-12-18,True
PRJ-00205,Main Equipment Supply & Installation,2023-06-01,2023-12-29,True
PRJ-00205,"Piping, Cabling & Auxiliary Works",2023-12-17,2024-02-20,True
PRJ-00205,"Pre-commissioning, Testing & Final Handover",2024-07-02,2025-01-27,True
PRJ-00206,Land Acquisition & 3D Notification (90% RoW),2025-12-25,,True
PRJ-00206,Forest & Environmental Clearance,2026-05-31,,True
PRJ-00206,EPC / HAM Contract Award & Financial Close,2026-11-04,,False
PRJ-00206,"Earthwork, Embankment & Subgrade Completion",2027-04-10,,False
PRJ-00206,Major Bridges & Flyover Structures Erection,2027-09-14,,False
PRJ-00206,"Bituminous Pavement, Signage & Final COD",2028-02-18,,False
PRJ-00207,Statutory Approvals & Land Possession,2023-08-06,2023-08-09,False
PRJ-00207,Engineering Design & EPC Contract Award,2023-12-04,2024-02-14,True
PRJ-00207,Civil Works Foundation & Substructure,2024-04-02,,True
PRJ-00207,Main Equipment Supply & Installation,2024-07-31,,True
PRJ-00207,"Piping, Cabling & Auxiliary Works",2024-11-28,,True
PRJ-00207,"Pre-commissioning, Testing & Final Handover",2025-03-28,,True
PRJ-00208,Statutory Approvals & Land Possession,2026-08-13,,False
PRJ-00208,Engineering Design & EPC Contract Award,2027-02-23,,False
PRJ-00208,Civil Works Foundation & Substructure,2027-09-05,,False
PRJ-00208,Main Equipment Supply & Installation,2028-03-17,,False
PRJ-00208,"Piping, Cabling & Auxiliary Works",2028-09-27,,False
PRJ-00208,"Pre-commissioning, Testing & Final Handover",2029-04-09,,False
PRJ-00209,Statutory Approvals & Land Possession,2021-08-13,2021-08-21,False
PRJ-00209,Engineering Design & EPC Contract Award,2022-02-04,2022-01-30,False
PRJ-00209,Civil Works Foundation & Substructure,2022-07-30,2022-07-23,False
PRJ-00209,Main Equipment Supply & Installation,2023-01-21,2023-01-08,False
PRJ-00209,"Piping, Cabling & Auxiliary Works",2023-07-15,2023-07-18,False
PRJ-00209,"Pre-commissioning, Testing & Final Handover",2024-01-07,2024-01-03,False
PRJ-00210,Land & Depot Acquisition Approval,2024-08-08,2024-07-26,False
PRJ-00210,Utility Shifting & Tree Clearance,2025-01-26,2025-01-28,False
PRJ-00210,Viaduct Pier Construction & TBM Tunneling,2025-07-16,2025-07-15,False
PRJ-00210,Underground / Elevated Stations Civil Structure,2026-01-03,2025-12-19,False
PRJ-00210,Third Rail / OHE & CBTC Signalling,2026-06-22,2026-06-18,False
PRJ-00210,Rolling Stock Trials & CMRS Certification,2026-12-10,,False
PRJ-00211,Land Acquisition & 3D Notification (90% RoW),2022-05-14,2022-05-16,False
PRJ-00211,Forest & Environmental Clearance,2022-11-01,2022-11-10,False
PRJ-00211,EPC / HAM Contract Award & Financial Close,2023-04-21,2023-05-01,False
PRJ-00211,"Earthwork, Embankment & Subgrade Completion",2023-10-09,2023-10-01,False
PRJ-00211,Major Bridges & Flyover Structures Erection,2024-03-27,2024-03-16,False
PRJ-00211,"Bituminous Pavement, Signage & Final COD",2024-09-14,2024-08-30,False
PRJ-00212,Land Acquisition & 3D Notification (90% RoW),2021-02-26,2021-02-27,False
PRJ-00212,Forest & Environmental Clearance,2021-07-19,2021-07-11,False
PRJ-00212,EPC / HAM Contract Award & Financial Close,2021-12-09,2021-12-07,False
PRJ-00212,"Earthwork, Embankment & Subgrade Completion",2022-05-01,2022-05-01,False
PRJ-00212,Major Bridges & Flyover Structures Erection,2022-09-21,2022-09-07,False
PRJ-00212,"Bituminous Pavement, Signage & Final COD",2023-02-11,2023-01-31,False
PRJ-00213,Detailed Alignment Survey & RoW Acquisition,2026-04-20,,True
PRJ-00213,Forest & Railway Board Sanction,2026-10-22,,False
PRJ-00213,Tendering & Major Civil Contract Award,2027-04-24,,False
PRJ-00213,"Earthwork, Tunnels & Bridge Abutments",2027-10-26,,False
PRJ-00213,Track Laying & 25kV OHE Electrification,2028-04-28,,False
PRJ-00213,Signalling (Kavach) & CRS Safety Inspection,2028-10-29,,False
PRJ-00214,Detailed Alignment Survey & RoW Acquisition,2023-05-11,2023-05-02,False
PRJ-00214,Forest & Railway Board Sanction,2023-10-15,2023-10-04,False
PRJ-00214,Tendering & Major Civil Contract Award,2024-03-20,2024-03-29,False
PRJ-00214,"Earthwork, Tunnels & Bridge Abutments",2024-08-24,2024-09-02,False
PRJ-00214,Track Laying & 25kV OHE Electrification,2025-01-28,2025-01-31,False
PRJ-00214,Signalling (Kavach) & CRS Safety Inspection,2025-07-04,2025-06-22,False
PRJ-00215,Statutory Approvals & Land Possession,2023-09-14,2023-09-02,False
PRJ-00215,Engineering Design & EPC Contract Award,2024-01-26,2024-01-13,False
PRJ-00215,Civil Works Foundation & Substructure,2024-06-08,2024-05-29,False
PRJ-00215,Main Equipment Supply & Installation,2024-10-20,2024-10-30,False
PRJ-00215,"Piping, Cabling & Auxiliary Works",2025-03-03,2025-03-09,False
PRJ-00215,"Pre-commissioning, Testing & Final Handover",2025-07-15,2025-07-09,False
PRJ-00216,Statutory Approvals & Land Possession,2021-07-14,2021-07-11,False
PRJ-00216,Engineering Design & EPC Contract Award,2021-12-04,2022-04-28,True
PRJ-00216,Civil Works Foundation & Substructure,2022-04-26,2022-10-15,True
PRJ-00216,Main Equipment Supply & Installation,2022-09-16,,True
PRJ-00216,"Piping, Cabling & Auxiliary Works",2023-02-06,,True
PRJ-00216,"Pre-commissioning, Testing & Final Handover",2023-06-29,,True
PRJ-00217,Statutory Approvals & Land Possession,2020-11-26,2020-12-01,False
PRJ-00217,Engineering Design & EPC Contract Award,2021-05-20,2021-05-25,False
PRJ-00217,Civil Works Foundation & Substructure,2021-11-12,2021-10-30,False
PRJ-00217,Main Equipment Supply & Installation,2022-05-06,2022-05-09,False
PRJ-00217,"Piping, Cabling & Auxiliary Works",2022-10-28,2022-10-31,False
PRJ-00217,"Pre-commissioning, Testing & Final Handover",2023-04-22,2023-04-15,False
PRJ-00218,Land & Depot Acquisition Approval,2021-12-27,2022-01-04,False
PRJ-00218,Utility Shifting & Tree Clearance,2022-06-11,2022-10-20,True
PRJ-00218,Viaduct Pier Construction & TBM Tunneling,2022-11-24,2023-04-30,True
PRJ-00218,Underground / Elevated Stations Civil Structure,2023-05-09,2023-06-15,True
PRJ-00218,Third Rail / OHE & CBTC Signalling,2023-10-22,2024-02-26,True
PRJ-00218,Rolling Stock Trials & CMRS Certification,2024-04-05,,True
PRJ-00219,Statutory Approvals & Land Possession,2023-01-15,2023-01-17,False
PRJ-00219,Engineering Design & EPC Contract Award,2023-05-24,2023-10-23,True
PRJ-00219,Civil Works Foundation & Substructure,2023-09-30,2023-11-14,True
PRJ-00219,Main Equipment Supply & Installation,2024-02-06,2024-03-29,True
PRJ-00219,"Piping, Cabling & Auxiliary Works",2024-06-15,2024-09-24,True
PRJ-00219,"Pre-commissioning, Testing & Final Handover",2024-10-22,2025-02-27,True
PRJ-00220,Detailed Alignment Survey & RoW Acquisition,2026-04-02,2026-04-02,False
PRJ-00220,Forest & Railway Board Sanction,2026-09-06,,False
PRJ-00220,Tendering & Major Civil Contract Award,2027-02-10,,False
PRJ-00220,"Earthwork, Tunnels & Bridge Abutments",2027-07-17,,False
PRJ-00220,Track Laying & 25kV OHE Electrification,2027-12-21,,False
PRJ-00220,Signalling (Kavach) & CRS Safety Inspection,2028-05-26,,False
PRJ-00221,Land Acquisition & 3D Notification (90% RoW),2023-11-18,2023-11-18,False
PRJ-00221,Forest & Environmental Clearance,2024-11-26,,True
PRJ-00221,EPC / HAM Contract Award & Financial Close,2025-12-05,,True
PRJ-00221,"Earthwork, Embankment & Subgrade Completion",2026-12-14,,False
PRJ-00221,Major Bridges & Flyover Structures Erection,2027-12-23,,False
PRJ-00221,"Bituminous Pavement, Signage & Final COD",2028-12-31,,False
PRJ-00222,Detailed Alignment Survey & RoW Acquisition,2022-06-19,2022-06-11,False
PRJ-00222,Forest & Railway Board Sanction,2023-03-09,2023-09-02,True
PRJ-00222,Tendering & Major Civil Contract Award,2023-11-27,2024-07-18,True
PRJ-00222,"Earthwork, Tunnels & Bridge Abutments",2024-08-16,,True
PRJ-00222,Track Laying & 25kV OHE Electrification,2025-05-06,,True
PRJ-00222,Signalling (Kavach) & CRS Safety Inspection,2026-01-24,,True
PRJ-00223,Statutory Approvals & Land Possession,2022-07-27,2022-07-23,False
PRJ-00223,Engineering Design & EPC Contract Award,2022-12-31,2023-01-03,False
PRJ-00223,Civil Works Foundation & Substructure,2023-06-06,2023-06-09,False
PRJ-00223,Main Equipment Supply & Installation,2023-11-10,2023-10-30,False
PRJ-00223,"Piping, Cabling & Auxiliary Works",2024-04-15,2024-04-18,False
PRJ-00223,"Pre-commissioning, Testing & Final Handover",2024-09-19,2024-09-10,False
PRJ-00224,Statutory Approvals & Land Possession,2020-09-18,2020-09-28,False
PRJ-00224,Engineering Design & EPC Contract Award,2021-02-13,2021-04-17,True
PRJ-00224,Civil Works Foundation & Substructure,2021-07-11,2021-11-05,True
PRJ-00224,Main Equipment Supply & Installation,2021-12-05,2022-07-06,True
PRJ-00224,"Piping, Cabling & Auxiliary Works",2022-05-02,2022-07-16,True
PRJ-00224,"Pre-commissioning, Testing & Final Handover",2022-09-27,2023-05-20,True
PRJ-00225,Detailed Alignment Survey & RoW Acquisition,2021-10-26,2021-10-29,False
PRJ-00225,Forest & Railway Board Sanction,2022-03-18,2022-05-12,True
PRJ-00225,Tendering & Major Civil Contract Award,2022-08-08,2022-12-02,True
PRJ-00225,"Earthwork, Tunnels & Bridge Abutments",2022-12-29,2023-04-15,True
PRJ-00225,Track Laying & 25kV OHE Electrification,2023-05-21,2023-09-10,True
PRJ-00225,Signalling (Kavach) & CRS Safety Inspection,2023-10-11,2023-12-14,True
PRJ-00226,Statutory Approvals & Land Possession,2022-12-01,2022-12-04,False
PRJ-00226,Engineering Design & EPC Contract Award,2023-05-02,2023-04-22,False
PRJ-00226,Civil Works Foundation & Substructure,2023-10-01,2023-09-28,False
PRJ-00226,Main Equipment Supply & Installation,2024-03-02,2024-02-25,False
PRJ-00226,"Piping, Cabling & Auxiliary Works",2024-08-01,2024-08-09,False
PRJ-00226,"Pre-commissioning, Testing & Final Handover",2024-12-31,2025-01-07,False
PRJ-00227,Detailed Alignment Survey & RoW Acquisition,2024-07-11,2024-07-14,False
PRJ-00227,Forest & Railway Board Sanction,2025-02-27,,True
PRJ-00227,Tendering & Major Civil Contract Award,2025-10-16,,True
PRJ-00227,"Earthwork, Tunnels & Bridge Abutments",2026-06-04,,True
PRJ-00227,Track Laying & 25kV OHE Electrification,2027-01-20,,False
PRJ-00227,Signalling (Kavach) & CRS Safety Inspection,2027-09-08,,False
PRJ-00228,Land Acquisition & 3D Notification (90% RoW),2023-03-05,2023-02-28,False
PRJ-00228,Forest & Environmental Clearance,2023-08-14,2023-08-13,False
PRJ-00228,EPC / HAM Contract Award & Financial Close,2024-01-22,2024-01-07,False
PRJ-00228,"Earthwork, Embankment & Subgrade Completion",2024-07-02,2024-06-25,False
PRJ-00228,Major Bridges & Flyover Structures Erection,2024-12-10,2024-12-01,False
PRJ-00228,"Bituminous Pavement, Signage & Final COD",2025-05-21,2025-05-13,False
PRJ-00229,Stage-II Forest Clearance & R&R Settlement,2020-08-24,2020-08-26,False
PRJ-00229,River Diversion & Coffer Dam Construction,2021-01-09,2021-05-15,True
PRJ-00229,Head Race Tunnel (HRT) Excavation,2021-05-28,2021-07-22,True
PRJ-00229,Main Dam Concrete Placement / Embankment,2021-10-13,2022-03-14,True
PRJ-00229,Turbine & Generator Assembly Erection,2022-03-01,2022-10-18,True
PRJ-00229,Reservoir Impoundment & Grid Synchronization,2022-07-17,2023-01-10,True
PRJ-00230,Land & Depot Acquisition Approval,2022-10-28,2022-10-15,False
PRJ-00230,Utility Shifting & Tree Clearance,2023-03-15,2023-07-09,True
PRJ-00230,Viaduct Pier Construction & TBM Tunneling,2023-08-01,2024-01-30,True
PRJ-00230,Underground / Elevated Stations Civil Structure,2023-12-17,,True
PRJ-00230,Third Rail / OHE & CBTC Signalling,2024-05-04,,True
PRJ-00230,Rolling Stock Trials & CMRS Certification,2024-09-19,,True
PRJ-00231,Statutory Approvals & Land Possession,2023-09-21,2023-09-29,False
PRJ-00231,Engineering Design & EPC Contract Award,2024-03-01,2024-08-16,True
PRJ-00231,Civil Works Foundation & Substructure,2024-08-09,2024-11-14,True
PRJ-00231,Main Equipment Supply & Installation,2025-01-18,,True
PRJ-00231,"Piping, Cabling & Auxiliary Works",2025-06-28,,True
PRJ-00231,"Pre-commissioning, Testing & Final Handover",2025-12-07,,True
PRJ-00232,Detailed Alignment Survey & RoW Acquisition,2025-02-13,2025-02-18,False
PRJ-00232,Forest & Railway Board Sanction,2025-07-20,2026-01-19,True
PRJ-00232,Tendering & Major Civil Contract Award,2025-12-24,,True
PRJ-00232,"Earthwork, Tunnels & Bridge Abutments",2026-05-30,,True
PRJ-00232,Track Laying & 25kV OHE Electrification,2026-11-03,,False
PRJ-00232,Signalling (Kavach) & CRS Safety Inspection,2027-04-09,,False
PRJ-00233,Statutory Approvals & Land Possession,2026-01-09,2026-01-15,False
PRJ-00233,Engineering Design & EPC Contract Award,2026-06-20,2026-06-13,False
PRJ-00233,Civil Works Foundation & Substructure,2026-11-28,,False
PRJ-00233,Main Equipment Supply & Installation,2027-05-09,,False
PRJ-00233,"Piping, Cabling & Auxiliary Works",2027-10-17,,False
PRJ-00233,"Pre-commissioning, Testing & Final Handover",2028-03-27,,False
PRJ-00234,Land & Depot Acquisition Approval,2024-01-17,2024-01-10,False
PRJ-00234,Utility Shifting & Tree Clearance,2024-06-03,2024-11-24,True
PRJ-00234,Viaduct Pier Construction & TBM Tunneling,2024-10-20,,True
PRJ-00234,Underground / Elevated Stations Civil Structure,2025-03-07,,True
PRJ-00234,Third Rail / OHE & CBTC Signalling,2025-07-24,,True
PRJ-00234,Rolling Stock Trials & CMRS Certification,2025-12-09,,True
PRJ-00235,Solar Park / Land Lease Execution,2021-09-21,2021-09-18,False
PRJ-00235,Grid Connectivity & PPA Execution,2022-03-20,2022-03-21,False
PRJ-00235,Module Mounting Structures & Inverter Civil Work,2022-09-16,2022-09-14,False
PRJ-00235,Solar PV Module / WTG Erection,2023-03-15,2023-03-17,False
PRJ-00235,Transmission Line to Pooling Substation,2023-09-11,2023-09-17,False
PRJ-00235,RLDC Charging & Commercial Operation Declaration,2024-03-09,2024-03-09,False
PRJ-00236,Land Acquisition & 3D Notification (90% RoW),2025-10-14,,True
PRJ-00236,Forest & Environmental Clearance,2026-06-02,,True
PRJ-00236,EPC / HAM Contract Award & Financial Close,2027-01-19,,False
PRJ-00236,"Earthwork, Embankment & Subgrade Completion",2027-09-07,,False
PRJ-00236,Major Bridges & Flyover Structures Erection,2028-04-24,,False
PRJ-00236,"Bituminous Pavement, Signage & Final COD",2028-12-11,,False
PRJ-00237,Detailed Alignment Survey & RoW Acquisition,2023-10-21,2023-10-14,False
PRJ-00237,Forest & Railway Board Sanction,2024-03-26,2024-07-15,True
PRJ-00237,Tendering & Major Civil Contract Award,2024-08-30,2025-04-03,True
PRJ-00237,"Earthwork, Tunnels & Bridge Abutments",2025-02-03,,True
PRJ-00237,Track Laying & 25kV OHE Electrification,2025-07-10,,True
PRJ-00237,Signalling (Kavach) & CRS Safety Inspection,2025-12-14,,True
PRJ-00238,Statutory Approvals & Land Possession,2023-01-16,2023-01-26,False
PRJ-00238,Engineering Design & EPC Contract Award,2023-06-22,2023-06-20,False
PRJ-00238,Civil Works Foundation & Substructure,2023-11-26,2023-11-14,False
PRJ-00238,Main Equipment Supply & Installation,2024-05-01,2024-04-29,False
PRJ-00238,"Piping, Cabling & Auxiliary Works",2024-10-05,2024-09-24,False
PRJ-00238,"Pre-commissioning, Testing & Final Handover",2025-03-11,2025-02-28,False
PRJ-00239,Statutory Approvals & Land Possession,2023-06-24,2023-06-10,False
PRJ-00239,Engineering Design & EPC Contract Award,2023-11-14,2023-11-04,False
PRJ-00239,Civil Works Foundation & Substructure,2024-04-05,2024-03-29,False
PRJ-00239,Main Equipment Supply & Installation,2024-08-26,2024-08-23,False
PRJ-00239,"Piping, Cabling & Auxiliary Works",2025-01-16,2025-01-05,False
PRJ-00239,"Pre-commissioning, Testing & Final Handover",2025-06-08,2025-06-12,False
PRJ-00240,Land Acquisition & 3D Notification (90% RoW),2026-08-23,,False
PRJ-00240,Forest & Environmental Clearance,2027-04-15,,False
PRJ-00240,EPC / HAM Contract Award & Financial Close,2027-12-07,,False
PRJ-00240,"Earthwork, Embankment & Subgrade Completion",2028-07-29,,False
PRJ-00240,Major Bridges & Flyover Structures Erection,2029-03-21,,False
PRJ-00240,"Bituminous Pavement, Signage & Final COD",2029-11-12,,False
PRJ-00241,Statutory Approvals & Land Possession,2023-08-21,2023-08-12,False
PRJ-00241,Engineering Design & EPC Contract Award,2023-12-19,2023-12-18,False
PRJ-00241,Civil Works Foundation & Substructure,2024-04-17,2024-04-08,False
PRJ-00241,Main Equipment Supply & Installation,2024-08-15,2024-08-13,False
PRJ-00241,"Piping, Cabling & Auxiliary Works",2024-12-13,2024-12-21,False
PRJ-00241,"Pre-commissioning, Testing & Final Handover",2025-04-12,2025-04-12,False
PRJ-00242,Statutory Approvals & Land Possession,2023-07-24,2023-07-14,False
PRJ-00242,Engineering Design & EPC Contract Award,2023-12-09,2024-02-26,True
PRJ-00242,Civil Works Foundation & Substructure,2024-04-26,2024-07-16,True
PRJ-00242,Main Equipment Supply & Installation,2024-09-11,,True
PRJ-00242,"Piping, Cabling & Auxiliary Works",2025-01-28,,True
PRJ-00242,"Pre-commissioning, Testing & Final Handover",2025-06-15,,True
PRJ-00243,Detailed Alignment Survey & RoW Acquisition,2023-04-24,2023-04-16,False
PRJ-00243,Forest & Railway Board Sanction,2023-11-22,2024-03-26,True
PRJ-00243,Tendering & Major Civil Contract Award,2024-06-21,,True
PRJ-00243,"Earthwork, Tunnels & Bridge Abutments",2025-01-20,,True
PRJ-00243,Track Laying & 25kV OHE Electrification,2025-08-20,,True
PRJ-00243,Signalling (Kavach) & CRS Safety Inspection,2026-03-20,,True
PRJ-00244,Detailed Alignment Survey & RoW Acquisition,2023-03-13,2023-03-10,False
PRJ-00244,Forest & Railway Board Sanction,2023-08-03,2023-07-20,False
PRJ-00244,Tendering & Major Civil Contract Award,2023-12-24,2023-12-14,False
PRJ-00244,"Earthwork, Tunnels & Bridge Abutments",2024-05-15,2024-05-18,False
PRJ-00244,Track Laying & 25kV OHE Electrification,2024-10-05,2024-10-14,False
PRJ-00244,Signalling (Kavach) & CRS Safety Inspection,2025-02-25,2025-02-16,False
PRJ-00245,Statutory Approvals & Land Possession,2026-01-12,2026-01-01,False
PRJ-00245,Engineering Design & EPC Contract Award,2026-06-09,2026-06-14,False
PRJ-00245,Civil Works Foundation & Substructure,2026-11-04,,False
PRJ-00245,Main Equipment Supply & Installation,2027-03-31,,False
PRJ-00245,"Piping, Cabling & Auxiliary Works",2027-08-26,,False
PRJ-00245,"Pre-commissioning, Testing & Final Handover",2028-01-21,,False
PRJ-00246,Statutory Approvals & Land Possession,2025-02-10,2025-02-03,False
PRJ-00246,Engineering Design & EPC Contract Award,2025-07-03,2025-06-24,False
PRJ-00246,Civil Works Foundation & Substructure,2025-11-23,2025-11-22,False
PRJ-00246,Main Equipment Supply & Installation,2026-04-15,2026-04-09,False
PRJ-00246,"Piping, Cabling & Auxiliary Works",2026-09-05,,False
PRJ-00246,"Pre-commissioning, Testing & Final Handover",2027-01-26,,False
PRJ-00247,Detailed Alignment Survey & RoW Acquisition,2023-05-14,2023-05-09,False
PRJ-00247,Forest & Railway Board Sanction,2023-09-20,2023-12-29,True
PRJ-00247,Tendering & Major Civil Contract Award,2024-01-27,2024-05-02,True
PRJ-00247,"Earthwork, Tunnels & Bridge Abutments",2024-06-04,2024-12-18,True
PRJ-00247,Track Laying & 25kV OHE Electrification,2024-10-12,2025-05-12,True
PRJ-00247,Signalling (Kavach) & CRS Safety Inspection,2025-02-18,,True
PRJ-00248,Detailed Alignment Survey & RoW Acquisition,2024-10-14,2024-10-07,False
PRJ-00248,Forest & Railway Board Sanction,2025-05-24,,True
PRJ-00248,Tendering & Major Civil Contract Award,2025-12-31,,True
PRJ-00248,"Earthwork, Tunnels & Bridge Abutments",2026-08-10,,False
PRJ-00248,Track Laying & 25kV OHE Electrification,2027-03-19,,False
PRJ-00248,Signalling (Kavach) & CRS Safety Inspection,2027-10-27,,False
PRJ-00249,Statutory Approvals & Land Possession,2026-08-03,,False
PRJ-00249,Engineering Design & EPC Contract Award,2027-03-17,,False
PRJ-00249,Civil Works Foundation & Substructure,2027-10-29,,False
PRJ-00249,Main Equipment Supply & Installation,2028-06-11,,False
PRJ-00249,"Piping, Cabling & Auxiliary Works",2029-01-23,,False
PRJ-00249,"Pre-commissioning, Testing & Final Handover",2029-09-06,,False
PRJ-00250,Statutory Approvals & Land Possession,2026-04-13,,True
PRJ-00250,Engineering Design & EPC Contract Award,2026-09-12,,False
PRJ-00250,Civil Works Foundation & Substructure,2027-02-11,,False
PRJ-00250,Main Equipment Supply & Installation,2027-07-14,,False
PRJ-00250,"Piping, Cabling & Auxiliary Works",2027-12-13,,False
PRJ-00250,"Pre-commissioning, Testing & Final Handover",2028-05-13,,False
PRJ-00251,Land & Depot Acquisition Approval,2022-09-26,2022-09-25,False
PRJ-00251,Utility Shifting & Tree Clearance,2023-04-17,2023-06-16,True
PRJ-00251,Viaduct Pier Construction & TBM Tunneling,2023-11-06,2024-04-04,True
PRJ-00251,Underground / Elevated Stations Civil Structure,2024-05-27,,True
PRJ-00251,Third Rail / OHE & CBTC Signalling,2024-12-16,,True
PRJ-00251,Rolling Stock Trials & CMRS Certification,2025-07-07,,True
PRJ-00252,Land Acquisition & 3D Notification (90% RoW),2026-03-17,,True
PRJ-00252,Forest & Environmental Clearance,2026-09-08,,False
PRJ-00252,EPC / HAM Contract Award & Financial Close,2027-03-03,,False
PRJ-00252,"Earthwork, Embankment & Subgrade Completion",2027-08-25,,False
PRJ-00252,Major Bridges & Flyover Structures Erection,2028-02-16,,False
PRJ-00252,"Bituminous Pavement, Signage & Final COD",2028-08-10,,False
PRJ-00253,Statutory Approvals & Land Possession,2025-10-12,2025-09-27,False
PRJ-00253,Engineering Design & EPC Contract Award,2026-03-23,2026-03-22,False
PRJ-00253,Civil Works Foundation & Substructure,2026-08-31,2026-08-24,False
PRJ-00253,Main Equipment Supply & Installation,2027-02-09,,False
PRJ-00253,"Piping, Cabling & Auxiliary Works",2027-07-20,,False
PRJ-00253,"Pre-commissioning, Testing & Final Handover",2027-12-29,,False
PRJ-00254,AERB Site Clearance & Environmental Approval,2020-11-30,2020-11-21,False
PRJ-00254,First Pour of Concrete (FPC) Milestone,2021-05-20,2021-12-23,True
PRJ-00254,Reactor Building Inner Containment Dome,2021-11-07,2022-03-12,True
PRJ-00254,Reactor Pressure Vessel & Steam Generator Installation,2022-04-27,2022-05-30,True
PRJ-00254,"Secondary Piping, Turbine & Grid Interface",2022-10-14,2023-02-03,True
PRJ-00254,AERB Fuel Loading Permission & Full Power COD,2023-04-03,2023-11-12,True
PRJ-00255,Land & Depot Acquisition Approval,2026-02-14,,True
PRJ-00255,Utility Shifting & Tree Clearance,2026-09-05,,False
PRJ-00255,Viaduct Pier Construction & TBM Tunneling,2027-03-27,,False
PRJ-00255,Underground / Elevated Stations Civil Structure,2027-10-16,,False
PRJ-00255,Third Rail / OHE & CBTC Signalling,2028-05-06,,False
PRJ-00255,Rolling Stock Trials & CMRS Certification,2028-11-25,,False
PRJ-00256,Detailed Alignment Survey & RoW Acquisition,2025-09-13,,True
PRJ-00256,Forest & Railway Board Sanction,2026-07-24,,True
PRJ-00256,Tendering & Major Civil Contract Award,2027-06-03,,False
PRJ-00256,"Earthwork, Tunnels & Bridge Abutments",2028-04-12,,False
PRJ-00256,Track Laying & 25kV OHE Electrification,2029-02-20,,False
PRJ-00256,Signalling (Kavach) & CRS Safety Inspection,2029-12-31,,False
PRJ-00257,Statutory Approvals & Land Possession,2025-10-06,,True
PRJ-00257,Engineering Design & EPC Contract Award,2026-03-21,,True
PRJ-00257,Civil Works Foundation & Substructure,2026-09-03,,False
PRJ-00257,Main Equipment Supply & Installation,2027-02-16,,False
PRJ-00257,"Piping, Cabling & Auxiliary Works",2027-08-01,,False
PRJ-00257,"Pre-commissioning, Testing & Final Handover",2028-01-14,,False
PRJ-00258,Statutory Approvals & Land Possession,2021-05-11,2021-04-30,False
PRJ-00258,Engineering Design & EPC Contract Award,2021-09-22,2021-12-13,True
PRJ-00258,Civil Works Foundation & Substructure,2022-02-03,2022-08-29,True
PRJ-00258,Main Equipment Supply & Installation,2022-06-17,2023-01-08,True
PRJ-00258,"Piping, Cabling & Auxiliary Works",2022-10-29,,True
PRJ-00258,"Pre-commissioning, Testing & Final Handover",2023-03-12,,True
PRJ-00259,Stage-II Forest Clearance & R&R Settlement,2026-07-08,,True
PRJ-00259,River Diversion & Coffer Dam Construction,2027-01-18,,False
PRJ-00259,Head Race Tunnel (HRT) Excavation,2027-07-31,,False
PRJ-00259,Main Dam Concrete Placement / Embankment,2028-02-10,,False
PRJ-00259,Turbine & Generator Assembly Erection,2028-08-22,,False
PRJ-00259,Reservoir Impoundment & Grid Synchronization,2029-03-04,,False
PRJ-00260,Statutory Approvals & Land Possession,2022-08-21,2022-08-11,False
PRJ-00260,Engineering Design & EPC Contract Award,2023-02-26,2023-04-07,True
PRJ-00260,Civil Works Foundation & Substructure,2023-09-03,2024-02-20,True
PRJ-00260,Main Equipment Supply & Installation,2024-03-10,2024-08-14,True
PRJ-00260,"Piping, Cabling & Auxiliary Works",2024-09-16,2024-12-08,True
PRJ-00260,"Pre-commissioning, Testing & Final Handover",2025-03-24,2025-10-16,True
PRJ-00261,Land Acquisition & 3D Notification (90% RoW),2021-07-12,2021-07-20,False
PRJ-00261,Forest & Environmental Clearance,2021-12-30,2022-02-23,True
PRJ-00261,EPC / HAM Contract Award & Financial Close,2022-06-19,2022-09-22,True
PRJ-00261,"Earthwork, Embankment & Subgrade Completion",2022-12-07,2023-06-19,True
PRJ-00261,Major Bridges & Flyover Structures Erection,2023-05-26,,True
PRJ-00261,"Bituminous Pavement, Signage & Final COD",2023-11-13,,True
PRJ-00262,Statutory Approvals & Land Possession,2020-09-03,2020-08-22,False
PRJ-00262,Engineering Design & EPC Contract Award,2021-01-06,2020-12-25,False
PRJ-00262,Civil Works Foundation & Substructure,2021-05-10,2021-05-19,False
PRJ-00262,Main Equipment Supply & Installation,2021-09-12,2021-08-29,False
PRJ-00262,"Piping, Cabling & Auxiliary Works",2022-01-15,2021-12-31,False
PRJ-00262,"Pre-commissioning, Testing & Final Handover",2022-05-19,2022-05-08,False
PRJ-00263,Land & Depot Acquisition Approval,2025-11-29,,True
PRJ-00263,Utility Shifting & Tree Clearance,2026-05-05,,True
PRJ-00263,Viaduct Pier Construction & TBM Tunneling,2026-10-09,,False
PRJ-00263,Underground / Elevated Stations Civil Structure,2027-03-15,,False
PRJ-00263,Third Rail / OHE & CBTC Signalling,2027-08-19,,False
PRJ-00263,Rolling Stock Trials & CMRS Certification,2028-01-23,,False
PRJ-00264,Land Acquisition & 3D Notification (90% RoW),2021-01-14,2021-01-17,False
PRJ-00264,Forest & Environmental Clearance,2021-07-08,2021-12-08,True
PRJ-00264,EPC / HAM Contract Award & Financial Close,2021-12-31,2022-08-23,True
PRJ-00264,"Earthwork, Embankment & Subgrade Completion",2022-06-24,2022-12-16,True
PRJ-00264,Major Bridges & Flyover Structures Erection,2022-12-16,,True
PRJ-00264,"Bituminous Pavement, Signage & Final COD",2023-06-10,,True
PRJ-00265,Detailed Alignment Survey & RoW Acquisition,2026-08-28,,False
PRJ-00265,Forest & Railway Board Sanction,2027-02-19,,False
PRJ-00265,Tendering & Major Civil Contract Award,2027-08-14,,False
PRJ-00265,"Earthwork, Tunnels & Bridge Abutments",2028-02-05,,False
PRJ-00265,Track Laying & 25kV OHE Electrification,2028-07-29,,False
PRJ-00265,Signalling (Kavach) & CRS Safety Inspection,2029-01-21,,False
PRJ-00266,Land Acquisition & 3D Notification (90% RoW),2027-02-22,,False
PRJ-00266,Forest & Environmental Clearance,2028-03-16,,False
PRJ-00266,EPC / HAM Contract Award & Financial Close,2029-04-08,,False
PRJ-00266,"Earthwork, Embankment & Subgrade Completion",2030-04-30,,False
PRJ-00266,Major Bridges & Flyover Structures Erection,2031-05-23,,False
PRJ-00266,"Bituminous Pavement, Signage & Final COD",2032-06-14,,False
PRJ-00267,Statutory Approvals & Land Possession,2024-02-05,2024-01-26,False
PRJ-00267,Engineering Design & EPC Contract Award,2024-08-03,2025-01-09,True
PRJ-00267,Civil Works Foundation & Substructure,2025-01-30,,True
PRJ-00267,Main Equipment Supply & Installation,2025-07-29,,True
PRJ-00267,"Piping, Cabling & Auxiliary Works",2026-01-25,,True
PRJ-00267,"Pre-commissioning, Testing & Final Handover",2026-07-24,,True
PRJ-00268,Statutory Approvals & Land Possession,2023-12-21,2023-12-18,False
PRJ-00268,Engineering Design & EPC Contract Award,2024-04-24,2024-04-16,False
PRJ-00268,Civil Works Foundation & Substructure,2024-08-26,2024-08-13,False
PRJ-00268,Main Equipment Supply & Installation,2024-12-29,2024-12-28,False
PRJ-00268,"Piping, Cabling & Auxiliary Works",2025-05-03,2025-05-02,False
PRJ-00268,"Pre-commissioning, Testing & Final Handover",2025-09-04,2025-09-14,False
PRJ-00269,Detailed Alignment Survey & RoW Acquisition,2024-06-08,2024-05-26,False
PRJ-00269,Forest & Railway Board Sanction,2024-10-24,2025-06-13,True
PRJ-00269,Tendering & Major Civil Contract Award,2025-03-12,,True
PRJ-00269,"Earthwork, Tunnels & Bridge Abutments",2025-07-28,,True
PRJ-00269,Track Laying & 25kV OHE Electrification,2025-12-14,,True
PRJ-00269,Signalling (Kavach) & CRS Safety Inspection,2026-05-01,,True
PRJ-00270,Statutory Approvals & Land Possession,2022-11-07,2022-11-14,False
PRJ-00270,Engineering Design & EPC Contract Award,2023-06-21,2023-06-27,False
PRJ-00270,Civil Works Foundation & Substructure,2024-02-02,2024-01-29,False
PRJ-00270,Main Equipment Supply & Installation,2024-09-15,2024-09-22,False
PRJ-00270,"Piping, Cabling & Auxiliary Works",2025-04-29,2025-04-28,False
PRJ-00270,"Pre-commissioning, Testing & Final Handover",2025-12-11,2025-11-29,False
PRJ-00271,Land & Depot Acquisition Approval,2026-01-12,,True
PRJ-00271,Utility Shifting & Tree Clearance,2026-06-04,,True
PRJ-00271,Viaduct Pier Construction & TBM Tunneling,2026-10-25,,False
PRJ-00271,Underground / Elevated Stations Civil Structure,2027-03-17,,False
PRJ-00271,Third Rail / OHE & CBTC Signalling,2027-08-07,,False
PRJ-00271,Rolling Stock Trials & CMRS Certification,2027-12-28,,False
PRJ-00272,Detailed Alignment Survey & RoW Acquisition,2024-01-22,2024-01-08,False
PRJ-00272,Forest & Railway Board Sanction,2024-06-18,2024-12-27,True
PRJ-00272,Tendering & Major Civil Contract Award,2024-11-13,2025-06-03,True
PRJ-00272,"Earthwork, Tunnels & Bridge Abutments",2025-04-09,2025-10-06,True
PRJ-00272,Track Laying & 25kV OHE Electrification,2025-09-04,,True
PRJ-00272,Signalling (Kavach) & CRS Safety Inspection,2026-01-30,,True
PRJ-00273,Land & Depot Acquisition Approval,2022-03-15,2022-03-16,False
PRJ-00273,Utility Shifting & Tree Clearance,2022-07-22,2023-03-08,True
PRJ-00273,Viaduct Pier Construction & TBM Tunneling,2022-11-28,2023-02-11,True
PRJ-00273,Underground / Elevated Stations Civil Structure,2023-04-06,2023-10-30,True
PRJ-00273,Third Rail / OHE & CBTC Signalling,2023-08-14,2024-02-08,True
PRJ-00273,Rolling Stock Trials & CMRS Certification,2023-12-21,2024-03-04,True
PRJ-00274,Stage-II Forest Clearance & R&R Settlement,2025-05-18,2025-05-11,False
PRJ-00274,River Diversion & Coffer Dam Construction,2025-11-28,,True
PRJ-00274,Head Race Tunnel (HRT) Excavation,2026-06-10,,True
PRJ-00274,Main Dam Concrete Placement / Embankment,2026-12-21,,False
PRJ-00274,Turbine & Generator Assembly Erection,2027-07-03,,False
PRJ-00274,Reservoir Impoundment & Grid Synchronization,2028-01-13,,False
PRJ-00275,Statutory Approvals & Land Possession,2024-08-04,2024-08-11,False
PRJ-00275,Engineering Design & EPC Contract Award,2024-12-25,2025-01-02,False
PRJ-00275,Civil Works Foundation & Substructure,2025-05-17,2025-05-19,False
PRJ-00275,Main Equipment Supply & Installation,2025-10-07,2025-10-12,False
PRJ-00275,"Piping, Cabling & Auxiliary Works",2026-02-27,2026-02-18,False
PRJ-00275,"Pre-commissioning, Testing & Final Handover",2026-07-20,2026-07-11,False
PRJ-00276,Detailed Alignment Survey & RoW Acquisition,2026-07-24,,True
PRJ-00276,Forest & Railway Board Sanction,2027-01-06,,False
PRJ-00276,Tendering & Major Civil Contract Award,2027-06-21,,False
PRJ-00276,"Earthwork, Tunnels & Bridge Abutments",2027-12-04,,False
PRJ-00276,Track Laying & 25kV OHE Electrification,2028-05-18,,False
PRJ-00276,Signalling (Kavach) & CRS Safety Inspection,2028-10-31,,False
PRJ-00277,Statutory Approvals & Land Possession,2026-07-10,2026-06-29,False
PRJ-00277,Engineering Design & EPC Contract Award,2026-12-19,,False
PRJ-00277,Civil Works Foundation & Substructure,2027-05-29,,False
PRJ-00277,Main Equipment Supply & Installation,2027-11-07,,False
PRJ-00277,"Piping, Cabling & Auxiliary Works",2028-04-16,,False
PRJ-00277,"Pre-commissioning, Testing & Final Handover",2028-09-25,,False
PRJ-00278,Statutory Approvals & Land Possession,2021-12-26,2021-12-25,False
PRJ-00278,Engineering Design & EPC Contract Award,2022-06-01,2022-07-27,True
PRJ-00278,Civil Works Foundation & Substructure,2022-11-05,2023-05-11,True
PRJ-00278,Main Equipment Supply & Installation,2023-04-11,2023-10-30,True
PRJ-00278,"Piping, Cabling & Auxiliary Works",2023-09-15,,True
PRJ-00278,"Pre-commissioning, Testing & Final Handover",2024-02-19,,True
PRJ-00279,Statutory Approvals & Land Possession,2025-08-09,2025-08-15,False
PRJ-00279,Engineering Design & EPC Contract Award,2025-12-12,2025-12-07,False
PRJ-00279,Civil Works Foundation & Substructure,2026-04-15,2026-04-17,False
PRJ-00279,Main Equipment Supply & Installation,2026-08-18,,False
PRJ-00279,"Piping, Cabling & Auxiliary Works",2026-12-21,,False
PRJ-00279,"Pre-commissioning, Testing & Final Handover",2027-04-24,,False
PRJ-00280,Statutory Approvals & Land Possession,2024-02-05,2024-01-27,False
PRJ-00280,Engineering Design & EPC Contract Award,2024-07-25,2024-08-03,False
PRJ-00280,Civil Works Foundation & Substructure,2025-01-12,2025-01-20,False
PRJ-00280,Main Equipment Supply & Installation,2025-07-02,2025-06-23,False
PRJ-00280,"Piping, Cabling & Auxiliary Works",2025-12-19,2025-12-13,False
PRJ-00280,"Pre-commissioning, Testing & Final Handover",2026-06-08,2026-06-07,False
PRJ-00281,Land Acquisition & 3D Notification (90% RoW),2023-09-06,2023-08-22,False
PRJ-00281,Forest & Environmental Clearance,2024-02-24,2024-06-17,True
PRJ-00281,EPC / HAM Contract Award & Financial Close,2024-08-13,2025-01-09,True
PRJ-00281,"Earthwork, Embankment & Subgrade Completion",2025-01-31,,True
PRJ-00281,Major Bridges & Flyover Structures Erection,2025-07-20,,True
PRJ-00281,"Bituminous Pavement, Signage & Final COD",2026-01-07,,True
PRJ-00282,Land Acquisition & 3D Notification (90% RoW),2026-08-07,,False
PRJ-00282,Forest & Environmental Clearance,2027-01-25,,False
PRJ-00282,EPC / HAM Contract Award & Financial Close,2027-07-15,,False
PRJ-00282,"Earthwork, Embankment & Subgrade Completion",2028-01-02,,False
PRJ-00282,Major Bridges & Flyover Structures Erection,2028-06-20,,False
PRJ-00282,"Bituminous Pavement, Signage & Final COD",2028-12-08,,False
PRJ-00283,Statutory Approvals & Land Possession,2024-10-28,2024-10-23,False
PRJ-00283,Engineering Design & EPC Contract Award,2025-03-06,2025-03-01,False
PRJ-00283,Civil Works Foundation & Substructure,2025-07-13,2025-07-09,False
PRJ-00283,Main Equipment Supply & Installation,2025-11-19,2025-11-13,False
PRJ-00283,"Piping, Cabling & Auxiliary Works",2026-03-29,2026-03-20,False
PRJ-00283,"Pre-commissioning, Testing & Final Handover",2026-08-05,2026-08-14,False
PRJ-00284,Statutory Approvals & Land Possession,2026-01-13,2026-01-19,False
PRJ-00284,Engineering Design & EPC Contract Award,2026-06-14,2026-06-09,False
PRJ-00284,Civil Works Foundation & Substructure,2026-11-13,,False
PRJ-00284,Main Equipment Supply & Installation,2027-04-15,,False
PRJ-00284,"Piping, Cabling & Auxiliary Works",2027-09-14,,False
PRJ-00284,"Pre-commissioning, Testing & Final Handover",2028-02-13,,False
PRJ-00285,Land Acquisition & 3D Notification (90% RoW),2022-10-26,2022-10-20,False
PRJ-00285,Forest & Environmental Clearance,2023-03-23,2023-03-28,False
PRJ-00285,EPC / HAM Contract Award & Financial Close,2023-08-18,2023-08-09,False
PRJ-00285,"Earthwork, Embankment & Subgrade Completion",2024-01-12,2024-01-07,False
PRJ-00285,Major Bridges & Flyover Structures Erection,2024-06-08,2024-06-09,False
PRJ-00285,"Bituminous Pavement, Signage & Final COD",2024-11-03,2024-10-21,False
PRJ-00286,Detailed Alignment Survey & RoW Acquisition,2021-06-17,2021-06-05,False
PRJ-00286,Forest & Railway Board Sanction,2021-12-05,2021-11-26,False
PRJ-00286,Tendering & Major Civil Contract Award,2022-05-25,2022-05-27,False
PRJ-00286,"Earthwork, Tunnels & Bridge Abutments",2022-11-12,2022-11-19,False
PRJ-00286,Track Laying & 25kV OHE Electrification,2023-05-01,2023-05-09,False
PRJ-00286,Signalling (Kavach) & CRS Safety Inspection,2023-10-19,2023-10-28,False
PRJ-00287,Statutory Approvals & Land Possession,2024-05-08,2024-04-25,False
PRJ-00287,Engineering Design & EPC Contract Award,2024-08-31,2025-02-24,True
PRJ-00287,Civil Works Foundation & Substructure,2024-12-25,,True
PRJ-00287,Main Equipment Supply & Installation,2025-04-19,,True
PRJ-00287,"Piping, Cabling & Auxiliary Works",2025-08-12,,True
PRJ-00287,"Pre-commissioning, Testing & Final Handover",2025-12-06,,True
PRJ-00288,Land Acquisition & 3D Notification (90% RoW),2024-01-09,2023-12-27,False
PRJ-00288,Forest & Environmental Clearance,2024-05-31,2025-01-09,True
PRJ-00288,EPC / HAM Contract Award & Financial Close,2024-10-21,2025-05-29,True
PRJ-00288,"Earthwork, Embankment & Subgrade Completion",2025-03-13,2025-09-08,True
PRJ-00288,Major Bridges & Flyover Structures Erection,2025-08-03,,True
PRJ-00288,"Bituminous Pavement, Signage & Final COD",2025-12-24,,True
PRJ-00289,Statutory Approvals & Land Possession,2026-07-22,,True
PRJ-00289,Engineering Design & EPC Contract Award,2027-08-14,,False
PRJ-00289,Civil Works Foundation & Substructure,2028-09-05,,False
PRJ-00289,Main Equipment Supply & Installation,2029-09-27,,False
PRJ-00289,"Piping, Cabling & Auxiliary Works",2030-10-20,,False
PRJ-00289,"Pre-commissioning, Testing & Final Handover",2031-11-12,,False
PRJ-00290,Statutory Approvals & Land Possession,2024-06-17,2024-06-25,False
PRJ-00290,Engineering Design & EPC Contract Award,2024-12-05,2025-06-18,True
PRJ-00290,Civil Works Foundation & Substructure,2025-05-25,,True
PRJ-00290,Main Equipment Supply & Installation,2025-11-12,,True
PRJ-00290,"Piping, Cabling & Auxiliary Works",2026-05-01,,True
PRJ-00290,"Pre-commissioning, Testing & Final Handover",2026-10-19,,False
PRJ-00291,Statutory Approvals & Land Possession,2020-12-02,2020-12-10,False
PRJ-00291,Engineering Design & EPC Contract Award,2021-07-02,2021-10-28,True
PRJ-00291,Civil Works Foundation & Substructure,2022-01-30,2022-04-24,True
PRJ-00291,Main Equipment Supply & Installation,2022-08-31,2023-01-13,True
PRJ-00291,"Piping, Cabling & Auxiliary Works",2023-03-31,2023-10-12,True
PRJ-00291,"Pre-commissioning, Testing & Final Handover",2023-10-29,2024-04-07,True
PRJ-00292,Land Acquisition & 3D Notification (90% RoW),2022-11-04,2022-11-06,False
PRJ-00292,Forest & Environmental Clearance,2023-04-15,2023-09-10,True
PRJ-00292,EPC / HAM Contract Award & Financial Close,2023-09-23,2024-04-05,True
PRJ-00292,"Earthwork, Embankment & Subgrade Completion",2024-03-03,2024-08-20,True
PRJ-00292,Major Bridges & Flyover Structures Erection,2024-08-11,,True
PRJ-00292,"Bituminous Pavement, Signage & Final COD",2025-01-20,,True
PRJ-00293,Land & Depot Acquisition Approval,2022-08-24,2022-08-18,False
PRJ-00293,Utility Shifting & Tree Clearance,2023-01-28,2023-02-01,False
PRJ-00293,Viaduct Pier Construction & TBM Tunneling,2023-07-04,2023-06-21,False
PRJ-00293,Underground / Elevated Stations Civil Structure,2023-12-08,2023-11-29,False
PRJ-00293,Third Rail / OHE & CBTC Signalling,2024-05-13,2024-05-08,False
PRJ-00293,Rolling Stock Trials & CMRS Certification,2024-10-17,2024-10-17,False
PRJ-00294,Detailed Alignment Survey & RoW Acquisition,2022-05-21,2022-05-31,False
PRJ-00294,Forest & Railway Board Sanction,2022-10-06,2022-09-28,False
PRJ-00294,Tendering & Major Civil Contract Award,2023-02-22,2023-03-01,False
PRJ-00294,"Earthwork, Tunnels & Bridge Abutments",2023-07-10,2023-07-18,False
PRJ-00294,Track Laying & 25kV OHE Electrification,2023-11-26,2023-12-01,False
PRJ-00294,Signalling (Kavach) & CRS Safety Inspection,2024-04-12,2024-04-10,False
PRJ-00295,Statutory Approvals & Land Possession,2024-03-24,2024-03-11,False
PRJ-00295,Engineering Design & EPC Contract Award,2024-08-19,2024-08-12,False
PRJ-00295,Civil Works Foundation & Substructure,2025-01-14,2025-01-03,False
PRJ-00295,Main Equipment Supply & Installation,2025-06-10,2025-06-12,False
PRJ-00295,"Piping, Cabling & Auxiliary Works",2025-11-05,2025-10-27,False
PRJ-00295,"Pre-commissioning, Testing & Final Handover",2026-04-02,2026-03-26,False
PRJ-00296,Land Acquisition & 3D Notification (90% RoW),2021-07-11,2021-07-13,False
PRJ-00296,Forest & Environmental Clearance,2022-01-12,2022-01-12,False
PRJ-00296,EPC / HAM Contract Award & Financial Close,2022-07-15,2022-07-20,False
PRJ-00296,"Earthwork, Embankment & Subgrade Completion",2023-01-16,2023-01-25,False
PRJ-00296,Major Bridges & Flyover Structures Erection,2023-07-20,2023-07-09,False
PRJ-00296,"Bituminous Pavement, Signage & Final COD",2024-01-20,2024-01-16,False
PRJ-00297,Statutory Approvals & Land Possession,2024-11-18,,True
PRJ-00297,Engineering Design & EPC Contract Award,2025-12-11,,True
PRJ-00297,Civil Works Foundation & Substructure,2027-01-03,,False
PRJ-00297,Main Equipment Supply & Installation,2028-01-25,,False
PRJ-00297,"Piping, Cabling & Auxiliary Works",2029-02-16,,False
PRJ-00297,"Pre-commissioning, Testing & Final Handover",2030-03-11,,False
PRJ-00298,Stage-II Forest Clearance & R&R Settlement,2022-02-10,2022-02-06,False
PRJ-00298,River Diversion & Coffer Dam Construction,2022-09-24,2022-11-03,True
PRJ-00298,Head Race Tunnel (HRT) Excavation,2023-05-08,2023-08-02,True
PRJ-00298,Main Dam Concrete Placement / Embankment,2023-12-20,,True
PRJ-00298,Turbine & Generator Assembly Erection,2024-08-02,,True
PRJ-00298,Reservoir Impoundment & Grid Synchronization,2025-03-16,,True
PRJ-00299,Statutory Approvals & Land Possession,2021-07-08,2021-06-24,False
PRJ-00299,Engineering Design & EPC Contract Award,2021-12-03,2021-11-19,False
PRJ-00299,Civil Works Foundation & Substructure,2022-04-30,2022-05-05,False
PRJ-00299,Main Equipment Supply & Installation,2022-09-24,2022-09-19,False
PRJ-00299,"Piping, Cabling & Auxiliary Works",2023-02-19,2023-02-07,False
PRJ-00299,"Pre-commissioning, Testing & Final Handover",2023-07-17,2023-07-24,False
PRJ-00300,Detailed Alignment Survey & RoW Acquisition,2024-08-04,2024-07-27,False
PRJ-00300,Forest & Railway Board Sanction,2025-02-09,,True
PRJ-00300,Tendering & Major Civil Contract Award,2025-08-17,,True
PRJ-00300,"Earthwork, Tunnels & Bridge Abutments",2026-02-22,,True
PRJ-00300,Track Laying & 25kV OHE Electrification,2026-08-31,,False
PRJ-00300,Signalling (Kavach) & CRS Safety Inspection,2027-03-08,,False
PRJ-00301,Solar Park / Land Lease Execution,2024-07-19,2024-07-12,False
PRJ-00301,Grid Connectivity & PPA Execution,2025-02-02,2025-01-24,False
PRJ-00301,Module Mounting Structures & Inverter Civil Work,2025-08-20,2025-08-09,False
PRJ-00301,Solar PV Module / WTG Erection,2026-03-06,2026-02-24,False
PRJ-00301,Transmission Line to Pooling Substation,2026-09-21,,False
PRJ-00301,RLDC Charging & Commercial Operation Declaration,2027-04-07,,False
PRJ-00302,Detailed Alignment Survey & RoW Acquisition,2024-01-10,2024-01-15,False
PRJ-00302,Forest & Railway Board Sanction,2024-06-15,2024-10-28,True
PRJ-00302,Tendering & Major Civil Contract Award,2024-11-19,,True
PRJ-00302,"Earthwork, Tunnels & Bridge Abutments",2025-04-25,,True
PRJ-00302,Track Laying & 25kV OHE Electrification,2025-09-29,,True
PRJ-00302,Signalling (Kavach) & CRS Safety Inspection,2026-03-05,,True
PRJ-00303,Statutory Approvals & Land Possession,2022-01-17,2022-01-18,False
PRJ-00303,Engineering Design & EPC Contract Award,2022-08-13,2022-12-24,True
PRJ-00303,Civil Works Foundation & Substructure,2023-03-09,2023-09-08,True
PRJ-00303,Main Equipment Supply & Installation,2023-10-02,2024-03-24,True
PRJ-00303,"Piping, Cabling & Auxiliary Works",2024-04-27,2024-11-06,True
PRJ-00303,"Pre-commissioning, Testing & Final Handover",2024-11-21,2024-12-25,True
PRJ-00304,Detailed Alignment Survey & RoW Acquisition,2024-01-18,2024-01-08,False
PRJ-00304,Forest & Railway Board Sanction,2024-07-16,2025-01-21,True
PRJ-00304,Tendering & Major Civil Contract Award,2025-01-12,,True
PRJ-00304,"Earthwork, Tunnels & Bridge Abutments",2025-07-11,,True
PRJ-00304,Track Laying & 25kV OHE Electrification,2026-01-07,,True
PRJ-00304,Signalling (Kavach) & CRS Safety Inspection,2026-07-06,,True
PRJ-00305,Statutory Approvals & Land Possession,2025-07-15,,True
PRJ-00305,Engineering Design & EPC Contract Award,2026-02-26,,True
PRJ-00305,Civil Works Foundation & Substructure,2026-10-10,,False
PRJ-00305,Main Equipment Supply & Installation,2027-05-24,,False
PRJ-00305,"Piping, Cabling & Auxiliary Works",2028-01-05,,False
PRJ-00305,"Pre-commissioning, Testing & Final Handover",2028-08-18,,False
PRJ-00306,Detailed Alignment Survey & RoW Acquisition,2024-10-02,2024-10-06,False
PRJ-00306,Forest & Railway Board Sanction,2025-03-03,,True
PRJ-00306,Tendering & Major Civil Contract Award,2025-08-02,,True
PRJ-00306,"Earthwork, Tunnels & Bridge Abutments",2026-01-02,,True
PRJ-00306,Track Laying & 25kV OHE Electrification,2026-06-03,,True
PRJ-00306,Signalling (Kavach) & CRS Safety Inspection,2026-11-02,,False
PRJ-00307,Statutory Approvals & Land Possession,2021-09-30,2021-10-10,False
PRJ-00307,Engineering Design & EPC Contract Award,2022-04-21,2022-11-26,True
PRJ-00307,Civil Works Foundation & Substructure,2022-11-10,2023-06-22,True
PRJ-00307,Main Equipment Supply & Installation,2023-06-01,2023-12-26,True
PRJ-00307,"Piping, Cabling & Auxiliary Works",2023-12-21,2024-06-15,True
PRJ-00307,"Pre-commissioning, Testing & Final Handover",2024-07-11,2024-09-04,True
PRJ-00308,Detailed Alignment Survey & RoW Acquisition,2023-08-08,2023-08-11,False
PRJ-00308,Forest & Railway Board Sanction,2024-03-07,2024-08-17,True
PRJ-00308,Tendering & Major Civil Contract Award,2024-10-05,2024-12-04,True
PRJ-00308,"Earthwork, Tunnels & Bridge Abutments",2025-05-06,,True
PRJ-00308,Track Laying & 25kV OHE Electrification,2025-12-04,,True
PRJ-00308,Signalling (Kavach) & CRS Safety Inspection,2026-07-04,,True
PRJ-00309,Statutory Approvals & Land Possession,2022-12-26,2022-12-28,False
PRJ-00309,Engineering Design & EPC Contract Award,2023-04-30,2023-09-15,True
PRJ-00309,Civil Works Foundation & Substructure,2023-09-01,2024-02-22,True
PRJ-00309,Main Equipment Supply & Installation,2024-01-04,2024-05-06,True
PRJ-00309,"Piping, Cabling & Auxiliary Works",2024-05-08,,True
PRJ-00309,"Pre-commissioning, Testing & Final Handover",2024-09-09,,True
PRJ-00310,Land Acquisition & 3D Notification (90% RoW),2023-12-27,2024-01-03,False
PRJ-00310,Forest & Environmental Clearance,2024-07-03,2024-06-30,False
PRJ-00310,EPC / HAM Contract Award & Financial Close,2025-01-08,2025-01-16,False
PRJ-00310,"Earthwork, Embankment & Subgrade Completion",2025-07-16,2025-07-05,False
PRJ-00310,Major Bridges & Flyover Structures Erection,2026-01-22,2026-01-28,False
PRJ-00310,"Bituminous Pavement, Signage & Final COD",2026-07-30,,True
PRJ-00311,Statutory Approvals & Land Possession,2022-07-29,2022-07-15,False
PRJ-00311,Engineering Design & EPC Contract Award,2023-02-03,2023-04-15,True
PRJ-00311,Civil Works Foundation & Substructure,2023-08-11,2023-12-18,True
PRJ-00311,Main Equipment Supply & Installation,2024-02-16,2024-08-26,True
PRJ-00311,"Piping, Cabling & Auxiliary Works",2024-08-24,,True
PRJ-00311,"Pre-commissioning, Testing & Final Handover",2025-03-01,,True
PRJ-00312,Detailed Alignment Survey & RoW Acquisition,2021-04-29,2021-04-26,False
PRJ-00312,Forest & Railway Board Sanction,2022-05-22,2022-11-25,True
PRJ-00312,Tendering & Major Civil Contract Award,2023-06-14,,True
PRJ-00312,"Earthwork, Tunnels & Bridge Abutments",2024-07-05,,True
PRJ-00312,Track Laying & 25kV OHE Electrification,2025-07-28,,True
PRJ-00312,Signalling (Kavach) & CRS Safety Inspection,2026-08-20,,False
PRJ-00313,Statutory Approvals & Land Possession,2022-07-07,2022-07-17,False
PRJ-00313,Engineering Design & EPC Contract Award,2022-12-02,2023-06-03,True
PRJ-00313,Civil Works Foundation & Substructure,2023-04-29,2023-10-06,True
PRJ-00313,Main Equipment Supply & Installation,2023-09-23,2024-03-03,True
PRJ-00313,"Piping, Cabling & Auxiliary Works",2024-02-18,2024-09-13,True
PRJ-00313,"Pre-commissioning, Testing & Final Handover",2024-07-15,2024-10-12,True
PRJ-00314,Statutory Approvals & Land Possession,2021-11-08,2021-11-16,False
PRJ-00314,Engineering Design & EPC Contract Award,2022-03-31,2022-10-27,True
PRJ-00314,Civil Works Foundation & Substructure,2022-08-21,2022-10-07,True
PRJ-00314,Main Equipment Supply & Installation,2023-01-11,2023-03-05,True
PRJ-00314,"Piping, Cabling & Auxiliary Works",2023-06-03,2023-11-20,True
PRJ-00314,"Pre-commissioning, Testing & Final Handover",2023-10-24,2024-02-03,True
PRJ-00315,Land Acquisition & 3D Notification (90% RoW),2022-04-20,2022-04-08,False
PRJ-00315,Forest & Environmental Clearance,2022-09-15,2023-05-08,True
PRJ-00315,EPC / HAM Contract Award & Financial Close,2023-02-10,2023-07-21,True
PRJ-00315,"Earthwork, Embankment & Subgrade Completion",2023-07-07,,True
PRJ-00315,Major Bridges & Flyover Structures Erection,2023-12-02,,True
PRJ-00315,"Bituminous Pavement, Signage & Final COD",2024-04-28,,True
PRJ-00316,Statutory Approvals & Land Possession,2024-02-15,2024-02-14,False
PRJ-00316,Engineering Design & EPC Contract Award,2024-06-14,2024-06-17,False
PRJ-00316,Civil Works Foundation & Substructure,2024-10-12,2024-09-27,False
PRJ-00316,Main Equipment Supply & Installation,2025-02-09,2025-02-09,False
PRJ-00316,"Piping, Cabling & Auxiliary Works",2025-06-09,2025-05-28,False
PRJ-00316,"Pre-commissioning, Testing & Final Handover",2025-10-07,2025-09-30,False
PRJ-00317,Statutory Approvals & Land Possession,2025-11-25,2025-11-18,False
PRJ-00317,Engineering Design & EPC Contract Award,2026-04-17,2026-04-09,False
PRJ-00317,Civil Works Foundation & Substructure,2026-09-07,,False
PRJ-00317,Main Equipment Supply & Installation,2027-01-28,,False
PRJ-00317,"Piping, Cabling & Auxiliary Works",2027-06-20,,False
PRJ-00317,"Pre-commissioning, Testing & Final Handover",2027-11-10,,False
PRJ-00318,Statutory Approvals & Land Possession,2024-10-19,2024-10-25,False
PRJ-00318,Engineering Design & EPC Contract Award,2025-03-16,2025-06-02,True
PRJ-00318,Civil Works Foundation & Substructure,2025-08-11,,True
PRJ-00318,Main Equipment Supply & Installation,2026-01-05,,True
PRJ-00318,"Piping, Cabling & Auxiliary Works",2026-06-02,,True
PRJ-00318,"Pre-commissioning, Testing & Final Handover",2026-10-28,,False
PRJ-00319,Detailed Alignment Survey & RoW Acquisition,2022-03-16,2022-03-03,False
PRJ-00319,Forest & Railway Board Sanction,2022-10-10,2023-05-01,True
PRJ-00319,Tendering & Major Civil Contract Award,2023-05-06,2023-11-21,True
PRJ-00319,"Earthwork, Tunnels & Bridge Abutments",2023-11-29,2024-05-03,True
PRJ-00319,Track Laying & 25kV OHE Electrification,2024-06-24,2024-12-28,True
PRJ-00319,Signalling (Kavach) & CRS Safety Inspection,2025-01-18,2025-02-18,True
PRJ-00320,Detailed Alignment Survey & RoW Acquisition,2023-05-21,2023-05-07,False
PRJ-00320,Forest & Railway Board Sanction,2023-10-30,2023-10-31,False
PRJ-00320,Tendering & Major Civil Contract Award,2024-04-08,2024-04-18,False
PRJ-00320,"Earthwork, Tunnels & Bridge Abutments",2024-09-17,2024-09-15,False
PRJ-00320,Track Laying & 25kV OHE Electrification,2025-02-25,2025-02-25,False
PRJ-00320,Signalling (Kavach) & CRS Safety Inspection,2025-08-06,2025-08-08,False
PRJ-00321,Statutory Approvals & Land Possession,2021-07-13,2021-07-17,False
PRJ-00321,Engineering Design & EPC Contract Award,2021-11-10,2022-02-14,True
PRJ-00321,Civil Works Foundation & Substructure,2022-03-10,2022-05-26,True
PRJ-00321,Main Equipment Supply & Installation,2022-07-08,2022-12-25,True
PRJ-00321,"Piping, Cabling & Auxiliary Works",2022-11-05,2023-02-10,True
PRJ-00321,"Pre-commissioning, Testing & Final Handover",2023-03-05,,True
PRJ-00322,Land Acquisition & 3D Notification (90% RoW),2024-02-08,2024-02-11,False
PRJ-00322,Forest & Environmental Clearance,2024-06-21,2024-08-23,True
PRJ-00322,EPC / HAM Contract Award & Financial Close,2024-11-02,2025-04-28,True
PRJ-00322,"Earthwork, Embankment & Subgrade Completion",2025-03-16,2025-10-07,True
PRJ-00322,Major Bridges & Flyover Structures Erection,2025-07-28,2025-10-24,True
PRJ-00322,"Bituminous Pavement, Signage & Final COD",2025-12-09,2026-08-04,True
PRJ-00323,Land & Depot Acquisition Approval,2024-02-01,2024-01-22,False
PRJ-00323,Utility Shifting & Tree Clearance,2024-07-12,2024-11-26,True
PRJ-00323,Viaduct Pier Construction & TBM Tunneling,2024-12-20,2025-05-26,True
PRJ-00323,Underground / Elevated Stations Civil Structure,2025-05-31,,True
PRJ-00323,Third Rail / OHE & CBTC Signalling,2025-11-08,,True
PRJ-00323,Rolling Stock Trials & CMRS Certification,2026-04-19,,True
PRJ-00324,Statutory Approvals & Land Possession,2025-08-18,,True
PRJ-00324,Engineering Design & EPC Contract Award,2026-04-15,,True
PRJ-00324,Civil Works Foundation & Substructure,2026-12-11,,False
PRJ-00324,Main Equipment Supply & Installation,2027-08-08,,False
PRJ-00324,"Piping, Cabling & Auxiliary Works",2028-04-04,,False
PRJ-00324,"Pre-commissioning, Testing & Final Handover",2028-11-30,,False
PRJ-00325,Stage-II Forest Clearance & R&R Settlement,2023-02-07,2023-02-11,False
PRJ-00325,River Diversion & Coffer Dam Construction,2023-06-21,2023-09-09,True
PRJ-00325,Head Race Tunnel (HRT) Excavation,2023-11-02,2024-04-27,True
PRJ-00325,Main Dam Concrete Placement / Embankment,2024-03-15,,True
PRJ-00325,Turbine & Generator Assembly Erection,2024-07-27,,True
PRJ-00325,Reservoir Impoundment & Grid Synchronization,2024-12-08,,True
PRJ-00326,Stage-II Forest Clearance & R&R Settlement,2026-08-04,,False
PRJ-00326,River Diversion & Coffer Dam Construction,2027-02-14,,False
PRJ-00326,Head Race Tunnel (HRT) Excavation,2027-08-27,,False
PRJ-00326,Main Dam Concrete Placement / Embankment,2028-03-08,,False
PRJ-00326,Turbine & Generator Assembly Erection,2028-09-18,,False
PRJ-00326,Reservoir Impoundment & Grid Synchronization,2029-03-31,,False
PRJ-00327,Detailed Alignment Survey & RoW Acquisition,2025-10-02,2025-10-07,False
PRJ-00327,Forest & Railway Board Sanction,2026-05-07,2026-05-01,False
PRJ-00327,Tendering & Major Civil Contract Award,2026-12-10,,False
PRJ-00327,"Earthwork, Tunnels & Bridge Abutments",2027-07-15,,False
PRJ-00327,Track Laying & 25kV OHE Electrification,2028-02-17,,False
PRJ-00327,Signalling (Kavach) & CRS Safety Inspection,2028-09-21,,False
PRJ-00328,Statutory Approvals & Land Possession,2023-09-16,2023-09-24,False
PRJ-00328,Engineering Design & EPC Contract Award,2024-03-09,2024-03-01,False
PRJ-00328,Civil Works Foundation & Substructure,2024-09-01,2024-09-07,False
PRJ-00328,Main Equipment Supply & Installation,2025-02-23,2025-02-16,False
PRJ-00328,"Piping, Cabling & Auxiliary Works",2025-08-17,2025-08-25,False
PRJ-00328,"Pre-commissioning, Testing & Final Handover",2026-02-09,2026-02-16,False
PRJ-00329,Statutory Approvals & Land Possession,2021-01-30,2021-02-03,False
PRJ-00329,Engineering Design & EPC Contract Award,2021-06-08,2021-08-16,True
PRJ-00329,Civil Works Foundation & Substructure,2021-10-15,2021-12-05,True
PRJ-00329,Main Equipment Supply & Installation,2022-02-21,2022-09-06,True
PRJ-00329,"Piping, Cabling & Auxiliary Works",2022-07-01,2022-11-07,True
PRJ-00329,"Pre-commissioning, Testing & Final Handover",2022-11-07,2023-02-24,True
PRJ-00330,Statutory Approvals & Land Possession,2022-01-28,2022-01-30,False
PRJ-00330,Engineering Design & EPC Contract Award,2022-07-27,2022-11-03,True
PRJ-00330,Civil Works Foundation & Substructure,2023-01-23,2023-07-12,True
PRJ-00330,Main Equipment Supply & Installation,2023-07-22,2023-12-12,True
PRJ-00330,"Piping, Cabling & Auxiliary Works",2024-01-18,2024-03-22,True
PRJ-00330,"Pre-commissioning, Testing & Final Handover",2024-07-16,,True
PRJ-00331,Detailed Alignment Survey & RoW Acquisition,2025-11-12,,True
PRJ-00331,Forest & Railway Board Sanction,2026-07-28,,True
PRJ-00331,Tendering & Major Civil Contract Award,2027-04-13,,False
PRJ-00331,"Earthwork, Tunnels & Bridge Abutments",2027-12-27,,False
PRJ-00331,Track Laying & 25kV OHE Electrification,2028-09-11,,False
PRJ-00331,Signalling (Kavach) & CRS Safety Inspection,2029-05-27,,False
PRJ-00332,Statutory Approvals & Land Possession,2020-10-10,2020-10-17,False
PRJ-00332,Engineering Design & EPC Contract Award,2021-02-21,2021-02-21,False
PRJ-00332,Civil Works Foundation & Substructure,2021-07-05,2021-07-14,False
PRJ-00332,Main Equipment Supply & Installation,2021-11-16,2021-11-16,False
PRJ-00332,"Piping, Cabling & Auxiliary Works",2022-03-30,2022-03-24,False
PRJ-00332,"Pre-commissioning, Testing & Final Handover",2022-08-11,2022-07-27,False
PRJ-00333,Statutory Approvals & Land Possession,2023-06-25,2023-06-30,False
PRJ-00333,Engineering Design & EPC Contract Award,2024-04-15,2024-08-22,True
PRJ-00333,Civil Works Foundation & Substructure,2025-02-05,,True
PRJ-00333,Main Equipment Supply & Installation,2025-11-27,,True
PRJ-00333,"Piping, Cabling & Auxiliary Works",2026-09-18,,False
PRJ-00333,"Pre-commissioning, Testing & Final Handover",2027-07-11,,False
PRJ-00334,Detailed Alignment Survey & RoW Acquisition,2025-07-09,2025-07-02,False
PRJ-00334,Forest & Railway Board Sanction,2025-11-24,2026-04-08,True
PRJ-00334,Tendering & Major Civil Contract Award,2026-04-12,,True
PRJ-00334,"Earthwork, Tunnels & Bridge Abutments",2026-08-28,,False
PRJ-00334,Track Laying & 25kV OHE Electrification,2027-01-14,,False
PRJ-00334,Signalling (Kavach) & CRS Safety Inspection,2027-06-01,,False
PRJ-00335,Detailed Alignment Survey & RoW Acquisition,2024-06-24,2024-06-10,False
PRJ-00335,Forest & Railway Board Sanction,2024-12-30,2025-06-14,True
PRJ-00335,Tendering & Major Civil Contract Award,2025-07-07,,True
PRJ-00335,"Earthwork, Tunnels & Bridge Abutments",2026-01-12,,True
PRJ-00335,Track Laying & 25kV OHE Electrification,2026-07-21,,True
PRJ-00335,Signalling (Kavach) & CRS Safety Inspection,2027-01-26,,False
PRJ-00336,Statutory Approvals & Land Possession,2025-11-08,,True
PRJ-00336,Engineering Design & EPC Contract Award,2026-07-29,,True
PRJ-00336,Civil Works Foundation & Substructure,2027-04-18,,False
PRJ-00336,Main Equipment Supply & Installation,2028-01-06,,False
PRJ-00336,"Piping, Cabling & Auxiliary Works",2028-09-25,,False
PRJ-00336,"Pre-commissioning, Testing & Final Handover",2029-06-15,,False
PRJ-00337,Land Acquisition & 3D Notification (90% RoW),2021-09-19,2021-09-16,False
PRJ-00337,Forest & Environmental Clearance,2022-01-22,2022-02-24,True
PRJ-00337,EPC / HAM Contract Award & Financial Close,2022-05-26,2022-07-26,True
PRJ-00337,"Earthwork, Embankment & Subgrade Completion",2022-09-28,2023-05-12,True
PRJ-00337,Major Bridges & Flyover Structures Erection,2023-01-31,2023-08-31,True
PRJ-00337,"Bituminous Pavement, Signage & Final COD",2023-06-04,2023-09-05,True
PRJ-00338,Statutory Approvals & Land Possession,2024-06-17,2024-06-11,False
PRJ-00338,Engineering Design & EPC Contract Award,2024-10-29,2025-02-18,True
PRJ-00338,Civil Works Foundation & Substructure,2025-03-12,,True
PRJ-00338,Main Equipment Supply & Installation,2025-07-24,,True
PRJ-00338,"Piping, Cabling & Auxiliary Works",2025-12-05,,True
PRJ-00338,"Pre-commissioning, Testing & Final Handover",2026-04-18,,True
PRJ-00339,Statutory Approvals & Land Possession,2023-10-04,2023-09-22,False
PRJ-00339,Engineering Design & EPC Contract Award,2024-09-10,,True
PRJ-00339,Civil Works Foundation & Substructure,2025-08-17,,True
PRJ-00339,Main Equipment Supply & Installation,2026-07-25,,True
PRJ-00339,"Piping, Cabling & Auxiliary Works",2027-07-01,,False
PRJ-00339,"Pre-commissioning, Testing & Final Handover",2028-06-07,,False
PRJ-00340,Land Acquisition & 3D Notification (90% RoW),2023-07-18,2023-07-18,False
PRJ-00340,Forest & Environmental Clearance,2024-02-11,2024-02-18,False
PRJ-00340,EPC / HAM Contract Award & Financial Close,2024-09-06,2024-09-10,False
PRJ-00340,"Earthwork, Embankment & Subgrade Completion",2025-04-01,2025-03-21,False
PRJ-00340,Major Bridges & Flyover Structures Erection,2025-10-26,2025-10-22,False
PRJ-00340,"Bituminous Pavement, Signage & Final COD",2026-05-22,2026-05-31,False
PRJ-00341,Detailed Alignment Survey & RoW Acquisition,2023-05-24,2023-05-26,False
PRJ-00341,Forest & Railway Board Sanction,2023-11-06,2024-06-24,True
PRJ-00341,Tendering & Major Civil Contract Award,2024-04-20,2024-11-01,True
PRJ-00341,"Earthwork, Tunnels & Bridge Abutments",2024-10-03,2025-05-14,True
PRJ-00341,Track Laying & 25kV OHE Electrification,2025-03-18,,True
PRJ-00341,Signalling (Kavach) & CRS Safety Inspection,2025-08-31,,True
PRJ-00342,Detailed Alignment Survey & RoW Acquisition,2023-06-23,2023-06-30,False
PRJ-00342,Forest & Railway Board Sanction,2023-11-08,2023-11-08,False
PRJ-00342,Tendering & Major Civil Contract Award,2024-03-26,2024-03-17,False
PRJ-00342,"Earthwork, Tunnels & Bridge Abutments",2024-08-11,2024-08-14,False
PRJ-00342,Track Laying & 25kV OHE Electrification,2024-12-28,2024-12-18,False
PRJ-00342,Signalling (Kavach) & CRS Safety Inspection,2025-05-15,2025-05-17,False
PRJ-00343,Statutory Approvals & Land Possession,2025-03-19,2025-03-15,False
PRJ-00343,Engineering Design & EPC Contract Award,2025-08-23,,True
PRJ-00343,Civil Works Foundation & Substructure,2026-01-27,,True
PRJ-00343,Main Equipment Supply & Installation,2026-07-03,,True
PRJ-00343,"Piping, Cabling & Auxiliary Works",2026-12-07,,False
PRJ-00343,"Pre-commissioning, Testing & Final Handover",2027-05-13,,False
PRJ-00344,Statutory Approvals & Land Possession,2021-11-30,2021-12-06,False
PRJ-00344,Engineering Design & EPC Contract Award,2022-05-24,2022-11-07,True
PRJ-00344,Civil Works Foundation & Substructure,2022-11-16,2023-07-13,True
PRJ-00344,Main Equipment Supply & Installation,2023-05-10,,True
PRJ-00344,"Piping, Cabling & Auxiliary Works",2023-11-01,,True
PRJ-00344,"Pre-commissioning, Testing & Final Handover",2024-04-25,,True
PRJ-00345,Statutory Approvals & Land Possession,2024-10-28,2024-10-15,False
PRJ-00345,Engineering Design & EPC Contract Award,2025-04-03,2025-03-20,False
PRJ-00345,Civil Works Foundation & Substructure,2025-09-07,2025-08-27,False
PRJ-00345,Main Equipment Supply & Installation,2026-02-11,2026-02-01,False
PRJ-00345,"Piping, Cabling & Auxiliary Works",2026-07-18,2026-07-04,False
PRJ-00345,"Pre-commissioning, Testing & Final Handover",2026-12-22,,False
PRJ-00346,Statutory Approvals & Land Possession,2025-12-20,,True
PRJ-00346,Engineering Design & EPC Contract Award,2026-10-25,,False
PRJ-00346,Civil Works Foundation & Substructure,2027-08-30,,False
PRJ-00346,Main Equipment Supply & Installation,2028-07-04,,False
PRJ-00346,"Piping, Cabling & Auxiliary Works",2029-05-10,,False
PRJ-00346,"Pre-commissioning, Testing & Final Handover",2030-03-15,,False
PRJ-00347,Land & Depot Acquisition Approval,2023-11-07,2023-11-05,False
PRJ-00347,Utility Shifting & Tree Clearance,2024-03-20,2024-11-15,True
PRJ-00347,Viaduct Pier Construction & TBM Tunneling,2024-08-01,2024-12-03,True
PRJ-00347,Underground / Elevated Stations Civil Structure,2024-12-13,2025-08-03,True
PRJ-00347,Third Rail / OHE & CBTC Signalling,2025-04-26,,True
PRJ-00347,Rolling Stock Trials & CMRS Certification,2025-09-07,,True
PRJ-00348,Land & Depot Acquisition Approval,2022-10-22,2022-10-13,False
PRJ-00348,Utility Shifting & Tree Clearance,2023-04-02,2023-09-13,True
PRJ-00348,Viaduct Pier Construction & TBM Tunneling,2023-09-10,2024-03-26,True
PRJ-00348,Underground / Elevated Stations Civil Structure,2024-02-19,,True
PRJ-00348,Third Rail / OHE & CBTC Signalling,2024-07-29,,True
PRJ-00348,Rolling Stock Trials & CMRS Certification,2025-01-07,,True
PRJ-00349,Land Acquisition & 3D Notification (90% RoW),2025-11-10,2025-10-29,False
PRJ-00349,Forest & Environmental Clearance,2026-04-07,,True
PRJ-00349,EPC / HAM Contract Award & Financial Close,2026-09-02,,False
PRJ-00349,"Earthwork, Embankment & Subgrade Completion",2027-01-27,,False
PRJ-00349,Major Bridges & Flyover Structures Erection,2027-06-24,,False
PRJ-00349,"Bituminous Pavement, Signage & Final COD",2027-11-19,,False
PRJ-00350,Land & Depot Acquisition Approval,2025-12-24,,True
PRJ-00350,Utility Shifting & Tree Clearance,2026-06-17,,True
PRJ-00350,Viaduct Pier Construction & TBM Tunneling,2026-12-10,,False
PRJ-00350,Underground / Elevated Stations Civil Structure,2027-06-03,,False
PRJ-00350,Third Rail / OHE & CBTC Signalling,2027-11-25,,False
PRJ-00350,Rolling Stock Trials & CMRS Certification,2028-05-19,,False
PRJ-00351,Land Acquisition & 3D Notification (90% RoW),2024-12-17,2024-12-13,False
PRJ-00351,Forest & Environmental Clearance,2025-05-09,2025-10-01,True
PRJ-00351,EPC / HAM Contract Award & Financial Close,2025-09-29,,True
PRJ-00351,"Earthwork, Embankment & Subgrade Completion",2026-02-19,,True
PRJ-00351,Major Bridges & Flyover Structures Erection,2026-07-12,,True
PRJ-00351,"Bituminous Pavement, Signage & Final COD",2026-12-02,,False
PRJ-00352,Detailed Alignment Survey & RoW Acquisition,2021-07-15,2021-07-24,False
PRJ-00352,Forest & Railway Board Sanction,2022-01-02,2022-08-30,True
PRJ-00352,Tendering & Major Civil Contract Award,2022-06-22,2023-01-14,True
PRJ-00352,"Earthwork, Tunnels & Bridge Abutments",2022-12-10,2023-08-07,True
PRJ-00352,Track Laying & 25kV OHE Electrification,2023-05-29,2023-09-06,True
PRJ-00352,Signalling (Kavach) & CRS Safety Inspection,2023-11-16,2024-05-05,True
PRJ-00353,Solar Park / Land Lease Execution,2022-03-21,2022-03-18,False
PRJ-00353,Grid Connectivity & PPA Execution,2022-09-08,2022-09-11,False
PRJ-00353,Module Mounting Structures & Inverter Civil Work,2023-02-26,2023-02-17,False
PRJ-00353,Solar PV Module / WTG Erection,2023-08-16,2023-08-24,False
PRJ-00353,Transmission Line to Pooling Substation,2024-02-02,2024-01-20,False
PRJ-00353,RLDC Charging & Commercial Operation Declaration,2024-07-22,2024-07-30,False
PRJ-00354,Statutory Approvals & Land Possession,2026-01-27,2026-01-22,False
PRJ-00354,Engineering Design & EPC Contract Award,2026-06-24,2026-06-20,False
PRJ-00354,Civil Works Foundation & Substructure,2026-11-19,,False
PRJ-00354,Main Equipment Supply & Installation,2027-04-15,,False
PRJ-00354,"Piping, Cabling & Auxiliary Works",2027-09-10,,False
PRJ-00354,"Pre-commissioning, Testing & Final Handover",2028-02-05,,False
PRJ-00355,Statutory Approvals & Land Possession,2023-01-03,2022-12-20,False
PRJ-00355,Engineering Design & EPC Contract Award,2023-08-31,2023-12-17,True
PRJ-00355,Civil Works Foundation & Substructure,2024-04-27,2024-10-08,True
PRJ-00355,Main Equipment Supply & Installation,2024-12-23,2025-02-01,True
PRJ-00355,"Piping, Cabling & Auxiliary Works",2025-08-20,,True
PRJ-00355,"Pre-commissioning, Testing & Final Handover",2026-04-17,,True
PRJ-00356,Statutory Approvals & Land Possession,2025-12-27,2025-12-30,False
PRJ-00356,Engineering Design & EPC Contract Award,2026-08-15,,False
PRJ-00356,Civil Works Foundation & Substructure,2027-04-03,,False
PRJ-00356,Main Equipment Supply & Installation,2027-11-20,,False
PRJ-00356,"Piping, Cabling & Auxiliary Works",2028-07-07,,False
PRJ-00356,"Pre-commissioning, Testing & Final Handover",2029-02-23,,False
PRJ-00357,Land Acquisition & 3D Notification (90% RoW),2022-11-02,2022-11-11,False
PRJ-00357,Forest & Environmental Clearance,2023-04-08,2023-11-02,True
PRJ-00357,EPC / HAM Contract Award & Financial Close,2023-09-12,2023-11-14,True
PRJ-00357,"Earthwork, Embankment & Subgrade Completion",2024-02-16,2024-09-28,True
PRJ-00357,Major Bridges & Flyover Structures Erection,2024-07-22,2024-09-24,True
PRJ-00357,"Bituminous Pavement, Signage & Final COD",2024-12-26,2025-05-28,True
PRJ-00358,Stage-II Forest Clearance & R&R Settlement,2022-06-27,2022-06-22,False
PRJ-00358,River Diversion & Coffer Dam Construction,2022-12-01,2023-06-24,True
PRJ-00358,Head Race Tunnel (HRT) Excavation,2023-05-07,2023-10-31,True
PRJ-00358,Main Dam Concrete Placement / Embankment,2023-10-11,2023-12-02,True
PRJ-00358,Turbine & Generator Assembly Erection,2024-03-16,2024-05-13,True
PRJ-00358,Reservoir Impoundment & Grid Synchronization,2024-08-20,,True
PRJ-00359,Detailed Alignment Survey & RoW Acquisition,2025-08-26,,True
PRJ-00359,Forest & Railway Board Sanction,2026-02-13,,True
PRJ-00359,Tendering & Major Civil Contract Award,2026-08-03,,False
PRJ-00359,"Earthwork, Tunnels & Bridge Abutments",2027-01-21,,False
PRJ-00359,Track Laying & 25kV OHE Electrification,2027-07-10,,False
PRJ-00359,Signalling (Kavach) & CRS Safety Inspection,2027-12-28,,False
PRJ-00360,AERB Site Clearance & Environmental Approval,2026-03-14,,True
PRJ-00360,First Pour of Concrete (FPC) Milestone,2026-08-18,,False
PRJ-00360,Reactor Building Inner Containment Dome,2027-01-22,,False
PRJ-00360,Reactor Pressure Vessel & Steam Generator Installation,2027-06-28,,False
PRJ-00360,"Secondary Piping, Turbine & Grid Interface",2027-12-02,,False
PRJ-00360,AERB Fuel Loading Permission & Full Power COD,2028-05-07,,False
PRJ-00361,Land Acquisition & 3D Notification (90% RoW),2023-05-05,2023-05-06,False
PRJ-00361,Forest & Environmental Clearance,2023-12-22,2024-07-31,True
PRJ-00361,EPC / HAM Contract Award & Financial Close,2024-08-09,2024-11-13,True
PRJ-00361,"Earthwork, Embankment & Subgrade Completion",2025-03-28,,True
PRJ-00361,Major Bridges & Flyover Structures Erection,2025-11-13,,True
PRJ-00361,"Bituminous Pavement, Signage & Final COD",2026-07-02,,True
PRJ-00362,Statutory Approvals & Land Possession,2025-05-18,2025-05-22,False
PRJ-00362,Engineering Design & EPC Contract Award,2025-10-13,,True
PRJ-00362,Civil Works Foundation & Substructure,2026-03-10,,True
PRJ-00362,Main Equipment Supply & Installation,2026-08-04,,False
PRJ-00362,"Piping, Cabling & Auxiliary Works",2026-12-30,,False
PRJ-00362,"Pre-commissioning, Testing & Final Handover",2027-05-27,,False
PRJ-00363,Detailed Alignment Survey & RoW Acquisition,2026-03-04,,True
PRJ-00363,Forest & Railway Board Sanction,2026-07-30,,True
PRJ-00363,Tendering & Major Civil Contract Award,2026-12-25,,False
PRJ-00363,"Earthwork, Tunnels & Bridge Abutments",2027-05-21,,False
PRJ-00363,Track Laying & 25kV OHE Electrification,2027-10-16,,False
PRJ-00363,Signalling (Kavach) & CRS Safety Inspection,2028-03-12,,False
PRJ-00364,Statutory Approvals & Land Possession,2024-06-18,2024-06-25,False
PRJ-00364,Engineering Design & EPC Contract Award,2025-01-07,,True
PRJ-00364,Civil Works Foundation & Substructure,2025-07-29,,True
PRJ-00364,Main Equipment Supply & Installation,2026-02-17,,True
PRJ-00364,"Piping, Cabling & Auxiliary Works",2026-09-08,,False
PRJ-00364,"Pre-commissioning, Testing & Final Handover",2027-03-30,,False
PRJ-00365,Statutory Approvals & Land Possession,2024-03-05,2024-02-26,False
PRJ-00365,Engineering Design & EPC Contract Award,2024-08-27,2025-02-01,True
PRJ-00365,Civil Works Foundation & Substructure,2025-02-19,2025-05-30,True
PRJ-00365,Main Equipment Supply & Installation,2025-08-13,2026-04-07,True
PRJ-00365,"Piping, Cabling & Auxiliary Works",2026-02-04,,True
PRJ-00365,"Pre-commissioning, Testing & Final Handover",2026-07-30,,True
PRJ-00366,Detailed Alignment Survey & RoW Acquisition,2021-12-27,2022-01-01,False
PRJ-00366,Forest & Railway Board Sanction,2022-05-24,2022-12-15,True
PRJ-00366,Tendering & Major Civil Contract Award,2022-10-19,2023-01-15,True
PRJ-00366,"Earthwork, Tunnels & Bridge Abutments",2023-03-15,2023-07-29,True
PRJ-00366,Track Laying & 25kV OHE Electrification,2023-08-10,2023-11-09,True
PRJ-00366,Signalling (Kavach) & CRS Safety Inspection,2024-01-05,,True
PRJ-00367,Land Acquisition & 3D Notification (90% RoW),2021-10-05,2021-10-12,False
PRJ-00367,Forest & Environmental Clearance,2022-02-02,2022-07-16,True
PRJ-00367,EPC / HAM Contract Award & Financial Close,2022-06-02,2022-08-05,True
PRJ-00367,"Earthwork, Embankment & Subgrade Completion",2022-09-30,2023-02-17,True
PRJ-00367,Major Bridges & Flyover Structures Erection,2023-01-28,2023-09-12,True
PRJ-00367,"Bituminous Pavement, Signage & Final COD",2023-05-28,2023-08-03,True
PRJ-00368,Stage-II Forest Clearance & R&R Settlement,2025-09-25,,True
PRJ-00368,River Diversion & Coffer Dam Construction,2026-03-06,,True
PRJ-00368,Head Race Tunnel (HRT) Excavation,2026-08-14,,False
PRJ-00368,Main Dam Concrete Placement / Embankment,2027-01-23,,False
PRJ-00368,Turbine & Generator Assembly Erection,2027-07-03,,False
PRJ-00368,Reservoir Impoundment & Grid Synchronization,2027-12-12,,False
PRJ-00369,Statutory Approvals & Land Possession,2021-10-14,2021-10-06,False
PRJ-00369,Engineering Design & EPC Contract Award,2022-04-30,2022-10-29,True
PRJ-00369,Civil Works Foundation & Substructure,2022-11-15,2023-02-12,True
PRJ-00369,Main Equipment Supply & Installation,2023-06-01,2023-08-29,True
PRJ-00369,"Piping, Cabling & Auxiliary Works",2023-12-17,2024-07-09,True
PRJ-00369,"Pre-commissioning, Testing & Final Handover",2024-07-02,2024-08-07,True
PRJ-00370,Land Acquisition & 3D Notification (90% RoW),2025-06-16,2025-06-06,False
PRJ-00370,Forest & Environmental Clearance,2025-12-18,2026-03-07,True
PRJ-00370,EPC / HAM Contract Award & Financial Close,2026-06-20,,True
PRJ-00370,"Earthwork, Embankment & Subgrade Completion",2026-12-22,,False
PRJ-00370,Major Bridges & Flyover Structures Erection,2027-06-25,,False
PRJ-00370,"Bituminous Pavement, Signage & Final COD",2027-12-26,,False
PRJ-00371,Statutory Approvals & Land Possession,2024-03-02,2024-03-01,False
PRJ-00371,Engineering Design & EPC Contract Award,2024-09-16,2024-09-20,False
PRJ-00371,Civil Works Foundation & Substructure,2025-04-03,2025-04-03,False
PRJ-00371,Main Equipment Supply & Installation,2025-10-18,2025-10-25,False
PRJ-00371,"Piping, Cabling & Auxiliary Works",2026-05-05,,True
PRJ-00371,"Pre-commissioning, Testing & Final Handover",2026-11-19,,False
PRJ-00372,Land Acquisition & 3D Notification (90% RoW),2025-07-22,2025-07-24,False
PRJ-00372,Forest & Environmental Clearance,2025-11-28,2025-11-29,False
PRJ-00372,EPC / HAM Contract Award & Financial Close,2026-04-06,2026-04-11,False
PRJ-00372,"Earthwork, Embankment & Subgrade Completion",2026-08-13,,False
PRJ-00372,Major Bridges & Flyover Structures Erection,2026-12-21,,False
PRJ-00372,"Bituminous Pavement, Signage & Final COD",2027-04-29,,False
PRJ-00373,Land & Depot Acquisition Approval,2020-12-18,2020-12-04,False
PRJ-00373,Utility Shifting & Tree Clearance,2021-05-15,2021-08-01,True
PRJ-00373,Viaduct Pier Construction & TBM Tunneling,2021-10-10,2022-01-22,True
PRJ-00373,Underground / Elevated Stations Civil Structure,2022-03-06,2022-07-26,True
PRJ-00373,Third Rail / OHE & CBTC Signalling,2022-08-01,2022-12-10,True
PRJ-00373,Rolling Stock Trials & CMRS Certification,2022-12-27,2023-04-13,True
PRJ-00374,Detailed Alignment Survey & RoW Acquisition,2026-04-20,2026-04-29,False
PRJ-00374,Forest & Railway Board Sanction,2026-09-05,,False
PRJ-00374,Tendering & Major Civil Contract Award,2027-01-22,,False
PRJ-00374,"Earthwork, Tunnels & Bridge Abutments",2027-06-09,,False
PRJ-00374,Track Laying & 25kV OHE Electrification,2027-10-26,,False
PRJ-00374,Signalling (Kavach) & CRS Safety Inspection,2028-03-12,,False
PRJ-00375,Stage-II Forest Clearance & R&R Settlement,2020-12-01,2020-12-06,False
PRJ-00375,River Diversion & Coffer Dam Construction,2021-05-07,2021-12-05,True
PRJ-00375,Head Race Tunnel (HRT) Excavation,2021-10-11,2022-06-01,True
PRJ-00375,Main Dam Concrete Placement / Embankment,2022-03-17,2022-05-27,True
PRJ-00375,Turbine & Generator Assembly Erection,2022-08-21,2023-03-22,True
PRJ-00375,Reservoir Impoundment & Grid Synchronization,2023-01-25,2023-08-30,True
PRJ-00376,Detailed Alignment Survey & RoW Acquisition,2021-05-21,2021-05-18,False
PRJ-00376,Forest & Railway Board Sanction,2021-10-30,2021-12-10,True
PRJ-00376,Tendering & Major Civil Contract Award,2022-04-09,2022-11-21,True
PRJ-00376,"Earthwork, Tunnels & Bridge Abutments",2022-09-18,2022-11-30,True
PRJ-00376,Track Laying & 25kV OHE Electrification,2023-02-26,2023-06-21,True
PRJ-00376,Signalling (Kavach) & CRS Safety Inspection,2023-08-07,2024-01-28,True
PRJ-00377,Statutory Approvals & Land Possession,2025-08-04,,True
PRJ-00377,Engineering Design & EPC Contract Award,2025-12-16,,True
PRJ-00377,Civil Works Foundation & Substructure,2026-04-29,,True
PRJ-00377,Main Equipment Supply & Installation,2026-09-10,,False
PRJ-00377,"Piping, Cabling & Auxiliary Works",2027-01-22,,False
PRJ-00377,"Pre-commissioning, Testing & Final Handover",2027-06-05,,False
PRJ-00378,Land Acquisition & 3D Notification (90% RoW),2024-06-30,2024-06-30,False
PRJ-00378,Forest & Environmental Clearance,2025-01-01,2025-05-27,True
PRJ-00378,EPC / HAM Contract Award & Financial Close,2025-07-04,2025-11-15,True
PRJ-00378,"Earthwork, Embankment & Subgrade Completion",2026-01-05,,True
PRJ-00378,Major Bridges & Flyover Structures Erection,2026-07-09,,True
PRJ-00378,"Bituminous Pavement, Signage & Final COD",2027-01-09,,False
PRJ-00379,Statutory Approvals & Land Possession,2025-05-28,2025-06-02,False
PRJ-00379,Engineering Design & EPC Contract Award,2026-02-15,2026-02-11,False
PRJ-00379,Civil Works Foundation & Substructure,2026-11-05,,False
PRJ-00379,Main Equipment Supply & Installation,2027-07-26,,False
PRJ-00379,"Piping, Cabling & Auxiliary Works",2028-04-14,,False
PRJ-00379,"Pre-commissioning, Testing & Final Handover",2029-01-02,,False
PRJ-00380,AERB Site Clearance & Environmental Approval,2025-03-24,2025-03-30,False
PRJ-00380,First Pour of Concrete (FPC) Milestone,2025-09-11,2025-12-22,True
PRJ-00380,Reactor Building Inner Containment Dome,2026-03-01,,True
PRJ-00380,Reactor Pressure Vessel & Steam Generator Installation,2026-08-19,,False
PRJ-00380,"Secondary Piping, Turbine & Grid Interface",2027-02-05,,False
PRJ-00380,AERB Fuel Loading Permission & Full Power COD,2027-07-26,,False
PRJ-00381,Statutory Approvals & Land Possession,2021-01-09,2020-12-27,False
PRJ-00381,Engineering Design & EPC Contract Award,2021-06-24,2021-06-18,False
PRJ-00381,Civil Works Foundation & Substructure,2021-12-07,2021-12-07,False
PRJ-00381,Main Equipment Supply & Installation,2022-05-22,2022-05-11,False
PRJ-00381,"Piping, Cabling & Auxiliary Works",2022-11-04,2022-10-23,False
PRJ-00381,"Pre-commissioning, Testing & Final Handover",2023-04-19,2023-04-26,False
PRJ-00382,Statutory Approvals & Land Possession,2022-05-08,2022-05-16,False
PRJ-00382,Engineering Design & EPC Contract Award,2022-10-30,2022-11-06,False
PRJ-00382,Civil Works Foundation & Substructure,2023-04-24,2023-04-28,False
PRJ-00382,Main Equipment Supply & Installation,2023-10-16,2023-10-26,False
PRJ-00382,"Piping, Cabling & Auxiliary Works",2024-04-08,2024-04-15,False
PRJ-00382,"Pre-commissioning, Testing & Final Handover",2024-10-01,2024-09-25,False
PRJ-00383,Statutory Approvals & Land Possession,2025-07-16,2025-07-16,False
PRJ-00383,Engineering Design & EPC Contract Award,2025-11-22,,True
PRJ-00383,Civil Works Foundation & Substructure,2026-03-31,,True
PRJ-00383,Main Equipment Supply & Installation,2026-08-07,,False
PRJ-00383,"Piping, Cabling & Auxiliary Works",2026-12-15,,False
PRJ-00383,"Pre-commissioning, Testing & Final Handover",2027-04-23,,False
PRJ-00384,Statutory Approvals & Land Possession,2022-11-30,2022-11-21,False
PRJ-00384,Engineering Design & EPC Contract Award,2023-06-16,2024-02-05,True
PRJ-00384,Civil Works Foundation & Substructure,2024-01-01,2024-07-06,True
PRJ-00384,Main Equipment Supply & Installation,2024-07-17,,True
PRJ-00384,"Piping, Cabling & Auxiliary Works",2025-02-01,,True
PRJ-00384,"Pre-commissioning, Testing & Final Handover",2025-08-18,,True
PRJ-00385,Detailed Alignment Survey & RoW Acquisition,2021-09-26,2021-09-11,False
PRJ-00385,Forest & Railway Board Sanction,2022-04-08,2022-06-06,True
PRJ-00385,Tendering & Major Civil Contract Award,2022-10-19,2023-05-12,True
PRJ-00385,"Earthwork, Tunnels & Bridge Abutments",2023-05-01,2023-08-24,True
PRJ-00385,Track Laying & 25kV OHE Electrification,2023-11-11,,True
PRJ-00385,Signalling (Kavach) & CRS Safety Inspection,2024-05-23,,True
PRJ-00386,Statutory Approvals & Land Possession,2022-01-10,2022-01-10,False
PRJ-00386,Engineering Design & EPC Contract Award,2022-05-28,2022-08-05,True
PRJ-00386,Civil Works Foundation & Substructure,2022-10-14,2023-04-22,True
PRJ-00386,Main Equipment Supply & Installation,2023-03-01,2023-07-26,True
PRJ-00386,"Piping, Cabling & Auxiliary Works",2023-07-18,2024-01-01,True
PRJ-00386,"Pre-commissioning, Testing & Final Handover",2023-12-03,2024-03-27,True
PRJ-00387,Land Acquisition & 3D Notification (90% RoW),2023-08-16,2023-08-11,False
PRJ-00387,Forest & Environmental Clearance,2024-02-12,,True
PRJ-00387,EPC / HAM Contract Award & Financial Close,2024-08-10,,True
PRJ-00387,"Earthwork, Embankment & Subgrade Completion",2025-02-06,,True
PRJ-00387,Major Bridges & Flyover Structures Erection,2025-08-05,,True
PRJ-00387,"Bituminous Pavement, Signage & Final COD",2026-02-01,,True
PRJ-00388,Detailed Alignment Survey & RoW Acquisition,2026-05-06,,True
PRJ-00388,Forest & Railway Board Sanction,2026-10-24,,False
PRJ-00388,Tendering & Major Civil Contract Award,2027-04-13,,False
PRJ-00388,"Earthwork, Tunnels & Bridge Abutments",2027-10-01,,False
PRJ-00388,Track Laying & 25kV OHE Electrification,2028-03-19,,False
PRJ-00388,Signalling (Kavach) & CRS Safety Inspection,2028-09-06,,False
PRJ-00389,Statutory Approvals & Land Possession,2021-03-11,2021-03-07,False
PRJ-00389,Engineering Design & EPC Contract Award,2021-07-27,2022-03-14,True
PRJ-00389,Civil Works Foundation & Substructure,2021-12-13,2022-01-21,True
PRJ-00389,Main Equipment Supply & Installation,2022-04-30,2022-12-15,True
PRJ-00389,"Piping, Cabling & Auxiliary Works",2022-09-16,2022-12-06,True
PRJ-00389,"Pre-commissioning, Testing & Final Handover",2023-02-01,2023-03-26,True
PRJ-00390,Statutory Approvals & Land Possession,2022-06-19,2022-06-08,False
PRJ-00390,Engineering Design & EPC Contract Award,2023-04-01,2023-11-13,True
PRJ-00390,Civil Works Foundation & Substructure,2024-01-12,,True
PRJ-00390,Main Equipment Supply & Installation,2024-10-24,,True
PRJ-00390,"Piping, Cabling & Auxiliary Works",2025-08-06,,True
PRJ-00390,"Pre-commissioning, Testing & Final Handover",2026-05-19,,True
PRJ-00391,Statutory Approvals & Land Possession,2024-09-29,2024-10-03,False
PRJ-00391,Engineering Design & EPC Contract Award,2025-03-28,2025-05-19,True
PRJ-00391,Civil Works Foundation & Substructure,2025-09-24,,True
PRJ-00391,Main Equipment Supply & Installation,2026-03-23,,True
PRJ-00391,"Piping, Cabling & Auxiliary Works",2026-09-19,,False
PRJ-00391,"Pre-commissioning, Testing & Final Handover",2027-03-18,,False
PRJ-00392,Land Acquisition & 3D Notification (90% RoW),2026-02-12,2026-02-06,False
PRJ-00392,Forest & Environmental Clearance,2026-08-16,,False
PRJ-00392,EPC / HAM Contract Award & Financial Close,2027-02-16,,False
PRJ-00392,"Earthwork, Embankment & Subgrade Completion",2027-08-20,,False
PRJ-00392,Major Bridges & Flyover Structures Erection,2028-02-21,,False
PRJ-00392,"Bituminous Pavement, Signage & Final COD",2028-08-23,,False
PRJ-00393,Statutory Approvals & Land Possession,2021-11-01,2021-11-03,False
PRJ-00393,Engineering Design & EPC Contract Award,2022-05-14,2022-09-02,True
PRJ-00393,Civil Works Foundation & Substructure,2022-11-24,2023-03-03,True
PRJ-00393,Main Equipment Supply & Installation,2023-06-06,2023-08-11,True
PRJ-00393,"Piping, Cabling & Auxiliary Works",2023-12-17,2024-07-14,True
PRJ-00393,"Pre-commissioning, Testing & Final Handover",2024-06-28,2025-02-18,True
PRJ-00394,Statutory Approvals & Land Possession,2025-01-23,2025-01-11,False
PRJ-00394,Engineering Design & EPC Contract Award,2025-06-06,2025-10-12,True
PRJ-00394,Civil Works Foundation & Substructure,2025-10-18,,True
PRJ-00394,Main Equipment Supply & Installation,2026-03-01,,True
PRJ-00394,"Piping, Cabling & Auxiliary Works",2026-07-13,,True
PRJ-00394,"Pre-commissioning, Testing & Final Handover",2026-11-24,,False
PRJ-00395,Land Acquisition & 3D Notification (90% RoW),2025-06-30,2025-06-21,False
PRJ-00395,Forest & Environmental Clearance,2025-10-23,2025-10-30,False
PRJ-00395,EPC / HAM Contract Award & Financial Close,2026-02-16,2026-02-25,False
PRJ-00395,"Earthwork, Embankment & Subgrade Completion",2026-06-11,2026-06-17,False
PRJ-00395,Major Bridges & Flyover Structures Erection,2026-10-04,,False
PRJ-00395,"Bituminous Pavement, Signage & Final COD",2027-01-28,,False
PRJ-00396,Land Acquisition & 3D Notification (90% RoW),2021-05-10,2021-04-29,False
PRJ-00396,Forest & Environmental Clearance,2021-10-14,2021-10-18,False
PRJ-00396,EPC / HAM Contract Award & Financial Close,2022-03-20,2022-03-13,False
PRJ-00396,"Earthwork, Embankment & Subgrade Completion",2022-08-24,2022-08-20,False
PRJ-00396,Major Bridges & Flyover Structures Erection,2023-01-28,2023-01-25,False
PRJ-00396,"Bituminous Pavement, Signage & Final COD",2023-07-04,2023-06-24,False
PRJ-00397,Statutory Approvals & Land Possession,2023-11-14,2023-11-17,False
PRJ-00397,Engineering Design & EPC Contract Award,2024-05-17,2024-07-18,True
PRJ-00397,Civil Works Foundation & Substructure,2024-11-17,2025-04-26,True
PRJ-00397,Main Equipment Supply & Installation,2025-05-21,,True
PRJ-00397,"Piping, Cabling & Auxiliary Works",2025-11-22,,True
PRJ-00397,"Pre-commissioning, Testing & Final Handover",2026-05-25,,True
PRJ-00398,Detailed Alignment Survey & RoW Acquisition,2025-11-24,,True
PRJ-00398,Forest & Railway Board Sanction,2026-06-15,,True
PRJ-00398,Tendering & Major Civil Contract Award,2027-01-04,,False
PRJ-00398,"Earthwork, Tunnels & Bridge Abutments",2027-07-26,,False
PRJ-00398,Track Laying & 25kV OHE Electrification,2028-02-14,,False
PRJ-00398,Signalling (Kavach) & CRS Safety Inspection,2028-09-04,,False
PRJ-00399,Land & Depot Acquisition Approval,2026-08-20,,False
PRJ-00399,Utility Shifting & Tree Clearance,2027-02-16,,False
PRJ-00399,Viaduct Pier Construction & TBM Tunneling,2027-08-15,,False
PRJ-00399,Underground / Elevated Stations Civil Structure,2028-02-11,,False
PRJ-00399,Third Rail / OHE & CBTC Signalling,2028-08-09,,False
PRJ-00399,Rolling Stock Trials & CMRS Certification,2029-02-05,,False
PRJ-00400,Land & Depot Acquisition Approval,2023-12-11,2023-12-05,False
PRJ-00400,Utility Shifting & Tree Clearance,2024-06-17,2024-10-28,True
PRJ-00400,Viaduct Pier Construction & TBM Tunneling,2024-12-23,2025-02-08,True
PRJ-00400,Underground / Elevated Stations Civil Structure,2025-06-30,,True
PRJ-00400,Third Rail / OHE & CBTC Signalling,2026-01-06,,True
PRJ-00400,Rolling Stock Trials & CMRS Certification,2026-07-14,,True
PRJ-00401,Statutory Approvals & Land Possession,2024-06-21,2024-06-30,False
PRJ-00401,Engineering Design & EPC Contract Award,2024-12-13,2025-06-23,True
PRJ-00401,Civil Works Foundation & Substructure,2025-06-07,,True
PRJ-00401,Main Equipment Supply & Installation,2025-11-29,,True
PRJ-00401,"Piping, Cabling & Auxiliary Works",2026-05-23,,True
PRJ-00401,"Pre-commissioning, Testing & Final Handover",2026-11-15,,False
PRJ-00402,Land Acquisition & 3D Notification (90% RoW),2024-06-05,2024-06-15,False
PRJ-00402,Forest & Environmental Clearance,2024-10-26,2025-05-17,True
PRJ-00402,EPC / HAM Contract Award & Financial Close,2025-03-18,2025-07-03,True
PRJ-00402,"Earthwork, Embankment & Subgrade Completion",2025-08-08,,True
PRJ-00402,Major Bridges & Flyover Structures Erection,2025-12-29,,True
PRJ-00402,"Bituminous Pavement, Signage & Final COD",2026-05-21,,True
PRJ-00403,Statutory Approvals & Land Possession,2025-01-23,2025-01-09,False
PRJ-00403,Engineering Design & EPC Contract Award,2025-06-06,2025-07-06,True
PRJ-00403,Civil Works Foundation & Substructure,2025-10-18,,True
PRJ-00403,Main Equipment Supply & Installation,2026-03-01,,True
PRJ-00403,"Piping, Cabling & Auxiliary Works",2026-07-13,,True
PRJ-00403,"Pre-commissioning, Testing & Final Handover",2026-11-24,,False
PRJ-00404,Statutory Approvals & Land Possession,2024-09-13,2024-09-04,False
PRJ-00404,Engineering Design & EPC Contract Award,2025-03-21,2025-03-27,False
PRJ-00404,Civil Works Foundation & Substructure,2025-09-26,2025-09-16,False
PRJ-00404,Main Equipment Supply & Installation,2026-04-03,2026-04-03,False
PRJ-00404,"Piping, Cabling & Auxiliary Works",2026-10-10,,False
PRJ-00404,"Pre-commissioning, Testing & Final Handover",2027-04-17,,False
PRJ-00405,Statutory Approvals & Land Possession,2024-02-12,2024-02-20,False
PRJ-00405,Engineering Design & EPC Contract Award,2024-08-28,2024-08-28,False
PRJ-00405,Civil Works Foundation & Substructure,2025-03-15,2025-03-21,False
PRJ-00405,Main Equipment Supply & Installation,2025-09-29,2025-09-27,False
PRJ-00405,"Piping, Cabling & Auxiliary Works",2026-04-16,2026-04-05,False
PRJ-00405,"Pre-commissioning, Testing & Final Handover",2026-10-31,,False
PRJ-00406,Land Acquisition & 3D Notification (90% RoW),2026-07-16,,True
PRJ-00406,Forest & Environmental Clearance,2026-12-29,,False
PRJ-00406,EPC / HAM Contract Award & Financial Close,2027-06-13,,False
PRJ-00406,"Earthwork, Embankment & Subgrade Completion",2027-11-26,,False
PRJ-00406,Major Bridges & Flyover Structures Erection,2028-05-10,,False
PRJ-00406,"Bituminous Pavement, Signage & Final COD",2028-10-23,,False
PRJ-00407,Statutory Approvals & Land Possession,2024-08-18,2024-08-04,False
PRJ-00407,Engineering Design & EPC Contract Award,2024-12-30,,True
PRJ-00407,Civil Works Foundation & Substructure,2025-05-13,,True
PRJ-00407,Main Equipment Supply & Installation,2025-09-24,,True
PRJ-00407,"Piping, Cabling & Auxiliary Works",2026-02-05,,True
PRJ-00407,"Pre-commissioning, Testing & Final Handover",2026-06-19,,True
PRJ-00408,Statutory Approvals & Land Possession,2025-03-21,2025-03-30,False
PRJ-00408,Engineering Design & EPC Contract Award,2025-09-08,,True
PRJ-00408,Civil Works Foundation & Substructure,2026-02-26,,True
PRJ-00408,Main Equipment Supply & Installation,2026-08-16,,False
PRJ-00408,"Piping, Cabling & Auxiliary Works",2027-02-02,,False
PRJ-00408,"Pre-commissioning, Testing & Final Handover",2027-07-23,,False
PRJ-00409,Statutory Approvals & Land Possession,2024-07-24,2024-07-18,False
PRJ-00409,Engineering Design & EPC Contract Award,2024-11-30,2024-12-04,False
PRJ-00409,Civil Works Foundation & Substructure,2025-04-08,2025-03-25,False
PRJ-00409,Main Equipment Supply & Installation,2025-08-15,2025-08-10,False
PRJ-00409,"Piping, Cabling & Auxiliary Works",2025-12-23,2025-12-25,False
PRJ-00409,"Pre-commissioning, Testing & Final Handover",2026-05-01,2026-05-10,False
PRJ-00410,Land & Depot Acquisition Approval,2026-01-22,2026-01-26,False
PRJ-00410,Utility Shifting & Tree Clearance,2026-06-19,,True
PRJ-00410,Viaduct Pier Construction & TBM Tunneling,2026-11-14,,False
PRJ-00410,Underground / Elevated Stations Civil Structure,2027-04-10,,False
PRJ-00410,Third Rail / OHE & CBTC Signalling,2027-09-05,,False
PRJ-00410,Rolling Stock Trials & CMRS Certification,2028-01-31,,False
PRJ-00411,Detailed Alignment Survey & RoW Acquisition,2024-08-19,2024-08-08,False
PRJ-00411,Forest & Railway Board Sanction,2025-01-09,2025-06-17,True
PRJ-00411,Tendering & Major Civil Contract Award,2025-06-01,,True
PRJ-00411,"Earthwork, Tunnels & Bridge Abutments",2025-10-22,,True
PRJ-00411,Track Laying & 25kV OHE Electrification,2026-03-14,,True
PRJ-00411,Signalling (Kavach) & CRS Safety Inspection,2026-08-04,,False
PRJ-00412,Detailed Alignment Survey & RoW Acquisition,2023-02-10,2023-01-31,False
PRJ-00412,Forest & Railway Board Sanction,2023-07-22,2023-10-26,True
PRJ-00412,Tendering & Major Civil Contract Award,2023-12-30,2024-08-16,True
PRJ-00412,"Earthwork, Tunnels & Bridge Abutments",2024-06-09,2025-01-04,True
PRJ-00412,Track Laying & 25kV OHE Electrification,2024-11-17,2025-02-15,True
PRJ-00412,Signalling (Kavach) & CRS Safety Inspection,2025-04-28,,True
PRJ-00413,Land Acquisition & 3D Notification (90% RoW),2022-05-11,2022-05-17,False
PRJ-00413,Forest & Environmental Clearance,2022-10-06,2022-10-05,False
PRJ-00413,EPC / HAM Contract Award & Financial Close,2023-03-03,2023-03-11,False
PRJ-00413,"Earthwork, Embankment & Subgrade Completion",2023-07-28,2023-08-02,False
PRJ-00413,Major Bridges & Flyover Structures Erection,2023-12-23,2023-12-13,False
PRJ-00413,"Bituminous Pavement, Signage & Final COD",2024-05-19,2024-05-10,False
PRJ-00414,Solar Park / Land Lease Execution,2022-03-24,2022-03-21,False
PRJ-00414,Grid Connectivity & PPA Execution,2022-08-05,2022-08-11,False
PRJ-00414,Module Mounting Structures & Inverter Civil Work,2022-12-17,2022-12-24,False
PRJ-00414,Solar PV Module / WTG Erection,2023-04-30,2023-04-27,False
PRJ-00414,Transmission Line to Pooling Substation,2023-09-11,2023-09-11,False
PRJ-00414,RLDC Charging & Commercial Operation Declaration,2024-01-23,2024-01-16,False
PRJ-00415,Statutory Approvals & Land Possession,2024-04-06,2024-04-11,False
PRJ-00415,Engineering Design & EPC Contract Award,2024-10-12,2024-10-08,False
PRJ-00415,Civil Works Foundation & Substructure,2025-04-19,2025-04-17,False
PRJ-00415,Main Equipment Supply & Installation,2025-10-25,2025-10-29,False
PRJ-00415,"Piping, Cabling & Auxiliary Works",2026-05-03,2026-05-08,False
PRJ-00415,"Pre-commissioning, Testing & Final Handover",2026-11-08,,False
PRJ-00416,Land Acquisition & 3D Notification (90% RoW),2025-03-10,2025-03-01,False
PRJ-00416,Forest & Environmental Clearance,2025-06-29,,True
PRJ-00416,EPC / HAM Contract Award & Financial Close,2025-10-18,,True
PRJ-00416,"Earthwork, Embankment & Subgrade Completion",2026-02-06,,True
PRJ-00416,Major Bridges & Flyover Structures Erection,2026-05-27,,True
PRJ-00416,"Bituminous Pavement, Signage & Final COD",2026-09-15,,False
PRJ-00417,Land Acquisition & 3D Notification (90% RoW),2020-08-04,2020-07-26,False
PRJ-00417,Forest & Environmental Clearance,2021-01-13,2021-02-20,True
PRJ-00417,EPC / HAM Contract Award & Financial Close,2021-06-23,2021-07-29,True
PRJ-00417,"Earthwork, Embankment & Subgrade Completion",2021-12-02,2022-06-08,True
PRJ-00417,Major Bridges & Flyover Structures Erection,2022-05-12,2022-07-04,True
PRJ-00417,"Bituminous Pavement, Signage & Final COD",2022-10-21,2022-12-04,True
PRJ-00418,Statutory Approvals & Land Possession,2025-03-20,2025-03-08,False
PRJ-00418,Engineering Design & EPC Contract Award,2025-12-03,2025-12-10,False
PRJ-00418,Civil Works Foundation & Substructure,2026-08-19,2026-08-09,False
PRJ-00418,Main Equipment Supply & Installation,2027-05-04,,False
PRJ-00418,"Piping, Cabling & Auxiliary Works",2028-01-18,,False
PRJ-00418,"Pre-commissioning, Testing & Final Handover",2028-10-02,,False
PRJ-00419,Detailed Alignment Survey & RoW Acquisition,2023-05-11,2023-04-28,False
PRJ-00419,Forest & Railway Board Sanction,2023-10-06,2024-01-14,True
PRJ-00419,Tendering & Major Civil Contract Award,2024-03-02,2024-10-16,True
PRJ-00419,"Earthwork, Tunnels & Bridge Abutments",2024-07-27,2024-09-10,True
PRJ-00419,Track Laying & 25kV OHE Electrification,2024-12-22,,True
PRJ-00419,Signalling (Kavach) & CRS Safety Inspection,2025-05-19,,True
PRJ-00420,Detailed Alignment Survey & RoW Acquisition,2022-04-08,2022-03-27,False
PRJ-00420,Forest & Railway Board Sanction,2022-09-12,2022-09-01,False
PRJ-00420,Tendering & Major Civil Contract Award,2023-02-16,2023-02-18,False
PRJ-00420,"Earthwork, Tunnels & Bridge Abutments",2023-07-23,2023-08-01,False
PRJ-00420,Track Laying & 25kV OHE Electrification,2023-12-27,2023-12-25,False
PRJ-00420,Signalling (Kavach) & CRS Safety Inspection,2024-06-01,2024-05-23,False
PRJ-00421,Detailed Alignment Survey & RoW Acquisition,2021-06-23,2021-06-08,False
PRJ-00421,Forest & Railway Board Sanction,2021-12-20,2021-12-06,False
PRJ-00421,Tendering & Major Civil Contract Award,2022-06-18,2022-06-24,False
PRJ-00421,"Earthwork, Tunnels & Bridge Abutments",2022-12-15,2022-12-12,False
PRJ-00421,Track Laying & 25kV OHE Electrification,2023-06-13,2023-06-06,False
PRJ-00421,Signalling (Kavach) & CRS Safety Inspection,2023-12-10,2023-11-29,False
PRJ-00422,Detailed Alignment Survey & RoW Acquisition,2024-04-17,2024-04-02,False
PRJ-00422,Forest & Railway Board Sanction,2024-09-30,2024-09-27,False
PRJ-00422,Tendering & Major Civil Contract Award,2025-03-15,2025-03-22,False
PRJ-00422,"Earthwork, Tunnels & Bridge Abutments",2025-08-28,2025-09-06,False
PRJ-00422,Track Laying & 25kV OHE Electrification,2026-02-10,2026-02-10,False
PRJ-00422,Signalling (Kavach) & CRS Safety Inspection,2026-07-26,,True
PRJ-00423,Statutory Approvals & Land Possession,2021-05-01,2021-05-10,False
PRJ-00423,Engineering Design & EPC Contract Award,2021-08-29,2021-12-11,True
PRJ-00423,Civil Works Foundation & Substructure,2021-12-27,2022-07-10,True
PRJ-00423,Main Equipment Supply & Installation,2022-04-26,2022-07-16,True
PRJ-00423,"Piping, Cabling & Auxiliary Works",2022-08-24,2022-11-07,True
PRJ-00423,"Pre-commissioning, Testing & Final Handover",2022-12-22,2023-06-11,True
PRJ-00424,Statutory Approvals & Land Possession,2024-02-27,2024-02-18,False
PRJ-00424,Engineering Design & EPC Contract Award,2024-11-07,2025-01-11,True
PRJ-00424,Civil Works Foundation & Substructure,2025-07-19,,True
PRJ-00424,Main Equipment Supply & Installation,2026-03-30,,True
PRJ-00424,"Piping, Cabling & Auxiliary Works",2026-12-09,,False
PRJ-00424,"Pre-commissioning, Testing & Final Handover",2027-08-20,,False
PRJ-00425,Detailed Alignment Survey & RoW Acquisition,2024-03-28,2024-04-07,False
PRJ-00425,Forest & Railway Board Sanction,2024-08-13,2025-01-05,True
PRJ-00425,Tendering & Major Civil Contract Award,2024-12-30,2025-02-02,True
PRJ-00425,"Earthwork, Tunnels & Bridge Abutments",2025-05-17,,True
PRJ-00425,Track Laying & 25kV OHE Electrification,2025-10-03,,True
PRJ-00425,Signalling (Kavach) & CRS Safety Inspection,2026-02-18,,True
PRJ-00426,Statutory Approvals & Land Possession,2021-01-25,2021-02-02,False
PRJ-00426,Engineering Design & EPC Contract Award,2021-07-06,2021-12-31,True
PRJ-00426,Civil Works Foundation & Substructure,2021-12-14,2022-03-13,True
PRJ-00426,Main Equipment Supply & Installation,2022-05-25,2022-07-12,True
PRJ-00426,"Piping, Cabling & Auxiliary Works",2022-11-02,2022-12-11,True
PRJ-00426,"Pre-commissioning, Testing & Final Handover",2023-04-13,2023-11-17,True
PRJ-00427,Land Acquisition & 3D Notification (90% RoW),2022-09-14,2022-09-24,False
PRJ-00427,Forest & Environmental Clearance,2023-04-24,2023-06-17,True
PRJ-00427,EPC / HAM Contract Award & Financial Close,2023-12-01,2024-04-25,True
PRJ-00427,"Earthwork, Embankment & Subgrade Completion",2024-07-10,,True
PRJ-00427,Major Bridges & Flyover Structures Erection,2025-02-16,,True
PRJ-00427,"Bituminous Pavement, Signage & Final COD",2025-09-26,,True
PRJ-00428,Statutory Approvals & Land Possession,2024-06-14,2024-06-22,False
PRJ-00428,Engineering Design & EPC Contract Award,2024-10-17,2025-05-08,True
PRJ-00428,Civil Works Foundation & Substructure,2025-02-18,,True
PRJ-00428,Main Equipment Supply & Installation,2025-06-23,,True
PRJ-00428,"Piping, Cabling & Auxiliary Works",2025-10-26,,True
PRJ-00428,"Pre-commissioning, Testing & Final Handover",2026-02-27,,True
PRJ-00429,Statutory Approvals & Land Possession,2021-10-01,2021-09-21,False
PRJ-00429,Engineering Design & EPC Contract Award,2022-04-22,2022-09-11,True
PRJ-00429,Civil Works Foundation & Substructure,2022-11-11,2023-02-11,True
PRJ-00429,Main Equipment Supply & Installation,2023-06-02,2023-11-27,True
PRJ-00429,"Piping, Cabling & Auxiliary Works",2023-12-22,2024-01-31,True
PRJ-00429,"Pre-commissioning, Testing & Final Handover",2024-07-12,,True
PRJ-00430,Land Acquisition & 3D Notification (90% RoW),2021-07-13,2021-07-20,False
PRJ-00430,Forest & Environmental Clearance,2021-11-28,2022-07-22,True
PRJ-00430,EPC / HAM Contract Award & Financial Close,2022-04-16,2022-12-04,True
PRJ-00430,"Earthwork, Embankment & Subgrade Completion",2022-09-01,2023-04-16,True
PRJ-00430,Major Bridges & Flyover Structures Erection,2023-01-18,,True
PRJ-00430,"Bituminous Pavement, Signage & Final COD",2023-06-05,,True
PRJ-00431,Statutory Approvals & Land Possession,2024-05-19,2024-05-19,False
PRJ-00431,Engineering Design & EPC Contract Award,2024-11-01,2025-05-06,True
PRJ-00431,Civil Works Foundation & Substructure,2025-04-16,2025-06-07,True
PRJ-00431,Main Equipment Supply & Installation,2025-09-29,,True
PRJ-00431,"Piping, Cabling & Auxiliary Works",2026-03-14,,True
PRJ-00431,"Pre-commissioning, Testing & Final Handover",2026-08-27,,False
PRJ-00432,Land Acquisition & 3D Notification (90% RoW),2021-10-20,2021-10-25,False
PRJ-00432,Forest & Environmental Clearance,2022-05-11,2022-11-25,True
PRJ-00432,EPC / HAM Contract Award & Financial Close,2022-11-30,2023-02-21,True
PRJ-00432,"Earthwork, Embankment & Subgrade Completion",2023-06-21,2023-09-29,True
PRJ-00432,Major Bridges & Flyover Structures Erection,2024-01-10,2024-02-22,True
PRJ-00432,"Bituminous Pavement, Signage & Final COD",2024-07-31,2024-10-18,True
PRJ-00433,Land Acquisition & 3D Notification (90% RoW),2022-06-01,2022-05-31,False
PRJ-00433,Forest & Environmental Clearance,2022-11-23,2023-01-03,True
PRJ-00433,EPC / HAM Contract Award & Financial Close,2023-05-18,2023-07-13,True
PRJ-00433,"Earthwork, Embankment & Subgrade Completion",2023-11-09,2024-06-15,True
PRJ-00433,Major Bridges & Flyover Structures Erection,2024-05-02,,True
PRJ-00433,"Bituminous Pavement, Signage & Final COD",2024-10-25,,True
PRJ-00434,Detailed Alignment Survey & RoW Acquisition,2021-01-25,2021-01-20,False
PRJ-00434,Forest & Railway Board Sanction,2021-09-13,2021-12-10,True
PRJ-00434,Tendering & Major Civil Contract Award,2022-05-02,2022-12-17,True
PRJ-00434,"Earthwork, Tunnels & Bridge Abutments",2022-12-19,2023-02-15,True
PRJ-00434,Track Laying & 25kV OHE Electrification,2023-08-06,2023-11-27,True
PRJ-00434,Signalling (Kavach) & CRS Safety Inspection,2024-03-24,2024-06-20,True
PRJ-00435,Statutory Approvals & Land Possession,2021-10-16,2021-10-15,False
PRJ-00435,Engineering Design & EPC Contract Award,2022-03-03,2022-02-21,False
PRJ-00435,Civil Works Foundation & Substructure,2022-07-20,2022-07-17,False
PRJ-00435,Main Equipment Supply & Installation,2022-12-05,2022-12-01,False
PRJ-00435,"Piping, Cabling & Auxiliary Works",2023-04-23,2023-04-12,False
PRJ-00435,"Pre-commissioning, Testing & Final Handover",2023-09-08,2023-09-07,False
PRJ-00436,Stage-II Forest Clearance & R&R Settlement,2022-10-21,2022-10-16,False
PRJ-00436,River Diversion & Coffer Dam Construction,2023-02-13,2023-05-10,True
PRJ-00436,Head Race Tunnel (HRT) Excavation,2023-06-09,2023-09-22,True
PRJ-00436,Main Dam Concrete Placement / Embankment,2023-10-02,2024-04-03,True
PRJ-00436,Turbine & Generator Assembly Erection,2024-01-25,2024-04-04,True
PRJ-00436,Reservoir Impoundment & Grid Synchronization,2024-05-20,,True
PRJ-00437,Land & Depot Acquisition Approval,2024-09-11,2024-09-19,False
PRJ-00437,Utility Shifting & Tree Clearance,2025-04-21,2025-04-19,False
PRJ-00437,Viaduct Pier Construction & TBM Tunneling,2025-11-28,2025-12-06,False
PRJ-00437,Underground / Elevated Stations Civil Structure,2026-07-08,,True
PRJ-00437,Third Rail / OHE & CBTC Signalling,2027-02-14,,False
PRJ-00437,Rolling Stock Trials & CMRS Certification,2027-09-24,,False
PRJ-00438,Statutory Approvals & Land Possession,2022-05-28,2022-05-14,False
PRJ-00438,Engineering Design & EPC Contract Award,2022-11-01,2022-10-30,False
PRJ-00438,Civil Works Foundation & Substructure,2023-04-07,2023-04-08,False
PRJ-00438,Main Equipment Supply & Installation,2023-09-11,2023-09-08,False
PRJ-00438,"Piping, Cabling & Auxiliary Works",2024-02-15,2024-02-15,False
PRJ-00438,"Pre-commissioning, Testing & Final Handover",2024-07-21,2024-07-31,False
PRJ-00439,Land Acquisition & 3D Notification (90% RoW),2026-08-31,,False
PRJ-00439,Forest & Environmental Clearance,2027-03-22,,False
PRJ-00439,EPC / HAM Contract Award & Financial Close,2027-10-11,,False
PRJ-00439,"Earthwork, Embankment & Subgrade Completion",2028-05-01,,False
PRJ-00439,Major Bridges & Flyover Structures Erection,2028-11-20,,False
PRJ-00439,"Bituminous Pavement, Signage & Final COD",2029-06-11,,False
PRJ-00440,Stage-II Forest Clearance & R&R Settlement,2025-06-26,2025-06-16,False
PRJ-00440,River Diversion & Coffer Dam Construction,2025-11-30,2025-12-10,False
PRJ-00440,Head Race Tunnel (HRT) Excavation,2026-05-06,2026-05-02,False
PRJ-00440,Main Dam Concrete Placement / Embankment,2026-10-10,,False
PRJ-00440,Turbine & Generator Assembly Erection,2027-03-16,,False
PRJ-00440,Reservoir Impoundment & Grid Synchronization,2027-08-20,,False
PRJ-00441,Land Acquisition & 3D Notification (90% RoW),2023-04-09,2023-04-12,False
PRJ-00441,Forest & Environmental Clearance,2023-09-08,2024-04-28,True
PRJ-00441,EPC / HAM Contract Award & Financial Close,2024-02-07,2024-04-30,True
PRJ-00441,"Earthwork, Embankment & Subgrade Completion",2024-07-09,,True
PRJ-00441,Major Bridges & Flyover Structures Erection,2024-12-08,,True
PRJ-00441,"Bituminous Pavement, Signage & Final COD",2025-05-09,,True
PRJ-00442,Statutory Approvals & Land Possession,2025-12-06,,True
PRJ-00442,Engineering Design & EPC Contract Award,2026-04-28,,True
PRJ-00442,Civil Works Foundation & Substructure,2026-09-18,,False
PRJ-00442,Main Equipment Supply & Installation,2027-02-08,,False
PRJ-00442,"Piping, Cabling & Auxiliary Works",2027-07-01,,False
PRJ-00442,"Pre-commissioning, Testing & Final Handover",2027-11-21,,False
PRJ-00443,Statutory Approvals & Land Possession,2021-09-25,2021-10-03,False
PRJ-00443,Engineering Design & EPC Contract Award,2022-04-02,2022-04-11,False
PRJ-00443,Civil Works Foundation & Substructure,2022-10-08,2022-09-30,False
PRJ-00443,Main Equipment Supply & Installation,2023-04-15,2023-04-10,False
PRJ-00443,"Piping, Cabling & Auxiliary Works",2023-10-22,2023-10-18,False
PRJ-00443,"Pre-commissioning, Testing & Final Handover",2024-04-28,2024-04-21,False
PRJ-00444,Land Acquisition & 3D Notification (90% RoW),2024-06-03,2024-05-28,False
PRJ-00444,Forest & Environmental Clearance,2024-10-06,2025-02-28,True
PRJ-00444,EPC / HAM Contract Award & Financial Close,2025-02-07,,True
PRJ-00444,"Earthwork, Embankment & Subgrade Completion",2025-06-12,,True
PRJ-00444,Major Bridges & Flyover Structures Erection,2025-10-15,,True
PRJ-00444,"Bituminous Pavement, Signage & Final COD",2026-02-16,,True
PRJ-00445,Land Acquisition & 3D Notification (90% RoW),2022-01-27,2022-02-01,False
PRJ-00445,Forest & Environmental Clearance,2022-09-10,2022-10-15,True
PRJ-00445,EPC / HAM Contract Award & Financial Close,2023-04-24,2023-08-07,True
PRJ-00445,"Earthwork, Embankment & Subgrade Completion",2023-12-06,,True
PRJ-00445,Major Bridges & Flyover Structures Erection,2024-07-19,,True
PRJ-00445,"Bituminous Pavement, Signage & Final COD",2025-03-02,,True
PRJ-00446,Statutory Approvals & Land Possession,2024-07-22,2024-07-14,False
PRJ-00446,Engineering Design & EPC Contract Award,2025-03-01,,True
PRJ-00446,Civil Works Foundation & Substructure,2025-10-08,,True
PRJ-00446,Main Equipment Supply & Installation,2026-05-18,,True
PRJ-00446,"Piping, Cabling & Auxiliary Works",2026-12-25,,False
PRJ-00446,"Pre-commissioning, Testing & Final Handover",2027-08-04,,False
PRJ-00447,Stage-II Forest Clearance & R&R Settlement,2026-05-13,,True
PRJ-00447,River Diversion & Coffer Dam Construction,2026-12-25,,False
PRJ-00447,Head Race Tunnel (HRT) Excavation,2027-08-08,,False
PRJ-00447,Main Dam Concrete Placement / Embankment,2028-03-21,,False
PRJ-00447,Turbine & Generator Assembly Erection,2028-11-02,,False
PRJ-00447,Reservoir Impoundment & Grid Synchronization,2029-06-16,,False
PRJ-00448,Statutory Approvals & Land Possession,2024-03-16,2024-03-20,False
PRJ-00448,Engineering Design & EPC Contract Award,2024-08-15,2024-08-05,False
PRJ-00448,Civil Works Foundation & Substructure,2025-01-14,2025-01-21,False
PRJ-00448,Main Equipment Supply & Installation,2025-06-16,2025-06-18,False
PRJ-00448,"Piping, Cabling & Auxiliary Works",2025-11-15,2025-11-09,False
PRJ-00448,"Pre-commissioning, Testing & Final Handover",2026-04-16,2026-04-06,False
PRJ-00449,Statutory Approvals & Land Possession,2021-10-14,2021-10-21,False
PRJ-00449,Engineering Design & EPC Contract Award,2022-04-17,2022-04-03,False
PRJ-00449,Civil Works Foundation & Substructure,2022-10-18,2022-10-24,False
PRJ-00449,Main Equipment Supply & Installation,2023-04-21,2023-04-16,False
PRJ-00449,"Piping, Cabling & Auxiliary Works",2023-10-23,2023-10-19,False
PRJ-00449,"Pre-commissioning, Testing & Final Handover",2024-04-24,2024-04-13,False
PRJ-00450,Detailed Alignment Survey & RoW Acquisition,2020-11-18,2020-11-20,False
PRJ-00450,Forest & Railway Board Sanction,2021-04-29,2021-10-05,True
PRJ-00450,Tendering & Major Civil Contract Award,2021-10-07,2022-01-29,True
PRJ-00450,"Earthwork, Tunnels & Bridge Abutments",2022-03-18,2022-09-29,True
PRJ-00450,Track Laying & 25kV OHE Electrification,2022-08-26,,True
PRJ-00450,Signalling (Kavach) & CRS Safety Inspection,2023-02-04,,True
PRJ-00451,Detailed Alignment Survey & RoW Acquisition,2022-08-09,2022-07-26,False
PRJ-00451,Forest & Railway Board Sanction,2022-12-30,2022-12-19,False
PRJ-00451,Tendering & Major Civil Contract Award,2023-05-22,2023-05-28,False
PRJ-00451,"Earthwork, Tunnels & Bridge Abutments",2023-10-12,2023-10-14,False
PRJ-00451,Track Laying & 25kV OHE Electrification,2024-03-03,2024-02-20,False
PRJ-00451,Signalling (Kavach) & CRS Safety Inspection,2024-07-24,2024-07-18,False
PRJ-00452,Statutory Approvals & Land Possession,2022-11-01,2022-11-10,False
PRJ-00452,Engineering Design & EPC Contract Award,2023-06-15,2023-06-08,False
PRJ-00452,Civil Works Foundation & Substructure,2024-01-27,2024-01-18,False
PRJ-00452,Main Equipment Supply & Installation,2024-09-09,2024-08-25,False
PRJ-00452,"Piping, Cabling & Auxiliary Works",2025-04-23,2025-04-10,False
PRJ-00452,"Pre-commissioning, Testing & Final Handover",2025-12-05,2025-12-07,False
PRJ-00453,Statutory Approvals & Land Possession,2024-04-29,2024-05-06,False
PRJ-00453,Engineering Design & EPC Contract Award,2024-11-23,2024-11-21,False
PRJ-00453,Civil Works Foundation & Substructure,2025-06-19,2025-06-15,False
PRJ-00453,Main Equipment Supply & Installation,2026-01-12,2026-01-09,False
PRJ-00453,"Piping, Cabling & Auxiliary Works",2026-08-08,2026-08-04,False
PRJ-00453,"Pre-commissioning, Testing & Final Handover",2027-03-04,,False
PRJ-00454,Land & Depot Acquisition Approval,2025-03-17,2025-03-11,False
PRJ-00454,Utility Shifting & Tree Clearance,2025-12-24,,True
PRJ-00454,Viaduct Pier Construction & TBM Tunneling,2026-10-01,,False
PRJ-00454,Underground / Elevated Stations Civil Structure,2027-07-10,,False
PRJ-00454,Third Rail / OHE & CBTC Signalling,2028-04-16,,False
PRJ-00454,Rolling Stock Trials & CMRS Certification,2029-01-23,,False
PRJ-00455,Statutory Approvals & Land Possession,2025-06-29,,True
PRJ-00455,Engineering Design & EPC Contract Award,2026-02-06,,True
PRJ-00455,Civil Works Foundation & Substructure,2026-09-15,,False
PRJ-00455,Main Equipment Supply & Installation,2027-04-25,,False
PRJ-00455,"Piping, Cabling & Auxiliary Works",2027-12-02,,False
PRJ-00455,"Pre-commissioning, Testing & Final Handover",2028-07-11,,False
PRJ-00456,Statutory Approvals & Land Possession,2022-07-25,2022-07-19,False
PRJ-00456,Engineering Design & EPC Contract Award,2023-02-04,2023-02-06,False
PRJ-00456,Civil Works Foundation & Substructure,2023-08-17,2023-08-17,False
PRJ-00456,Main Equipment Supply & Installation,2024-02-27,2024-02-13,False
PRJ-00456,"Piping, Cabling & Auxiliary Works",2024-09-08,2024-09-02,False
PRJ-00456,"Pre-commissioning, Testing & Final Handover",2025-03-21,2025-03-24,False
PRJ-00457,Statutory Approvals & Land Possession,2020-08-02,2020-07-27,False
PRJ-00457,Engineering Design & EPC Contract Award,2020-12-28,2021-05-13,True
PRJ-00457,Civil Works Foundation & Substructure,2021-05-25,2021-08-08,True
PRJ-00457,Main Equipment Supply & Installation,2021-10-19,2022-03-23,True
PRJ-00457,"Piping, Cabling & Auxiliary Works",2022-03-16,2022-10-08,True
PRJ-00457,"Pre-commissioning, Testing & Final Handover",2022-08-11,2023-02-22,True
PRJ-00458,Land Acquisition & 3D Notification (90% RoW),2025-09-12,,True
PRJ-00458,Forest & Environmental Clearance,2026-03-02,,True
PRJ-00458,EPC / HAM Contract Award & Financial Close,2026-08-20,,False
PRJ-00458,"Earthwork, Embankment & Subgrade Completion",2027-02-07,,False
PRJ-00458,Major Bridges & Flyover Structures Erection,2027-07-27,,False
PRJ-00458,"Bituminous Pavement, Signage & Final COD",2028-01-14,,False
PRJ-00459,Land Acquisition & 3D Notification (90% RoW),2022-09-10,2022-08-31,False
PRJ-00459,Forest & Environmental Clearance,2023-01-26,2023-03-10,True
PRJ-00459,EPC / HAM Contract Award & Financial Close,2023-06-14,2023-09-21,True
PRJ-00459,"Earthwork, Embankment & Subgrade Completion",2023-10-30,2024-02-29,True
PRJ-00459,Major Bridges & Flyover Structures Erection,2024-03-17,,True
PRJ-00459,"Bituminous Pavement, Signage & Final COD",2024-08-02,,True
PRJ-00460,Detailed Alignment Survey & RoW Acquisition,2021-07-16,2021-07-11,False
PRJ-00460,Forest & Railway Board Sanction,2022-01-17,2022-08-10,True
PRJ-00460,Tendering & Major Civil Contract Award,2022-07-20,2023-03-11,True
PRJ-00460,"Earthwork, Tunnels & Bridge Abutments",2023-01-21,2023-05-08,True
PRJ-00460,Track Laying & 25kV OHE Electrification,2023-07-25,2023-11-01,True
PRJ-00460,Signalling (Kavach) & CRS Safety Inspection,2024-01-25,2024-08-17,True
PRJ-00461,Statutory Approvals & Land Possession,2021-09-19,2021-09-07,False
PRJ-00461,Engineering Design & EPC Contract Award,2022-02-28,2022-05-24,True
PRJ-00461,Civil Works Foundation & Substructure,2022-08-08,2022-10-16,True
PRJ-00461,Main Equipment Supply & Installation,2023-01-17,2023-06-24,True
PRJ-00461,"Piping, Cabling & Auxiliary Works",2023-06-27,2023-09-21,True
PRJ-00461,"Pre-commissioning, Testing & Final Handover",2023-12-06,2024-02-22,True
PRJ-00462,Land & Depot Acquisition Approval,2021-03-30,2021-03-20,False
PRJ-00462,Utility Shifting & Tree Clearance,2021-09-08,2022-04-07,True
PRJ-00462,Viaduct Pier Construction & TBM Tunneling,2022-02-16,2022-06-03,True
PRJ-00462,Underground / Elevated Stations Civil Structure,2022-07-28,2022-09-03,True
PRJ-00462,Third Rail / OHE & CBTC Signalling,2023-01-05,,True
PRJ-00462,Rolling Stock Trials & CMRS Certification,2023-06-16,,True
PRJ-00463,Land Acquisition & 3D Notification (90% RoW),2022-02-15,2022-02-03,False
PRJ-00463,Forest & Environmental Clearance,2022-10-04,2022-11-22,True
PRJ-00463,EPC / HAM Contract Award & Financial Close,2023-05-23,2023-06-26,True
PRJ-00463,"Earthwork, Embankment & Subgrade Completion",2024-01-09,2024-08-24,True
PRJ-00463,Major Bridges & Flyover Structures Erection,2024-08-26,,True
PRJ-00463,"Bituminous Pavement, Signage & Final COD",2025-04-14,,True
PRJ-00464,Statutory Approvals & Land Possession,2026-04-14,,True
PRJ-00464,Engineering Design & EPC Contract Award,2026-10-02,,False
PRJ-00464,Civil Works Foundation & Substructure,2027-03-22,,False
PRJ-00464,Main Equipment Supply & Installation,2027-09-09,,False
PRJ-00464,"Piping, Cabling & Auxiliary Works",2028-02-26,,False
PRJ-00464,"Pre-commissioning, Testing & Final Handover",2028-08-15,,False
PRJ-00465,Land Acquisition & 3D Notification (90% RoW),2021-12-19,2021-12-09,False
PRJ-00465,Forest & Environmental Clearance,2022-07-05,2022-12-10,True
PRJ-00465,EPC / HAM Contract Award & Financial Close,2023-01-20,2023-09-06,True
PRJ-00465,"Earthwork, Embankment & Subgrade Completion",2023-08-06,,True
PRJ-00465,Major Bridges & Flyover Structures Erection,2024-02-21,,True
PRJ-00465,"Bituminous Pavement, Signage & Final COD",2024-09-06,,True
PRJ-00466,Detailed Alignment Survey & RoW Acquisition,2021-06-21,2021-06-06,False
PRJ-00466,Forest & Railway Board Sanction,2021-12-04,2022-07-07,True
PRJ-00466,Tendering & Major Civil Contract Award,2022-05-19,2022-07-13,True
PRJ-00466,"Earthwork, Tunnels & Bridge Abutments",2022-11-01,2023-01-24,True
PRJ-00466,Track Laying & 25kV OHE Electrification,2023-04-16,2023-09-22,True
PRJ-00466,Signalling (Kavach) & CRS Safety Inspection,2023-09-29,,True
PRJ-00467,Statutory Approvals & Land Possession,2026-01-01,,True
PRJ-00467,Engineering Design & EPC Contract Award,2026-07-14,,True
PRJ-00467,Civil Works Foundation & Substructure,2027-01-24,,False
PRJ-00467,Main Equipment Supply & Installation,2027-08-06,,False
PRJ-00467,"Piping, Cabling & Auxiliary Works",2028-02-16,,False
PRJ-00467,"Pre-commissioning, Testing & Final Handover",2028-08-28,,False
PRJ-00468,Statutory Approvals & Land Possession,2023-08-29,2023-08-23,False
PRJ-00468,Engineering Design & EPC Contract Award,2024-02-07,2024-07-02,True
PRJ-00468,Civil Works Foundation & Substructure,2024-07-17,,True
PRJ-00468,Main Equipment Supply & Installation,2024-12-26,,True
PRJ-00468,"Piping, Cabling & Auxiliary Works",2025-06-05,,True
PRJ-00468,"Pre-commissioning, Testing & Final Handover",2025-11-14,,True
PRJ-00469,Statutory Approvals & Land Possession,2023-11-13,2023-10-29,False
PRJ-00469,Engineering Design & EPC Contract Award,2024-04-23,2024-04-29,False
PRJ-00469,Civil Works Foundation & Substructure,2024-10-01,2024-10-01,False
PRJ-00469,Main Equipment Supply & Installation,2025-03-12,2025-03-18,False
PRJ-00469,"Piping, Cabling & Auxiliary Works",2025-08-20,2025-08-08,False
PRJ-00469,"Pre-commissioning, Testing & Final Handover",2026-01-29,2026-01-26,False
PRJ-00470,Land Acquisition & 3D Notification (90% RoW),2025-01-07,2024-12-29,False
PRJ-00470,Forest & Environmental Clearance,2025-06-27,2025-07-01,False
PRJ-00470,EPC / HAM Contract Award & Financial Close,2025-12-15,2025-12-12,False
PRJ-00470,"Earthwork, Embankment & Subgrade Completion",2026-06-04,2026-05-23,False
PRJ-00470,Major Bridges & Flyover Structures Erection,2026-11-21,,False
PRJ-00470,"Bituminous Pavement, Signage & Final COD",2027-05-11,,False
PRJ-00471,Statutory Approvals & Land Possession,2026-05-14,2026-05-20,False
PRJ-00471,Engineering Design & EPC Contract Award,2026-10-04,,False
PRJ-00471,Civil Works Foundation & Substructure,2027-02-24,,False
PRJ-00471,Main Equipment Supply & Installation,2027-07-17,,False
PRJ-00471,"Piping, Cabling & Auxiliary Works",2027-12-07,,False
PRJ-00471,"Pre-commissioning, Testing & Final Handover",2028-04-28,,False
PRJ-00472,Statutory Approvals & Land Possession,2023-11-09,2023-10-28,False
PRJ-00472,Engineering Design & EPC Contract Award,2024-06-13,2025-01-17,True
PRJ-00472,Civil Works Foundation & Substructure,2025-01-16,2025-02-28,True
PRJ-00472,Main Equipment Supply & Installation,2025-08-21,,True
PRJ-00472,"Piping, Cabling & Auxiliary Works",2026-03-26,,True
PRJ-00472,"Pre-commissioning, Testing & Final Handover",2026-10-29,,False
PRJ-00473,Statutory Approvals & Land Possession,2025-07-21,,True
PRJ-00473,Engineering Design & EPC Contract Award,2026-02-09,,True
PRJ-00473,Civil Works Foundation & Substructure,2026-08-31,,False
PRJ-00473,Main Equipment Supply & Installation,2027-03-22,,False
PRJ-00473,"Piping, Cabling & Auxiliary Works",2027-10-11,,False
PRJ-00473,"Pre-commissioning, Testing & Final Handover",2028-05-01,,False
PRJ-00474,Land Acquisition & 3D Notification (90% RoW),2025-01-12,2025-01-10,False
PRJ-00474,Forest & Environmental Clearance,2025-06-27,2025-06-15,False
PRJ-00474,EPC / HAM Contract Award & Financial Close,2025-12-10,2025-12-07,False
PRJ-00474,"Earthwork, Embankment & Subgrade Completion",2026-05-25,2026-05-24,False
PRJ-00474,Major Bridges & Flyover Structures Erection,2026-11-07,,False
PRJ-00474,"Bituminous Pavement, Signage & Final COD",2027-04-22,,False
PRJ-00475,Statutory Approvals & Land Possession,2022-09-13,2022-09-07,False
PRJ-00475,Engineering Design & EPC Contract Award,2023-04-18,2023-04-25,False
PRJ-00475,Civil Works Foundation & Substructure,2023-11-21,2023-11-18,False
PRJ-00475,Main Equipment Supply & Installation,2024-06-25,2024-06-25,False
PRJ-00475,"Piping, Cabling & Auxiliary Works",2025-01-28,2025-02-06,False
PRJ-00475,"Pre-commissioning, Testing & Final Handover",2025-09-02,2025-08-21,False
PRJ-00476,Detailed Alignment Survey & RoW Acquisition,2024-04-08,2024-04-05,False
PRJ-00476,Forest & Railway Board Sanction,2024-08-29,2025-03-04,True
PRJ-00476,Tendering & Major Civil Contract Award,2025-01-19,,True
PRJ-00476,"Earthwork, Tunnels & Bridge Abutments",2025-06-11,,True
PRJ-00476,Track Laying & 25kV OHE Electrification,2025-11-01,,True
PRJ-00476,Signalling (Kavach) & CRS Safety Inspection,2026-03-24,,True
PRJ-00477,Land Acquisition & 3D Notification (90% RoW),2022-03-19,2022-03-15,False
PRJ-00477,Forest & Environmental Clearance,2022-08-14,2022-12-27,True
PRJ-00477,EPC / HAM Contract Award & Financial Close,2023-01-09,2023-05-08,True
PRJ-00477,"Earthwork, Embankment & Subgrade Completion",2023-06-05,2023-07-19,True
PRJ-00477,Major Bridges & Flyover Structures Erection,2023-10-31,2024-05-17,True
PRJ-00477,"Bituminous Pavement, Signage & Final COD",2024-03-27,,True
PRJ-00478,Statutory Approvals & Land Possession,2021-10-06,2021-10-12,False
PRJ-00478,Engineering Design & EPC Contract Award,2022-03-21,2022-08-06,True
PRJ-00478,Civil Works Foundation & Substructure,2022-09-03,2023-02-25,True
PRJ-00478,Main Equipment Supply & Installation,2023-02-16,2023-07-27,True
PRJ-00478,"Piping, Cabling & Auxiliary Works",2023-08-01,2023-12-16,True
PRJ-00478,"Pre-commissioning, Testing & Final Handover",2024-01-14,2024-04-21,True
PRJ-00479,Detailed Alignment Survey & RoW Acquisition,2024-01-17,2024-01-18,False
PRJ-00479,Forest & Railway Board Sanction,2024-07-06,2024-07-16,False
PRJ-00479,Tendering & Major Civil Contract Award,2024-12-24,2025-01-02,False
PRJ-00479,"Earthwork, Tunnels & Bridge Abutments",2025-06-13,2025-06-19,False
PRJ-00479,Track Laying & 25kV OHE Electrification,2025-11-30,2025-11-25,False
PRJ-00479,Signalling (Kavach) & CRS Safety Inspection,2026-05-20,2026-05-10,False
PRJ-00480,Detailed Alignment Survey & RoW Acquisition,2024-11-25,2024-12-03,False
PRJ-00480,Forest & Railway Board Sanction,2025-05-10,2025-07-02,True
PRJ-00480,Tendering & Major Civil Contract Award,2025-10-23,,True
PRJ-00480,"Earthwork, Tunnels & Bridge Abutments",2026-04-07,,True
PRJ-00480,Track Laying & 25kV OHE Electrification,2026-09-20,,False
PRJ-00480,Signalling (Kavach) & CRS Safety Inspection,2027-03-05,,False
PRJ-00481,Land Acquisition & 3D Notification (90% RoW),2025-01-27,2025-02-06,False
PRJ-00481,Forest & Environmental Clearance,2025-05-18,,True
PRJ-00481,EPC / HAM Contract Award & Financial Close,2025-09-06,,True
PRJ-00481,"Earthwork, Embankment & Subgrade Completion",2025-12-26,,True
PRJ-00481,Major Bridges & Flyover Structures Erection,2026-04-15,,True
PRJ-00481,"Bituminous Pavement, Signage & Final COD",2026-08-04,,False
PRJ-00482,AERB Site Clearance & Environmental Approval,2024-02-18,2024-02-03,False
PRJ-00482,First Pour of Concrete (FPC) Milestone,2024-06-12,2024-12-19,True
PRJ-00482,Reactor Building Inner Containment Dome,2024-10-06,2025-05-04,True
PRJ-00482,Reactor Pressure Vessel & Steam Generator Installation,2025-01-29,2025-07-10,True
PRJ-00482,"Secondary Piping, Turbine & Grid Interface",2025-05-24,,True
PRJ-00482,AERB Fuel Loading Permission & Full Power COD,2025-09-17,,True
PRJ-00483,Detailed Alignment Survey & RoW Acquisition,2025-09-01,2025-08-23,False
PRJ-00483,Forest & Railway Board Sanction,2026-02-28,2026-02-24,False
PRJ-00483,Tendering & Major Civil Contract Award,2026-08-27,,False
PRJ-00483,"Earthwork, Tunnels & Bridge Abutments",2027-02-23,,False
PRJ-00483,Track Laying & 25kV OHE Electrification,2027-08-22,,False
PRJ-00483,Signalling (Kavach) & CRS Safety Inspection,2028-02-18,,False
PRJ-00484,Land Acquisition & 3D Notification (90% RoW),2024-05-07,2024-04-30,False
PRJ-00484,Forest & Environmental Clearance,2024-10-16,2025-06-13,True
PRJ-00484,EPC / HAM Contract Award & Financial Close,2025-03-26,,True
PRJ-00484,"Earthwork, Embankment & Subgrade Completion",2025-09-04,,True
PRJ-00484,Major Bridges & Flyover Structures Erection,2026-02-12,,True
PRJ-00484,"Bituminous Pavement, Signage & Final COD",2026-07-24,,True
PRJ-00485,Detailed Alignment Survey & RoW Acquisition,2024-01-18,2024-01-18,False
PRJ-00485,Forest & Railway Board Sanction,2024-09-14,2025-03-06,True
PRJ-00485,Tendering & Major Civil Contract Award,2025-05-12,,True
PRJ-00485,"Earthwork, Tunnels & Bridge Abutments",2026-01-07,,True
PRJ-00485,Track Laying & 25kV OHE Electrification,2026-09-04,,False
PRJ-00485,Signalling (Kavach) & CRS Safety Inspection,2027-05-02,,False
PRJ-00486,Detailed Alignment Survey & RoW Acquisition,2021-10-14,2021-10-22,False
PRJ-00486,Forest & Railway Board Sanction,2022-03-11,2022-03-11,False
PRJ-00486,Tendering & Major Civil Contract Award,2022-08-06,2022-08-16,False
PRJ-00486,"Earthwork, Tunnels & Bridge Abutments",2022-12-31,2022-12-16,False
PRJ-00486,Track Laying & 25kV OHE Electrification,2023-05-28,2023-05-14,False
PRJ-00486,Signalling (Kavach) & CRS Safety Inspection,2023-10-23,2023-10-10,False
PRJ-00487,Statutory Approvals & Land Possession,2023-10-15,2023-10-03,False
PRJ-00487,Engineering Design & EPC Contract Award,2024-04-17,2024-10-10,True
PRJ-00487,Civil Works Foundation & Substructure,2024-10-18,,True
PRJ-00487,Main Equipment Supply & Installation,2025-04-21,,True
PRJ-00487,"Piping, Cabling & Auxiliary Works",2025-10-23,,True
PRJ-00487,"Pre-commissioning, Testing & Final Handover",2026-04-25,,True
PRJ-00488,Statutory Approvals & Land Possession,2020-12-05,2020-12-15,False
PRJ-00488,Engineering Design & EPC Contract Award,2021-06-08,2021-06-16,False
PRJ-00488,Civil Works Foundation & Substructure,2021-12-09,2021-12-17,False
PRJ-00488,Main Equipment Supply & Installation,2022-06-12,2022-06-04,False
PRJ-00488,"Piping, Cabling & Auxiliary Works",2022-12-14,2022-12-12,False
PRJ-00488,"Pre-commissioning, Testing & Final Handover",2023-06-16,2023-06-07,False
PRJ-00489,Detailed Alignment Survey & RoW Acquisition,2023-08-11,2023-08-09,False
PRJ-00489,Forest & Railway Board Sanction,2024-03-20,2024-08-18,True
PRJ-00489,Tendering & Major Civil Contract Award,2024-10-27,2025-05-19,True
PRJ-00489,"Earthwork, Tunnels & Bridge Abutments",2025-06-06,,True
PRJ-00489,Track Laying & 25kV OHE Electrification,2026-01-13,,True
PRJ-00489,Signalling (Kavach) & CRS Safety Inspection,2026-08-23,,False
PRJ-00490,Statutory Approvals & Land Possession,2024-10-17,2024-10-25,False
PRJ-00490,Engineering Design & EPC Contract Award,2025-04-10,2025-04-16,False
PRJ-00490,Civil Works Foundation & Substructure,2025-10-03,2025-10-13,False
PRJ-00490,Main Equipment Supply & Installation,2026-03-27,2026-03-13,False
PRJ-00490,"Piping, Cabling & Auxiliary Works",2026-09-18,,False
PRJ-00490,"Pre-commissioning, Testing & Final Handover",2027-03-13,,False
PRJ-00491,Stage-II Forest Clearance & R&R Settlement,2026-11-15,,False
PRJ-00491,River Diversion & Coffer Dam Construction,2027-05-28,,False
PRJ-00491,Head Race Tunnel (HRT) Excavation,2027-12-08,,False
PRJ-00491,Main Dam Concrete Placement / Embankment,2028-06-19,,False
PRJ-00491,Turbine & Generator Assembly Erection,2028-12-30,,False
PRJ-00491,Reservoir Impoundment & Grid Synchronization,2029-07-12,,False
PRJ-00492,Land Acquisition & 3D Notification (90% RoW),2023-04-22,2023-05-01,False
PRJ-00492,Forest & Environmental Clearance,2023-11-25,2024-06-06,True
PRJ-00492,EPC / HAM Contract Award & Financial Close,2024-06-29,2024-11-10,True
PRJ-00492,"Earthwork, Embankment & Subgrade Completion",2025-02-01,,True
PRJ-00492,Major Bridges & Flyover Structures Erection,2025-09-06,,True
PRJ-00492,"Bituminous Pavement, Signage & Final COD",2026-04-11,,True
PRJ-00493,Land Acquisition & 3D Notification (90% RoW),2023-10-08,2023-09-25,False
PRJ-00493,Forest & Environmental Clearance,2024-03-13,2024-03-09,False
PRJ-00493,EPC / HAM Contract Award & Financial Close,2024-08-17,2024-08-15,False
PRJ-00493,"Earthwork, Embankment & Subgrade Completion",2025-01-21,2025-01-25,False
PRJ-00493,Major Bridges & Flyover Structures Erection,2025-06-27,2025-07-05,False
PRJ-00493,"Bituminous Pavement, Signage & Final COD",2025-12-01,2025-12-03,False
PRJ-00494,Detailed Alignment Survey & RoW Acquisition,2022-08-02,2022-08-05,False
PRJ-00494,Forest & Railway Board Sanction,2022-12-09,2022-11-26,False
PRJ-00494,Tendering & Major Civil Contract Award,2023-04-17,2023-04-05,False
PRJ-00494,"Earthwork, Tunnels & Bridge Abutments",2023-08-24,2023-08-14,False
PRJ-00494,Track Laying & 25kV OHE Electrification,2024-01-01,2023-12-24,False
PRJ-00494,Signalling (Kavach) & CRS Safety Inspection,2024-05-09,2024-05-10,False
PRJ-00495,Detailed Alignment Survey & RoW Acquisition,2025-09-29,2025-09-27,False
PRJ-00495,Forest & Railway Board Sanction,2026-02-28,2026-02-24,False
PRJ-00495,Tendering & Major Civil Contract Award,2026-07-30,2026-07-20,False
PRJ-00495,"Earthwork, Tunnels & Bridge Abutments",2026-12-30,,False
PRJ-00495,Track Laying & 25kV OHE Electrification,2027-05-31,,False
PRJ-00495,Signalling (Kavach) & CRS Safety Inspection,2027-10-30,,False
PRJ-00496,Statutory Approvals & Land Possession,2021-07-10,2021-07-17,False
PRJ-00496,Engineering Design & EPC Contract Award,2022-01-11,2022-01-01,False
PRJ-00496,Civil Works Foundation & Substructure,2022-07-14,2022-06-30,False
PRJ-00496,Main Equipment Supply & Installation,2023-01-15,2023-01-12,False
PRJ-00496,"Piping, Cabling & Auxiliary Works",2023-07-19,2023-07-23,False
PRJ-00496,"Pre-commissioning, Testing & Final Handover",2024-01-19,2024-01-17,False
PRJ-00497,Land Acquisition & 3D Notification (90% RoW),2020-10-07,2020-09-29,False
PRJ-00497,Forest & Environmental Clearance,2021-03-18,2021-10-16,True
PRJ-00497,EPC / HAM Contract Award & Financial Close,2021-08-26,2021-11-16,True
PRJ-00497,"Earthwork, Embankment & Subgrade Completion",2022-02-04,2022-04-23,True
PRJ-00497,Major Bridges & Flyover Structures Erection,2022-07-15,2023-03-10,True
PRJ-00497,"Bituminous Pavement, Signage & Final COD",2022-12-24,2023-08-11,True
PRJ-00498,Detailed Alignment Survey & RoW Acquisition,2022-09-14,2022-09-24,False
PRJ-00498,Forest & Railway Board Sanction,2023-04-10,2023-06-16,True
PRJ-00498,Tendering & Major Civil Contract Award,2023-11-04,2023-12-11,True
PRJ-00498,"Earthwork, Tunnels & Bridge Abutments",2024-05-29,2024-09-10,True
PRJ-00498,Track Laying & 25kV OHE Electrification,2024-12-23,2025-03-30,True
PRJ-00498,Signalling (Kavach) & CRS Safety Inspection,2025-07-19,,True
PRJ-00499,Statutory Approvals & Land Possession,2026-01-14,2026-01-05,False
PRJ-00499,Engineering Design & EPC Contract Award,2026-05-28,2026-06-04,False
PRJ-00499,Civil Works Foundation & Substructure,2026-10-09,,False
PRJ-00499,Main Equipment Supply & Installation,2027-02-20,,False
PRJ-00499,"Piping, Cabling & Auxiliary Works",2027-07-04,,False
PRJ-00499,"Pre-commissioning, Testing & Final Handover",2027-11-15,,False
PRJ-00500,Statutory Approvals & Land Possession,2021-02-28,2021-03-04,False
PRJ-00500,Engineering Design & EPC Contract Award,2021-07-21,2022-02-17,True
PRJ-00500,Civil Works Foundation & Substructure,2021-12-11,2022-07-20,True
PRJ-00500,Main Equipment Supply & Installation,2022-05-03,2022-12-26,True
PRJ-00500,"Piping, Cabling & Auxiliary Works",2022-09-23,2022-11-03,True
PRJ-00500,"Pre-commissioning, Testing & Final Handover",2023-02-13,,True
PRJ-00501,Land & Depot Acquisition Approval,2024-06-15,2024-06-16,False
PRJ-00501,Utility Shifting & Tree Clearance,2024-12-03,2024-12-03,False
PRJ-00501,Viaduct Pier Construction & TBM Tunneling,2025-05-23,2025-05-18,False
PRJ-00501,Underground / Elevated Stations Civil Structure,2025-11-10,2025-11-09,False
PRJ-00501,Third Rail / OHE & CBTC Signalling,2026-04-29,2026-04-18,False
PRJ-00501,Rolling Stock Trials & CMRS Certification,2026-10-17,,False
PRJ-00502,Land Acquisition & 3D Notification (90% RoW),2020-11-19,2020-11-17,False
PRJ-00502,Forest & Environmental Clearance,2021-03-24,2021-07-04,True
PRJ-00502,EPC / HAM Contract Award & Financial Close,2021-07-26,2021-10-31,True
PRJ-00502,"Earthwork, Embankment & Subgrade Completion",2021-11-28,2022-06-02,True
PRJ-00502,Major Bridges & Flyover Structures Erection,2022-04-02,,True
PRJ-00502,"Bituminous Pavement, Signage & Final COD",2022-08-04,,True
PRJ-00503,Land Acquisition & 3D Notification (90% RoW),2022-07-25,2022-07-11,False
PRJ-00503,Forest & Environmental Clearance,2022-12-24,2023-03-22,True
PRJ-00503,EPC / HAM Contract Award & Financial Close,2023-05-25,2023-08-09,True
PRJ-00503,"Earthwork, Embankment & Subgrade Completion",2023-10-25,2023-12-03,True
PRJ-00503,Major Bridges & Flyover Structures Erection,2024-03-25,,True
PRJ-00503,"Bituminous Pavement, Signage & Final COD",2024-08-24,,True
PRJ-00504,Land Acquisition & 3D Notification (90% RoW),2023-08-25,2023-09-02,False
PRJ-00504,Forest & Environmental Clearance,2024-01-20,2024-01-09,False
PRJ-00504,EPC / HAM Contract Award & Financial Close,2024-06-16,2024-06-04,False
PRJ-00504,"Earthwork, Embankment & Subgrade Completion",2024-11-10,2024-11-06,False
PRJ-00504,Major Bridges & Flyover Structures Erection,2025-04-07,2025-03-25,False
PRJ-00504,"Bituminous Pavement, Signage & Final COD",2025-09-02,2025-08-24,False
PRJ-00505,Detailed Alignment Survey & RoW Acquisition,2023-06-12,2023-06-10,False
PRJ-00505,Forest & Railway Board Sanction,2023-10-19,2023-12-07,True
PRJ-00505,Tendering & Major Civil Contract Award,2024-02-25,2024-05-28,True
PRJ-00505,"Earthwork, Tunnels & Bridge Abutments",2024-07-03,2025-02-14,True
PRJ-00505,Track Laying & 25kV OHE Electrification,2024-11-10,2025-04-16,True
PRJ-00505,Signalling (Kavach) & CRS Safety Inspection,2025-03-19,2025-10-08,True
PRJ-00506,Land Acquisition & 3D Notification (90% RoW),2024-04-28,2024-05-05,False
PRJ-00506,Forest & Environmental Clearance,2024-10-11,2024-10-17,False
PRJ-00506,EPC / HAM Contract Award & Financial Close,2025-03-26,2025-03-26,False
PRJ-00506,"Earthwork, Embankment & Subgrade Completion",2025-09-08,2025-09-07,False
PRJ-00506,Major Bridges & Flyover Structures Erection,2026-02-21,2026-02-26,False
PRJ-00506,"Bituminous Pavement, Signage & Final COD",2026-08-06,2026-07-30,False
PRJ-00507,Detailed Alignment Survey & RoW Acquisition,2024-03-14,2024-03-19,False
PRJ-00507,Forest & Railway Board Sanction,2025-01-08,2025-01-02,False
PRJ-00507,Tendering & Major Civil Contract Award,2025-11-04,2025-10-30,False
PRJ-00507,"Earthwork, Tunnels & Bridge Abutments",2026-08-31,2026-09-10,False
PRJ-00507,Track Laying & 25kV OHE Electrification,2027-06-27,,False
PRJ-00507,Signalling (Kavach) & CRS Safety Inspection,2028-04-22,,False
PRJ-00508,Land Acquisition & 3D Notification (90% RoW),2022-12-17,2022-12-26,False
PRJ-00508,Forest & Environmental Clearance,2023-05-23,2023-05-20,False
PRJ-00508,EPC / HAM Contract Award & Financial Close,2023-10-27,2023-10-21,False
PRJ-00508,"Earthwork, Embankment & Subgrade Completion",2024-04-01,2024-04-06,False
PRJ-00508,Major Bridges & Flyover Structures Erection,2024-09-05,2024-09-14,False
PRJ-00508,"Bituminous Pavement, Signage & Final COD",2025-02-09,2025-02-14,False
PRJ-00509,AERB Site Clearance & Environmental Approval,2023-07-04,2023-07-04,False
PRJ-00509,First Pour of Concrete (FPC) Milestone,2023-12-31,2024-05-23,True
PRJ-00509,Reactor Building Inner Containment Dome,2024-06-28,2024-11-04,True
PRJ-00509,Reactor Pressure Vessel & Steam Generator Installation,2024-12-25,,True
PRJ-00509,"Secondary Piping, Turbine & Grid Interface",2025-06-23,,True
PRJ-00509,AERB Fuel Loading Permission & Full Power COD,2025-12-20,,True
PRJ-00510,Statutory Approvals & Land Possession,2024-02-12,2024-02-11,False
PRJ-00510,Engineering Design & EPC Contract Award,2024-08-15,2025-03-06,True
PRJ-00510,Civil Works Foundation & Substructure,2025-02-15,2025-05-13,True
PRJ-00510,Main Equipment Supply & Installation,2025-08-19,2026-03-02,True
PRJ-00510,"Piping, Cabling & Auxiliary Works",2026-02-20,,True
PRJ-00510,"Pre-commissioning, Testing & Final Handover",2026-08-23,,False
PRJ-00511,Statutory Approvals & Land Possession,2024-03-20,2024-03-14,False
PRJ-00511,Engineering Design & EPC Contract Award,2024-07-13,2024-07-05,False
PRJ-00511,Civil Works Foundation & Substructure,2024-11-06,2024-11-07,False
PRJ-00511,Main Equipment Supply & Installation,2025-03-01,2025-02-27,False
PRJ-00511,"Piping, Cabling & Auxiliary Works",2025-06-24,2025-06-18,False
PRJ-00511,"Pre-commissioning, Testing & Final Handover",2025-10-18,2025-10-21,False
PRJ-00512,Land Acquisition & 3D Notification (90% RoW),2025-01-05,2025-01-08,False
PRJ-00512,Forest & Environmental Clearance,2025-05-19,2025-05-06,False
PRJ-00512,EPC / HAM Contract Award & Financial Close,2025-09-30,2025-10-09,False
PRJ-00512,"Earthwork, Embankment & Subgrade Completion",2026-02-11,2026-02-12,False
PRJ-00512,Major Bridges & Flyover Structures Erection,2026-06-25,2026-06-10,False
PRJ-00512,"Bituminous Pavement, Signage & Final COD",2026-11-06,,False
PRJ-00513,Land Acquisition & 3D Notification (90% RoW),2023-09-09,2023-09-15,False
PRJ-00513,Forest & Environmental Clearance,2024-02-22,2024-02-21,False
PRJ-00513,EPC / HAM Contract Award & Financial Close,2024-08-06,2024-08-10,False
PRJ-00513,"Earthwork, Embankment & Subgrade Completion",2025-01-19,2025-01-29,False
PRJ-00513,Major Bridges & Flyover Structures Erection,2025-07-04,2025-06-27,False
PRJ-00513,"Bituminous Pavement, Signage & Final COD",2025-12-17,2025-12-12,False
PRJ-00514,Land Acquisition & 3D Notification (90% RoW),2025-10-03,,True
PRJ-00514,Forest & Environmental Clearance,2026-02-14,,True
PRJ-00514,EPC / HAM Contract Award & Financial Close,2026-06-28,,True
PRJ-00514,"Earthwork, Embankment & Subgrade Completion",2026-11-09,,False
PRJ-00514,Major Bridges & Flyover Structures Erection,2027-03-23,,False
PRJ-00514,"Bituminous Pavement, Signage & Final COD",2027-08-04,,False
PRJ-00515,Statutory Approvals & Land Possession,2025-07-18,2025-07-07,False
PRJ-00515,Engineering Design & EPC Contract Award,2025-12-27,2025-12-16,False
PRJ-00515,Civil Works Foundation & Substructure,2026-06-06,2026-05-22,False
PRJ-00515,Main Equipment Supply & Installation,2026-11-15,,False
PRJ-00515,"Piping, Cabling & Auxiliary Works",2027-04-25,,False
PRJ-00515,"Pre-commissioning, Testing & Final Handover",2027-10-04,,False
PRJ-00516,Statutory Approvals & Land Possession,2021-02-16,2021-02-10,False
PRJ-00516,Engineering Design & EPC Contract Award,2021-08-29,2022-04-13,True
PRJ-00516,Civil Works Foundation & Substructure,2022-03-11,2022-08-06,True
PRJ-00516,Main Equipment Supply & Installation,2022-09-21,2022-11-27,True
PRJ-00516,"Piping, Cabling & Auxiliary Works",2023-04-03,,True
PRJ-00516,"Pre-commissioning, Testing & Final Handover",2023-10-14,,True
PRJ-00517,Statutory Approvals & Land Possession,2026-09-17,,False
PRJ-00517,Engineering Design & EPC Contract Award,2027-03-21,,False
PRJ-00517,Civil Works Foundation & Substructure,2027-09-21,,False
PRJ-00517,Main Equipment Supply & Installation,2028-03-24,,False
PRJ-00517,"Piping, Cabling & Auxiliary Works",2028-09-25,,False
PRJ-00517,"Pre-commissioning, Testing & Final Handover",2029-03-28,,False
PRJ-00518,Statutory Approvals & Land Possession,2026-05-04,,True
PRJ-00518,Engineering Design & EPC Contract Award,2026-10-08,,False
PRJ-00518,Civil Works Foundation & Substructure,2027-03-14,,False
PRJ-00518,Main Equipment Supply & Installation,2027-08-18,,False
PRJ-00518,"Piping, Cabling & Auxiliary Works",2028-01-22,,False
PRJ-00518,"Pre-commissioning, Testing & Final Handover",2028-06-27,,False
PRJ-00519,Detailed Alignment Survey & RoW Acquisition,2025-11-01,,True
PRJ-00519,Forest & Railway Board Sanction,2026-05-18,,True
PRJ-00519,Tendering & Major Civil Contract Award,2026-12-03,,False
PRJ-00519,"Earthwork, Tunnels & Bridge Abutments",2027-06-19,,False
PRJ-00519,Track Laying & 25kV OHE Electrification,2028-01-04,,False
PRJ-00519,Signalling (Kavach) & CRS Safety Inspection,2028-07-20,,False
PRJ-00520,Stage-II Forest Clearance & R&R Settlement,2021-07-29,2021-07-20,False
PRJ-00520,River Diversion & Coffer Dam Construction,2022-02-08,2022-07-08,True
PRJ-00520,Head Race Tunnel (HRT) Excavation,2022-08-21,2022-12-17,True
PRJ-00520,Main Dam Concrete Placement / Embankment,2023-03-03,2023-07-23,True
PRJ-00520,Turbine & Generator Assembly Erection,2023-09-13,2023-12-11,True
PRJ-00520,Reservoir Impoundment & Grid Synchronization,2024-03-25,2024-08-31,True
PRJ-00521,Statutory Approvals & Land Possession,2026-06-10,2026-06-16,False
PRJ-00521,Engineering Design & EPC Contract Award,2026-11-19,,False
PRJ-00521,Civil Works Foundation & Substructure,2027-04-29,,False
PRJ-00521,Main Equipment Supply & Installation,2027-10-08,,False
PRJ-00521,"Piping, Cabling & Auxiliary Works",2028-03-17,,False
PRJ-00521,"Pre-commissioning, Testing & Final Handover",2028-08-26,,False
PRJ-00522,Statutory Approvals & Land Possession,2022-10-17,2022-10-21,False
PRJ-00522,Engineering Design & EPC Contract Award,2023-11-09,2024-04-12,True
PRJ-00522,Civil Works Foundation & Substructure,2024-12-01,,True
PRJ-00522,Main Equipment Supply & Installation,2025-12-23,,True
PRJ-00522,"Piping, Cabling & Auxiliary Works",2027-01-15,,False
PRJ-00522,"Pre-commissioning, Testing & Final Handover",2028-02-07,,False
PRJ-00523,Statutory Approvals & Land Possession,2025-03-01,2025-03-02,False
PRJ-00523,Engineering Design & EPC Contract Award,2026-02-15,2026-02-01,False
PRJ-00523,Civil Works Foundation & Substructure,2027-02-01,,False
PRJ-00523,Main Equipment Supply & Installation,2028-01-18,,False
PRJ-00523,"Piping, Cabling & Auxiliary Works",2029-01-02,,False
PRJ-00523,"Pre-commissioning, Testing & Final Handover",2029-12-19,,False
PRJ-00524,Statutory Approvals & Land Possession,2024-10-20,2024-10-22,False
PRJ-00524,Engineering Design & EPC Contract Award,2025-02-22,2025-02-15,False
PRJ-00524,Civil Works Foundation & Substructure,2025-06-26,2025-06-15,False
PRJ-00524,Main Equipment Supply & Installation,2025-10-29,2025-11-05,False
PRJ-00524,"Piping, Cabling & Auxiliary Works",2026-03-03,2026-03-04,False
PRJ-00524,"Pre-commissioning, Testing & Final Handover",2026-07-05,2026-07-09,False
PRJ-00525,Statutory Approvals & Land Possession,2021-04-22,2021-04-10,False
PRJ-00525,Engineering Design & EPC Contract Award,2022-03-02,2022-05-13,True
PRJ-00525,Civil Works Foundation & Substructure,2023-01-10,2023-07-20,True
PRJ-00525,Main Equipment Supply & Installation,2023-11-20,2024-01-19,True
PRJ-00525,"Piping, Cabling & Auxiliary Works",2024-09-29,2024-12-20,True
PRJ-00525,"Pre-commissioning, Testing & Final Handover",2025-08-09,2025-12-09,True
PRJ-00526,Statutory Approvals & Land Possession,2024-06-30,2024-06-21,False
PRJ-00526,Engineering Design & EPC Contract Award,2024-11-20,2025-04-11,True
PRJ-00526,Civil Works Foundation & Substructure,2025-04-12,2025-08-26,True
PRJ-00526,Main Equipment Supply & Installation,2025-09-02,2026-04-16,True
PRJ-00526,"Piping, Cabling & Auxiliary Works",2026-01-23,,True
PRJ-00526,"Pre-commissioning, Testing & Final Handover",2026-06-15,,True
PRJ-00527,Statutory Approvals & Land Possession,2024-09-21,2024-09-10,False
PRJ-00527,Engineering Design & EPC Contract Award,2025-02-06,2025-02-15,False
PRJ-00527,Civil Works Foundation & Substructure,2025-06-25,2025-07-04,False
PRJ-00527,Main Equipment Supply & Installation,2025-11-10,2025-11-11,False
PRJ-00527,"Piping, Cabling & Auxiliary Works",2026-03-29,2026-03-27,False
PRJ-00527,"Pre-commissioning, Testing & Final Handover",2026-08-14,2026-08-24,False
PRJ-00528,Land & Depot Acquisition Approval,2024-07-19,2024-07-26,False
PRJ-00528,Utility Shifting & Tree Clearance,2025-01-15,2025-09-08,True
PRJ-00528,Viaduct Pier Construction & TBM Tunneling,2025-07-14,2025-12-23,True
PRJ-00528,Underground / Elevated Stations Civil Structure,2026-01-10,,True
PRJ-00528,Third Rail / OHE & CBTC Signalling,2026-07-09,,True
PRJ-00528,Rolling Stock Trials & CMRS Certification,2027-01-05,,False
PRJ-00529,Statutory Approvals & Land Possession,2022-02-19,2022-02-24,False
PRJ-00529,Engineering Design & EPC Contract Award,2022-07-21,2023-02-18,True
PRJ-00529,Civil Works Foundation & Substructure,2022-12-20,2023-08-11,True
PRJ-00529,Main Equipment Supply & Installation,2023-05-22,2023-12-07,True
PRJ-00529,"Piping, Cabling & Auxiliary Works",2023-10-21,2024-04-01,True
PRJ-00529,"Pre-commissioning, Testing & Final Handover",2024-03-21,2024-07-04,True
PRJ-00530,Statutory Approvals & Land Possession,2025-12-30,2025-12-27,False
PRJ-00530,Engineering Design & EPC Contract Award,2026-06-19,2026-06-18,False
PRJ-00530,Civil Works Foundation & Substructure,2026-12-07,,False
PRJ-00530,Main Equipment Supply & Installation,2027-05-27,,False
PRJ-00530,"Piping, Cabling & Auxiliary Works",2027-11-13,,False
PRJ-00530,"Pre-commissioning, Testing & Final Handover",2028-05-02,,False
PRJ-00531,Land Acquisition & 3D Notification (90% RoW),2022-11-07,2022-11-08,False
PRJ-00531,Forest & Environmental Clearance,2023-05-06,2023-10-21,True
PRJ-00531,EPC / HAM Contract Award & Financial Close,2023-11-02,2024-02-12,True
PRJ-00531,"Earthwork, Embankment & Subgrade Completion",2024-04-30,2024-07-23,True
PRJ-00531,Major Bridges & Flyover Structures Erection,2024-10-27,,True
PRJ-00531,"Bituminous Pavement, Signage & Final COD",2025-04-25,,True
PRJ-00532,Statutory Approvals & Land Possession,2025-09-11,2025-09-05,False
PRJ-00532,Engineering Design & EPC Contract Award,2026-02-20,2026-02-28,False
PRJ-00532,Civil Works Foundation & Substructure,2026-07-31,2026-07-29,False
PRJ-00532,Main Equipment Supply & Installation,2027-01-09,,False
PRJ-00532,"Piping, Cabling & Auxiliary Works",2027-06-19,,False
PRJ-00532,"Pre-commissioning, Testing & Final Handover",2027-11-28,,False
PRJ-00533,Detailed Alignment Survey & RoW Acquisition,2022-10-24,2022-10-09,False
PRJ-00533,Forest & Railway Board Sanction,2023-03-11,2023-08-04,True
PRJ-00533,Tendering & Major Civil Contract Award,2023-07-28,2023-11-21,True
PRJ-00533,"Earthwork, Tunnels & Bridge Abutments",2023-12-13,,True
PRJ-00533,Track Laying & 25kV OHE Electrification,2024-04-30,,True
PRJ-00533,Signalling (Kavach) & CRS Safety Inspection,2024-09-15,,True
PRJ-00534,Land Acquisition & 3D Notification (90% RoW),2025-11-17,,True
PRJ-00534,Forest & Environmental Clearance,2026-04-28,,True
PRJ-00534,EPC / HAM Contract Award & Financial Close,2026-10-06,,False
PRJ-00534,"Earthwork, Embankment & Subgrade Completion",2027-03-17,,False
PRJ-00534,Major Bridges & Flyover Structures Erection,2027-08-25,,False
PRJ-00534,"Bituminous Pavement, Signage & Final COD",2028-02-03,,False
PRJ-00535,Land Acquisition & 3D Notification (90% RoW),2021-02-01,2021-02-02,False
PRJ-00535,Forest & Environmental Clearance,2021-11-10,2021-11-07,False
PRJ-00535,EPC / HAM Contract Award & Financial Close,2022-08-18,2022-08-21,False
PRJ-00535,"Earthwork, Embankment & Subgrade Completion",2023-05-27,2023-05-29,False
PRJ-00535,Major Bridges & Flyover Structures Erection,2024-03-03,2024-03-04,False
PRJ-00535,"Bituminous Pavement, Signage & Final COD",2024-12-10,2024-12-19,False
PRJ-00536,Statutory Approvals & Land Possession,2024-09-30,2024-10-07,False
PRJ-00536,Engineering Design & EPC Contract Award,2025-03-15,2025-03-14,False
PRJ-00536,Civil Works Foundation & Substructure,2025-08-28,2025-08-17,False
PRJ-00536,Main Equipment Supply & Installation,2026-02-10,2026-02-17,False
PRJ-00536,"Piping, Cabling & Auxiliary Works",2026-07-26,2026-07-27,False
PRJ-00536,"Pre-commissioning, Testing & Final Handover",2027-01-08,,False
PRJ-00537,Land & Depot Acquisition Approval,2026-03-16,,True
PRJ-00537,Utility Shifting & Tree Clearance,2026-12-27,,False
PRJ-00537,Viaduct Pier Construction & TBM Tunneling,2027-10-09,,False
PRJ-00537,Underground / Elevated Stations Civil Structure,2028-07-21,,False
PRJ-00537,Third Rail / OHE & CBTC Signalling,2029-05-03,,False
PRJ-00537,Rolling Stock Trials & CMRS Certification,2030-02-13,,False
PRJ-00538,Stage-II Forest Clearance & R&R Settlement,2023-01-05,2023-01-08,False
PRJ-00538,River Diversion & Coffer Dam Construction,2023-06-25,2023-11-09,True
PRJ-00538,Head Race Tunnel (HRT) Excavation,2023-12-13,,True
PRJ-00538,Main Dam Concrete Placement / Embankment,2024-06-01,,True
PRJ-00538,Turbine & Generator Assembly Erection,2024-11-18,,True
PRJ-00538,Reservoir Impoundment & Grid Synchronization,2025-05-08,,True
PRJ-00539,Statutory Approvals & Land Possession,2026-03-18,2026-03-12,False
PRJ-00539,Engineering Design & EPC Contract Award,2026-09-19,,False
PRJ-00539,Civil Works Foundation & Substructure,2027-03-22,,False
PRJ-00539,Main Equipment Supply & Installation,2027-09-23,,False
PRJ-00539,"Piping, Cabling & Auxiliary Works",2028-03-26,,False
PRJ-00539,"Pre-commissioning, Testing & Final Handover",2028-09-26,,False
PRJ-00540,Land Acquisition & 3D Notification (90% RoW),2022-02-21,2022-03-01,False
PRJ-00540,Forest & Environmental Clearance,2022-10-10,2023-01-31,True
PRJ-00540,EPC / HAM Contract Award & Financial Close,2023-05-29,,True
PRJ-00540,"Earthwork, Embankment & Subgrade Completion",2024-01-15,,True
PRJ-00540,Major Bridges & Flyover Structures Erection,2024-09-01,,True
PRJ-00540,"Bituminous Pavement, Signage & Final COD",2025-04-20,,True
PRJ-00541,Land & Depot Acquisition Approval,2022-03-23,2022-03-28,False
PRJ-00541,Utility Shifting & Tree Clearance,2022-08-27,2022-10-18,True
PRJ-00541,Viaduct Pier Construction & TBM Tunneling,2023-01-31,2023-04-13,True
PRJ-00541,Underground / Elevated Stations Civil Structure,2023-07-07,,True
PRJ-00541,Third Rail / OHE & CBTC Signalling,2023-12-11,,True
PRJ-00541,Rolling Stock Trials & CMRS Certification,2024-05-16,,True
PRJ-00542,Statutory Approvals & Land Possession,2024-09-27,2024-10-06,False
PRJ-00542,Engineering Design & EPC Contract Award,2025-01-30,2025-01-30,False
PRJ-00542,Civil Works Foundation & Substructure,2025-06-03,2025-06-04,False
PRJ-00542,Main Equipment Supply & Installation,2025-10-06,2025-09-21,False
PRJ-00542,"Piping, Cabling & Auxiliary Works",2026-02-08,2026-01-27,False
PRJ-00542,"Pre-commissioning, Testing & Final Handover",2026-06-12,,True
PRJ-00543,Land Acquisition & 3D Notification (90% RoW),2026-08-09,,False
PRJ-00543,Forest & Environmental Clearance,2027-04-24,,False
PRJ-00543,EPC / HAM Contract Award & Financial Close,2028-01-08,,False
PRJ-00543,"Earthwork, Embankment & Subgrade Completion",2028-09-22,,False
PRJ-00543,Major Bridges & Flyover Structures Erection,2029-06-08,,False
PRJ-00543,"Bituminous Pavement, Signage & Final COD",2030-02-21,,False
PRJ-00544,Statutory Approvals & Land Possession,2024-12-16,2024-12-06,False
PRJ-00544,Engineering Design & EPC Contract Award,2025-04-20,,True
PRJ-00544,Civil Works Foundation & Substructure,2025-08-22,,True
PRJ-00544,Main Equipment Supply & Installation,2025-12-25,,True
PRJ-00544,"Piping, Cabling & Auxiliary Works",2026-04-29,,True
PRJ-00544,"Pre-commissioning, Testing & Final Handover",2026-08-31,,False
PRJ-00545,Land Acquisition & 3D Notification (90% RoW),2021-05-08,2021-05-01,False
PRJ-00545,Forest & Environmental Clearance,2021-10-12,2022-02-15,True
PRJ-00545,EPC / HAM Contract Award & Financial Close,2022-03-18,2022-05-17,True
PRJ-00545,"Earthwork, Embankment & Subgrade Completion",2022-08-22,,True
PRJ-00545,Major Bridges & Flyover Structures Erection,2023-01-26,,True
PRJ-00545,"Bituminous Pavement, Signage & Final COD",2023-07-02,,True
PRJ-00546,Land & Depot Acquisition Approval,2022-05-22,2022-05-20,False
PRJ-00546,Utility Shifting & Tree Clearance,2022-10-21,2022-12-06,True
PRJ-00546,Viaduct Pier Construction & TBM Tunneling,2023-03-22,2023-08-22,True
PRJ-00546,Underground / Elevated Stations Civil Structure,2023-08-22,2023-09-28,True
PRJ-00546,Third Rail / OHE & CBTC Signalling,2024-01-21,2024-06-03,True
PRJ-00546,Rolling Stock Trials & CMRS Certification,2024-06-21,2024-12-30,True
PRJ-00547,Statutory Approvals & Land Possession,2022-07-28,2022-07-19,False
PRJ-00547,Engineering Design & EPC Contract Award,2023-01-24,2023-09-11,True
PRJ-00547,Civil Works Foundation & Substructure,2023-07-23,2023-09-27,True
PRJ-00547,Main Equipment Supply & Installation,2024-01-19,2024-05-23,True
PRJ-00547,"Piping, Cabling & Auxiliary Works",2024-07-17,2025-01-01,True
PRJ-00547,"Pre-commissioning, Testing & Final Handover",2025-01-13,2025-03-27,True
PRJ-00548,Statutory Approvals & Land Possession,2021-06-16,2021-06-09,False
PRJ-00548,Engineering Design & EPC Contract Award,2021-12-18,2022-06-19,True
PRJ-00548,Civil Works Foundation & Substructure,2022-06-20,2022-09-22,True
PRJ-00548,Main Equipment Supply & Installation,2022-12-22,2023-07-14,True
PRJ-00548,"Piping, Cabling & Auxiliary Works",2023-06-25,2023-10-30,True
PRJ-00548,"Pre-commissioning, Testing & Final Handover",2023-12-26,2024-04-23,True
PRJ-00549,Land Acquisition & 3D Notification (90% RoW),2021-01-18,2021-01-16,False
PRJ-00549,Forest & Environmental Clearance,2021-07-17,2021-10-08,True
PRJ-00549,EPC / HAM Contract Award & Financial Close,2022-01-13,2022-07-18,True
PRJ-00549,"Earthwork, Embankment & Subgrade Completion",2022-07-12,2022-12-18,True
PRJ-00549,Major Bridges & Flyover Structures Erection,2023-01-08,2023-08-31,True
PRJ-00549,"Bituminous Pavement, Signage & Final COD",2023-07-07,2023-10-26,True
PRJ-00550,Land Acquisition & 3D Notification (90% RoW),2025-11-24,2025-11-13,False
PRJ-00550,Forest & Environmental Clearance,2026-03-15,,True
PRJ-00550,EPC / HAM Contract Award & Financial Close,2026-07-04,,True
PRJ-00550,"Earthwork, Embankment & Subgrade Completion",2026-10-23,,False
PRJ-00550,Major Bridges & Flyover Structures Erection,2027-02-10,,False
PRJ-00550,"Bituminous Pavement, Signage & Final COD",2027-06-01,,False
PRJ-00551,Land & Depot Acquisition Approval,2024-05-29,2024-06-03,False
PRJ-00551,Utility Shifting & Tree Clearance,2024-10-05,2025-04-19,True
PRJ-00551,Viaduct Pier Construction & TBM Tunneling,2025-02-11,,True
PRJ-00551,Underground / Elevated Stations Civil Structure,2025-06-20,,True
PRJ-00551,Third Rail / OHE & CBTC Signalling,2025-10-28,,True
PRJ-00551,Rolling Stock Trials & CMRS Certification,2026-03-06,,True
PRJ-00552,Land Acquisition & 3D Notification (90% RoW),2021-02-03,2021-02-10,False
PRJ-00552,Forest & Environmental Clearance,2021-06-26,2021-06-11,False
PRJ-00552,EPC / HAM Contract Award & Financial Close,2021-11-16,2021-11-04,False
PRJ-00552,"Earthwork, Embankment & Subgrade Completion",2022-04-08,2022-04-07,False
PRJ-00552,Major Bridges & Flyover Structures Erection,2022-08-29,2022-08-25,False
PRJ-00552,"Bituminous Pavement, Signage & Final COD",2023-01-19,2023-01-10,False
PRJ-00553,Statutory Approvals & Land Possession,2023-07-22,2023-07-29,False
PRJ-00553,Engineering Design & EPC Contract Award,2024-01-04,2024-03-30,True
PRJ-00553,Civil Works Foundation & Substructure,2024-06-18,2024-09-15,True
PRJ-00553,Main Equipment Supply & Installation,2024-12-01,2025-05-06,True
PRJ-00553,"Piping, Cabling & Auxiliary Works",2025-05-16,,True
PRJ-00553,"Pre-commissioning, Testing & Final Handover",2025-10-29,,True
PRJ-00554,Statutory Approvals & Land Possession,2022-06-06,2022-06-12,False
PRJ-00554,Engineering Design & EPC Contract Award,2022-11-15,2022-11-23,False
PRJ-00554,Civil Works Foundation & Substructure,2023-04-25,2023-04-28,False
PRJ-00554,Main Equipment Supply & Installation,2023-10-04,2023-10-10,False
PRJ-00554,"Piping, Cabling & Auxiliary Works",2024-03-13,2024-03-19,False
PRJ-00554,"Pre-commissioning, Testing & Final Handover",2024-08-22,2024-08-26,False
PRJ-00555,Statutory Approvals & Land Possession,2022-03-29,2022-03-14,False
PRJ-00555,Engineering Design & EPC Contract Award,2022-09-20,2023-04-15,True
PRJ-00555,Civil Works Foundation & Substructure,2023-03-15,2023-10-04,True
PRJ-00555,Main Equipment Supply & Installation,2023-09-06,2024-02-19,True
PRJ-00555,"Piping, Cabling & Auxiliary Works",2024-02-28,2024-09-02,True
PRJ-00555,"Pre-commissioning, Testing & Final Handover",2024-08-22,2024-11-24,True
PRJ-00556,Detailed Alignment Survey & RoW Acquisition,2024-02-05,2024-01-22,False
PRJ-00556,Forest & Railway Board Sanction,2024-07-20,,True
PRJ-00556,Tendering & Major Civil Contract Award,2025-01-02,,True
PRJ-00556,"Earthwork, Tunnels & Bridge Abutments",2025-06-17,,True
PRJ-00556,Track Laying & 25kV OHE Electrification,2025-11-30,,True
PRJ-00556,Signalling (Kavach) & CRS Safety Inspection,2026-05-15,,True
PRJ-00557,Detailed Alignment Survey & RoW Acquisition,2022-08-16,2022-08-23,False
PRJ-00557,Forest & Railway Board Sanction,2023-01-25,2023-06-12,True
PRJ-00557,Tendering & Major Civil Contract Award,2023-07-05,2023-08-23,True
PRJ-00557,"Earthwork, Tunnels & Bridge Abutments",2023-12-14,2024-03-16,True
PRJ-00557,Track Laying & 25kV OHE Electrification,2024-05-23,2024-08-11,True
PRJ-00557,Signalling (Kavach) & CRS Safety Inspection,2024-11-01,2025-01-12,True
PRJ-00558,Statutory Approvals & Land Possession,2024-01-31,2024-01-23,False
PRJ-00558,Engineering Design & EPC Contract Award,2024-07-06,2024-09-01,True
PRJ-00558,Civil Works Foundation & Substructure,2024-12-10,2025-05-10,True
PRJ-00558,Main Equipment Supply & Installation,2025-05-16,2025-08-15,True
PRJ-00558,"Piping, Cabling & Auxiliary Works",2025-10-20,,True
PRJ-00558,"Pre-commissioning, Testing & Final Handover",2026-03-26,,True
PRJ-00559,Solar Park / Land Lease Execution,2021-12-03,2021-11-20,False
PRJ-00559,Grid Connectivity & PPA Execution,2022-05-27,2022-05-13,False
PRJ-00559,Module Mounting Structures & Inverter Civil Work,2022-11-19,2022-11-05,False
PRJ-00559,Solar PV Module / WTG Erection,2023-05-13,2023-05-10,False
PRJ-00559,Transmission Line to Pooling Substation,2023-11-04,2023-10-30,False
PRJ-00559,RLDC Charging & Commercial Operation Declaration,2024-04-28,2024-05-05,False
PRJ-00560,Detailed Alignment Survey & RoW Acquisition,2025-07-03,,True
PRJ-00560,Forest & Railway Board Sanction,2026-01-13,,True
PRJ-00560,Tendering & Major Civil Contract Award,2026-07-26,,True
PRJ-00560,"Earthwork, Tunnels & Bridge Abutments",2027-02-05,,False
PRJ-00560,Track Laying & 25kV OHE Electrification,2027-08-18,,False
PRJ-00560,Signalling (Kavach) & CRS Safety Inspection,2028-02-28,,False
PRJ-00561,Land & Depot Acquisition Approval,2025-10-21,,True
PRJ-00561,Utility Shifting & Tree Clearance,2026-08-22,,False
PRJ-00561,Viaduct Pier Construction & TBM Tunneling,2027-06-22,,False
PRJ-00561,Underground / Elevated Stations Civil Structure,2028-04-22,,False
PRJ-00561,Third Rail / OHE & CBTC Signalling,2029-02-21,,False
PRJ-00561,Rolling Stock Trials & CMRS Certification,2029-12-22,,False
PRJ-00562,Land Acquisition & 3D Notification (90% RoW),2020-12-10,2020-12-15,False
PRJ-00562,Forest & Environmental Clearance,2021-07-06,2021-12-13,True
PRJ-00562,EPC / HAM Contract Award & Financial Close,2022-01-30,2022-05-05,True
PRJ-00562,"Earthwork, Embankment & Subgrade Completion",2022-08-25,2022-12-23,True
PRJ-00562,Major Bridges & Flyover Structures Erection,2023-03-21,2023-08-05,True
PRJ-00562,"Bituminous Pavement, Signage & Final COD",2023-10-15,2024-03-16,True
PRJ-00563,Stage-II Forest Clearance & R&R Settlement,2020-10-16,2020-10-18,False
PRJ-00563,River Diversion & Coffer Dam Construction,2021-05-21,2022-01-04,True
PRJ-00563,Head Race Tunnel (HRT) Excavation,2021-12-24,2022-03-01,True
PRJ-00563,Main Dam Concrete Placement / Embankment,2022-07-29,2022-10-04,True
PRJ-00563,Turbine & Generator Assembly Erection,2023-03-03,2023-07-31,True
PRJ-00563,Reservoir Impoundment & Grid Synchronization,2023-10-06,2024-01-23,True
PRJ-00564,Stage-II Forest Clearance & R&R Settlement,2025-10-31,,True
PRJ-00564,River Diversion & Coffer Dam Construction,2026-08-22,,False
PRJ-00564,Head Race Tunnel (HRT) Excavation,2027-06-14,,False
PRJ-00564,Main Dam Concrete Placement / Embankment,2028-04-04,,False
PRJ-00564,Turbine & Generator Assembly Erection,2029-01-24,,False
PRJ-00564,Reservoir Impoundment & Grid Synchronization,2029-11-16,,False
PRJ-00565,Land Acquisition & 3D Notification (90% RoW),2021-04-21,2021-04-24,False
PRJ-00565,Forest & Environmental Clearance,2021-11-10,2022-05-03,True
PRJ-00565,EPC / HAM Contract Award & Financial Close,2022-06-01,2022-09-24,True
PRJ-00565,"Earthwork, Embankment & Subgrade Completion",2022-12-21,2023-06-26,True
PRJ-00565,Major Bridges & Flyover Structures Erection,2023-07-12,2023-10-26,True
PRJ-00565,"Bituminous Pavement, Signage & Final COD",2024-01-31,2024-06-16,True
PRJ-00566,Land Acquisition & 3D Notification (90% RoW),2021-08-19,2021-08-14,False
PRJ-00566,Forest & Environmental Clearance,2022-02-01,2022-09-25,True
PRJ-00566,EPC / HAM Contract Award & Financial Close,2022-07-17,2023-02-21,True
PRJ-00566,"Earthwork, Embankment & Subgrade Completion",2022-12-30,2023-05-05,True
PRJ-00566,Major Bridges & Flyover Structures Erection,2023-06-14,2023-09-04,True
PRJ-00566,"Bituminous Pavement, Signage & Final COD",2023-11-27,2024-04-07,True
PRJ-00567,Land & Depot Acquisition Approval,2024-10-27,,True
PRJ-00567,Utility Shifting & Tree Clearance,2025-05-13,,True
PRJ-00567,Viaduct Pier Construction & TBM Tunneling,2025-11-28,,True
PRJ-00567,Underground / Elevated Stations Civil Structure,2026-06-14,,True
PRJ-00567,Third Rail / OHE & CBTC Signalling,2026-12-30,,False
PRJ-00567,Rolling Stock Trials & CMRS Certification,2027-07-16,,False
PRJ-00568,Statutory Approvals & Land Possession,2026-01-18,2026-01-06,False
PRJ-00568,Engineering Design & EPC Contract Award,2026-07-12,,True
PRJ-00568,Civil Works Foundation & Substructure,2027-01-04,,False
PRJ-00568,Main Equipment Supply & Installation,2027-06-28,,False
PRJ-00568,"Piping, Cabling & Auxiliary Works",2027-12-20,,False
PRJ-00568,"Pre-commissioning, Testing & Final Handover",2028-06-13,,False
PRJ-00569,Detailed Alignment Survey & RoW Acquisition,2023-03-29,2023-04-08,False
PRJ-00569,Forest & Railway Board Sanction,2023-09-02,2024-03-09,True
PRJ-00569,Tendering & Major Civil Contract Award,2024-02-06,2024-06-26,True
PRJ-00569,"Earthwork, Tunnels & Bridge Abutments",2024-07-12,,True
PRJ-00569,Track Laying & 25kV OHE Electrification,2024-12-16,,True
PRJ-00569,Signalling (Kavach) & CRS Safety Inspection,2025-05-22,,True
PRJ-00570,Statutory Approvals & Land Possession,2025-02-14,2025-01-31,False
PRJ-00570,Engineering Design & EPC Contract Award,2025-06-23,,True
PRJ-00570,Civil Works Foundation & Substructure,2025-10-30,,True
PRJ-00570,Main Equipment Supply & Installation,2026-03-08,,True
PRJ-00570,"Piping, Cabling & Auxiliary Works",2026-07-16,,True
PRJ-00570,"Pre-commissioning, Testing & Final Handover",2026-11-22,,False
PRJ-00571,Stage-II Forest Clearance & R&R Settlement,2021-12-04,2021-12-07,False
PRJ-00571,River Diversion & Coffer Dam Construction,2022-04-26,2022-09-28,True
PRJ-00571,Head Race Tunnel (HRT) Excavation,2022-09-16,2022-12-08,True
PRJ-00571,Main Dam Concrete Placement / Embankment,2023-02-06,2023-09-10,True
PRJ-00571,Turbine & Generator Assembly Erection,2023-06-29,2023-08-18,True
PRJ-00571,Reservoir Impoundment & Grid Synchronization,2023-11-19,,True
PRJ-00572,Detailed Alignment Survey & RoW Acquisition,2026-05-29,,True
PRJ-00572,Forest & Railway Board Sanction,2026-11-11,,False
PRJ-00572,Tendering & Major Civil Contract Award,2027-04-26,,False
PRJ-00572,"Earthwork, Tunnels & Bridge Abutments",2027-10-09,,False
PRJ-00572,Track Laying & 25kV OHE Electrification,2028-03-23,,False
PRJ-00572,Signalling (Kavach) & CRS Safety Inspection,2028-09-05,,False
PRJ-00573,Detailed Alignment Survey & RoW Acquisition,2025-06-24,2025-06-22,False
PRJ-00573,Forest & Railway Board Sanction,2025-10-13,2025-10-10,False
PRJ-00573,Tendering & Major Civil Contract Award,2026-02-01,2026-02-04,False
PRJ-00573,"Earthwork, Tunnels & Bridge Abutments",2026-05-23,2026-05-13,False
PRJ-00573,Track Laying & 25kV OHE Electrification,2026-09-10,,False
PRJ-00573,Signalling (Kavach) & CRS Safety Inspection,2026-12-30,,False
PRJ-00574,Land Acquisition & 3D Notification (90% RoW),2021-02-24,2021-02-23,False
PRJ-00574,Forest & Environmental Clearance,2021-09-01,2022-01-28,True
PRJ-00574,EPC / HAM Contract Award & Financial Close,2022-03-09,2022-07-27,True
PRJ-00574,"Earthwork, Embankment & Subgrade Completion",2022-09-14,2023-01-26,True
PRJ-00574,Major Bridges & Flyover Structures Erection,2023-03-23,2023-07-25,True
PRJ-00574,"Bituminous Pavement, Signage & Final COD",2023-09-28,2024-05-20,True
PRJ-00575,Statutory Approvals & Land Possession,2024-02-22,2024-02-24,False
PRJ-00575,Engineering Design & EPC Contract Award,2024-09-17,2025-03-30,True
PRJ-00575,Civil Works Foundation & Substructure,2025-04-13,,True
PRJ-00575,Main Equipment Supply & Installation,2025-11-06,,True
PRJ-00575,"Piping, Cabling & Auxiliary Works",2026-06-02,,True
PRJ-00575,"Pre-commissioning, Testing & Final Handover",2026-12-27,,False
PRJ-00576,Statutory Approvals & Land Possession,2021-03-26,2021-03-19,False
PRJ-00576,Engineering Design & EPC Contract Award,2021-10-10,2021-12-27,True
PRJ-00576,Civil Works Foundation & Substructure,2022-04-27,2022-11-23,True
PRJ-00576,Main Equipment Supply & Installation,2022-11-11,2023-05-14,True
PRJ-00576,"Piping, Cabling & Auxiliary Works",2023-05-29,,True
PRJ-00576,"Pre-commissioning, Testing & Final Handover",2023-12-13,,True
PRJ-00577,Statutory Approvals & Land Possession,2023-02-14,2023-02-19,False
PRJ-00577,Engineering Design & EPC Contract Award,2023-07-16,2023-07-17,False
PRJ-00577,Civil Works Foundation & Substructure,2023-12-15,2023-12-24,False
PRJ-00577,Main Equipment Supply & Installation,2024-05-16,2024-05-05,False
PRJ-00577,"Piping, Cabling & Auxiliary Works",2024-10-15,2024-10-12,False
PRJ-00577,"Pre-commissioning, Testing & Final Handover",2025-03-16,2025-03-08,False
PRJ-00578,Statutory Approvals & Land Possession,2025-06-02,2025-05-24,False
PRJ-00578,Engineering Design & EPC Contract Award,2025-11-11,2025-11-09,False
PRJ-00578,Civil Works Foundation & Substructure,2026-04-21,2026-04-30,False
PRJ-00578,Main Equipment Supply & Installation,2026-09-30,,False
PRJ-00578,"Piping, Cabling & Auxiliary Works",2027-03-10,,False
PRJ-00578,"Pre-commissioning, Testing & Final Handover",2027-08-19,,False
PRJ-00579,Land Acquisition & 3D Notification (90% RoW),2023-06-21,2023-06-17,False
PRJ-00579,Forest & Environmental Clearance,2024-05-04,,True
PRJ-00579,EPC / HAM Contract Award & Financial Close,2025-03-19,,True
PRJ-00579,"Earthwork, Embankment & Subgrade Completion",2026-01-31,,True
PRJ-00579,Major Bridges & Flyover Structures Erection,2026-12-16,,False
PRJ-00579,"Bituminous Pavement, Signage & Final COD",2027-10-30,,False
PRJ-00580,Statutory Approvals & Land Possession,2026-05-19,2026-05-14,False
PRJ-00580,Engineering Design & EPC Contract Award,2026-11-15,,False
PRJ-00580,Civil Works Foundation & Substructure,2027-05-14,,False
PRJ-00580,Main Equipment Supply & Installation,2027-11-10,,False
PRJ-00580,"Piping, Cabling & Auxiliary Works",2028-05-08,,False
PRJ-00580,"Pre-commissioning, Testing & Final Handover",2028-11-04,,False
PRJ-00581,Statutory Approvals & Land Possession,2024-04-06,,True
PRJ-00581,Engineering Design & EPC Contract Award,2025-02-14,,True
PRJ-00581,Civil Works Foundation & Substructure,2025-12-25,,True
PRJ-00581,Main Equipment Supply & Installation,2026-11-04,,False
PRJ-00581,"Piping, Cabling & Auxiliary Works",2027-09-14,,False
PRJ-00581,"Pre-commissioning, Testing & Final Handover",2028-07-24,,False
PRJ-00582,Land & Depot Acquisition Approval,2025-03-08,2025-03-14,False
PRJ-00582,Utility Shifting & Tree Clearance,2025-08-21,,True
PRJ-00582,Viaduct Pier Construction & TBM Tunneling,2026-02-03,,True
PRJ-00582,Underground / Elevated Stations Civil Structure,2026-07-19,,True
PRJ-00582,Third Rail / OHE & CBTC Signalling,2027-01-01,,False
PRJ-00582,Rolling Stock Trials & CMRS Certification,2027-06-16,,False
PRJ-00583,Detailed Alignment Survey & RoW Acquisition,2022-04-22,2022-04-19,False
PRJ-00583,Forest & Railway Board Sanction,2022-09-21,2022-12-12,True
PRJ-00583,Tendering & Major Civil Contract Award,2023-02-20,2023-04-24,True
PRJ-00583,"Earthwork, Tunnels & Bridge Abutments",2023-07-23,2023-10-13,True
PRJ-00583,Track Laying & 25kV OHE Electrification,2023-12-22,2024-04-09,True
PRJ-00583,Signalling (Kavach) & CRS Safety Inspection,2024-05-22,,True
PRJ-00584,Statutory Approvals & Land Possession,2024-11-10,2024-10-30,False
PRJ-00584,Engineering Design & EPC Contract Award,2025-03-10,2025-03-09,False
PRJ-00584,Civil Works Foundation & Substructure,2025-07-08,2025-06-25,False
PRJ-00584,Main Equipment Supply & Installation,2025-11-05,2025-11-02,False
PRJ-00584,"Piping, Cabling & Auxiliary Works",2026-03-05,2026-03-09,False
PRJ-00584,"Pre-commissioning, Testing & Final Handover",2026-07-03,,True
PRJ-00585,Statutory Approvals & Land Possession,2024-05-23,2024-05-30,False
PRJ-00585,Engineering Design & EPC Contract Award,2024-09-11,2025-04-11,True
PRJ-00585,Civil Works Foundation & Substructure,2024-12-31,2025-08-20,True
PRJ-00585,Main Equipment Supply & Installation,2025-04-21,2025-08-05,True
PRJ-00585,"Piping, Cabling & Auxiliary Works",2025-08-09,,True
PRJ-00585,"Pre-commissioning, Testing & Final Handover",2025-11-28,,True
PRJ-00586,Statutory Approvals & Land Possession,2026-03-26,2026-03-12,False
PRJ-00586,Engineering Design & EPC Contract Award,2026-09-17,,False
PRJ-00586,Civil Works Foundation & Substructure,2027-03-12,,False
PRJ-00586,Main Equipment Supply & Installation,2027-09-03,,False
PRJ-00586,"Piping, Cabling & Auxiliary Works",2028-02-25,,False
PRJ-00586,"Pre-commissioning, Testing & Final Handover",2028-08-19,,False
PRJ-00587,Statutory Approvals & Land Possession,2025-10-13,2025-10-15,False
PRJ-00587,Engineering Design & EPC Contract Award,2026-02-01,2026-01-20,False
PRJ-00587,Civil Works Foundation & Substructure,2026-05-23,2026-05-19,False
PRJ-00587,Main Equipment Supply & Installation,2026-09-11,,False
PRJ-00587,"Piping, Cabling & Auxiliary Works",2026-12-30,,False
PRJ-00587,"Pre-commissioning, Testing & Final Handover",2027-04-20,,False
PRJ-00588,Detailed Alignment Survey & RoW Acquisition,2022-01-17,2022-01-25,False
PRJ-00588,Forest & Railway Board Sanction,2022-06-28,2022-11-23,True
PRJ-00588,Tendering & Major Civil Contract Award,2022-12-06,2023-04-12,True
PRJ-00588,"Earthwork, Tunnels & Bridge Abutments",2023-05-17,,True
PRJ-00588,Track Laying & 25kV OHE Electrification,2023-10-25,,True
PRJ-00588,Signalling (Kavach) & CRS Safety Inspection,2024-04-04,,True
PRJ-00589,Statutory Approvals & Land Possession,2020-07-23,2020-07-22,False
PRJ-00589,Engineering Design & EPC Contract Award,2020-12-22,2020-12-09,False
PRJ-00589,Civil Works Foundation & Substructure,2021-05-23,2021-05-10,False
PRJ-00589,Main Equipment Supply & Installation,2021-10-23,2021-10-25,False
PRJ-00589,"Piping, Cabling & Auxiliary Works",2022-03-24,2022-03-30,False
PRJ-00589,"Pre-commissioning, Testing & Final Handover",2022-08-23,2022-08-15,False
PRJ-00590,Stage-II Forest Clearance & R&R Settlement,2021-10-20,2021-10-29,False
PRJ-00590,River Diversion & Coffer Dam Construction,2022-04-13,2022-05-15,True
PRJ-00590,Head Race Tunnel (HRT) Excavation,2022-10-06,2023-04-27,True
PRJ-00590,Main Dam Concrete Placement / Embankment,2023-03-30,2023-07-07,True
PRJ-00590,Turbine & Generator Assembly Erection,2023-09-21,,True
PRJ-00590,Reservoir Impoundment & Grid Synchronization,2024-03-15,,True
PRJ-00591,Statutory Approvals & Land Possession,2021-08-14,2021-08-19,False
PRJ-00591,Engineering Design & EPC Contract Award,2022-03-14,2022-09-29,True
PRJ-00591,Civil Works Foundation & Substructure,2022-10-12,,True
PRJ-00591,Main Equipment Supply & Installation,2023-05-13,,True
PRJ-00591,"Piping, Cabling & Auxiliary Works",2023-12-11,,True
PRJ-00591,"Pre-commissioning, Testing & Final Handover",2024-07-10,,True
PRJ-00592,Statutory Approvals & Land Possession,2024-09-01,2024-08-24,False
PRJ-00592,Engineering Design & EPC Contract Award,2024-12-25,2025-03-16,True
PRJ-00592,Civil Works Foundation & Substructure,2025-04-20,,True
PRJ-00592,Main Equipment Supply & Installation,2025-08-13,,True
PRJ-00592,"Piping, Cabling & Auxiliary Works",2025-12-06,,True
PRJ-00592,"Pre-commissioning, Testing & Final Handover",2026-04-01,,True
PRJ-00593,Statutory Approvals & Land Possession,2022-05-22,2022-05-12,False
PRJ-00593,Engineering Design & EPC Contract Award,2022-10-12,2023-05-15,True
PRJ-00593,Civil Works Foundation & Substructure,2023-03-04,2023-05-15,True
PRJ-00593,Main Equipment Supply & Installation,2023-07-25,,True
PRJ-00593,"Piping, Cabling & Auxiliary Works",2023-12-15,,True
PRJ-00593,"Pre-commissioning, Testing & Final Handover",2024-05-06,,True
PRJ-00594,Statutory Approvals & Land Possession,2025-07-07,2025-06-28,False
PRJ-00594,Engineering Design & EPC Contract Award,2025-11-18,2025-11-06,False
PRJ-00594,Civil Works Foundation & Substructure,2026-04-01,2026-03-28,False
PRJ-00594,Main Equipment Supply & Installation,2026-08-13,,False
PRJ-00594,"Piping, Cabling & Auxiliary Works",2026-12-25,,False
PRJ-00594,"Pre-commissioning, Testing & Final Handover",2027-05-08,,False
PRJ-00595,Statutory Approvals & Land Possession,2023-10-10,2023-09-26,False
PRJ-00595,Engineering Design & EPC Contract Award,2024-02-07,2024-03-25,True
PRJ-00595,Civil Works Foundation & Substructure,2024-06-06,,True
PRJ-00595,Main Equipment Supply & Installation,2024-10-04,,True
PRJ-00595,"Piping, Cabling & Auxiliary Works",2025-02-01,,True
PRJ-00595,"Pre-commissioning, Testing & Final Handover",2025-06-01,,True
PRJ-00596,Statutory Approvals & Land Possession,2021-10-25,2021-10-29,False
PRJ-00596,Engineering Design & EPC Contract Award,2022-04-23,2022-04-18,False
PRJ-00596,Civil Works Foundation & Substructure,2022-10-20,2022-10-25,False
PRJ-00596,Main Equipment Supply & Installation,2023-04-18,2023-04-25,False
PRJ-00596,"Piping, Cabling & Auxiliary Works",2023-10-15,2023-10-12,False
PRJ-00596,"Pre-commissioning, Testing & Final Handover",2024-04-12,2024-04-18,False
PRJ-00597,Stage-II Forest Clearance & R&R Settlement,2026-02-27,,True
PRJ-00597,River Diversion & Coffer Dam Construction,2026-07-06,,True
PRJ-00597,Head Race Tunnel (HRT) Excavation,2026-11-12,,False
PRJ-00597,Main Dam Concrete Placement / Embankment,2027-03-21,,False
PRJ-00597,Turbine & Generator Assembly Erection,2027-07-29,,False
PRJ-00597,Reservoir Impoundment & Grid Synchronization,2027-12-05,,False
PRJ-00598,Land & Depot Acquisition Approval,2024-08-21,2024-08-17,False
PRJ-00598,Utility Shifting & Tree Clearance,2025-01-02,2025-01-02,False
PRJ-00598,Viaduct Pier Construction & TBM Tunneling,2025-05-16,2025-05-10,False
PRJ-00598,Underground / Elevated Stations Civil Structure,2025-09-27,2025-09-18,False
PRJ-00598,Third Rail / OHE & CBTC Signalling,2026-02-08,2026-01-28,False
PRJ-00598,Rolling Stock Trials & CMRS Certification,2026-06-22,2026-06-19,False
PRJ-00599,Land Acquisition & 3D Notification (90% RoW),2025-12-30,,True
PRJ-00599,Forest & Environmental Clearance,2026-05-22,,True
PRJ-00599,EPC / HAM Contract Award & Financial Close,2026-10-12,,False
PRJ-00599,"Earthwork, Embankment & Subgrade Completion",2027-03-04,,False
PRJ-00599,Major Bridges & Flyover Structures Erection,2027-07-25,,False
PRJ-00599,"Bituminous Pavement, Signage & Final COD",2027-12-15,,False
PRJ-00600,Statutory Approvals & Land Possession,2025-12-22,,True
PRJ-00600,Engineering Design & EPC Contract Award,2026-05-05,,True
PRJ-00600,Civil Works Foundation & Substructure,2026-09-16,,False
PRJ-00600,Main Equipment Supply & Installation,2027-01-28,,False
PRJ-00600,"Piping, Cabling & Auxiliary Works",2027-06-11,,False
PRJ-00600,"Pre-commissioning, Testing & Final Handover",2027-10-23,,False
PRJ-00601,Stage-II Forest Clearance & R&R Settlement,2023-01-26,2023-01-12,False
PRJ-00601,River Diversion & Coffer Dam Construction,2023-08-22,2024-03-01,True
PRJ-00601,Head Race Tunnel (HRT) Excavation,2024-03-17,2024-05-22,True
PRJ-00601,Main Dam Concrete Placement / Embankment,2024-10-10,,True
PRJ-00601,Turbine & Generator Assembly Erection,2025-05-06,,True
PRJ-00601,Reservoir Impoundment & Grid Synchronization,2025-11-30,,True
PRJ-00602,Land Acquisition & 3D Notification (90% RoW),2022-05-22,2022-05-14,False
PRJ-00602,Forest & Environmental Clearance,2023-05-17,2023-10-02,True
PRJ-00602,EPC / HAM Contract Award & Financial Close,2024-05-11,2024-07-25,True
PRJ-00602,"Earthwork, Embankment & Subgrade Completion",2025-05-06,,True
PRJ-00602,Major Bridges & Flyover Structures Erection,2026-05-01,,True
PRJ-00602,"Bituminous Pavement, Signage & Final COD",2027-04-26,,False
PRJ-00603,Land Acquisition & 3D Notification (90% RoW),2023-03-14,2023-03-18,False
PRJ-00603,Forest & Environmental Clearance,2023-08-09,2024-03-14,True
PRJ-00603,EPC / HAM Contract Award & Financial Close,2024-01-04,2024-05-23,True
PRJ-00603,"Earthwork, Embankment & Subgrade Completion",2024-05-30,2025-01-09,True
PRJ-00603,Major Bridges & Flyover Structures Erection,2024-10-25,,True
PRJ-00603,"Bituminous Pavement, Signage & Final COD",2025-03-22,,True
PRJ-00604,Land Acquisition & 3D Notification (90% RoW),2023-06-13,2023-06-12,False
PRJ-00604,Forest & Environmental Clearance,2023-12-19,2024-03-30,True
PRJ-00604,EPC / HAM Contract Award & Financial Close,2024-06-25,2024-10-29,True
PRJ-00604,"Earthwork, Embankment & Subgrade Completion",2024-12-31,2025-06-22,True
PRJ-00604,Major Bridges & Flyover Structures Erection,2025-07-09,2026-01-10,True
PRJ-00604,"Bituminous Pavement, Signage & Final COD",2026-01-14,,True
PRJ-00605,Land Acquisition & 3D Notification (90% RoW),2021-10-24,2021-10-22,False
PRJ-00605,Forest & Environmental Clearance,2022-04-17,2022-04-14,False
PRJ-00605,EPC / HAM Contract Award & Financial Close,2022-10-10,2022-10-18,False
PRJ-00605,"Earthwork, Embankment & Subgrade Completion",2023-04-03,2023-03-30,False
PRJ-00605,Major Bridges & Flyover Structures Erection,2023-09-25,2023-09-22,False
PRJ-00605,"Bituminous Pavement, Signage & Final COD",2024-03-19,2024-03-19,False
PRJ-00606,Statutory Approvals & Land Possession,2020-12-26,2020-12-22,False
PRJ-00606,Engineering Design & EPC Contract Award,2021-04-16,2021-09-23,True
PRJ-00606,Civil Works Foundation & Substructure,2021-08-05,2022-03-04,True
PRJ-00606,Main Equipment Supply & Installation,2021-11-24,2022-04-28,True
PRJ-00606,"Piping, Cabling & Auxiliary Works",2022-03-14,2022-09-22,True
PRJ-00606,"Pre-commissioning, Testing & Final Handover",2022-07-03,2023-01-25,True
PRJ-00607,Statutory Approvals & Land Possession,2026-02-14,,True
PRJ-00607,Engineering Design & EPC Contract Award,2026-09-24,,False
PRJ-00607,Civil Works Foundation & Substructure,2027-05-03,,False
PRJ-00607,Main Equipment Supply & Installation,2027-12-11,,False
PRJ-00607,"Piping, Cabling & Auxiliary Works",2028-07-19,,False
PRJ-00607,"Pre-commissioning, Testing & Final Handover",2029-02-26,,False
PRJ-00608,Land & Depot Acquisition Approval,2022-07-21,2022-07-18,False
PRJ-00608,Utility Shifting & Tree Clearance,2022-12-30,2022-12-27,False
PRJ-00608,Viaduct Pier Construction & TBM Tunneling,2023-06-09,2023-06-16,False
PRJ-00608,Underground / Elevated Stations Civil Structure,2023-11-18,2023-11-21,False
PRJ-00608,Third Rail / OHE & CBTC Signalling,2024-04-27,2024-04-14,False
PRJ-00608,Rolling Stock Trials & CMRS Certification,2024-10-06,2024-10-07,False
PRJ-00609,Land Acquisition & 3D Notification (90% RoW),2023-04-30,2023-05-08,False
PRJ-00609,Forest & Environmental Clearance,2023-08-19,2023-08-06,False
PRJ-00609,EPC / HAM Contract Award & Financial Close,2023-12-08,2023-11-26,False
PRJ-00609,"Earthwork, Embankment & Subgrade Completion",2024-03-28,2024-04-02,False
PRJ-00609,Major Bridges & Flyover Structures Erection,2024-07-16,2024-07-19,False
PRJ-00609,"Bituminous Pavement, Signage & Final COD",2024-11-04,2024-11-13,False
PRJ-00610,Solar Park / Land Lease Execution,2024-06-23,2024-06-30,False
PRJ-00610,Grid Connectivity & PPA Execution,2024-12-06,2024-12-04,False
PRJ-00610,Module Mounting Structures & Inverter Civil Work,2025-05-21,2025-05-22,False
PRJ-00610,Solar PV Module / WTG Erection,2025-11-03,2025-11-01,False
PRJ-00610,Transmission Line to Pooling Substation,2026-04-18,2026-04-23,False
PRJ-00610,RLDC Charging & Commercial Operation Declaration,2026-10-01,,False
PRJ-00611,Statutory Approvals & Land Possession,2022-07-04,2022-06-25,False
PRJ-00611,Engineering Design & EPC Contract Award,2022-12-08,2023-02-23,True
PRJ-00611,Civil Works Foundation & Substructure,2023-05-14,2023-08-03,True
PRJ-00611,Main Equipment Supply & Installation,2023-10-18,2023-12-02,True
PRJ-00611,"Piping, Cabling & Auxiliary Works",2024-03-23,2024-10-30,True
PRJ-00611,"Pre-commissioning, Testing & Final Handover",2024-08-27,,True
PRJ-00612,Statutory Approvals & Land Possession,2024-12-01,2024-11-18,False
PRJ-00612,Engineering Design & EPC Contract Award,2025-05-16,2025-09-10,True
PRJ-00612,Civil Works Foundation & Substructure,2025-10-29,,True
PRJ-00612,Main Equipment Supply & Installation,2026-04-13,,True
PRJ-00612,"Piping, Cabling & Auxiliary Works",2026-09-26,,False
PRJ-00612,"Pre-commissioning, Testing & Final Handover",2027-03-11,,False
PRJ-00613,Statutory Approvals & Land Possession,2020-09-29,2020-09-14,False
PRJ-00613,Engineering Design & EPC Contract Award,2021-04-25,2021-08-29,True
PRJ-00613,Civil Works Foundation & Substructure,2021-11-19,2022-05-22,True
PRJ-00613,Main Equipment Supply & Installation,2022-06-14,2022-11-24,True
PRJ-00613,"Piping, Cabling & Auxiliary Works",2023-01-08,,True
PRJ-00613,"Pre-commissioning, Testing & Final Handover",2023-08-04,,True
PRJ-00614,Statutory Approvals & Land Possession,2024-02-13,2024-02-19,False
PRJ-00614,Engineering Design & EPC Contract Award,2024-06-21,2024-06-18,False
PRJ-00614,Civil Works Foundation & Substructure,2024-10-28,2024-10-25,False
PRJ-00614,Main Equipment Supply & Installation,2025-03-06,2025-03-10,False
PRJ-00614,"Piping, Cabling & Auxiliary Works",2025-07-14,2025-06-30,False
PRJ-00614,"Pre-commissioning, Testing & Final Handover",2025-11-20,2025-11-16,False
PRJ-00615,Statutory Approvals & Land Possession,2021-08-05,2021-08-01,False
PRJ-00615,Engineering Design & EPC Contract Award,2022-01-04,2022-01-03,False
PRJ-00615,Civil Works Foundation & Substructure,2022-06-05,2022-06-09,False
PRJ-00615,Main Equipment Supply & Installation,2022-11-05,2022-11-11,False
PRJ-00615,"Piping, Cabling & Auxiliary Works",2023-04-06,2023-04-12,False
PRJ-00615,"Pre-commissioning, Testing & Final Handover",2023-09-05,2023-09-05,False
PRJ-00616,Statutory Approvals & Land Possession,2026-01-05,2026-01-05,False
PRJ-00616,Engineering Design & EPC Contract Award,2026-06-11,2026-06-08,False
PRJ-00616,Civil Works Foundation & Substructure,2026-11-15,,False
PRJ-00616,Main Equipment Supply & Installation,2027-04-21,,False
PRJ-00616,"Piping, Cabling & Auxiliary Works",2027-09-25,,False
PRJ-00616,"Pre-commissioning, Testing & Final Handover",2028-02-29,,False
PRJ-00617,Statutory Approvals & Land Possession,2024-04-10,2024-04-17,False
PRJ-00617,Engineering Design & EPC Contract Award,2025-01-07,2025-06-15,True
PRJ-00617,Civil Works Foundation & Substructure,2025-10-06,,True
PRJ-00617,Main Equipment Supply & Installation,2026-07-06,,True
PRJ-00617,"Piping, Cabling & Auxiliary Works",2027-04-04,,False
PRJ-00617,"Pre-commissioning, Testing & Final Handover",2028-01-01,,False
PRJ-00618,Detailed Alignment Survey & RoW Acquisition,2026-01-19,,True
PRJ-00618,Forest & Railway Board Sanction,2027-02-11,,False
PRJ-00618,Tendering & Major Civil Contract Award,2028-03-05,,False
PRJ-00618,"Earthwork, Tunnels & Bridge Abutments",2029-03-27,,False
PRJ-00618,Track Laying & 25kV OHE Electrification,2030-04-19,,False
PRJ-00618,Signalling (Kavach) & CRS Safety Inspection,2031-05-12,,False
PRJ-00619,Land Acquisition & 3D Notification (90% RoW),2023-03-17,2023-03-23,False
PRJ-00619,Forest & Environmental Clearance,2023-09-04,2023-11-04,True
PRJ-00619,EPC / HAM Contract Award & Financial Close,2024-02-22,2024-09-09,True
PRJ-00619,"Earthwork, Embankment & Subgrade Completion",2024-08-11,,True
PRJ-00619,Major Bridges & Flyover Structures Erection,2025-01-28,,True
PRJ-00619,"Bituminous Pavement, Signage & Final COD",2025-07-18,,True
PRJ-00620,Detailed Alignment Survey & RoW Acquisition,2023-02-21,2023-03-01,False
PRJ-00620,Forest & Railway Board Sanction,2023-08-20,2023-08-28,False
PRJ-00620,Tendering & Major Civil Contract Award,2024-02-16,2024-02-24,False
PRJ-00620,"Earthwork, Tunnels & Bridge Abutments",2024-08-14,2024-08-11,False
PRJ-00620,Track Laying & 25kV OHE Electrification,2025-02-10,2025-02-15,False
PRJ-00620,Signalling (Kavach) & CRS Safety Inspection,2025-08-09,2025-08-14,False
PRJ-00621,Land Acquisition & 3D Notification (90% RoW),2020-12-15,2020-12-12,False
PRJ-00621,Forest & Environmental Clearance,2021-06-18,2021-12-12,True
PRJ-00621,EPC / HAM Contract Award & Financial Close,2021-12-19,2022-07-25,True
PRJ-00621,"Earthwork, Embankment & Subgrade Completion",2022-06-22,2022-07-22,True
PRJ-00621,Major Bridges & Flyover Structures Erection,2022-12-24,2023-04-12,True
PRJ-00621,"Bituminous Pavement, Signage & Final COD",2023-06-26,,True
PRJ-00622,Statutory Approvals & Land Possession,2023-07-28,2023-07-13,False
PRJ-00622,Engineering Design & EPC Contract Award,2024-02-11,2024-07-27,True
PRJ-00622,Civil Works Foundation & Substructure,2024-08-28,2025-01-22,True
PRJ-00622,Main Equipment Supply & Installation,2025-03-14,,True
PRJ-00622,"Piping, Cabling & Auxiliary Works",2025-09-29,,True
PRJ-00622,"Pre-commissioning, Testing & Final Handover",2026-04-15,,True
PRJ-00623,Statutory Approvals & Land Possession,2026-05-31,,True
PRJ-00623,Engineering Design & EPC Contract Award,2026-12-11,,False
PRJ-00623,Civil Works Foundation & Substructure,2027-06-23,,False
PRJ-00623,Main Equipment Supply & Installation,2028-01-03,,False
PRJ-00623,"Piping, Cabling & Auxiliary Works",2028-07-15,,False
PRJ-00623,"Pre-commissioning, Testing & Final Handover",2029-01-25,,False
PRJ-00624,Statutory Approvals & Land Possession,2026-08-11,2026-08-21,False
PRJ-00624,Engineering Design & EPC Contract Award,2027-02-16,,False
PRJ-00624,Civil Works Foundation & Substructure,2027-08-24,,False
PRJ-00624,Main Equipment Supply & Installation,2028-02-29,,False
PRJ-00624,"Piping, Cabling & Auxiliary Works",2028-09-06,,False
PRJ-00624,"Pre-commissioning, Testing & Final Handover",2029-03-14,,False
PRJ-00625,Land Acquisition & 3D Notification (90% RoW),2026-08-24,,False
PRJ-00625,Forest & Environmental Clearance,2027-08-24,,False
PRJ-00625,EPC / HAM Contract Award & Financial Close,2028-08-22,,False
PRJ-00625,"Earthwork, Embankment & Subgrade Completion",2029-08-22,,False
PRJ-00625,Major Bridges & Flyover Structures Erection,2030-08-22,,False
PRJ-00625,"Bituminous Pavement, Signage & Final COD",2031-08-21,,False
PRJ-00626,Detailed Alignment Survey & RoW Acquisition,2026-05-31,,True
PRJ-00626,Forest & Railway Board Sanction,2026-11-13,,False
PRJ-00626,Tendering & Major Civil Contract Award,2027-04-28,,False
PRJ-00626,"Earthwork, Tunnels & Bridge Abutments",2027-10-11,,False
PRJ-00626,Track Laying & 25kV OHE Electrification,2028-03-25,,False
PRJ-00626,Signalling (Kavach) & CRS Safety Inspection,2028-09-07,,False
PRJ-00627,Statutory Approvals & Land Possession,2022-04-22,2022-04-27,False
PRJ-00627,Engineering Design & EPC Contract Award,2022-10-10,2022-12-20,True
PRJ-00627,Civil Works Foundation & Substructure,2023-03-30,2023-09-23,True
PRJ-00627,Main Equipment Supply & Installation,2023-09-17,2023-11-21,True
PRJ-00627,"Piping, Cabling & Auxiliary Works",2024-03-05,2024-07-26,True
PRJ-00627,"Pre-commissioning, Testing & Final Handover",2024-08-23,2025-03-19,True
PRJ-00628,Land Acquisition & 3D Notification (90% RoW),2026-01-28,,True
PRJ-00628,Forest & Environmental Clearance,2026-07-13,,True
PRJ-00628,EPC / HAM Contract Award & Financial Close,2026-12-26,,False
PRJ-00628,"Earthwork, Embankment & Subgrade Completion",2027-06-10,,False
PRJ-00628,Major Bridges & Flyover Structures Erection,2027-11-23,,False
PRJ-00628,"Bituminous Pavement, Signage & Final COD",2028-05-07,,False
PRJ-00629,AERB Site Clearance & Environmental Approval,2021-08-10,2021-08-15,False
PRJ-00629,First Pour of Concrete (FPC) Milestone,2021-12-31,2021-12-26,False
PRJ-00629,Reactor Building Inner Containment Dome,2022-05-23,2022-05-26,False
PRJ-00629,Reactor Pressure Vessel & Steam Generator Installation,2022-10-13,2022-10-11,False
PRJ-00629,"Secondary Piping, Turbine & Grid Interface",2023-03-05,2023-02-22,False
PRJ-00629,AERB Fuel Loading Permission & Full Power COD,2023-07-26,2023-07-31,False
PRJ-00630,Statutory Approvals & Land Possession,2024-04-09,2024-04-19,False
PRJ-00630,Engineering Design & EPC Contract Award,2024-11-12,2024-11-18,False
PRJ-00630,Civil Works Foundation & Substructure,2025-06-17,2025-06-23,False
PRJ-00630,Main Equipment Supply & Installation,2026-01-20,2026-01-07,False
PRJ-00630,"Piping, Cabling & Auxiliary Works",2026-08-25,,False
PRJ-00630,"Pre-commissioning, Testing & Final Handover",2027-03-30,,False
PRJ-00631,Detailed Alignment Survey & RoW Acquisition,2020-09-10,2020-09-13,False
PRJ-00631,Forest & Railway Board Sanction,2021-03-04,2021-08-03,True
PRJ-00631,Tendering & Major Civil Contract Award,2021-08-27,2021-12-05,True
PRJ-00631,"Earthwork, Tunnels & Bridge Abutments",2022-02-18,2022-09-13,True
PRJ-00631,Track Laying & 25kV OHE Electrification,2022-08-12,2023-03-20,True
PRJ-00631,Signalling (Kavach) & CRS Safety Inspection,2023-02-04,2023-03-30,True
PRJ-00632,Land Acquisition & 3D Notification (90% RoW),2024-10-13,2024-10-20,False
PRJ-00632,Forest & Environmental Clearance,2025-03-14,,True
PRJ-00632,EPC / HAM Contract Award & Financial Close,2025-08-13,,True
PRJ-00632,"Earthwork, Embankment & Subgrade Completion",2026-01-13,,True
PRJ-00632,Major Bridges & Flyover Structures Erection,2026-06-14,,True
PRJ-00632,"Bituminous Pavement, Signage & Final COD",2026-11-13,,False
PRJ-00633,Statutory Approvals & Land Possession,2025-03-20,2025-03-29,False
PRJ-00633,Engineering Design & EPC Contract Award,2025-08-01,2025-08-10,False
PRJ-00633,Civil Works Foundation & Substructure,2025-12-13,2025-12-04,False
PRJ-00633,Main Equipment Supply & Installation,2026-04-26,2026-05-02,False
PRJ-00633,"Piping, Cabling & Auxiliary Works",2026-09-07,,False
PRJ-00633,"Pre-commissioning, Testing & Final Handover",2027-01-19,,False
PRJ-00634,Statutory Approvals & Land Possession,2025-03-27,2025-03-29,False
PRJ-00634,Engineering Design & EPC Contract Award,2025-08-17,2025-08-10,False
PRJ-00634,Civil Works Foundation & Substructure,2026-01-07,2026-01-16,False
PRJ-00634,Main Equipment Supply & Installation,2026-05-30,2026-05-16,False
PRJ-00634,"Piping, Cabling & Auxiliary Works",2026-10-20,,False
PRJ-00634,"Pre-commissioning, Testing & Final Handover",2027-03-12,,False
PRJ-00635,Detailed Alignment Survey & RoW Acquisition,2024-05-18,2024-05-20,False
PRJ-00635,Forest & Railway Board Sanction,2024-10-03,2025-02-23,True
PRJ-00635,Tendering & Major Civil Contract Award,2025-02-19,,True
PRJ-00635,"Earthwork, Tunnels & Bridge Abutments",2025-07-07,,True
PRJ-00635,Track Laying & 25kV OHE Electrification,2025-11-23,,True
PRJ-00635,Signalling (Kavach) & CRS Safety Inspection,2026-04-10,,True
PRJ-00636,Statutory Approvals & Land Possession,2025-04-08,2025-03-28,False
PRJ-00636,Engineering Design & EPC Contract Award,2025-09-03,2025-08-28,False
PRJ-00636,Civil Works Foundation & Substructure,2026-01-29,2026-01-20,False
PRJ-00636,Main Equipment Supply & Installation,2026-06-25,2026-06-14,False
PRJ-00636,"Piping, Cabling & Auxiliary Works",2026-11-20,,False
PRJ-00636,"Pre-commissioning, Testing & Final Handover",2027-04-17,,False
PRJ-00637,Land & Depot Acquisition Approval,2025-03-26,,True
PRJ-00637,Utility Shifting & Tree Clearance,2025-09-08,,True
PRJ-00637,Viaduct Pier Construction & TBM Tunneling,2026-02-21,,True
PRJ-00637,Underground / Elevated Stations Civil Structure,2026-08-06,,False
PRJ-00637,Third Rail / OHE & CBTC Signalling,2027-01-19,,False
PRJ-00637,Rolling Stock Trials & CMRS Certification,2027-07-04,,False
PRJ-00638,Statutory Approvals & Land Possession,2021-11-27,2021-12-03,False
PRJ-00638,Engineering Design & EPC Contract Award,2022-05-03,2022-11-14,True
PRJ-00638,Civil Works Foundation & Substructure,2022-10-07,2023-06-04,True
PRJ-00638,Main Equipment Supply & Installation,2023-03-13,2023-08-20,True
PRJ-00638,"Piping, Cabling & Auxiliary Works",2023-08-17,2024-02-17,True
PRJ-00638,"Pre-commissioning, Testing & Final Handover",2024-01-21,2024-04-01,True
PRJ-00639,Statutory Approvals & Land Possession,2021-06-02,2021-06-07,False
PRJ-00639,Engineering Design & EPC Contract Award,2021-12-17,2022-02-07,True
PRJ-00639,Civil Works Foundation & Substructure,2022-07-04,2022-11-03,True
PRJ-00639,Main Equipment Supply & Installation,2023-01-18,2023-05-13,True
PRJ-00639,"Piping, Cabling & Auxiliary Works",2023-08-05,2024-03-21,True
PRJ-00639,"Pre-commissioning, Testing & Final Handover",2024-02-19,2024-05-28,True
PRJ-00640,Statutory Approvals & Land Possession,2022-04-12,2022-04-22,False
PRJ-00640,Engineering Design & EPC Contract Award,2022-09-11,2022-09-11,False
PRJ-00640,Civil Works Foundation & Substructure,2023-02-10,2023-01-29,False
PRJ-00640,Main Equipment Supply & Installation,2023-07-13,2023-07-14,False
PRJ-00640,"Piping, Cabling & Auxiliary Works",2023-12-12,2023-12-08,False
PRJ-00640,"Pre-commissioning, Testing & Final Handover",2024-05-12,2024-05-19,False
PRJ-00641,Statutory Approvals & Land Possession,2022-10-04,2022-10-06,False
PRJ-00641,Engineering Design & EPC Contract Award,2023-10-27,,True
PRJ-00641,Civil Works Foundation & Substructure,2024-11-18,,True
PRJ-00641,Main Equipment Supply & Installation,2025-12-10,,True
PRJ-00641,"Piping, Cabling & Auxiliary Works",2027-01-02,,False
PRJ-00641,"Pre-commissioning, Testing & Final Handover",2028-01-25,,False
PRJ-00642,Statutory Approvals & Land Possession,2026-07-13,2026-07-21,False
PRJ-00642,Engineering Design & EPC Contract Award,2027-03-15,,False
PRJ-00642,Civil Works Foundation & Substructure,2027-11-14,,False
PRJ-00642,Main Equipment Supply & Installation,2028-07-16,,False
PRJ-00642,"Piping, Cabling & Auxiliary Works",2029-03-18,,False
PRJ-00642,"Pre-commissioning, Testing & Final Handover",2029-11-17,,False
PRJ-00643,Land Acquisition & 3D Notification (90% RoW),2022-06-15,2022-06-07,False
PRJ-00643,Forest & Environmental Clearance,2022-12-07,2023-03-25,True
PRJ-00643,EPC / HAM Contract Award & Financial Close,2023-06-01,2023-12-10,True
PRJ-00643,"Earthwork, Embankment & Subgrade Completion",2023-11-23,2024-01-14,True
PRJ-00643,Major Bridges & Flyover Structures Erection,2024-05-16,,True
PRJ-00643,"Bituminous Pavement, Signage & Final COD",2024-11-08,,True
PRJ-00644,Detailed Alignment Survey & RoW Acquisition,2021-11-12,2021-11-12,False
PRJ-00644,Forest & Railway Board Sanction,2022-05-20,2023-01-11,True
PRJ-00644,Tendering & Major Civil Contract Award,2022-11-25,2022-12-27,True
PRJ-00644,"Earthwork, Tunnels & Bridge Abutments",2023-06-02,2023-10-18,True
PRJ-00644,Track Laying & 25kV OHE Electrification,2023-12-09,2024-06-29,True
PRJ-00644,Signalling (Kavach) & CRS Safety Inspection,2024-06-15,2024-11-22,True
PRJ-00645,Detailed Alignment Survey & RoW Acquisition,2021-02-23,2021-03-03,False
PRJ-00645,Forest & Railway Board Sanction,2021-07-02,2021-10-28,True
PRJ-00645,Tendering & Major Civil Contract Award,2021-11-08,2022-02-08,True
PRJ-00645,"Earthwork, Tunnels & Bridge Abutments",2022-03-17,2022-10-22,True
PRJ-00645,Track Laying & 25kV OHE Electrification,2022-07-25,2023-02-09,True
PRJ-00645,Signalling (Kavach) & CRS Safety Inspection,2022-12-01,2023-07-29,True
PRJ-00646,Stage-II Forest Clearance & R&R Settlement,2024-09-25,2024-09-23,False
PRJ-00646,River Diversion & Coffer Dam Construction,2025-02-06,2025-07-12,True
PRJ-00646,Head Race Tunnel (HRT) Excavation,2025-06-20,,True
PRJ-00646,Main Dam Concrete Placement / Embankment,2025-11-01,,True
PRJ-00646,Turbine & Generator Assembly Erection,2026-03-15,,True
PRJ-00646,Reservoir Impoundment & Grid Synchronization,2026-07-27,,True
PRJ-00647,Detailed Alignment Survey & RoW Acquisition,2024-10-24,2024-10-27,False
PRJ-00647,Forest & Railway Board Sanction,2025-05-01,2025-09-08,True
PRJ-00647,Tendering & Major Civil Contract Award,2025-11-06,,True
PRJ-00647,"Earthwork, Tunnels & Bridge Abutments",2026-05-14,,True
PRJ-00647,Track Laying & 25kV OHE Electrification,2026-11-20,,False
PRJ-00647,Signalling (Kavach) & CRS Safety Inspection,2027-05-28,,False
PRJ-00648,Detailed Alignment Survey & RoW Acquisition,2021-07-31,2021-07-25,False
PRJ-00648,Forest & Railway Board Sanction,2022-02-24,2022-06-24,True
PRJ-00648,Tendering & Major Civil Contract Award,2022-09-20,2022-11-16,True
PRJ-00648,"Earthwork, Tunnels & Bridge Abutments",2023-04-15,2023-05-16,True
PRJ-00648,Track Laying & 25kV OHE Electrification,2023-11-09,,True
PRJ-00648,Signalling (Kavach) & CRS Safety Inspection,2024-06-04,,True
PRJ-00649,Land Acquisition & 3D Notification (90% RoW),2023-11-10,2023-10-26,False
PRJ-00649,Forest & Environmental Clearance,2024-03-14,2024-05-22,True
PRJ-00649,EPC / HAM Contract Award & Financial Close,2024-07-16,2025-02-27,True
PRJ-00649,"Earthwork, Embankment & Subgrade Completion",2024-11-18,2025-06-04,True
PRJ-00649,Major Bridges & Flyover Structures Erection,2025-03-23,2025-06-25,True
PRJ-00649,"Bituminous Pavement, Signage & Final COD",2025-07-25,,True
PRJ-00650,Statutory Approvals & Land Possession,2024-01-20,2024-01-09,False
PRJ-00650,Engineering Design & EPC Contract Award,2024-07-13,2024-11-10,True
PRJ-00650,Civil Works Foundation & Substructure,2025-01-05,,True
PRJ-00650,Main Equipment Supply & Installation,2025-06-29,,True
PRJ-00650,"Piping, Cabling & Auxiliary Works",2025-12-21,,True
PRJ-00650,"Pre-commissioning, Testing & Final Handover",2026-06-15,,True
PRJ-00651,Statutory Approvals & Land Possession,2021-11-26,2021-11-26,False
PRJ-00651,Engineering Design & EPC Contract Award,2022-05-07,2022-11-23,True
PRJ-00651,Civil Works Foundation & Substructure,2022-10-15,2023-01-21,True
PRJ-00651,Main Equipment Supply & Installation,2023-03-26,2023-05-25,True
PRJ-00651,"Piping, Cabling & Auxiliary Works",2023-09-03,2024-01-18,True
PRJ-00651,"Pre-commissioning, Testing & Final Handover",2024-02-12,2024-07-16,True
PRJ-00652,Statutory Approvals & Land Possession,2024-08-07,2024-08-17,False
PRJ-00652,Engineering Design & EPC Contract Award,2025-01-25,2025-01-10,False
PRJ-00652,Civil Works Foundation & Substructure,2025-07-15,2025-07-04,False
PRJ-00652,Main Equipment Supply & Installation,2026-01-02,2025-12-22,False
PRJ-00652,"Piping, Cabling & Auxiliary Works",2026-06-21,2026-06-17,False
PRJ-00652,"Pre-commissioning, Testing & Final Handover",2026-12-09,,False
PRJ-00653,Land Acquisition & 3D Notification (90% RoW),2025-10-25,,True
PRJ-00653,Forest & Environmental Clearance,2026-05-07,,True
PRJ-00653,EPC / HAM Contract Award & Financial Close,2026-11-17,,False
PRJ-00653,"Earthwork, Embankment & Subgrade Completion",2027-05-30,,False
PRJ-00653,Major Bridges & Flyover Structures Erection,2027-12-10,,False
PRJ-00653,"Bituminous Pavement, Signage & Final COD",2028-06-21,,False
PRJ-00654,Stage-II Forest Clearance & R&R Settlement,2023-09-05,2023-09-09,False
PRJ-00654,River Diversion & Coffer Dam Construction,2024-02-09,2024-04-25,True
PRJ-00654,Head Race Tunnel (HRT) Excavation,2024-07-15,2024-10-01,True
PRJ-00654,Main Dam Concrete Placement / Embankment,2024-12-19,2025-06-18,True
PRJ-00654,Turbine & Generator Assembly Erection,2025-05-25,,True
PRJ-00654,Reservoir Impoundment & Grid Synchronization,2025-10-29,,True
PRJ-00655,Statutory Approvals & Land Possession,2022-11-08,2022-11-13,False
PRJ-00655,Engineering Design & EPC Contract Award,2023-03-22,2023-06-19,True
PRJ-00655,Civil Works Foundation & Substructure,2023-08-03,2023-10-28,True
PRJ-00655,Main Equipment Supply & Installation,2023-12-15,2024-04-09,True
PRJ-00655,"Piping, Cabling & Auxiliary Works",2024-04-27,,True
PRJ-00655,"Pre-commissioning, Testing & Final Handover",2024-09-08,,True
PRJ-00656,Statutory Approvals & Land Possession,2021-01-03,2020-12-20,False
PRJ-00656,Engineering Design & EPC Contract Award,2021-07-02,2021-09-16,True
PRJ-00656,Civil Works Foundation & Substructure,2021-12-29,2022-02-07,True
PRJ-00656,Main Equipment Supply & Installation,2022-06-27,2022-07-27,True
PRJ-00656,"Piping, Cabling & Auxiliary Works",2022-12-24,2023-02-05,True
PRJ-00656,"Pre-commissioning, Testing & Final Handover",2023-06-22,2024-01-07,True
PRJ-00657,Land Acquisition & 3D Notification (90% RoW),2023-10-11,2023-10-20,False
PRJ-00657,Forest & Environmental Clearance,2024-02-13,2024-04-16,True
PRJ-00657,EPC / HAM Contract Award & Financial Close,2024-06-16,2024-10-08,True
PRJ-00657,"Earthwork, Embankment & Subgrade Completion",2024-10-19,2025-02-18,True
PRJ-00657,Major Bridges & Flyover Structures Erection,2025-02-21,2025-09-28,True
PRJ-00657,"Bituminous Pavement, Signage & Final COD",2025-06-25,2026-02-17,True
PRJ-00658,Land Acquisition & 3D Notification (90% RoW),2023-08-25,2023-08-30,False
PRJ-00658,Forest & Environmental Clearance,2024-01-29,2024-09-24,True
PRJ-00658,EPC / HAM Contract Award & Financial Close,2024-07-04,2024-09-20,True
PRJ-00658,"Earthwork, Embankment & Subgrade Completion",2024-12-08,,True
PRJ-00658,Major Bridges & Flyover Structures Erection,2025-05-14,,True
PRJ-00658,"Bituminous Pavement, Signage & Final COD",2025-10-18,,True
PRJ-00659,Detailed Alignment Survey & RoW Acquisition,2023-01-30,2023-01-21,False
PRJ-00659,Forest & Railway Board Sanction,2023-07-11,2023-07-09,False
PRJ-00659,Tendering & Major Civil Contract Award,2023-12-19,2023-12-21,False
PRJ-00659,"Earthwork, Tunnels & Bridge Abutments",2024-05-29,2024-06-05,False
PRJ-00659,Track Laying & 25kV OHE Electrification,2024-11-06,2024-10-30,False
PRJ-00659,Signalling (Kavach) & CRS Safety Inspection,2025-04-17,2025-04-26,False
PRJ-00660,Statutory Approvals & Land Possession,2021-04-20,2021-04-27,False
PRJ-00660,Engineering Design & EPC Contract Award,2021-09-19,2021-09-08,False
PRJ-00660,Civil Works Foundation & Substructure,2022-02-18,2022-02-12,False
PRJ-00660,Main Equipment Supply & Installation,2022-07-21,2022-07-07,False
PRJ-00660,"Piping, Cabling & Auxiliary Works",2022-12-20,2022-12-23,False
PRJ-00660,"Pre-commissioning, Testing & Final Handover",2023-05-21,2023-05-07,False
PRJ-00661,Land & Depot Acquisition Approval,2025-03-02,2025-02-27,False
PRJ-00661,Utility Shifting & Tree Clearance,2025-07-09,2026-01-10,True
PRJ-00661,Viaduct Pier Construction & TBM Tunneling,2025-11-15,,True
PRJ-00661,Underground / Elevated Stations Civil Structure,2026-03-24,,True
PRJ-00661,Third Rail / OHE & CBTC Signalling,2026-08-01,,False
PRJ-00661,Rolling Stock Trials & CMRS Certification,2026-12-08,,False
PRJ-00662,Statutory Approvals & Land Possession,2022-04-05,2022-04-06,False
PRJ-00662,Engineering Design & EPC Contract Award,2022-08-17,2022-08-10,False
PRJ-00662,Civil Works Foundation & Substructure,2022-12-29,2022-12-23,False
PRJ-00662,Main Equipment Supply & Installation,2023-05-12,2023-05-04,False
PRJ-00662,"Piping, Cabling & Auxiliary Works",2023-09-23,2023-09-17,False
PRJ-00662,"Pre-commissioning, Testing & Final Handover",2024-02-04,2024-02-11,False
PRJ-00663,Statutory Approvals & Land Possession,2024-12-04,2024-12-14,False
PRJ-00663,Engineering Design & EPC Contract Award,2025-06-25,2025-08-07,True
PRJ-00663,Civil Works Foundation & Substructure,2026-01-14,,True
PRJ-00663,Main Equipment Supply & Installation,2026-08-05,,False
PRJ-00663,"Piping, Cabling & Auxiliary Works",2027-02-24,,False
PRJ-00663,"Pre-commissioning, Testing & Final Handover",2027-09-15,,False
PRJ-00664,Detailed Alignment Survey & RoW Acquisition,2026-05-23,,True
PRJ-00664,Forest & Railway Board Sanction,2026-10-22,,False
PRJ-00664,Tendering & Major Civil Contract Award,2027-03-23,,False
PRJ-00664,"Earthwork, Tunnels & Bridge Abutments",2027-08-23,,False
PRJ-00664,Track Laying & 25kV OHE Electrification,2028-01-22,,False
PRJ-00664,Signalling (Kavach) & CRS Safety Inspection,2028-06-22,,False
PRJ-00665,Land Acquisition & 3D Notification (90% RoW),2022-07-15,2022-07-03,False
PRJ-00665,Forest & Environmental Clearance,2022-12-28,2023-07-30,True
PRJ-00665,EPC / HAM Contract Award & Financial Close,2023-06-12,2024-01-18,True
PRJ-00665,"Earthwork, Embankment & Subgrade Completion",2023-11-25,,True
PRJ-00665,Major Bridges & Flyover Structures Erection,2024-05-09,,True
PRJ-00665,"Bituminous Pavement, Signage & Final COD",2024-10-22,,True
PRJ-00666,Land Acquisition & 3D Notification (90% RoW),2022-04-25,2022-04-24,False
PRJ-00666,Forest & Environmental Clearance,2022-10-31,2023-01-28,True
PRJ-00666,EPC / HAM Contract Award & Financial Close,2023-05-08,2023-12-10,True
PRJ-00666,"Earthwork, Embankment & Subgrade Completion",2023-11-13,2024-06-15,True
PRJ-00666,Major Bridges & Flyover Structures Erection,2024-05-21,2024-10-09,True
PRJ-00666,"Bituminous Pavement, Signage & Final COD",2024-11-26,2025-03-30,True
PRJ-00667,Detailed Alignment Survey & RoW Acquisition,2021-12-10,2021-11-30,False
PRJ-00667,Forest & Railway Board Sanction,2022-05-02,2022-04-29,False
PRJ-00667,Tendering & Major Civil Contract Award,2022-09-22,2022-09-28,False
PRJ-00667,"Earthwork, Tunnels & Bridge Abutments",2023-02-12,2023-02-16,False
PRJ-00667,Track Laying & 25kV OHE Electrification,2023-07-05,2023-06-26,False
PRJ-00667,Signalling (Kavach) & CRS Safety Inspection,2023-11-25,2023-11-12,False
PRJ-00668,Land & Depot Acquisition Approval,2023-10-17,2023-10-14,False
PRJ-00668,Utility Shifting & Tree Clearance,2024-03-03,2024-07-09,True
PRJ-00668,Viaduct Pier Construction & TBM Tunneling,2024-07-20,2024-08-24,True
PRJ-00668,Underground / Elevated Stations Civil Structure,2024-12-05,2025-02-01,True
PRJ-00668,Third Rail / OHE & CBTC Signalling,2025-04-23,,True
PRJ-00668,Rolling Stock Trials & CMRS Certification,2025-09-08,,True
PRJ-00669,Statutory Approvals & Land Possession,2021-04-18,2021-04-13,False
PRJ-00669,Engineering Design & EPC Contract Award,2021-11-02,2022-06-01,True
PRJ-00669,Civil Works Foundation & Substructure,2022-05-20,2022-07-10,True
PRJ-00669,Main Equipment Supply & Installation,2022-12-04,,True
PRJ-00669,"Piping, Cabling & Auxiliary Works",2023-06-21,,True
PRJ-00669,"Pre-commissioning, Testing & Final Handover",2024-01-05,,True
PRJ-00670,Land Acquisition & 3D Notification (90% RoW),2022-02-01,2022-01-18,False
PRJ-00670,Forest & Environmental Clearance,2022-07-26,2022-09-20,True
PRJ-00670,EPC / HAM Contract Award & Financial Close,2023-01-18,2023-07-06,True
PRJ-00670,"Earthwork, Embankment & Subgrade Completion",2023-07-12,2023-10-25,True
PRJ-00670,Major Bridges & Flyover Structures Erection,2024-01-03,,True
PRJ-00670,"Bituminous Pavement, Signage & Final COD",2024-06-27,,True
PRJ-00671,Detailed Alignment Survey & RoW Acquisition,2021-08-27,2021-08-24,False
PRJ-00671,Forest & Railway Board Sanction,2022-01-22,2022-08-15,True
PRJ-00671,Tendering & Major Civil Contract Award,2022-06-19,2023-01-18,True
PRJ-00671,"Earthwork, Tunnels & Bridge Abutments",2022-11-13,2023-07-11,True
PRJ-00671,Track Laying & 25kV OHE Electrification,2023-04-10,2023-06-07,True
PRJ-00671,Signalling (Kavach) & CRS Safety Inspection,2023-09-05,2024-02-07,True
PRJ-00672,Statutory Approvals & Land Possession,2021-04-30,2021-04-20,False
PRJ-00672,Engineering Design & EPC Contract Award,2021-10-04,2022-02-20,True
PRJ-00672,Civil Works Foundation & Substructure,2022-03-10,2022-08-22,True
PRJ-00672,Main Equipment Supply & Installation,2022-08-14,2022-12-07,True
PRJ-00672,"Piping, Cabling & Auxiliary Works",2023-01-18,2023-07-20,True
PRJ-00672,"Pre-commissioning, Testing & Final Handover",2023-06-24,2023-09-08,True
PRJ-00673,Land Acquisition & 3D Notification (90% RoW),2023-03-02,2023-03-09,False
PRJ-00673,Forest & Environmental Clearance,2023-09-26,2023-10-06,False
PRJ-00673,EPC / HAM Contract Award & Financial Close,2024-04-21,2024-04-08,False
PRJ-00673,"Earthwork, Embankment & Subgrade Completion",2024-11-14,2024-11-24,False
PRJ-00673,Major Bridges & Flyover Structures Erection,2025-06-10,2025-05-26,False
PRJ-00673,"Bituminous Pavement, Signage & Final COD",2026-01-04,2025-12-24,False
PRJ-00674,Statutory Approvals & Land Possession,2024-03-22,2024-03-11,False
PRJ-00674,Engineering Design & EPC Contract Award,2025-01-25,,True
PRJ-00674,Civil Works Foundation & Substructure,2025-11-30,,True
PRJ-00674,Main Equipment Supply & Installation,2026-10-05,,False
PRJ-00674,"Piping, Cabling & Auxiliary Works",2027-08-11,,False
PRJ-00674,"Pre-commissioning, Testing & Final Handover",2028-06-15,,False
PRJ-00675,Land & Depot Acquisition Approval,2024-09-16,2024-09-08,False
PRJ-00675,Utility Shifting & Tree Clearance,2025-03-06,2025-07-12,True
PRJ-00675,Viaduct Pier Construction & TBM Tunneling,2025-08-24,,True
PRJ-00675,Underground / Elevated Stations Civil Structure,2026-02-11,,True
PRJ-00675,Third Rail / OHE & CBTC Signalling,2026-07-31,,True
PRJ-00675,Rolling Stock Trials & CMRS Certification,2027-01-18,,False
PRJ-00676,Statutory Approvals & Land Possession,2024-11-05,2024-11-15,False
PRJ-00676,Engineering Design & EPC Contract Award,2025-04-20,,True
PRJ-00676,Civil Works Foundation & Substructure,2025-10-03,,True
PRJ-00676,Main Equipment Supply & Installation,2026-03-18,,True
PRJ-00676,"Piping, Cabling & Auxiliary Works",2026-08-31,,False
PRJ-00676,"Pre-commissioning, Testing & Final Handover",2027-02-13,,False
PRJ-00677,Stage-II Forest Clearance & R&R Settlement,2020-11-26,2020-11-22,False
PRJ-00677,River Diversion & Coffer Dam Construction,2021-05-25,2021-09-24,True
PRJ-00677,Head Race Tunnel (HRT) Excavation,2021-11-21,2022-07-08,True
PRJ-00677,Main Dam Concrete Placement / Embankment,2022-05-20,2023-01-14,True
PRJ-00677,Turbine & Generator Assembly Erection,2022-11-16,2023-01-20,True
PRJ-00677,Reservoir Impoundment & Grid Synchronization,2023-05-15,2023-08-28,True
PRJ-00678,Detailed Alignment Survey & RoW Acquisition,2022-01-17,2022-01-06,False
PRJ-00678,Forest & Railway Board Sanction,2022-08-13,2022-12-17,True
PRJ-00678,Tendering & Major Civil Contract Award,2023-03-09,2023-10-12,True
PRJ-00678,"Earthwork, Tunnels & Bridge Abutments",2023-10-02,,True
PRJ-00678,Track Laying & 25kV OHE Electrification,2024-04-27,,True
PRJ-00678,Signalling (Kavach) & CRS Safety Inspection,2024-11-21,,True
PRJ-00679,Land & Depot Acquisition Approval,2025-12-03,,True
PRJ-00679,Utility Shifting & Tree Clearance,2026-06-01,,True
PRJ-00679,Viaduct Pier Construction & TBM Tunneling,2026-11-28,,False
PRJ-00679,Underground / Elevated Stations Civil Structure,2027-05-27,,False
PRJ-00679,Third Rail / OHE & CBTC Signalling,2027-11-23,,False
PRJ-00679,Rolling Stock Trials & CMRS Certification,2028-05-21,,False
PRJ-00680,Detailed Alignment Survey & RoW Acquisition,2021-12-22,2021-12-21,False
PRJ-00680,Forest & Railway Board Sanction,2022-05-28,2023-01-13,True
PRJ-00680,Tendering & Major Civil Contract Award,2022-11-01,2023-05-15,True
PRJ-00680,"Earthwork, Tunnels & Bridge Abutments",2023-04-07,2023-10-31,True
PRJ-00680,Track Laying & 25kV OHE Electrification,2023-09-11,2023-10-14,True
PRJ-00680,Signalling (Kavach) & CRS Safety Inspection,2024-02-15,2024-05-28,True
PRJ-00681,Detailed Alignment Survey & RoW Acquisition,2024-12-04,2024-12-11,False
PRJ-00681,Forest & Railway Board Sanction,2025-06-20,,True
PRJ-00681,Tendering & Major Civil Contract Award,2026-01-05,,True
PRJ-00681,"Earthwork, Tunnels & Bridge Abutments",2026-07-22,,True
PRJ-00681,Track Laying & 25kV OHE Electrification,2027-02-06,,False
PRJ-00681,Signalling (Kavach) & CRS Safety Inspection,2027-08-23,,False
PRJ-00682,Detailed Alignment Survey & RoW Acquisition,2022-09-26,2022-09-18,False
PRJ-00682,Forest & Railway Board Sanction,2023-02-16,2023-02-13,False
PRJ-00682,Tendering & Major Civil Contract Award,2023-07-09,2023-06-29,False
PRJ-00682,"Earthwork, Tunnels & Bridge Abutments",2023-11-29,2023-12-07,False
PRJ-00682,Track Laying & 25kV OHE Electrification,2024-04-20,2024-04-22,False
PRJ-00682,Signalling (Kavach) & CRS Safety Inspection,2024-09-10,2024-09-14,False
PRJ-00683,Land Acquisition & 3D Notification (90% RoW),2024-02-09,2024-01-27,False
PRJ-00683,Forest & Environmental Clearance,2024-09-08,2025-01-08,True
PRJ-00683,EPC / HAM Contract Award & Financial Close,2025-04-08,,True
PRJ-00683,"Earthwork, Embankment & Subgrade Completion",2025-11-07,,True
PRJ-00683,Major Bridges & Flyover Structures Erection,2026-06-07,,True
PRJ-00683,"Bituminous Pavement, Signage & Final COD",2027-01-05,,False
PRJ-00684,Statutory Approvals & Land Possession,2020-11-09,2020-10-26,False
PRJ-00684,Engineering Design & EPC Contract Award,2021-04-29,2021-07-29,True
PRJ-00684,Civil Works Foundation & Substructure,2021-10-17,2022-01-23,True
PRJ-00684,Main Equipment Supply & Installation,2022-04-06,2022-05-27,True
PRJ-00684,"Piping, Cabling & Auxiliary Works",2022-09-23,2023-03-17,True
PRJ-00684,"Pre-commissioning, Testing & Final Handover",2023-03-13,2023-09-03,True
PRJ-00685,Statutory Approvals & Land Possession,2022-07-29,2022-07-24,False
PRJ-00685,Engineering Design & EPC Contract Award,2022-12-14,2022-12-23,False
PRJ-00685,Civil Works Foundation & Substructure,2023-05-02,2023-04-29,False
PRJ-00685,Main Equipment Supply & Installation,2023-09-17,2023-09-25,False
PRJ-00685,"Piping, Cabling & Auxiliary Works",2024-02-03,2024-01-30,False
PRJ-00685,"Pre-commissioning, Testing & Final Handover",2024-06-20,2024-06-09,False
PRJ-00686,Land & Depot Acquisition Approval,2024-12-11,2024-12-01,False
PRJ-00686,Utility Shifting & Tree Clearance,2025-06-09,2025-05-29,False
PRJ-00686,Viaduct Pier Construction & TBM Tunneling,2025-12-06,2025-12-12,False
PRJ-00686,Underground / Elevated Stations Civil Structure,2026-06-04,2026-06-03,False
PRJ-00686,Third Rail / OHE & CBTC Signalling,2026-12-01,,False
PRJ-00686,Rolling Stock Trials & CMRS Certification,2027-05-30,,False
PRJ-00687,Statutory Approvals & Land Possession,2026-08-21,,False
PRJ-00687,Engineering Design & EPC Contract Award,2027-01-30,,False
PRJ-00687,Civil Works Foundation & Substructure,2027-07-10,,False
PRJ-00687,Main Equipment Supply & Installation,2027-12-19,,False
PRJ-00687,"Piping, Cabling & Auxiliary Works",2028-05-28,,False
PRJ-00687,"Pre-commissioning, Testing & Final Handover",2028-11-06,,False
PRJ-00688,Land Acquisition & 3D Notification (90% RoW),2025-04-10,2025-04-14,False
PRJ-00688,Forest & Environmental Clearance,2025-08-26,2025-08-13,False
PRJ-00688,EPC / HAM Contract Award & Financial Close,2026-01-12,2026-01-01,False
PRJ-00688,"Earthwork, Embankment & Subgrade Completion",2026-05-30,2026-06-02,False
PRJ-00688,Major Bridges & Flyover Structures Erection,2026-10-16,,False
PRJ-00688,"Bituminous Pavement, Signage & Final COD",2027-03-03,,False
PRJ-00689,Land Acquisition & 3D Notification (90% RoW),2023-12-13,2023-12-03,False
PRJ-00689,Forest & Environmental Clearance,2024-10-17,,True
PRJ-00689,EPC / HAM Contract Award & Financial Close,2025-08-22,,True
PRJ-00689,"Earthwork, Embankment & Subgrade Completion",2026-06-27,,True
PRJ-00689,Major Bridges & Flyover Structures Erection,2027-05-03,,False
PRJ-00689,"Bituminous Pavement, Signage & Final COD",2028-03-07,,False
PRJ-00690,Statutory Approvals & Land Possession,2021-02-27,2021-03-08,False
PRJ-00690,Engineering Design & EPC Contract Award,2021-11-22,2022-04-14,True
PRJ-00690,Civil Works Foundation & Substructure,2022-08-17,2023-03-01,True
PRJ-00690,Main Equipment Supply & Installation,2023-05-11,2023-07-15,True
PRJ-00690,"Piping, Cabling & Auxiliary Works",2024-02-03,2024-04-04,True
PRJ-00690,"Pre-commissioning, Testing & Final Handover",2024-10-28,,True
PRJ-00691,Stage-II Forest Clearance & R&R Settlement,2024-04-28,2024-04-24,False
PRJ-00691,River Diversion & Coffer Dam Construction,2024-09-18,2024-11-08,True
PRJ-00691,Head Race Tunnel (HRT) Excavation,2025-02-08,,True
PRJ-00691,Main Dam Concrete Placement / Embankment,2025-07-01,,True
PRJ-00691,Turbine & Generator Assembly Erection,2025-11-21,,True
PRJ-00691,Reservoir Impoundment & Grid Synchronization,2026-04-13,,True
PRJ-00692,Statutory Approvals & Land Possession,2025-10-15,,True
PRJ-00692,Engineering Design & EPC Contract Award,2026-02-26,,True
PRJ-00692,Civil Works Foundation & Substructure,2026-07-10,,True
PRJ-00692,Main Equipment Supply & Installation,2026-11-21,,False
PRJ-00692,"Piping, Cabling & Auxiliary Works",2027-04-04,,False
PRJ-00692,"Pre-commissioning, Testing & Final Handover",2027-08-16,,False
PRJ-00693,Detailed Alignment Survey & RoW Acquisition,2024-09-02,2024-08-21,False
PRJ-00693,Forest & Railway Board Sanction,2025-04-21,,True
PRJ-00693,Tendering & Major Civil Contract Award,2025-12-08,,True
PRJ-00693,"Earthwork, Tunnels & Bridge Abutments",2026-07-27,,True
PRJ-00693,Track Laying & 25kV OHE Electrification,2027-03-14,,False
PRJ-00693,Signalling (Kavach) & CRS Safety Inspection,2027-10-31,,False
PRJ-00694,Statutory Approvals & Land Possession,2022-01-26,2022-01-26,False
PRJ-00694,Engineering Design & EPC Contract Award,2022-07-07,2022-06-25,False
PRJ-00694,Civil Works Foundation & Substructure,2022-12-15,2022-12-08,False
PRJ-00694,Main Equipment Supply & Installation,2023-05-26,2023-05-25,False
PRJ-00694,"Piping, Cabling & Auxiliary Works",2023-11-03,2023-10-20,False
PRJ-00694,"Pre-commissioning, Testing & Final Handover",2024-04-13,2024-04-15,False
PRJ-00695,Statutory Approvals & Land Possession,2024-09-15,2024-09-15,False
PRJ-00695,Engineering Design & EPC Contract Award,2025-01-04,2025-03-29,True
PRJ-00695,Civil Works Foundation & Substructure,2025-04-25,2025-06-07,True
PRJ-00695,Main Equipment Supply & Installation,2025-08-14,,True
PRJ-00695,"Piping, Cabling & Auxiliary Works",2025-12-02,,True
PRJ-00695,"Pre-commissioning, Testing & Final Handover",2026-03-23,,True
PRJ-00696,Land Acquisition & 3D Notification (90% RoW),2023-06-23,2023-06-30,False
PRJ-00696,Forest & Environmental Clearance,2023-12-29,2024-05-22,True
PRJ-00696,EPC / HAM Contract Award & Financial Close,2024-07-05,2024-11-19,True
PRJ-00696,"Earthwork, Embankment & Subgrade Completion",2025-01-10,,True
PRJ-00696,Major Bridges & Flyover Structures Erection,2025-07-19,,True
PRJ-00696,"Bituminous Pavement, Signage & Final COD",2026-01-24,,True
PRJ-00697,Detailed Alignment Survey & RoW Acquisition,2022-12-08,2022-12-18,False
PRJ-00697,Forest & Railway Board Sanction,2023-05-19,2023-07-29,True
PRJ-00697,Tendering & Major Civil Contract Award,2023-10-27,2024-05-22,True
PRJ-00697,"Earthwork, Tunnels & Bridge Abutments",2024-04-06,2024-08-25,True
PRJ-00697,Track Laying & 25kV OHE Electrification,2024-09-14,,True
PRJ-00697,Signalling (Kavach) & CRS Safety Inspection,2025-02-23,,True
PRJ-00698,Land Acquisition & 3D Notification (90% RoW),2025-01-11,2025-01-19,False
PRJ-00698,Forest & Environmental Clearance,2025-06-22,2025-06-30,False
PRJ-00698,EPC / HAM Contract Award & Financial Close,2025-11-30,2025-12-08,False
PRJ-00698,"Earthwork, Embankment & Subgrade Completion",2026-05-11,2026-05-19,False
PRJ-00698,Major Bridges & Flyover Structures Erection,2026-10-19,,False
PRJ-00698,"Bituminous Pavement, Signage & Final COD",2027-03-30,,False
PRJ-00699,Detailed Alignment Survey & RoW Acquisition,2021-06-17,2021-06-06,False
PRJ-00699,Forest & Railway Board Sanction,2021-11-16,2022-05-27,True
PRJ-00699,Tendering & Major Civil Contract Award,2022-04-17,2022-09-09,True
PRJ-00699,"Earthwork, Tunnels & Bridge Abutments",2022-09-17,2023-03-29,True
PRJ-00699,Track Laying & 25kV OHE Electrification,2023-02-16,,True
PRJ-00699,Signalling (Kavach) & CRS Safety Inspection,2023-07-18,,True
PRJ-00700,Land Acquisition & 3D Notification (90% RoW),2026-04-07,,True
PRJ-00700,Forest & Environmental Clearance,2026-08-28,,False
PRJ-00700,EPC / HAM Contract Award & Financial Close,2027-01-18,,False
PRJ-00700,"Earthwork, Embankment & Subgrade Completion",2027-06-10,,False
PRJ-00700,Major Bridges & Flyover Structures Erection,2027-10-31,,False
PRJ-00700,"Bituminous Pavement, Signage & Final COD",2028-03-22,,False
PRJ-00701,Stage-II Forest Clearance & R&R Settlement,2023-03-17,2023-03-15,False
PRJ-00701,River Diversion & Coffer Dam Construction,2023-09-04,2024-01-17,True
PRJ-00701,Head Race Tunnel (HRT) Excavation,2024-02-22,2024-06-21,True
PRJ-00701,Main Dam Concrete Placement / Embankment,2024-08-11,,True
PRJ-00701,Turbine & Generator Assembly Erection,2025-01-28,,True
PRJ-00701,Reservoir Impoundment & Grid Synchronization,2025-07-18,,True
PRJ-00702,Statutory Approvals & Land Possession,2022-03-31,2022-03-25,False
PRJ-00702,Engineering Design & EPC Contract Award,2022-08-30,2023-03-16,True
PRJ-00702,Civil Works Foundation & Substructure,2023-01-29,2023-08-23,True
PRJ-00702,Main Equipment Supply & Installation,2023-07-01,2024-01-21,True
PRJ-00702,"Piping, Cabling & Auxiliary Works",2023-11-30,,True
PRJ-00702,"Pre-commissioning, Testing & Final Handover",2024-04-30,,True
PRJ-00703,Land Acquisition & 3D Notification (90% RoW),2021-08-02,2021-08-04,False
PRJ-00703,Forest & Environmental Clearance,2022-01-15,2022-01-03,False
PRJ-00703,EPC / HAM Contract Award & Financial Close,2022-06-30,2022-07-05,False
PRJ-00703,"Earthwork, Embankment & Subgrade Completion",2022-12-13,2022-12-12,False
PRJ-00703,Major Bridges & Flyover Structures Erection,2023-05-28,2023-05-29,False
PRJ-00703,"Bituminous Pavement, Signage & Final COD",2023-11-10,2023-11-13,False
PRJ-00704,Statutory Approvals & Land Possession,2024-03-31,2024-04-10,False
PRJ-00704,Engineering Design & EPC Contract Award,2024-09-04,2025-01-30,True
PRJ-00704,Civil Works Foundation & Substructure,2025-02-08,,True
PRJ-00704,Main Equipment Supply & Installation,2025-07-15,,True
PRJ-00704,"Piping, Cabling & Auxiliary Works",2025-12-19,,True
PRJ-00704,"Pre-commissioning, Testing & Final Handover",2026-05-25,,True
PRJ-00705,Detailed Alignment Survey & RoW Acquisition,2023-07-25,2023-07-10,False
PRJ-00705,Forest & Railway Board Sanction,2024-01-30,2024-06-14,True
PRJ-00705,Tendering & Major Civil Contract Award,2024-08-06,2024-09-13,True
PRJ-00705,"Earthwork, Tunnels & Bridge Abutments",2025-02-11,,True
PRJ-00705,Track Laying & 25kV OHE Electrification,2025-08-20,,True
PRJ-00705,Signalling (Kavach) & CRS Safety Inspection,2026-02-25,,True
PRJ-00706,Statutory Approvals & Land Possession,2025-09-28,,True
PRJ-00706,Engineering Design & EPC Contract Award,2026-04-28,,True
PRJ-00706,Civil Works Foundation & Substructure,2026-11-26,,False
PRJ-00706,Main Equipment Supply & Installation,2027-06-27,,False
PRJ-00706,"Piping, Cabling & Auxiliary Works",2028-01-25,,False
PRJ-00706,"Pre-commissioning, Testing & Final Handover",2028-08-24,,False
PRJ-00707,Statutory Approvals & Land Possession,2022-08-15,2022-08-22,False
PRJ-00707,Engineering Design & EPC Contract Award,2023-01-14,2023-09-06,True
PRJ-00707,Civil Works Foundation & Substructure,2023-06-15,2023-08-16,True
PRJ-00707,Main Equipment Supply & Installation,2023-11-15,2024-04-22,True
PRJ-00707,"Piping, Cabling & Auxiliary Works",2024-04-15,2024-06-14,True
PRJ-00707,"Pre-commissioning, Testing & Final Handover",2024-09-14,2025-03-24,True
PRJ-00708,Land Acquisition & 3D Notification (90% RoW),2021-08-02,2021-08-04,False
PRJ-00708,Forest & Environmental Clearance,2021-12-28,2022-02-16,True
PRJ-00708,EPC / HAM Contract Award & Financial Close,2022-05-25,2022-11-17,True
PRJ-00708,"Earthwork, Embankment & Subgrade Completion",2022-10-19,2023-02-23,True
PRJ-00708,Major Bridges & Flyover Structures Erection,2023-03-16,2023-04-21,True
PRJ-00708,"Bituminous Pavement, Signage & Final COD",2023-08-11,2024-03-18,True
PRJ-00709,Land Acquisition & 3D Notification (90% RoW),2025-10-28,2025-11-06,False
PRJ-00709,Forest & Environmental Clearance,2026-03-25,2026-03-18,False
PRJ-00709,EPC / HAM Contract Award & Financial Close,2026-08-20,,False
PRJ-00709,"Earthwork, Embankment & Subgrade Completion",2027-01-14,,False
PRJ-00709,Major Bridges & Flyover Structures Erection,2027-06-11,,False
PRJ-00709,"Bituminous Pavement, Signage & Final COD",2027-11-06,,False
PRJ-00710,Stage-II Forest Clearance & R&R Settlement,2021-09-11,2021-09-04,False
PRJ-00710,River Diversion & Coffer Dam Construction,2022-02-15,2022-05-02,True
PRJ-00710,Head Race Tunnel (HRT) Excavation,2022-07-22,2022-09-13,True
PRJ-00710,Main Dam Concrete Placement / Embankment,2022-12-26,2023-02-13,True
PRJ-00710,Turbine & Generator Assembly Erection,2023-06-01,2023-11-04,True
PRJ-00710,Reservoir Impoundment & Grid Synchronization,2023-11-05,2024-03-06,True
PRJ-00711,Statutory Approvals & Land Possession,2021-05-03,2021-04-23,False
PRJ-00711,Engineering Design & EPC Contract Award,2021-12-06,2022-02-20,True
PRJ-00711,Civil Works Foundation & Substructure,2022-07-11,2022-10-25,True
PRJ-00711,Main Equipment Supply & Installation,2023-02-13,2023-03-17,True
PRJ-00711,"Piping, Cabling & Auxiliary Works",2023-09-18,2023-12-02,True
PRJ-00711,"Pre-commissioning, Testing & Final Handover",2024-04-22,2024-11-06,True
PRJ-00712,Statutory Approvals & Land Possession,2025-03-17,2025-03-02,False
PRJ-00712,Engineering Design & EPC Contract Award,2025-08-12,,True
PRJ-00712,Civil Works Foundation & Substructure,2026-01-07,,True
PRJ-00712,Main Equipment Supply & Installation,2026-06-03,,True
PRJ-00712,"Piping, Cabling & Auxiliary Works",2026-10-29,,False
PRJ-00712,"Pre-commissioning, Testing & Final Handover",2027-03-26,,False
PRJ-00713,Land & Depot Acquisition Approval,2022-10-19,2022-10-08,False
PRJ-00713,Utility Shifting & Tree Clearance,2023-05-29,2023-09-04,True
PRJ-00713,Viaduct Pier Construction & TBM Tunneling,2024-01-05,2024-04-14,True
PRJ-00713,Underground / Elevated Stations Civil Structure,2024-08-14,2025-01-14,True
PRJ-00713,Third Rail / OHE & CBTC Signalling,2025-03-23,,True
PRJ-00713,Rolling Stock Trials & CMRS Certification,2025-10-31,,True
PRJ-00714,Statutory Approvals & Land Possession,2024-08-04,2024-07-26,False
PRJ-00714,Engineering Design & EPC Contract Award,2024-12-11,2024-12-17,False
PRJ-00714,Civil Works Foundation & Substructure,2025-04-19,2025-04-26,False
PRJ-00714,Main Equipment Supply & Installation,2025-08-26,2025-08-19,False
PRJ-00714,"Piping, Cabling & Auxiliary Works",2026-01-03,2025-12-31,False
PRJ-00714,"Pre-commissioning, Testing & Final Handover",2026-05-12,2026-04-30,False
PRJ-00715,Land Acquisition & 3D Notification (90% RoW),2024-05-20,2024-05-18,False
PRJ-00715,Forest & Environmental Clearance,2024-11-16,2025-02-05,True
PRJ-00715,EPC / HAM Contract Award & Financial Close,2025-05-15,2025-11-06,True
PRJ-00715,"Earthwork, Embankment & Subgrade Completion",2025-11-11,2026-03-11,True
PRJ-00715,Major Bridges & Flyover Structures Erection,2026-05-10,,True
PRJ-00715,"Bituminous Pavement, Signage & Final COD",2026-11-06,,False
PRJ-00716,Statutory Approvals & Land Possession,2021-05-24,2021-05-25,False
PRJ-00716,Engineering Design & EPC Contract Award,2021-10-23,2021-10-19,False
PRJ-00716,Civil Works Foundation & Substructure,2022-03-24,2022-03-21,False
PRJ-00716,Main Equipment Supply & Installation,2022-08-24,2022-08-09,False
PRJ-00716,"Piping, Cabling & Auxiliary Works",2023-01-23,2023-01-11,False
PRJ-00716,"Pre-commissioning, Testing & Final Handover",2023-06-24,2023-06-14,False
PRJ-00717,Statutory Approvals & Land Possession,2021-01-08,2021-01-15,False
PRJ-00717,Engineering Design & EPC Contract Award,2021-07-12,2021-11-03,True
PRJ-00717,Civil Works Foundation & Substructure,2022-01-12,2022-04-06,True
PRJ-00717,Main Equipment Supply & Installation,2022-07-16,2022-12-12,True
PRJ-00717,"Piping, Cabling & Auxiliary Works",2023-01-17,2023-07-11,True
PRJ-00717,"Pre-commissioning, Testing & Final Handover",2023-07-20,2024-03-09,True
PRJ-00718,Statutory Approvals & Land Possession,2024-11-16,2024-11-26,False
PRJ-00718,Engineering Design & EPC Contract Award,2025-04-22,,True
PRJ-00718,Civil Works Foundation & Substructure,2025-09-26,,True
PRJ-00718,Main Equipment Supply & Installation,2026-03-02,,True
PRJ-00718,"Piping, Cabling & Auxiliary Works",2026-08-06,,False
PRJ-00718,"Pre-commissioning, Testing & Final Handover",2027-01-10,,False
PRJ-00719,Statutory Approvals & Land Possession,2024-03-26,2024-03-19,False
PRJ-00719,Engineering Design & EPC Contract Award,2024-10-15,2025-03-01,True
PRJ-00719,Civil Works Foundation & Substructure,2025-05-06,,True
PRJ-00719,Main Equipment Supply & Installation,2025-11-25,,True
PRJ-00719,"Piping, Cabling & Auxiliary Works",2026-06-16,,True
PRJ-00719,"Pre-commissioning, Testing & Final Handover",2027-01-05,,False
PRJ-00720,Statutory Approvals & Land Possession,2023-09-22,2023-09-07,False
PRJ-00720,Engineering Design & EPC Contract Award,2024-01-25,2024-06-21,True
PRJ-00720,Civil Works Foundation & Substructure,2024-05-28,2024-09-07,True
PRJ-00720,Main Equipment Supply & Installation,2024-09-30,2024-12-02,True
PRJ-00720,"Piping, Cabling & Auxiliary Works",2025-02-02,,True
PRJ-00720,"Pre-commissioning, Testing & Final Handover",2025-06-06,,True
PRJ-00721,Statutory Approvals & Land Possession,2025-07-27,2025-07-22,False
PRJ-00721,Engineering Design & EPC Contract Award,2025-11-19,,True
PRJ-00721,Civil Works Foundation & Substructure,2026-03-15,,True
PRJ-00721,Main Equipment Supply & Installation,2026-07-08,,True
PRJ-00721,"Piping, Cabling & Auxiliary Works",2026-10-31,,False
PRJ-00721,"Pre-commissioning, Testing & Final Handover",2027-02-24,,False
PRJ-00722,Detailed Alignment Survey & RoW Acquisition,2021-05-09,2021-05-05,False
PRJ-00722,Forest & Railway Board Sanction,2021-11-10,2021-11-14,False
PRJ-00722,Tendering & Major Civil Contract Award,2022-05-13,2022-05-01,False
PRJ-00722,"Earthwork, Tunnels & Bridge Abutments",2022-11-14,2022-10-30,False
PRJ-00722,Track Laying & 25kV OHE Electrification,2023-05-18,2023-05-10,False
PRJ-00722,Signalling (Kavach) & CRS Safety Inspection,2023-11-18,2023-11-04,False
PRJ-00723,Land Acquisition & 3D Notification (90% RoW),2021-12-17,2021-12-24,False
PRJ-00723,Forest & Environmental Clearance,2022-08-09,2022-09-21,True
PRJ-00723,EPC / HAM Contract Award & Financial Close,2023-04-02,2023-07-07,True
PRJ-00723,"Earthwork, Embankment & Subgrade Completion",2023-11-23,2024-07-10,True
PRJ-00723,Major Bridges & Flyover Structures Erection,2024-07-15,2024-08-25,True
PRJ-00723,"Bituminous Pavement, Signage & Final COD",2025-03-08,2025-05-05,True
PRJ-00724,Statutory Approvals & Land Possession,2025-05-27,2025-05-22,False
PRJ-00724,Engineering Design & EPC Contract Award,2025-12-16,,True
PRJ-00724,Civil Works Foundation & Substructure,2026-07-07,,True
PRJ-00724,Main Equipment Supply & Installation,2027-01-26,,False
PRJ-00724,"Piping, Cabling & Auxiliary Works",2027-08-17,,False
PRJ-00724,"Pre-commissioning, Testing & Final Handover",2028-03-07,,False
PRJ-00725,Land Acquisition & 3D Notification (90% RoW),2025-01-24,2025-01-16,False
PRJ-00725,Forest & Environmental Clearance,2025-08-01,2025-07-19,False
PRJ-00725,EPC / HAM Contract Award & Financial Close,2026-02-06,2026-01-30,False
PRJ-00725,"Earthwork, Embankment & Subgrade Completion",2026-08-14,,False
PRJ-00725,Major Bridges & Flyover Structures Erection,2027-02-20,,False
PRJ-00725,"Bituminous Pavement, Signage & Final COD",2027-08-28,,False
PRJ-00726,Statutory Approvals & Land Possession,2026-07-24,2026-07-30,False
PRJ-00726,Engineering Design & EPC Contract Award,2026-12-23,,False
PRJ-00726,Civil Works Foundation & Substructure,2027-05-24,,False
PRJ-00726,Main Equipment Supply & Installation,2027-10-24,,False
PRJ-00726,"Piping, Cabling & Auxiliary Works",2028-03-24,,False
PRJ-00726,"Pre-commissioning, Testing & Final Handover",2028-08-23,,False
PRJ-00727,Statutory Approvals & Land Possession,2021-02-06,2021-01-31,False
PRJ-00727,Engineering Design & EPC Contract Award,2021-05-28,2021-06-04,False
PRJ-00727,Civil Works Foundation & Substructure,2021-09-16,2021-09-15,False
PRJ-00727,Main Equipment Supply & Installation,2022-01-05,2022-01-10,False
PRJ-00727,"Piping, Cabling & Auxiliary Works",2022-04-25,2022-04-14,False
PRJ-00727,"Pre-commissioning, Testing & Final Handover",2022-08-14,2022-08-15,False
PRJ-00728,Statutory Approvals & Land Possession,2025-06-10,,True
PRJ-00728,Engineering Design & EPC Contract Award,2025-11-05,,True
PRJ-00728,Civil Works Foundation & Substructure,2026-04-02,,True
PRJ-00728,Main Equipment Supply & Installation,2026-08-27,,False
PRJ-00728,"Piping, Cabling & Auxiliary Works",2027-01-22,,False
PRJ-00728,"Pre-commissioning, Testing & Final Handover",2027-06-19,,False
PRJ-00729,Land Acquisition & 3D Notification (90% RoW),2021-07-30,2021-08-01,False
PRJ-00729,Forest & Environmental Clearance,2021-12-20,2022-02-09,True
PRJ-00729,EPC / HAM Contract Award & Financial Close,2022-05-12,2022-09-09,True
PRJ-00729,"Earthwork, Embankment & Subgrade Completion",2022-10-02,2023-02-19,True
PRJ-00729,Major Bridges & Flyover Structures Erection,2023-02-22,2023-05-17,True
PRJ-00729,"Bituminous Pavement, Signage & Final COD",2023-07-15,2023-09-21,True
PRJ-00730,Land Acquisition & 3D Notification (90% RoW),2022-10-20,2022-10-10,False
PRJ-00730,Forest & Environmental Clearance,2023-03-17,2023-03-21,False
PRJ-00730,EPC / HAM Contract Award & Financial Close,2023-08-12,2023-08-05,False
PRJ-00730,"Earthwork, Embankment & Subgrade Completion",2024-01-06,2024-01-07,False
PRJ-00730,Major Bridges & Flyover Structures Erection,2024-06-02,2024-06-06,False
PRJ-00730,"Bituminous Pavement, Signage & Final COD",2024-10-28,2024-10-28,False
PRJ-00731,Stage-II Forest Clearance & R&R Settlement,2021-07-26,2021-07-30,False
PRJ-00731,River Diversion & Coffer Dam Construction,2021-11-28,2022-06-25,True
PRJ-00731,Head Race Tunnel (HRT) Excavation,2022-04-01,2022-10-31,True
PRJ-00731,Main Dam Concrete Placement / Embankment,2022-08-04,2022-12-15,True
PRJ-00731,Turbine & Generator Assembly Erection,2022-12-07,,True
PRJ-00731,Reservoir Impoundment & Grid Synchronization,2023-04-10,,True
PRJ-00732,Statutory Approvals & Land Possession,2021-11-03,2021-11-10,False
PRJ-00732,Engineering Design & EPC Contract Award,2022-04-18,2022-10-24,True
PRJ-00732,Civil Works Foundation & Substructure,2022-10-01,2023-03-02,True
PRJ-00732,Main Equipment Supply & Installation,2023-03-16,2023-10-21,True
PRJ-00732,"Piping, Cabling & Auxiliary Works",2023-08-29,2023-12-15,True
PRJ-00732,"Pre-commissioning, Testing & Final Handover",2024-02-11,,True
PRJ-00733,Statutory Approvals & Land Possession,2022-01-10,2022-01-03,False
PRJ-00733,Engineering Design & EPC Contract Award,2022-06-21,2022-06-08,False
PRJ-00733,Civil Works Foundation & Substructure,2022-11-29,2022-11-19,False
PRJ-00733,Main Equipment Supply & Installation,2023-05-10,2023-05-16,False
PRJ-00733,"Piping, Cabling & Auxiliary Works",2023-10-18,2023-10-27,False
PRJ-00733,"Pre-commissioning, Testing & Final Handover",2024-03-28,2024-03-13,False
PRJ-00734,Stage-II Forest Clearance & R&R Settlement,2022-01-01,2022-01-02,False
PRJ-00734,River Diversion & Coffer Dam Construction,2022-04-26,2022-04-27,False
PRJ-00734,Head Race Tunnel (HRT) Excavation,2022-08-20,2022-08-10,False
PRJ-00734,Main Dam Concrete Placement / Embankment,2022-12-13,2022-12-22,False
PRJ-00734,Turbine & Generator Assembly Erection,2023-04-07,2023-03-27,False
PRJ-00734,Reservoir Impoundment & Grid Synchronization,2023-08-01,2023-08-10,False
PRJ-00735,Solar Park / Land Lease Execution,2024-04-10,2024-03-26,False
PRJ-00735,Grid Connectivity & PPA Execution,2024-09-14,2024-09-10,False
PRJ-00735,Module Mounting Structures & Inverter Civil Work,2025-02-18,2025-02-12,False
PRJ-00735,Solar PV Module / WTG Erection,2025-07-25,2025-08-01,False
PRJ-00735,Transmission Line to Pooling Substation,2025-12-29,2025-12-24,False
PRJ-00735,RLDC Charging & Commercial Operation Declaration,2026-06-04,2026-06-05,False
PRJ-00736,Land Acquisition & 3D Notification (90% RoW),2026-01-31,,True
PRJ-00736,Forest & Environmental Clearance,2026-12-06,,False
PRJ-00736,EPC / HAM Contract Award & Financial Close,2027-10-11,,False
PRJ-00736,"Earthwork, Embankment & Subgrade Completion",2028-08-15,,False
PRJ-00736,Major Bridges & Flyover Structures Erection,2029-06-21,,False
PRJ-00736,"Bituminous Pavement, Signage & Final COD",2030-04-26,,False
PRJ-00737,Land Acquisition & 3D Notification (90% RoW),2025-10-24,,True
PRJ-00737,Forest & Environmental Clearance,2026-02-16,,True
PRJ-00737,EPC / HAM Contract Award & Financial Close,2026-06-12,,True
PRJ-00737,"Earthwork, Embankment & Subgrade Completion",2026-10-05,,False
PRJ-00737,Major Bridges & Flyover Structures Erection,2027-01-28,,False
PRJ-00737,"Bituminous Pavement, Signage & Final COD",2027-05-24,,False
PRJ-00738,Detailed Alignment Survey & RoW Acquisition,2025-03-01,2025-03-05,False
PRJ-00738,Forest & Railway Board Sanction,2025-08-14,2025-10-14,True
PRJ-00738,Tendering & Major Civil Contract Award,2026-01-27,,True
PRJ-00738,"Earthwork, Tunnels & Bridge Abutments",2026-07-12,,True
PRJ-00738,Track Laying & 25kV OHE Electrification,2026-12-25,,False
PRJ-00738,Signalling (Kavach) & CRS Safety Inspection,2027-06-09,,False
PRJ-00739,Statutory Approvals & Land Possession,2020-12-04,2020-12-08,False
PRJ-00739,Engineering Design & EPC Contract Award,2021-05-28,2021-05-30,False
PRJ-00739,Civil Works Foundation & Substructure,2021-11-20,2021-11-26,False
PRJ-00739,Main Equipment Supply & Installation,2022-05-14,2022-05-04,False
PRJ-00739,"Piping, Cabling & Auxiliary Works",2022-11-05,2022-10-30,False
PRJ-00739,"Pre-commissioning, Testing & Final Handover",2023-04-30,2023-04-30,False
PRJ-00740,Statutory Approvals & Land Possession,2021-03-23,2021-03-19,False
PRJ-00740,Engineering Design & EPC Contract Award,2021-10-21,2022-05-08,True
PRJ-00740,Civil Works Foundation & Substructure,2022-05-21,2022-06-20,True
PRJ-00740,Main Equipment Supply & Installation,2022-12-20,2023-01-31,True
PRJ-00740,"Piping, Cabling & Auxiliary Works",2023-07-20,,True
PRJ-00740,"Pre-commissioning, Testing & Final Handover",2024-02-17,,True
PRJ-00741,Detailed Alignment Survey & RoW Acquisition,2024-12-15,2024-12-02,False
PRJ-00741,Forest & Railway Board Sanction,2025-05-30,,True
PRJ-00741,Tendering & Major Civil Contract Award,2025-11-12,,True
PRJ-00741,"Earthwork, Tunnels & Bridge Abutments",2026-04-27,,True
PRJ-00741,Track Laying & 25kV OHE Electrification,2026-10-10,,False
PRJ-00741,Signalling (Kavach) & CRS Safety Inspection,2027-03-25,,False
PRJ-00742,Detailed Alignment Survey & RoW Acquisition,2026-08-22,2026-08-16,False
PRJ-00742,Forest & Railway Board Sanction,2027-07-11,,False
PRJ-00742,Tendering & Major Civil Contract Award,2028-05-29,,False
PRJ-00742,"Earthwork, Tunnels & Bridge Abutments",2029-04-17,,False
PRJ-00742,Track Laying & 25kV OHE Electrification,2030-03-06,,False
PRJ-00742,Signalling (Kavach) & CRS Safety Inspection,2031-01-23,,False
PRJ-00743,Land Acquisition & 3D Notification (90% RoW),2025-09-13,2025-09-16,False
PRJ-00743,Forest & Environmental Clearance,2026-01-02,2026-07-11,True
PRJ-00743,EPC / HAM Contract Award & Financial Close,2026-04-23,,True
PRJ-00743,"Earthwork, Embankment & Subgrade Completion",2026-08-12,,False
PRJ-00743,Major Bridges & Flyover Structures Erection,2026-11-30,,False
PRJ-00743,"Bituminous Pavement, Signage & Final COD",2027-03-21,,False
PRJ-00744,Solar Park / Land Lease Execution,2022-05-20,2022-05-18,False
PRJ-00744,Grid Connectivity & PPA Execution,2022-09-26,2022-09-25,False
PRJ-00744,Module Mounting Structures & Inverter Civil Work,2023-02-02,2023-01-31,False
PRJ-00744,Solar PV Module / WTG Erection,2023-06-11,2023-06-09,False
PRJ-00744,Transmission Line to Pooling Substation,2023-10-19,2023-10-18,False
PRJ-00744,RLDC Charging & Commercial Operation Declaration,2024-02-25,2024-02-10,False
PRJ-00745,Stage-II Forest Clearance & R&R Settlement,2022-08-06,2022-08-09,False
PRJ-00745,River Diversion & Coffer Dam Construction,2023-01-24,2023-05-09,True
PRJ-00745,Head Race Tunnel (HRT) Excavation,2023-07-14,2023-08-26,True
PRJ-00745,Main Dam Concrete Placement / Embankment,2024-01-01,2024-08-11,True
PRJ-00745,Turbine & Generator Assembly Erection,2024-06-19,,True
PRJ-00745,Reservoir Impoundment & Grid Synchronization,2024-12-07,,True
PRJ-00746,Statutory Approvals & Land Possession,2025-03-12,2025-03-07,False
PRJ-00746,Engineering Design & EPC Contract Award,2025-08-21,,True
PRJ-00746,Civil Works Foundation & Substructure,2026-01-29,,True
PRJ-00746,Main Equipment Supply & Installation,2026-07-10,,True
PRJ-00746,"Piping, Cabling & Auxiliary Works",2026-12-18,,False
PRJ-00746,"Pre-commissioning, Testing & Final Handover",2027-05-29,,False
PRJ-00747,Statutory Approvals & Land Possession,2021-02-06,2021-02-08,False
PRJ-00747,Engineering Design & EPC Contract Award,2021-10-09,2022-05-16,True
PRJ-00747,Civil Works Foundation & Substructure,2022-06-10,2022-11-13,True
PRJ-00747,Main Equipment Supply & Installation,2023-02-10,2023-04-15,True
PRJ-00747,"Piping, Cabling & Auxiliary Works",2023-10-13,2024-01-08,True
PRJ-00747,"Pre-commissioning, Testing & Final Handover",2024-06-13,2025-01-01,True
PRJ-00748,Land Acquisition & 3D Notification (90% RoW),2025-06-07,2025-05-26,False
PRJ-00748,Forest & Environmental Clearance,2025-10-23,,True
PRJ-00748,EPC / HAM Contract Award & Financial Close,2026-03-11,,True
PRJ-00748,"Earthwork, Embankment & Subgrade Completion",2026-07-27,,True
PRJ-00748,Major Bridges & Flyover Structures Erection,2026-12-13,,False
PRJ-00748,"Bituminous Pavement, Signage & Final COD",2027-04-30,,False
PRJ-00749,Statutory Approvals & Land Possession,2025-01-26,2025-01-18,False
PRJ-00749,Engineering Design & EPC Contract Award,2025-06-04,,True
PRJ-00749,Civil Works Foundation & Substructure,2025-10-11,,True
PRJ-00749,Main Equipment Supply & Installation,2026-02-17,,True
PRJ-00749,"Piping, Cabling & Auxiliary Works",2026-06-27,,True
PRJ-00749,"Pre-commissioning, Testing & Final Handover",2026-11-03,,False
PRJ-00750,Statutory Approvals & Land Possession,2022-05-11,2022-05-19,False
PRJ-00750,Engineering Design & EPC Contract Award,2022-09-26,2023-04-23,True
PRJ-00750,Civil Works Foundation & Substructure,2023-02-12,2023-07-31,True
PRJ-00750,Main Equipment Supply & Installation,2023-06-30,2023-09-19,True
PRJ-00750,"Piping, Cabling & Auxiliary Works",2023-11-16,,True
PRJ-00750,"Pre-commissioning, Testing & Final Handover",2024-04-02,,True
PRJ-00751,Detailed Alignment Survey & RoW Acquisition,2023-07-31,2023-07-29,False
PRJ-00751,Forest & Railway Board Sanction,2024-02-01,2024-04-08,True
PRJ-00751,Tendering & Major Civil Contract Award,2024-08-03,2024-09-09,True
PRJ-00751,"Earthwork, Tunnels & Bridge Abutments",2025-02-04,2025-05-17,True
PRJ-00751,Track Laying & 25kV OHE Electrification,2025-08-08,,True
PRJ-00751,Signalling (Kavach) & CRS Safety Inspection,2026-02-08,,True
PRJ-00752,Statutory Approvals & Land Possession,2022-10-27,2022-10-16,False
PRJ-00752,Engineering Design & EPC Contract Award,2023-04-11,2023-04-10,False
PRJ-00752,Civil Works Foundation & Substructure,2023-09-24,2023-10-02,False
PRJ-00752,Main Equipment Supply & Installation,2024-03-08,2024-03-07,False
PRJ-00752,"Piping, Cabling & Auxiliary Works",2024-08-21,2024-08-14,False
PRJ-00752,"Pre-commissioning, Testing & Final Handover",2025-02-03,2025-01-19,False
PRJ-00753,Statutory Approvals & Land Possession,2023-08-09,2023-08-12,False
PRJ-00753,Engineering Design & EPC Contract Award,2024-01-13,2024-01-08,False
PRJ-00753,Civil Works Foundation & Substructure,2024-06-18,2024-06-17,False
PRJ-00753,Main Equipment Supply & Installation,2024-11-22,2024-11-29,False
PRJ-00753,"Piping, Cabling & Auxiliary Works",2025-04-28,2025-05-08,False
PRJ-00753,"Pre-commissioning, Testing & Final Handover",2025-10-02,2025-09-21,False
PRJ-00754,Detailed Alignment Survey & RoW Acquisition,2024-05-25,2024-05-31,False
PRJ-00754,Forest & Railway Board Sanction,2024-12-19,2025-06-01,True
PRJ-00754,Tendering & Major Civil Contract Award,2025-07-15,,True
PRJ-00754,"Earthwork, Tunnels & Bridge Abutments",2026-02-07,,True
PRJ-00754,Track Laying & 25kV OHE Electrification,2026-09-03,,False
PRJ-00754,Signalling (Kavach) & CRS Safety Inspection,2027-03-30,,False
PRJ-00755,Land Acquisition & 3D Notification (90% RoW),2023-09-19,2023-09-11,False
PRJ-00755,Forest & Environmental Clearance,2024-04-04,2024-05-28,True
PRJ-00755,EPC / HAM Contract Award & Financial Close,2024-10-20,2025-05-08,True
PRJ-00755,"Earthwork, Embankment & Subgrade Completion",2025-05-06,2025-07-02,True
PRJ-00755,Major Bridges & Flyover Structures Erection,2025-11-21,,True
PRJ-00755,"Bituminous Pavement, Signage & Final COD",2026-06-07,,True
PRJ-00756,Statutory Approvals & Land Possession,2026-01-30,2026-01-17,False
PRJ-00756,Engineering Design & EPC Contract Award,2026-07-06,2026-06-22,False
PRJ-00756,Civil Works Foundation & Substructure,2026-12-10,,False
PRJ-00756,Main Equipment Supply & Installation,2027-05-16,,False
PRJ-00756,"Piping, Cabling & Auxiliary Works",2027-10-20,,False
PRJ-00756,"Pre-commissioning, Testing & Final Handover",2028-03-25,,False
PRJ-00757,Statutory Approvals & Land Possession,2023-09-16,2023-09-13,False
PRJ-00757,Engineering Design & EPC Contract Award,2024-03-28,2024-05-31,True
PRJ-00757,Civil Works Foundation & Substructure,2024-10-08,,True
PRJ-00757,Main Equipment Supply & Installation,2025-04-20,,True
PRJ-00757,"Piping, Cabling & Auxiliary Works",2025-10-31,,True
PRJ-00757,"Pre-commissioning, Testing & Final Handover",2026-05-13,,True
PRJ-00758,Stage-II Forest Clearance & R&R Settlement,2025-12-01,,True
PRJ-00758,River Diversion & Coffer Dam Construction,2026-05-02,,True
PRJ-00758,Head Race Tunnel (HRT) Excavation,2026-10-01,,False
PRJ-00758,Main Dam Concrete Placement / Embankment,2027-03-03,,False
PRJ-00758,Turbine & Generator Assembly Erection,2027-08-02,,False
PRJ-00758,Reservoir Impoundment & Grid Synchronization,2028-01-01,,False
PRJ-00759,Land Acquisition & 3D Notification (90% RoW),2023-05-30,2023-06-07,False
PRJ-00759,Forest & Environmental Clearance,2024-01-02,2024-01-07,False
PRJ-00759,EPC / HAM Contract Award & Financial Close,2024-08-06,2024-08-07,False
PRJ-00759,"Earthwork, Embankment & Subgrade Completion",2025-03-11,2025-03-11,False
PRJ-00759,Major Bridges & Flyover Structures Erection,2025-10-14,2025-10-05,False
PRJ-00759,"Bituminous Pavement, Signage & Final COD",2026-05-19,,True
PRJ-00760,Statutory Approvals & Land Possession,2025-04-04,,True
PRJ-00760,Engineering Design & EPC Contract Award,2026-03-07,,True
PRJ-00760,Civil Works Foundation & Substructure,2027-02-07,,False
PRJ-00760,Main Equipment Supply & Installation,2028-01-10,,False
PRJ-00760,"Piping, Cabling & Auxiliary Works",2028-12-12,,False
PRJ-00760,"Pre-commissioning, Testing & Final Handover",2029-11-14,,False
PRJ-00761,Statutory Approvals & Land Possession,2025-03-23,,True
PRJ-00761,Engineering Design & EPC Contract Award,2025-09-01,,True
PRJ-00761,Civil Works Foundation & Substructure,2026-02-09,,True
PRJ-00761,Main Equipment Supply & Installation,2026-07-21,,True
PRJ-00761,"Piping, Cabling & Auxiliary Works",2026-12-29,,False
PRJ-00761,"Pre-commissioning, Testing & Final Handover",2027-06-09,,False
PRJ-00762,Statutory Approvals & Land Possession,2025-01-29,2025-02-05,False
PRJ-00762,Engineering Design & EPC Contract Award,2025-07-28,2025-07-16,False
PRJ-00762,Civil Works Foundation & Substructure,2026-01-24,2026-01-27,False
PRJ-00762,Main Equipment Supply & Installation,2026-07-23,,True
PRJ-00762,"Piping, Cabling & Auxiliary Works",2027-01-19,,False
PRJ-00762,"Pre-commissioning, Testing & Final Handover",2027-07-18,,False
PRJ-00763,Land Acquisition & 3D Notification (90% RoW),2023-04-19,2023-04-14,False
PRJ-00763,Forest & Environmental Clearance,2023-12-06,2024-07-16,True
PRJ-00763,EPC / HAM Contract Award & Financial Close,2024-07-24,2025-02-08,True
PRJ-00763,"Earthwork, Embankment & Subgrade Completion",2025-03-12,,True
PRJ-00763,Major Bridges & Flyover Structures Erection,2025-10-28,,True
PRJ-00763,"Bituminous Pavement, Signage & Final COD",2026-06-16,,True
PRJ-00764,Statutory Approvals & Land Possession,2021-05-20,2021-05-13,False
PRJ-00764,Engineering Design & EPC Contract Award,2021-11-16,2021-11-24,False
PRJ-00764,Civil Works Foundation & Substructure,2022-05-15,2022-05-01,False
PRJ-00764,Main Equipment Supply & Installation,2022-11-11,2022-10-30,False
PRJ-00764,"Piping, Cabling & Auxiliary Works",2023-05-10,2023-04-26,False
PRJ-00764,"Pre-commissioning, Testing & Final Handover",2023-11-06,2023-11-06,False
PRJ-00765,Land Acquisition & 3D Notification (90% RoW),2020-11-23,2020-11-25,False
PRJ-00765,Forest & Environmental Clearance,2021-06-09,2021-11-09,True
PRJ-00765,EPC / HAM Contract Award & Financial Close,2021-12-25,2022-02-06,True
PRJ-00765,"Earthwork, Embankment & Subgrade Completion",2022-07-11,2022-11-17,True
PRJ-00765,Major Bridges & Flyover Structures Erection,2023-01-26,,True
PRJ-00765,"Bituminous Pavement, Signage & Final COD",2023-08-12,,True
PRJ-00766,Statutory Approvals & Land Possession,2021-09-28,2021-09-26,False
PRJ-00766,Engineering Design & EPC Contract Award,2022-03-27,2022-03-13,False
PRJ-00766,Civil Works Foundation & Substructure,2022-09-23,2022-09-15,False
PRJ-00766,Main Equipment Supply & Installation,2023-03-22,2023-03-14,False
PRJ-00766,"Piping, Cabling & Auxiliary Works",2023-09-18,2023-09-05,False
PRJ-00766,"Pre-commissioning, Testing & Final Handover",2024-03-16,2024-03-19,False
PRJ-00767,Detailed Alignment Survey & RoW Acquisition,2020-10-28,2020-10-24,False
PRJ-00767,Forest & Railway Board Sanction,2021-03-29,2021-09-29,True
PRJ-00767,Tendering & Major Civil Contract Award,2021-08-28,2022-03-13,True
PRJ-00767,"Earthwork, Tunnels & Bridge Abutments",2022-01-28,2022-04-30,True
PRJ-00767,Track Laying & 25kV OHE Electrification,2022-06-29,,True
PRJ-00767,Signalling (Kavach) & CRS Safety Inspection,2022-11-28,,True
PRJ-00768,Statutory Approvals & Land Possession,2021-08-13,2021-08-05,False
PRJ-00768,Engineering Design & EPC Contract Award,2022-04-15,2022-09-05,True
PRJ-00768,Civil Works Foundation & Substructure,2022-12-15,2023-07-15,True
PRJ-00768,Main Equipment Supply & Installation,2023-08-17,2023-12-02,True
PRJ-00768,"Piping, Cabling & Auxiliary Works",2024-04-18,2024-08-19,True
PRJ-00768,"Pre-commissioning, Testing & Final Handover",2024-12-18,2025-08-04,True
PRJ-00769,Statutory Approvals & Land Possession,2025-03-11,2025-02-26,False
PRJ-00769,Engineering Design & EPC Contract Award,2025-08-10,2025-08-01,False
PRJ-00769,Civil Works Foundation & Substructure,2026-01-09,2025-12-29,False
PRJ-00769,Main Equipment Supply & Installation,2026-06-11,,True
PRJ-00769,"Piping, Cabling & Auxiliary Works",2026-11-10,,False
PRJ-00769,"Pre-commissioning, Testing & Final Handover",2027-04-11,,False
PRJ-00770,Statutory Approvals & Land Possession,2023-09-12,2023-09-11,False
PRJ-00770,Engineering Design & EPC Contract Award,2024-01-19,2024-03-18,True
PRJ-00770,Civil Works Foundation & Substructure,2024-05-27,2024-07-01,True
PRJ-00770,Main Equipment Supply & Installation,2024-10-03,,True
PRJ-00770,"Piping, Cabling & Auxiliary Works",2025-02-10,,True
PRJ-00770,"Pre-commissioning, Testing & Final Handover",2025-06-19,,True
PRJ-00771,Statutory Approvals & Land Possession,2020-10-30,2020-10-22,False
PRJ-00771,Engineering Design & EPC Contract Award,2021-04-05,2021-06-26,True
PRJ-00771,Civil Works Foundation & Substructure,2021-09-09,2022-01-14,True
PRJ-00771,Main Equipment Supply & Installation,2022-02-13,2022-05-01,True
PRJ-00771,"Piping, Cabling & Auxiliary Works",2022-07-20,2023-02-03,True
PRJ-00771,"Pre-commissioning, Testing & Final Handover",2022-12-24,2023-05-13,True
PRJ-00772,Detailed Alignment Survey & RoW Acquisition,2023-04-10,2023-04-14,False
PRJ-00772,Forest & Railway Board Sanction,2023-10-21,2024-03-10,True
PRJ-00772,Tendering & Major Civil Contract Award,2024-05-02,2024-09-18,True
PRJ-00772,"Earthwork, Tunnels & Bridge Abutments",2024-11-12,2025-06-30,True
PRJ-00772,Track Laying & 25kV OHE Electrification,2025-05-25,,True
PRJ-00772,Signalling (Kavach) & CRS Safety Inspection,2025-12-05,,True
PRJ-00773,Land Acquisition & 3D Notification (90% RoW),2025-06-11,2025-06-10,False
PRJ-00773,Forest & Environmental Clearance,2025-12-26,2026-01-03,False
PRJ-00773,EPC / HAM Contract Award & Financial Close,2026-07-13,2026-07-05,False
PRJ-00773,"Earthwork, Embankment & Subgrade Completion",2027-01-27,,False
PRJ-00773,Major Bridges & Flyover Structures Erection,2027-08-14,,False
PRJ-00773,"Bituminous Pavement, Signage & Final COD",2028-02-28,,False
PRJ-00774,Land Acquisition & 3D Notification (90% RoW),2022-07-10,2022-07-20,False
PRJ-00774,Forest & Environmental Clearance,2023-02-26,2023-10-11,True
PRJ-00774,EPC / HAM Contract Award & Financial Close,2023-10-15,2024-04-17,True
PRJ-00774,"Earthwork, Embankment & Subgrade Completion",2024-06-02,2024-07-05,True
PRJ-00774,Major Bridges & Flyover Structures Erection,2025-01-18,,True
PRJ-00774,"Bituminous Pavement, Signage & Final COD",2025-09-06,,True
PRJ-00775,Land Acquisition & 3D Notification (90% RoW),2022-04-25,2022-04-30,False
PRJ-00775,Forest & Environmental Clearance,2022-12-03,2023-05-24,True
PRJ-00775,EPC / HAM Contract Award & Financial Close,2023-07-12,2023-10-05,True
PRJ-00775,"Earthwork, Embankment & Subgrade Completion",2024-02-19,,True
PRJ-00775,Major Bridges & Flyover Structures Erection,2024-09-27,,True
PRJ-00775,"Bituminous Pavement, Signage & Final COD",2025-05-07,,True
PRJ-00776,Land Acquisition & 3D Notification (90% RoW),2022-09-08,2022-09-13,False
PRJ-00776,Forest & Environmental Clearance,2023-02-07,2023-04-22,True
PRJ-00776,EPC / HAM Contract Award & Financial Close,2023-07-09,2023-09-14,True
PRJ-00776,"Earthwork, Embankment & Subgrade Completion",2023-12-09,2024-06-14,True
PRJ-00776,Major Bridges & Flyover Structures Erection,2024-05-09,2024-11-22,True
PRJ-00776,"Bituminous Pavement, Signage & Final COD",2024-10-08,2024-11-19,True
PRJ-00777,Land & Depot Acquisition Approval,2025-09-20,,True
PRJ-00777,Utility Shifting & Tree Clearance,2026-08-14,,False
PRJ-00777,Viaduct Pier Construction & TBM Tunneling,2027-07-08,,False
PRJ-00777,Underground / Elevated Stations Civil Structure,2028-05-30,,False
PRJ-00777,Third Rail / OHE & CBTC Signalling,2029-04-23,,False
PRJ-00777,Rolling Stock Trials & CMRS Certification,2030-03-17,,False
PRJ-00778,Statutory Approvals & Land Possession,2025-09-03,,True
PRJ-00778,Engineering Design & EPC Contract Award,2026-02-16,,True
PRJ-00778,Civil Works Foundation & Substructure,2026-08-01,,False
PRJ-00778,Main Equipment Supply & Installation,2027-01-14,,False
PRJ-00778,"Piping, Cabling & Auxiliary Works",2027-06-29,,False
PRJ-00778,"Pre-commissioning, Testing & Final Handover",2027-12-12,,False
PRJ-00779,Statutory Approvals & Land Possession,2026-01-12,,True
PRJ-00779,Engineering Design & EPC Contract Award,2026-05-30,,True
PRJ-00779,Civil Works Foundation & Substructure,2026-10-16,,False
PRJ-00779,Main Equipment Supply & Installation,2027-03-03,,False
PRJ-00779,"Piping, Cabling & Auxiliary Works",2027-07-20,,False
PRJ-00779,"Pre-commissioning, Testing & Final Handover",2027-12-05,,False
PRJ-00780,Stage-II Forest Clearance & R&R Settlement,2022-01-16,2022-01-26,False
PRJ-00780,River Diversion & Coffer Dam Construction,2022-06-27,2022-06-22,False
PRJ-00780,Head Race Tunnel (HRT) Excavation,2022-12-05,2022-12-06,False
PRJ-00780,Main Dam Concrete Placement / Embankment,2023-05-16,2023-05-23,False
PRJ-00780,Turbine & Generator Assembly Erection,2023-10-24,2023-11-02,False
PRJ-00780,Reservoir Impoundment & Grid Synchronization,2024-04-03,2024-04-11,False
PRJ-00781,Land Acquisition & 3D Notification (90% RoW),2026-10-09,,False
PRJ-00781,Forest & Environmental Clearance,2027-05-28,,False
PRJ-00781,EPC / HAM Contract Award & Financial Close,2028-01-14,,False
PRJ-00781,"Earthwork, Embankment & Subgrade Completion",2028-09-01,,False
PRJ-00781,Major Bridges & Flyover Structures Erection,2029-04-19,,False
PRJ-00781,"Bituminous Pavement, Signage & Final COD",2029-12-06,,False
PRJ-00782,Detailed Alignment Survey & RoW Acquisition,2021-06-02,2021-05-25,False
PRJ-00782,Forest & Railway Board Sanction,2021-09-25,2022-01-17,True
PRJ-00782,Tendering & Major Civil Contract Award,2022-01-19,2022-04-21,True
PRJ-00782,"Earthwork, Tunnels & Bridge Abutments",2022-05-14,2023-01-03,True
PRJ-00782,Track Laying & 25kV OHE Electrification,2022-09-06,2023-04-20,True
PRJ-00782,Signalling (Kavach) & CRS Safety Inspection,2022-12-31,2023-05-02,True
PRJ-00783,Detailed Alignment Survey & RoW Acquisition,2024-09-04,2024-09-09,False
PRJ-00783,Forest & Railway Board Sanction,2025-03-12,,True
PRJ-00783,Tendering & Major Civil Contract Award,2025-09-17,,True
PRJ-00783,"Earthwork, Tunnels & Bridge Abutments",2026-03-25,,True
PRJ-00783,Track Laying & 25kV OHE Electrification,2026-10-01,,False
PRJ-00783,Signalling (Kavach) & CRS Safety Inspection,2027-04-08,,False
PRJ-00784,Detailed Alignment Survey & RoW Acquisition,2022-06-02,2022-06-12,False
PRJ-00784,Forest & Railway Board Sanction,2022-10-18,2022-10-12,False
PRJ-00784,Tendering & Major Civil Contract Award,2023-03-06,2023-03-01,False
PRJ-00784,"Earthwork, Tunnels & Bridge Abutments",2023-07-22,2023-07-17,False
PRJ-00784,Track Laying & 25kV OHE Electrification,2023-12-08,2023-11-26,False
PRJ-00784,Signalling (Kavach) & CRS Safety Inspection,2024-04-24,2024-04-11,False
PRJ-00785,Statutory Approvals & Land Possession,2021-09-18,2021-09-18,False
PRJ-00785,Engineering Design & EPC Contract Award,2022-02-22,2022-09-30,True
PRJ-00785,Civil Works Foundation & Substructure,2022-07-29,2022-09-22,True
PRJ-00785,Main Equipment Supply & Installation,2023-01-02,2023-03-05,True
PRJ-00785,"Piping, Cabling & Auxiliary Works",2023-06-08,,True
PRJ-00785,"Pre-commissioning, Testing & Final Handover",2023-11-12,,True
PRJ-00786,Statutory Approvals & Land Possession,2022-07-20,2022-07-22,False
PRJ-00786,Engineering Design & EPC Contract Award,2023-02-03,2023-01-26,False
PRJ-00786,Civil Works Foundation & Substructure,2023-08-21,2023-08-28,False
PRJ-00786,Main Equipment Supply & Installation,2024-03-06,2024-02-29,False
PRJ-00786,"Piping, Cabling & Auxiliary Works",2024-09-21,2024-09-09,False
PRJ-00786,"Pre-commissioning, Testing & Final Handover",2025-04-07,2025-04-02,False
PRJ-00787,Statutory Approvals & Land Possession,2020-12-23,2020-12-21,False
PRJ-00787,Engineering Design & EPC Contract Award,2021-05-29,2021-09-10,True
PRJ-00787,Civil Works Foundation & Substructure,2021-11-02,2022-06-13,True
PRJ-00787,Main Equipment Supply & Installation,2022-04-08,2022-09-07,True
PRJ-00787,"Piping, Cabling & Auxiliary Works",2022-09-12,2023-04-09,True
PRJ-00787,"Pre-commissioning, Testing & Final Handover",2023-02-16,2023-04-21,True
PRJ-00788,Land & Depot Acquisition Approval,2021-10-26,2021-11-03,False
PRJ-00788,Utility Shifting & Tree Clearance,2022-04-19,2022-10-16,True
PRJ-00788,Viaduct Pier Construction & TBM Tunneling,2022-10-12,2023-01-21,True
PRJ-00788,Underground / Elevated Stations Civil Structure,2023-04-05,2023-11-18,True
PRJ-00788,Third Rail / OHE & CBTC Signalling,2023-09-27,2023-11-20,True
PRJ-00788,Rolling Stock Trials & CMRS Certification,2024-03-21,2024-06-18,True
PRJ-00789,Detailed Alignment Survey & RoW Acquisition,2025-09-04,2025-08-24,False
PRJ-00789,Forest & Railway Board Sanction,2026-03-08,2026-02-22,False
PRJ-00789,Tendering & Major Civil Contract Award,2026-09-08,,False
PRJ-00789,"Earthwork, Tunnels & Bridge Abutments",2027-03-12,,False
PRJ-00789,Track Laying & 25kV OHE Electrification,2027-09-13,,False
PRJ-00789,Signalling (Kavach) & CRS Safety Inspection,2028-03-15,,False
PRJ-00790,Statutory Approvals & Land Possession,2022-12-30,2022-12-24,False
PRJ-00790,Engineering Design & EPC Contract Award,2023-07-12,2023-10-16,True
PRJ-00790,Civil Works Foundation & Substructure,2024-01-22,2024-07-25,True
PRJ-00790,Main Equipment Supply & Installation,2024-08-03,,True
PRJ-00790,"Piping, Cabling & Auxiliary Works",2025-02-13,,True
PRJ-00790,"Pre-commissioning, Testing & Final Handover",2025-08-26,,True
PRJ-00791,Land Acquisition & 3D Notification (90% RoW),2022-04-30,2022-05-02,False
PRJ-00791,Forest & Environmental Clearance,2022-08-28,2022-08-30,False
PRJ-00791,EPC / HAM Contract Award & Financial Close,2022-12-26,2023-01-05,False
PRJ-00791,"Earthwork, Embankment & Subgrade Completion",2023-04-25,2023-04-16,False
PRJ-00791,Major Bridges & Flyover Structures Erection,2023-08-23,2023-08-08,False
PRJ-00791,"Bituminous Pavement, Signage & Final COD",2023-12-21,2023-12-21,False
PRJ-00792,Statutory Approvals & Land Possession,2026-07-01,2026-06-19,False
PRJ-00792,Engineering Design & EPC Contract Award,2027-03-30,,False
PRJ-00792,Civil Works Foundation & Substructure,2027-12-27,,False
PRJ-00792,Main Equipment Supply & Installation,2028-09-25,,False
PRJ-00792,"Piping, Cabling & Auxiliary Works",2029-06-24,,False
PRJ-00792,"Pre-commissioning, Testing & Final Handover",2030-03-23,,False
PRJ-00793,Statutory Approvals & Land Possession,2022-01-23,2022-01-10,False
PRJ-00793,Engineering Design & EPC Contract Award,2022-06-01,2022-09-22,True
PRJ-00793,Civil Works Foundation & Substructure,2022-10-08,2022-12-17,True
PRJ-00793,Main Equipment Supply & Installation,2023-02-14,2023-07-23,True
PRJ-00793,"Piping, Cabling & Auxiliary Works",2023-06-24,2023-10-17,True
PRJ-00793,"Pre-commissioning, Testing & Final Handover",2023-10-31,2024-02-08,True
PRJ-00794,Statutory Approvals & Land Possession,2026-02-03,,True
PRJ-00794,Engineering Design & EPC Contract Award,2026-07-15,,True
PRJ-00794,Civil Works Foundation & Substructure,2026-12-23,,False
PRJ-00794,Main Equipment Supply & Installation,2027-06-03,,False
PRJ-00794,"Piping, Cabling & Auxiliary Works",2027-11-11,,False
PRJ-00794,"Pre-commissioning, Testing & Final Handover",2028-04-21,,False
PRJ-00795,Detailed Alignment Survey & RoW Acquisition,2022-06-01,2022-05-23,False
PRJ-00795,Forest & Railway Board Sanction,2022-10-22,2023-05-02,True
PRJ-00795,Tendering & Major Civil Contract Award,2023-03-14,2023-05-05,True
PRJ-00795,"Earthwork, Tunnels & Bridge Abutments",2023-08-04,2024-01-13,True
PRJ-00795,Track Laying & 25kV OHE Electrification,2023-12-25,2024-07-27,True
PRJ-00795,Signalling (Kavach) & CRS Safety Inspection,2024-05-16,2024-12-23,True
PRJ-00796,Land Acquisition & 3D Notification (90% RoW),2022-06-10,2022-06-02,False
PRJ-00796,Forest & Environmental Clearance,2022-11-09,2023-05-21,True
PRJ-00796,EPC / HAM Contract Award & Financial Close,2023-04-10,2023-08-07,True
PRJ-00796,"Earthwork, Embankment & Subgrade Completion",2023-09-10,2024-02-10,True
PRJ-00796,Major Bridges & Flyover Structures Erection,2024-02-09,,True
PRJ-00796,"Bituminous Pavement, Signage & Final COD",2024-07-10,,True
PRJ-00797,Statutory Approvals & Land Possession,2024-05-23,2024-05-15,False
PRJ-00797,Engineering Design & EPC Contract Award,2024-11-01,,True
PRJ-00797,Civil Works Foundation & Substructure,2025-04-11,,True
PRJ-00797,Main Equipment Supply & Installation,2025-09-20,,True
PRJ-00797,"Piping, Cabling & Auxiliary Works",2026-02-28,,True
PRJ-00797,"Pre-commissioning, Testing & Final Handover",2026-08-09,,False
PRJ-00798,Statutory Approvals & Land Possession,2026-04-08,,True
PRJ-00798,Engineering Design & EPC Contract Award,2026-11-20,,False
PRJ-00798,Civil Works Foundation & Substructure,2027-07-04,,False
PRJ-00798,Main Equipment Supply & Installation,2028-02-15,,False
PRJ-00798,"Piping, Cabling & Auxiliary Works",2028-09-28,,False
PRJ-00798,"Pre-commissioning, Testing & Final Handover",2029-05-12,,False
PRJ-00799,Statutory Approvals & Land Possession,2024-06-17,2024-06-15,False
PRJ-00799,Engineering Design & EPC Contract Award,2024-12-23,2025-02-06,True
PRJ-00799,Civil Works Foundation & Substructure,2025-06-30,,True
PRJ-00799,Main Equipment Supply & Installation,2026-01-05,,True
PRJ-00799,"Piping, Cabling & Auxiliary Works",2026-07-14,,True
PRJ-00799,"Pre-commissioning, Testing & Final Handover",2027-01-19,,False
PRJ-00800,Land Acquisition & 3D Notification (90% RoW),2024-05-30,2024-05-16,False
PRJ-00800,Forest & Environmental Clearance,2024-11-26,2025-03-14,True
PRJ-00800,EPC / HAM Contract Award & Financial Close,2025-05-25,2025-10-16,True
PRJ-00800,"Earthwork, Embankment & Subgrade Completion",2025-11-21,,True
PRJ-00800,Major Bridges & Flyover Structures Erection,2026-05-20,,True
PRJ-00800,"Bituminous Pavement, Signage & Final COD",2026-11-16,,False
PRJ-00801,Statutory Approvals & Land Possession,2025-11-11,,True
PRJ-00801,Engineering Design & EPC Contract Award,2026-04-17,,True
PRJ-00801,Civil Works Foundation & Substructure,2026-09-21,,False
PRJ-00801,Main Equipment Supply & Installation,2027-02-25,,False
PRJ-00801,"Piping, Cabling & Auxiliary Works",2027-08-01,,False
PRJ-00801,"Pre-commissioning, Testing & Final Handover",2028-01-05,,False
PRJ-00802,Statutory Approvals & Land Possession,2024-08-31,2024-09-02,False
PRJ-00802,Engineering Design & EPC Contract Award,2025-02-04,2025-02-01,False
PRJ-00802,Civil Works Foundation & Substructure,2025-07-11,2025-07-18,False
PRJ-00802,Main Equipment Supply & Installation,2025-12-15,2025-12-07,False
PRJ-00802,"Piping, Cabling & Auxiliary Works",2026-05-21,2026-05-15,False
PRJ-00802,"Pre-commissioning, Testing & Final Handover",2026-10-25,,False
PRJ-00803,Detailed Alignment Survey & RoW Acquisition,2020-08-08,2020-07-29,False
PRJ-00803,Forest & Railway Board Sanction,2021-01-17,2021-04-29,True
PRJ-00803,Tendering & Major Civil Contract Award,2021-06-27,2021-10-12,True
PRJ-00803,"Earthwork, Tunnels & Bridge Abutments",2021-12-06,2022-01-11,True
PRJ-00803,Track Laying & 25kV OHE Electrification,2022-05-16,2022-08-12,True
PRJ-00803,Signalling (Kavach) & CRS Safety Inspection,2022-10-25,2023-05-04,True
PRJ-00804,Land Acquisition & 3D Notification (90% RoW),2026-03-06,2026-03-14,False
PRJ-00804,Forest & Environmental Clearance,2026-06-25,2026-07-02,False
PRJ-00804,EPC / HAM Contract Award & Financial Close,2026-10-14,,False
PRJ-00804,"Earthwork, Embankment & Subgrade Completion",2027-02-02,,False
PRJ-00804,Major Bridges & Flyover Structures Erection,2027-05-23,,False
PRJ-00804,"Bituminous Pavement, Signage & Final COD",2027-09-11,,False
PRJ-00805,Stage-II Forest Clearance & R&R Settlement,2025-12-08,,True
PRJ-00805,River Diversion & Coffer Dam Construction,2026-12-31,,False
PRJ-00805,Head Race Tunnel (HRT) Excavation,2028-01-23,,False
PRJ-00805,Main Dam Concrete Placement / Embankment,2029-02-13,,False
PRJ-00805,Turbine & Generator Assembly Erection,2030-03-08,,False
PRJ-00805,Reservoir Impoundment & Grid Synchronization,2031-03-31,,False
PRJ-00806,Statutory Approvals & Land Possession,2023-03-03,2023-03-01,False
PRJ-00806,Engineering Design & EPC Contract Award,2023-08-16,2023-10-08,True
PRJ-00806,Civil Works Foundation & Substructure,2024-01-29,2024-04-24,True
PRJ-00806,Main Equipment Supply & Installation,2024-07-13,,True
PRJ-00806,"Piping, Cabling & Auxiliary Works",2024-12-26,,True
PRJ-00806,"Pre-commissioning, Testing & Final Handover",2025-06-10,,True
PRJ-00807,Land Acquisition & 3D Notification (90% RoW),2022-02-22,2022-02-14,False
PRJ-00807,Forest & Environmental Clearance,2022-07-15,2023-01-08,True
PRJ-00807,EPC / HAM Contract Award & Financial Close,2022-12-05,2023-01-10,True
PRJ-00807,"Earthwork, Embankment & Subgrade Completion",2023-04-27,2023-09-05,True
PRJ-00807,Major Bridges & Flyover Structures Erection,2023-09-17,2024-05-01,True
PRJ-00807,"Bituminous Pavement, Signage & Final COD",2024-02-07,2024-05-06,True
PRJ-00808,Land Acquisition & 3D Notification (90% RoW),2022-11-20,2022-11-20,False
PRJ-00808,Forest & Environmental Clearance,2023-03-29,2023-04-01,False
PRJ-00808,EPC / HAM Contract Award & Financial Close,2023-08-05,2023-07-28,False
PRJ-00808,"Earthwork, Embankment & Subgrade Completion",2023-12-12,2023-11-29,False
PRJ-00808,Major Bridges & Flyover Structures Erection,2024-04-20,2024-04-09,False
PRJ-00808,"Bituminous Pavement, Signage & Final COD",2024-08-27,2024-08-24,False
PRJ-00809,Statutory Approvals & Land Possession,2024-02-10,2024-01-26,False
PRJ-00809,Engineering Design & EPC Contract Award,2024-08-17,2024-08-10,False
PRJ-00809,Civil Works Foundation & Substructure,2025-02-22,2025-03-01,False
PRJ-00809,Main Equipment Supply & Installation,2025-08-30,2025-08-21,False
PRJ-00809,"Piping, Cabling & Auxiliary Works",2026-03-08,2026-03-17,False
PRJ-00809,"Pre-commissioning, Testing & Final Handover",2026-09-13,,False
PRJ-00810,Statutory Approvals & Land Possession,2024-09-11,2024-09-09,False
PRJ-00810,Engineering Design & EPC Contract Award,2025-03-05,2025-03-12,False
PRJ-00810,Civil Works Foundation & Substructure,2025-08-28,2025-08-15,False
PRJ-00810,Main Equipment Supply & Installation,2026-02-19,2026-02-16,False
PRJ-00810,"Piping, Cabling & Auxiliary Works",2026-08-13,,False
PRJ-00810,"Pre-commissioning, Testing & Final Handover",2027-02-05,,False
PRJ-00811,AERB Site Clearance & Environmental Approval,2022-02-02,2022-02-12,False
PRJ-00811,First Pour of Concrete (FPC) Milestone,2022-07-04,2022-07-05,False
PRJ-00811,Reactor Building Inner Containment Dome,2022-12-03,2022-12-03,False
PRJ-00811,Reactor Pressure Vessel & Steam Generator Installation,2023-05-05,2023-04-24,False
PRJ-00811,"Secondary Piping, Turbine & Grid Interface",2023-10-04,2023-10-12,False
PRJ-00811,AERB Fuel Loading Permission & Full Power COD,2024-03-04,2024-03-06,False
PRJ-00812,Detailed Alignment Survey & RoW Acquisition,2026-09-17,,False
PRJ-00812,Forest & Railway Board Sanction,2027-04-22,,False
PRJ-00812,Tendering & Major Civil Contract Award,2027-11-25,,False
PRJ-00812,"Earthwork, Tunnels & Bridge Abutments",2028-06-29,,False
PRJ-00812,Track Laying & 25kV OHE Electrification,2029-02-01,,False
PRJ-00812,Signalling (Kavach) & CRS Safety Inspection,2029-09-06,,False
PRJ-00813,Detailed Alignment Survey & RoW Acquisition,2023-05-19,2023-05-08,False
PRJ-00813,Forest & Railway Board Sanction,2023-12-27,2023-12-17,False
PRJ-00813,Tendering & Major Civil Contract Award,2024-08-04,2024-08-05,False
PRJ-00813,"Earthwork, Tunnels & Bridge Abutments",2025-03-14,2025-03-21,False
PRJ-00813,Track Laying & 25kV OHE Electrification,2025-10-21,2025-10-21,False
PRJ-00813,Signalling (Kavach) & CRS Safety Inspection,2026-05-31,2026-05-16,False
PRJ-00814,Detailed Alignment Survey & RoW Acquisition,2023-05-31,2023-06-04,False
PRJ-00814,Forest & Railway Board Sanction,2023-09-28,2023-12-07,True
PRJ-00814,Tendering & Major Civil Contract Award,2024-01-26,2024-03-13,True
PRJ-00814,"Earthwork, Tunnels & Bridge Abutments",2024-05-25,2024-09-21,True
PRJ-00814,Track Laying & 25kV OHE Electrification,2024-09-22,2025-04-02,True
PRJ-00814,Signalling (Kavach) & CRS Safety Inspection,2025-01-20,2025-07-12,True
PRJ-00815,Land Acquisition & 3D Notification (90% RoW),2023-05-27,2023-05-29,False
PRJ-00815,Forest & Environmental Clearance,2023-12-02,2024-05-18,True
PRJ-00815,EPC / HAM Contract Award & Financial Close,2024-06-08,2024-12-19,True
PRJ-00815,"Earthwork, Embankment & Subgrade Completion",2024-12-14,2025-06-30,True
PRJ-00815,Major Bridges & Flyover Structures Erection,2025-06-22,,True
PRJ-00815,"Bituminous Pavement, Signage & Final COD",2025-12-28,,True
PRJ-00816,Land & Depot Acquisition Approval,2022-11-09,2022-11-06,False
PRJ-00816,Utility Shifting & Tree Clearance,2023-04-01,2023-07-24,True
PRJ-00816,Viaduct Pier Construction & TBM Tunneling,2023-08-22,2024-02-15,True
PRJ-00816,Underground / Elevated Stations Civil Structure,2024-01-12,,True
PRJ-00816,Third Rail / OHE & CBTC Signalling,2024-06-03,,True
PRJ-00816,Rolling Stock Trials & CMRS Certification,2024-10-24,,True
PRJ-00817,Statutory Approvals & Land Possession,2021-09-08,2021-08-29,False
PRJ-00817,Engineering Design & EPC Contract Award,2022-02-21,2022-02-21,False
PRJ-00817,Civil Works Foundation & Substructure,2022-08-06,2022-07-22,False
PRJ-00817,Main Equipment Supply & Installation,2023-01-19,2023-01-14,False
PRJ-00817,"Piping, Cabling & Auxiliary Works",2023-07-04,2023-06-21,False
PRJ-00817,"Pre-commissioning, Testing & Final Handover",2023-12-17,2023-12-03,False
PRJ-00818,Land Acquisition & 3D Notification (90% RoW),2024-11-24,2024-11-18,False
PRJ-00818,Forest & Environmental Clearance,2025-06-01,,True
PRJ-00818,EPC / HAM Contract Award & Financial Close,2025-12-07,,True
PRJ-00818,"Earthwork, Embankment & Subgrade Completion",2026-06-14,,True
PRJ-00818,Major Bridges & Flyover Structures Erection,2026-12-21,,False
PRJ-00818,"Bituminous Pavement, Signage & Final COD",2027-06-28,,False
PRJ-00819,Land Acquisition & 3D Notification (90% RoW),2025-12-18,2025-12-24,False
PRJ-00819,Forest & Environmental Clearance,2026-05-29,2026-05-17,False
PRJ-00819,EPC / HAM Contract Award & Financial Close,2026-11-06,,False
PRJ-00819,"Earthwork, Embankment & Subgrade Completion",2027-04-17,,False
PRJ-00819,Major Bridges & Flyover Structures Erection,2027-09-25,,False
PRJ-00819,"Bituminous Pavement, Signage & Final COD",2028-03-05,,False
PRJ-00820,Statutory Approvals & Land Possession,2024-08-17,2024-08-08,False
PRJ-00820,Engineering Design & EPC Contract Award,2025-01-21,2025-05-28,True
PRJ-00820,Civil Works Foundation & Substructure,2025-06-27,,True
PRJ-00820,Main Equipment Supply & Installation,2025-12-01,,True
PRJ-00820,"Piping, Cabling & Auxiliary Works",2026-05-07,,True
PRJ-00820,"Pre-commissioning, Testing & Final Handover",2026-10-11,,False
PRJ-00821,Statutory Approvals & Land Possession,2023-12-31,2023-12-24,False
PRJ-00821,Engineering Design & EPC Contract Award,2024-05-22,2024-10-27,True
PRJ-00821,Civil Works Foundation & Substructure,2024-10-12,2024-11-14,True
PRJ-00821,Main Equipment Supply & Installation,2025-03-04,2025-09-05,True
PRJ-00821,"Piping, Cabling & Auxiliary Works",2025-07-25,,True
PRJ-00821,"Pre-commissioning, Testing & Final Handover",2025-12-15,,True
PRJ-00822,AERB Site Clearance & Environmental Approval,2023-10-22,2023-10-07,False
PRJ-00822,First Pour of Concrete (FPC) Milestone,2024-03-22,2024-10-21,True
PRJ-00822,Reactor Building Inner Containment Dome,2024-08-21,2025-01-18,True
PRJ-00822,Reactor Pressure Vessel & Steam Generator Installation,2025-01-21,2025-07-25,True
PRJ-00822,"Secondary Piping, Turbine & Grid Interface",2025-06-22,,True
PRJ-00822,AERB Fuel Loading Permission & Full Power COD,2025-11-21,,True
PRJ-00823,Stage-II Forest Clearance & R&R Settlement,2026-07-19,,True
PRJ-00823,River Diversion & Coffer Dam Construction,2027-03-30,,False
PRJ-00823,Head Race Tunnel (HRT) Excavation,2027-12-09,,False
PRJ-00823,Main Dam Concrete Placement / Embankment,2028-08-19,,False
PRJ-00823,Turbine & Generator Assembly Erection,2029-04-30,,False
PRJ-00823,Reservoir Impoundment & Grid Synchronization,2030-01-09,,False
PRJ-00824,Statutory Approvals & Land Possession,2024-05-25,2024-05-16,False
PRJ-00824,Engineering Design & EPC Contract Award,2024-10-20,2025-05-05,True
PRJ-00824,Civil Works Foundation & Substructure,2025-03-17,2025-09-20,True
PRJ-00824,Main Equipment Supply & Installation,2025-08-11,,True
PRJ-00824,"Piping, Cabling & Auxiliary Works",2026-01-06,,True
PRJ-00824,"Pre-commissioning, Testing & Final Handover",2026-06-03,,True
PRJ-00825,Land Acquisition & 3D Notification (90% RoW),2025-08-26,,True
PRJ-00825,Forest & Environmental Clearance,2026-02-04,,True
PRJ-00825,EPC / HAM Contract Award & Financial Close,2026-07-15,,True
PRJ-00825,"Earthwork, Embankment & Subgrade Completion",2026-12-24,,False
PRJ-00825,Major Bridges & Flyover Structures Erection,2027-06-03,,False
PRJ-00825,"Bituminous Pavement, Signage & Final COD",2027-11-12,,False
PRJ-00826,Land Acquisition & 3D Notification (90% RoW),2025-11-09,,True
PRJ-00826,Forest & Environmental Clearance,2026-03-27,,True
PRJ-00826,EPC / HAM Contract Award & Financial Close,2026-08-13,,False
PRJ-00826,"Earthwork, Embankment & Subgrade Completion",2026-12-29,,False
PRJ-00826,Major Bridges & Flyover Structures Erection,2027-05-17,,False
PRJ-00826,"Bituminous Pavement, Signage & Final COD",2027-10-02,,False
PRJ-00827,Statutory Approvals & Land Possession,2023-07-06,2023-06-23,False
PRJ-00827,Engineering Design & EPC Contract Award,2024-01-07,2024-03-23,True
PRJ-00827,Civil Works Foundation & Substructure,2024-07-09,2025-02-10,True
PRJ-00827,Main Equipment Supply & Installation,2025-01-10,2025-03-03,True
PRJ-00827,"Piping, Cabling & Auxiliary Works",2025-07-14,,True
PRJ-00827,"Pre-commissioning, Testing & Final Handover",2026-01-14,,True
PRJ-00828,Statutory Approvals & Land Possession,2021-10-20,2021-10-26,False
PRJ-00828,Engineering Design & EPC Contract Award,2022-04-13,2022-04-18,False
PRJ-00828,Civil Works Foundation & Substructure,2022-10-06,2022-09-27,False
PRJ-00828,Main Equipment Supply & Installation,2023-03-30,2023-04-07,False
PRJ-00828,"Piping, Cabling & Auxiliary Works",2023-09-21,2023-09-30,False
PRJ-00828,"Pre-commissioning, Testing & Final Handover",2024-03-15,2024-03-23,False
PRJ-00829,Detailed Alignment Survey & RoW Acquisition,2022-04-21,2022-04-20,False
PRJ-00829,Forest & Railway Board Sanction,2022-08-10,2022-11-15,True
PRJ-00829,Tendering & Major Civil Contract Award,2022-11-29,2023-01-21,True
PRJ-00829,"Earthwork, Tunnels & Bridge Abutments",2023-03-20,2023-08-22,True
PRJ-00829,Track Laying & 25kV OHE Electrification,2023-07-08,,True
PRJ-00829,Signalling (Kavach) & CRS Safety Inspection,2023-10-27,,True
PRJ-00830,Detailed Alignment Survey & RoW Acquisition,2026-06-13,,True
PRJ-00830,Forest & Railway Board Sanction,2026-11-08,,False
PRJ-00830,Tendering & Major Civil Contract Award,2027-04-05,,False
PRJ-00830,"Earthwork, Tunnels & Bridge Abutments",2027-08-30,,False
PRJ-00830,Track Laying & 25kV OHE Electrification,2028-01-25,,False
PRJ-00830,Signalling (Kavach) & CRS Safety Inspection,2028-06-21,,False
PRJ-00831,Land Acquisition & 3D Notification (90% RoW),2022-02-01,2022-01-25,False
PRJ-00831,Forest & Environmental Clearance,2022-06-10,2022-09-03,True
PRJ-00831,EPC / HAM Contract Award & Financial Close,2022-10-17,2023-03-15,True
PRJ-00831,"Earthwork, Embankment & Subgrade Completion",2023-02-23,2023-05-30,True
PRJ-00831,Major Bridges & Flyover Structures Erection,2023-07-03,2023-08-10,True
PRJ-00831,"Bituminous Pavement, Signage & Final COD",2023-11-09,2024-01-07,True
PRJ-00832,AERB Site Clearance & Environmental Approval,2023-06-13,2023-06-03,False
PRJ-00832,First Pour of Concrete (FPC) Milestone,2023-10-20,2024-03-05,True
PRJ-00832,Reactor Building Inner Containment Dome,2024-02-26,2024-07-26,True
PRJ-00832,Reactor Pressure Vessel & Steam Generator Installation,2024-07-04,2024-10-27,True
PRJ-00832,"Secondary Piping, Turbine & Grid Interface",2024-11-11,,True
PRJ-00832,AERB Fuel Loading Permission & Full Power COD,2025-03-20,,True
PRJ-00833,Statutory Approvals & Land Possession,2022-11-21,2022-11-29,False
PRJ-00833,Engineering Design & EPC Contract Award,2023-04-22,2023-09-01,True
PRJ-00833,Civil Works Foundation & Substructure,2023-09-21,2024-02-19,True
PRJ-00833,Main Equipment Supply & Installation,2024-02-21,2024-05-23,True
PRJ-00833,"Piping, Cabling & Auxiliary Works",2024-07-22,,True
PRJ-00833,"Pre-commissioning, Testing & Final Handover",2024-12-21,,True
PRJ-00834,Statutory Approvals & Land Possession,2026-01-22,2026-01-23,False
PRJ-00834,Engineering Design & EPC Contract Award,2026-07-03,2026-06-21,False
PRJ-00834,Civil Works Foundation & Substructure,2026-12-11,,False
PRJ-00834,Main Equipment Supply & Installation,2027-05-22,,False
PRJ-00834,"Piping, Cabling & Auxiliary Works",2027-10-30,,False
PRJ-00834,"Pre-commissioning, Testing & Final Handover",2028-04-09,,False
PRJ-00835,Statutory Approvals & Land Possession,2020-09-27,2020-09-18,False
PRJ-00835,Engineering Design & EPC Contract Award,2021-02-17,2021-02-20,False
PRJ-00835,Civil Works Foundation & Substructure,2021-07-10,2021-07-19,False
PRJ-00835,Main Equipment Supply & Installation,2021-11-30,2021-11-19,False
PRJ-00835,"Piping, Cabling & Auxiliary Works",2022-04-22,2022-04-11,False
PRJ-00835,"Pre-commissioning, Testing & Final Handover",2022-09-12,2022-09-18,False
PRJ-00836,Statutory Approvals & Land Possession,2023-03-27,2023-03-21,False
PRJ-00836,Engineering Design & EPC Contract Award,2023-09-18,2024-01-04,True
PRJ-00836,Civil Works Foundation & Substructure,2024-03-12,2024-05-01,True
PRJ-00836,Main Equipment Supply & Installation,2024-09-03,2024-11-19,True
PRJ-00836,"Piping, Cabling & Auxiliary Works",2025-02-25,,True
PRJ-00836,"Pre-commissioning, Testing & Final Handover",2025-08-20,,True
PRJ-00837,Detailed Alignment Survey & RoW Acquisition,2025-01-16,2025-01-23,False
PRJ-00837,Forest & Railway Board Sanction,2025-06-03,,True
PRJ-00837,Tendering & Major Civil Contract Award,2025-10-20,,True
PRJ-00837,"Earthwork, Tunnels & Bridge Abutments",2026-03-07,,True
PRJ-00837,Track Laying & 25kV OHE Electrification,2026-07-24,,True
PRJ-00837,Signalling (Kavach) & CRS Safety Inspection,2026-12-09,,False
PRJ-00838,Land Acquisition & 3D Notification (90% RoW),2021-02-21,2021-02-27,False
PRJ-00838,Forest & Environmental Clearance,2021-08-02,2021-08-10,False
PRJ-00838,EPC / HAM Contract Award & Financial Close,2022-01-10,2022-01-08,False
PRJ-00838,"Earthwork, Embankment & Subgrade Completion",2022-06-21,2022-06-25,False
PRJ-00838,Major Bridges & Flyover Structures Erection,2022-11-29,2022-11-26,False
PRJ-00838,"Bituminous Pavement, Signage & Final COD",2023-05-10,2023-05-12,False
PRJ-00839,Land & Depot Acquisition Approval,2022-06-15,2022-06-24,False
PRJ-00839,Utility Shifting & Tree Clearance,2022-10-18,2023-02-26,True
PRJ-00839,Viaduct Pier Construction & TBM Tunneling,2023-02-19,2023-04-09,True
PRJ-00839,Underground / Elevated Stations Civil Structure,2023-06-24,2024-01-05,True
PRJ-00839,Third Rail / OHE & CBTC Signalling,2023-10-27,2024-01-23,True
PRJ-00839,Rolling Stock Trials & CMRS Certification,2024-02-28,2024-05-03,True
PRJ-00840,Statutory Approvals & Land Possession,2021-03-28,2021-03-26,False
PRJ-00840,Engineering Design & EPC Contract Award,2021-09-19,2021-12-03,True
PRJ-00840,Civil Works Foundation & Substructure,2022-03-14,2022-05-24,True
PRJ-00840,Main Equipment Supply & Installation,2022-09-05,2023-01-14,True
PRJ-00840,"Piping, Cabling & Auxiliary Works",2023-02-27,2023-09-19,True
PRJ-00840,"Pre-commissioning, Testing & Final Handover",2023-08-22,,True
PRJ-00841,Land & Depot Acquisition Approval,2025-12-14,,True
PRJ-00841,Utility Shifting & Tree Clearance,2026-05-20,,True
PRJ-00841,Viaduct Pier Construction & TBM Tunneling,2026-10-24,,False
PRJ-00841,Underground / Elevated Stations Civil Structure,2027-03-30,,False
PRJ-00841,Third Rail / OHE & CBTC Signalling,2027-09-03,,False
PRJ-00841,Rolling Stock Trials & CMRS Certification,2028-02-07,,False
PRJ-00842,Land Acquisition & 3D Notification (90% RoW),2023-08-29,2023-08-28,False
PRJ-00842,Forest & Environmental Clearance,2024-01-24,2024-06-30,True
PRJ-00842,EPC / HAM Contract Award & Financial Close,2024-06-20,2024-10-23,True
PRJ-00842,"Earthwork, Embankment & Subgrade Completion",2024-11-14,,True
PRJ-00842,Major Bridges & Flyover Structures Erection,2025-04-11,,True
PRJ-00842,"Bituminous Pavement, Signage & Final COD",2025-09-06,,True
PRJ-00843,Detailed Alignment Survey & RoW Acquisition,2024-04-01,2024-04-08,False
PRJ-00843,Forest & Railway Board Sanction,2024-07-21,2024-07-24,False
PRJ-00843,Tendering & Major Civil Contract Award,2024-11-09,2024-11-02,False
PRJ-00843,"Earthwork, Tunnels & Bridge Abutments",2025-02-28,2025-02-19,False
PRJ-00843,Track Laying & 25kV OHE Electrification,2025-06-18,2025-06-19,False
PRJ-00843,Signalling (Kavach) & CRS Safety Inspection,2025-10-07,2025-10-11,False
PRJ-00844,Statutory Approvals & Land Possession,2021-04-04,2021-03-29,False
PRJ-00844,Engineering Design & EPC Contract Award,2021-09-08,2022-04-22,True
PRJ-00844,Civil Works Foundation & Substructure,2022-02-12,2022-10-09,True
PRJ-00844,Main Equipment Supply & Installation,2022-07-19,2022-08-24,True
PRJ-00844,"Piping, Cabling & Auxiliary Works",2022-12-23,2023-06-09,True
PRJ-00844,"Pre-commissioning, Testing & Final Handover",2023-05-29,2023-09-04,True
PRJ-00845,Statutory Approvals & Land Possession,2023-01-03,2022-12-31,False
PRJ-00845,Engineering Design & EPC Contract Award,2023-07-16,2023-10-17,True
PRJ-00845,Civil Works Foundation & Substructure,2024-01-26,2024-04-09,True
PRJ-00845,Main Equipment Supply & Installation,2024-08-07,2024-09-27,True
PRJ-00845,"Piping, Cabling & Auxiliary Works",2025-02-17,,True
PRJ-00845,"Pre-commissioning, Testing & Final Handover",2025-08-30,,True
PRJ-00846,Solar Park / Land Lease Execution,2023-12-15,2023-12-23,False
PRJ-00846,Grid Connectivity & PPA Execution,2024-04-22,2024-04-23,False
PRJ-00846,Module Mounting Structures & Inverter Civil Work,2024-08-29,2024-09-01,False
PRJ-00846,Solar PV Module / WTG Erection,2025-01-05,2025-01-04,False
PRJ-00846,Transmission Line to Pooling Substation,2025-05-15,2025-05-01,False
PRJ-00846,RLDC Charging & Commercial Operation Declaration,2025-09-21,2025-09-08,False
PRJ-00847,Land Acquisition & 3D Notification (90% RoW),2025-12-17,2025-12-15,False
PRJ-00847,Forest & Environmental Clearance,2026-07-17,,True
PRJ-00847,EPC / HAM Contract Award & Financial Close,2027-02-14,,False
PRJ-00847,"Earthwork, Embankment & Subgrade Completion",2027-09-15,,False
PRJ-00847,Major Bridges & Flyover Structures Erection,2028-04-14,,False
PRJ-00847,"Bituminous Pavement, Signage & Final COD",2028-11-12,,False
PRJ-00848,Statutory Approvals & Land Possession,2026-10-11,,False
PRJ-00848,Engineering Design & EPC Contract Award,2027-04-04,,False
PRJ-00848,Civil Works Foundation & Substructure,2027-09-27,,False
PRJ-00848,Main Equipment Supply & Installation,2028-03-20,,False
PRJ-00848,"Piping, Cabling & Auxiliary Works",2028-09-11,,False
PRJ-00848,"Pre-commissioning, Testing & Final Handover",2029-03-06,,False
PRJ-00849,Land Acquisition & 3D Notification (90% RoW),2024-02-24,2024-02-25,False
PRJ-00849,Forest & Environmental Clearance,2024-07-30,2025-02-16,True
PRJ-00849,EPC / HAM Contract Award & Financial Close,2025-01-03,2025-02-13,True
PRJ-00849,"Earthwork, Embankment & Subgrade Completion",2025-06-09,2025-12-10,True
PRJ-00849,Major Bridges & Flyover Structures Erection,2025-11-13,,True
PRJ-00849,"Bituminous Pavement, Signage & Final COD",2026-04-19,,True
PRJ-00850,Detailed Alignment Survey & RoW Acquisition,2021-09-22,2021-09-27,False
PRJ-00850,Forest & Railway Board Sanction,2022-02-26,2022-02-21,False
PRJ-00850,Tendering & Major Civil Contract Award,2022-08-02,2022-07-21,False
PRJ-00850,"Earthwork, Tunnels & Bridge Abutments",2023-01-06,2022-12-29,False
PRJ-00850,Track Laying & 25kV OHE Electrification,2023-06-12,2023-06-04,False
PRJ-00850,Signalling (Kavach) & CRS Safety Inspection,2023-11-16,2023-11-01,False
PRJ-00851,Land Acquisition & 3D Notification (90% RoW),2024-06-01,2024-05-17,False
PRJ-00851,Forest & Environmental Clearance,2024-09-29,2025-01-24,True
PRJ-00851,EPC / HAM Contract Award & Financial Close,2025-01-27,,True
PRJ-00851,"Earthwork, Embankment & Subgrade Completion",2025-05-27,,True
PRJ-00851,Major Bridges & Flyover Structures Erection,2025-09-24,,True
PRJ-00851,"Bituminous Pavement, Signage & Final COD",2026-01-22,,True
PRJ-00852,Detailed Alignment Survey & RoW Acquisition,2026-03-22,,True
PRJ-00852,Forest & Railway Board Sanction,2026-07-29,,True
PRJ-00852,Tendering & Major Civil Contract Award,2026-12-05,,False
PRJ-00852,"Earthwork, Tunnels & Bridge Abutments",2027-04-13,,False
PRJ-00852,Track Laying & 25kV OHE Electrification,2027-08-21,,False
PRJ-00852,Signalling (Kavach) & CRS Safety Inspection,2027-12-28,,False
PRJ-00853,Statutory Approvals & Land Possession,2026-05-08,,True
PRJ-00853,Engineering Design & EPC Contract Award,2026-10-26,,False
PRJ-00853,Civil Works Foundation & Substructure,2027-04-15,,False
PRJ-00853,Main Equipment Supply & Installation,2027-10-03,,False
PRJ-00853,"Piping, Cabling & Auxiliary Works",2028-03-21,,False
PRJ-00853,"Pre-commissioning, Testing & Final Handover",2028-09-08,,False
PRJ-00854,Statutory Approvals & Land Possession,2021-05-04,2021-05-01,False
PRJ-00854,Engineering Design & EPC Contract Award,2021-12-16,2022-06-19,True
PRJ-00854,Civil Works Foundation & Substructure,2022-07-30,2022-09-29,True
PRJ-00854,Main Equipment Supply & Installation,2023-03-13,,True
PRJ-00854,"Piping, Cabling & Auxiliary Works",2023-10-25,,True
PRJ-00854,"Pre-commissioning, Testing & Final Handover",2024-06-07,,True
PRJ-00855,Statutory Approvals & Land Possession,2022-10-20,2022-10-16,False
PRJ-00855,Engineering Design & EPC Contract Award,2023-03-26,2023-04-04,False
PRJ-00855,Civil Works Foundation & Substructure,2023-08-30,2023-08-21,False
PRJ-00855,Main Equipment Supply & Installation,2024-02-03,2024-02-01,False
PRJ-00855,"Piping, Cabling & Auxiliary Works",2024-07-09,2024-07-13,False
PRJ-00855,"Pre-commissioning, Testing & Final Handover",2024-12-13,2024-12-06,False
PRJ-00856,Statutory Approvals & Land Possession,2025-04-11,2025-04-10,False
PRJ-00856,Engineering Design & EPC Contract Award,2025-09-10,2025-08-31,False
PRJ-00856,Civil Works Foundation & Substructure,2026-02-09,2026-01-30,False
PRJ-00856,Main Equipment Supply & Installation,2026-07-12,,True
PRJ-00856,"Piping, Cabling & Auxiliary Works",2026-12-11,,False
PRJ-00856,"Pre-commissioning, Testing & Final Handover",2027-05-12,,False
PRJ-00857,Detailed Alignment Survey & RoW Acquisition,2026-01-14,,True
PRJ-00857,Forest & Railway Board Sanction,2026-06-15,,True
PRJ-00857,Tendering & Major Civil Contract Award,2026-11-14,,False
PRJ-00857,"Earthwork, Tunnels & Bridge Abutments",2027-04-16,,False
PRJ-00857,Track Laying & 25kV OHE Electrification,2027-09-15,,False
PRJ-00857,Signalling (Kavach) & CRS Safety Inspection,2028-02-14,,False
PRJ-00858,Land Acquisition & 3D Notification (90% RoW),2021-07-30,2021-07-17,False
PRJ-00858,Forest & Environmental Clearance,2022-01-08,2022-05-12,True
PRJ-00858,EPC / HAM Contract Award & Financial Close,2022-06-18,2022-07-23,True
PRJ-00858,"Earthwork, Embankment & Subgrade Completion",2022-11-27,2023-07-05,True
PRJ-00858,Major Bridges & Flyover Structures Erection,2023-05-07,,True
PRJ-00858,"Bituminous Pavement, Signage & Final COD",2023-10-16,,True
PRJ-00859,Statutory Approvals & Land Possession,2022-06-05,2022-05-31,False
PRJ-00859,Engineering Design & EPC Contract Award,2022-11-27,2022-11-16,False
PRJ-00859,Civil Works Foundation & Substructure,2023-05-22,2023-05-16,False
PRJ-00859,Main Equipment Supply & Installation,2023-11-13,2023-10-31,False
PRJ-00859,"Piping, Cabling & Auxiliary Works",2024-05-06,2024-04-21,False
PRJ-00859,"Pre-commissioning, Testing & Final Handover",2024-10-29,2024-10-20,False
PRJ-00860,Land Acquisition & 3D Notification (90% RoW),2022-07-09,2022-06-29,False
PRJ-00860,Forest & Environmental Clearance,2023-08-01,2023-11-01,True
PRJ-00860,EPC / HAM Contract Award & Financial Close,2024-08-23,,True
PRJ-00860,"Earthwork, Embankment & Subgrade Completion",2025-09-14,,True
PRJ-00860,Major Bridges & Flyover Structures Erection,2026-10-07,,False
PRJ-00860,"Bituminous Pavement, Signage & Final COD",2027-10-30,,False
PRJ-00861,Statutory Approvals & Land Possession,2026-07-17,,True
PRJ-00861,Engineering Design & EPC Contract Award,2027-04-01,,False
PRJ-00861,Civil Works Foundation & Substructure,2027-12-16,,False
PRJ-00861,Main Equipment Supply & Installation,2028-08-30,,False
PRJ-00861,"Piping, Cabling & Auxiliary Works",2029-05-16,,False
PRJ-00861,"Pre-commissioning, Testing & Final Handover",2030-01-29,,False
PRJ-00862,Statutory Approvals & Land Possession,2025-09-28,,True
PRJ-00862,Engineering Design & EPC Contract Award,2026-04-10,,True
PRJ-00862,Civil Works Foundation & Substructure,2026-10-21,,False
PRJ-00862,Main Equipment Supply & Installation,2027-05-03,,False
PRJ-00862,"Piping, Cabling & Auxiliary Works",2027-11-13,,False
PRJ-00862,"Pre-commissioning, Testing & Final Handover",2028-05-25,,False
PRJ-00863,Statutory Approvals & Land Possession,2026-05-09,,True
PRJ-00863,Engineering Design & EPC Contract Award,2026-09-24,,False
PRJ-00863,Civil Works Foundation & Substructure,2027-02-10,,False
PRJ-00863,Main Equipment Supply & Installation,2027-06-28,,False
PRJ-00863,"Piping, Cabling & Auxiliary Works",2027-11-14,,False
PRJ-00863,"Pre-commissioning, Testing & Final Handover",2028-03-31,,False
PRJ-00864,Statutory Approvals & Land Possession,2022-02-09,2022-02-08,False
PRJ-00864,Engineering Design & EPC Contract Award,2022-08-26,2023-03-25,True
PRJ-00864,Civil Works Foundation & Substructure,2023-03-13,2023-08-15,True
PRJ-00864,Main Equipment Supply & Installation,2023-09-27,,True
PRJ-00864,"Piping, Cabling & Auxiliary Works",2024-04-13,,True
PRJ-00864,"Pre-commissioning, Testing & Final Handover",2024-10-28,,True
PRJ-00865,Detailed Alignment Survey & RoW Acquisition,2026-02-01,,True
PRJ-00865,Forest & Railway Board Sanction,2026-08-14,,False
PRJ-00865,Tendering & Major Civil Contract Award,2027-02-24,,False
PRJ-00865,"Earthwork, Tunnels & Bridge Abutments",2027-09-06,,False
PRJ-00865,Track Laying & 25kV OHE Electrification,2028-03-18,,False
PRJ-00865,Signalling (Kavach) & CRS Safety Inspection,2028-09-28,,False
PRJ-00866,Statutory Approvals & Land Possession,2025-12-16,,True
PRJ-00866,Engineering Design & EPC Contract Award,2026-05-27,,True
PRJ-00866,Civil Works Foundation & Substructure,2026-11-04,,False
PRJ-00866,Main Equipment Supply & Installation,2027-04-15,,False
PRJ-00866,"Piping, Cabling & Auxiliary Works",2027-09-23,,False
PRJ-00866,"Pre-commissioning, Testing & Final Handover",2028-03-03,,False
PRJ-00867,Statutory Approvals & Land Possession,2026-01-30,,True
PRJ-00867,Engineering Design & EPC Contract Award,2026-07-15,,True
PRJ-00867,Civil Works Foundation & Substructure,2026-12-28,,False
PRJ-00867,Main Equipment Supply & Installation,2027-06-12,,False
PRJ-00867,"Piping, Cabling & Auxiliary Works",2027-11-25,,False
PRJ-00867,"Pre-commissioning, Testing & Final Handover",2028-05-09,,False
PRJ-00868,Land Acquisition & 3D Notification (90% RoW),2026-01-07,,True
PRJ-00868,Forest & Environmental Clearance,2027-01-30,,False
PRJ-00868,EPC / HAM Contract Award & Financial Close,2028-02-22,,False
PRJ-00868,"Earthwork, Embankment & Subgrade Completion",2029-03-15,,False
PRJ-00868,Major Bridges & Flyover Structures Erection,2030-04-07,,False
PRJ-00868,"Bituminous Pavement, Signage & Final COD",2031-04-30,,False
PRJ-00869,Detailed Alignment Survey & RoW Acquisition,2022-10-26,2022-10-26,False
PRJ-00869,Forest & Railway Board Sanction,2023-03-18,2023-08-12,True
PRJ-00869,Tendering & Major Civil Contract Award,2023-08-08,2024-01-30,True
PRJ-00869,"Earthwork, Tunnels & Bridge Abutments",2023-12-29,,True
PRJ-00869,Track Laying & 25kV OHE Electrification,2024-05-20,,True
PRJ-00869,Signalling (Kavach) & CRS Safety Inspection,2024-10-10,,True
PRJ-00870,Stage-II Forest Clearance & R&R Settlement,2026-02-10,,True
PRJ-00870,River Diversion & Coffer Dam Construction,2026-08-18,,False
PRJ-00870,Head Race Tunnel (HRT) Excavation,2027-02-23,,False
PRJ-00870,Main Dam Concrete Placement / Embankment,2027-08-31,,False
PRJ-00870,Turbine & Generator Assembly Erection,2028-03-08,,False
PRJ-00870,Reservoir Impoundment & Grid Synchronization,2028-09-13,,False
PRJ-00871,Statutory Approvals & Land Possession,2023-09-25,2023-09-15,False
PRJ-00871,Engineering Design & EPC Contract Award,2024-03-18,2024-03-04,False
PRJ-00871,Civil Works Foundation & Substructure,2024-09-10,2024-09-14,False
PRJ-00871,Main Equipment Supply & Installation,2025-03-04,2025-02-25,False
PRJ-00871,"Piping, Cabling & Auxiliary Works",2025-08-26,2025-08-28,False
PRJ-00871,"Pre-commissioning, Testing & Final Handover",2026-02-18,2026-02-11,False
PRJ-00872,Detailed Alignment Survey & RoW Acquisition,2022-06-25,2022-07-05,False
PRJ-00872,Forest & Railway Board Sanction,2022-10-14,2022-11-26,True
PRJ-00872,Tendering & Major Civil Contract Award,2023-02-02,2023-05-24,True
PRJ-00872,"Earthwork, Tunnels & Bridge Abutments",2023-05-24,2024-01-11,True
PRJ-00872,Track Laying & 25kV OHE Electrification,2023-09-11,2024-03-21,True
PRJ-00872,Signalling (Kavach) & CRS Safety Inspection,2023-12-31,2024-02-17,True
PRJ-00873,Statutory Approvals & Land Possession,2021-11-16,2021-11-14,False
PRJ-00873,Engineering Design & EPC Contract Award,2022-05-01,2022-06-28,True
PRJ-00873,Civil Works Foundation & Substructure,2022-10-14,2023-05-16,True
PRJ-00873,Main Equipment Supply & Installation,2023-03-29,2023-08-19,True
PRJ-00873,"Piping, Cabling & Auxiliary Works",2023-09-11,,True
PRJ-00873,"Pre-commissioning, Testing & Final Handover",2024-02-24,,True
PRJ-00874,Statutory Approvals & Land Possession,2023-03-27,2023-03-21,False
PRJ-00874,Engineering Design & EPC Contract Award,2023-09-09,2023-12-15,True
PRJ-00874,Civil Works Foundation & Substructure,2024-02-22,2024-08-06,True
PRJ-00874,Main Equipment Supply & Installation,2024-08-06,2024-11-07,True
PRJ-00874,"Piping, Cabling & Auxiliary Works",2025-01-19,,True
PRJ-00874,"Pre-commissioning, Testing & Final Handover",2025-07-04,,True
PRJ-00875,Detailed Alignment Survey & RoW Acquisition,2026-04-16,2026-04-16,False
PRJ-00875,Forest & Railway Board Sanction,2026-08-23,,False
PRJ-00875,Tendering & Major Civil Contract Award,2026-12-30,,False
PRJ-00875,"Earthwork, Tunnels & Bridge Abutments",2027-05-08,,False
PRJ-00875,Track Laying & 25kV OHE Electrification,2027-09-15,,False
PRJ-00875,Signalling (Kavach) & CRS Safety Inspection,2028-01-22,,False
PRJ-00876,Statutory Approvals & Land Possession,2022-09-22,2022-10-01,False
PRJ-00876,Engineering Design & EPC Contract Award,2023-01-20,2023-04-19,True
PRJ-00876,Civil Works Foundation & Substructure,2023-05-20,2023-08-12,True
PRJ-00876,Main Equipment Supply & Installation,2023-09-17,2024-01-03,True
PRJ-00876,"Piping, Cabling & Auxiliary Works",2024-01-15,2024-06-21,True
PRJ-00876,"Pre-commissioning, Testing & Final Handover",2024-05-14,2024-08-30,True
PRJ-00877,Statutory Approvals & Land Possession,2022-05-20,2022-05-10,False
PRJ-00877,Engineering Design & EPC Contract Award,2022-10-29,2023-02-19,True
PRJ-00877,Civil Works Foundation & Substructure,2023-04-08,2023-09-17,True
PRJ-00877,Main Equipment Supply & Installation,2023-09-17,2024-02-15,True
PRJ-00877,"Piping, Cabling & Auxiliary Works",2024-02-25,,True
PRJ-00877,"Pre-commissioning, Testing & Final Handover",2024-08-05,,True
PRJ-00878,Statutory Approvals & Land Possession,2023-01-07,2023-01-10,False
PRJ-00878,Engineering Design & EPC Contract Award,2023-06-04,2023-10-12,True
PRJ-00878,Civil Works Foundation & Substructure,2023-10-30,2024-06-11,True
PRJ-00878,Main Equipment Supply & Installation,2024-03-25,2024-08-08,True
PRJ-00878,"Piping, Cabling & Auxiliary Works",2024-08-20,2024-09-20,True
PRJ-00878,"Pre-commissioning, Testing & Final Handover",2025-01-15,2025-08-28,True
PRJ-00879,Detailed Alignment Survey & RoW Acquisition,2024-03-14,2024-03-10,False
PRJ-00879,Forest & Railway Board Sanction,2024-09-15,2024-10-21,True
PRJ-00879,Tendering & Major Civil Contract Award,2025-03-18,,True
PRJ-00879,"Earthwork, Tunnels & Bridge Abutments",2025-09-19,,True
PRJ-00879,Track Laying & 25kV OHE Electrification,2026-03-23,,True
PRJ-00879,Signalling (Kavach) & CRS Safety Inspection,2026-09-23,,False
PRJ-00880,Detailed Alignment Survey & RoW Acquisition,2025-11-12,,True
PRJ-00880,Forest & Railway Board Sanction,2026-04-04,,True
PRJ-00880,Tendering & Major Civil Contract Award,2026-08-25,,False
PRJ-00880,"Earthwork, Tunnels & Bridge Abutments",2027-01-15,,False
PRJ-00880,Track Laying & 25kV OHE Electrification,2027-06-07,,False
PRJ-00880,Signalling (Kavach) & CRS Safety Inspection,2027-10-28,,False
PRJ-00881,Statutory Approvals & Land Possession,2026-07-07,,True
PRJ-00881,Engineering Design & EPC Contract Award,2027-01-26,,False
PRJ-00881,Civil Works Foundation & Substructure,2027-08-17,,False
PRJ-00881,Main Equipment Supply & Installation,2028-03-07,,False
PRJ-00881,"Piping, Cabling & Auxiliary Works",2028-09-26,,False
PRJ-00881,"Pre-commissioning, Testing & Final Handover",2029-04-17,,False
PRJ-00882,Statutory Approvals & Land Possession,2023-03-26,2023-04-03,False
PRJ-00882,Engineering Design & EPC Contract Award,2023-09-27,2023-09-25,False
PRJ-00882,Civil Works Foundation & Substructure,2024-03-29,2024-03-18,False
PRJ-00882,Main Equipment Supply & Installation,2024-09-30,2024-09-19,False
PRJ-00882,"Piping, Cabling & Auxiliary Works",2025-04-03,2025-04-06,False
PRJ-00882,"Pre-commissioning, Testing & Final Handover",2025-10-04,2025-09-28,False
PRJ-00883,AERB Site Clearance & Environmental Approval,2026-03-12,,True
PRJ-00883,First Pour of Concrete (FPC) Milestone,2027-04-04,,False
PRJ-00883,Reactor Building Inner Containment Dome,2028-04-26,,False
PRJ-00883,Reactor Pressure Vessel & Steam Generator Installation,2029-05-18,,False
PRJ-00883,"Secondary Piping, Turbine & Grid Interface",2030-06-10,,False
PRJ-00883,AERB Fuel Loading Permission & Full Power COD,2031-07-03,,False
PRJ-00884,Statutory Approvals & Land Possession,2021-10-24,2021-10-17,False
PRJ-00884,Engineering Design & EPC Contract Award,2022-03-11,2022-09-11,True
PRJ-00884,Civil Works Foundation & Substructure,2022-07-28,2023-03-06,True
PRJ-00884,Main Equipment Supply & Installation,2022-12-13,2023-01-17,True
PRJ-00884,"Piping, Cabling & Auxiliary Works",2023-05-01,2023-07-05,True
PRJ-00884,"Pre-commissioning, Testing & Final Handover",2023-09-16,2023-11-15,True
PRJ-00885,Statutory Approvals & Land Possession,2021-07-11,2021-07-12,False
PRJ-00885,Engineering Design & EPC Contract Award,2021-12-24,2022-01-03,False
PRJ-00885,Civil Works Foundation & Substructure,2022-06-08,2022-06-03,False
PRJ-00885,Main Equipment Supply & Installation,2022-11-21,2022-12-01,False
PRJ-00885,"Piping, Cabling & Auxiliary Works",2023-05-06,2023-05-08,False
PRJ-00885,"Pre-commissioning, Testing & Final Handover",2023-10-19,2023-10-19,False
PRJ-00886,Land Acquisition & 3D Notification (90% RoW),2021-03-21,2021-03-20,False
PRJ-00886,Forest & Environmental Clearance,2021-08-02,2022-02-04,True
PRJ-00886,EPC / HAM Contract Award & Financial Close,2021-12-14,2022-06-28,True
PRJ-00886,"Earthwork, Embankment & Subgrade Completion",2022-04-27,2022-07-14,True
PRJ-00886,Major Bridges & Flyover Structures Erection,2022-09-08,2023-04-18,True
PRJ-00886,"Bituminous Pavement, Signage & Final COD",2023-01-20,2023-03-09,True
PRJ-00887,Statutory Approvals & Land Possession,2023-01-05,2023-01-03,False
PRJ-00887,Engineering Design & EPC Contract Award,2023-08-15,2023-09-19,True
PRJ-00887,Civil Works Foundation & Substructure,2024-03-23,2024-08-02,True
PRJ-00887,Main Equipment Supply & Installation,2024-10-31,2025-04-26,True
PRJ-00887,"Piping, Cabling & Auxiliary Works",2025-06-09,,True
PRJ-00887,"Pre-commissioning, Testing & Final Handover",2026-01-17,,True
PRJ-00888,Land Acquisition & 3D Notification (90% RoW),2022-01-29,2022-01-31,False
PRJ-00888,Forest & Environmental Clearance,2022-07-28,2022-12-22,True
PRJ-00888,EPC / HAM Contract Award & Financial Close,2023-01-24,,True
PRJ-00888,"Earthwork, Embankment & Subgrade Completion",2023-07-23,,True
PRJ-00888,Major Bridges & Flyover Structures Erection,2024-01-19,,True
PRJ-00888,"Bituminous Pavement, Signage & Final COD",2024-07-17,,True
PRJ-00889,Statutory Approvals & Land Possession,2021-10-04,2021-09-30,False
PRJ-00889,Engineering Design & EPC Contract Award,2022-02-06,2022-03-25,True
PRJ-00889,Civil Works Foundation & Substructure,2022-06-10,2022-10-01,True
PRJ-00889,Main Equipment Supply & Installation,2022-10-13,2023-01-31,True
PRJ-00889,"Piping, Cabling & Auxiliary Works",2023-02-15,2023-05-14,True
PRJ-00889,"Pre-commissioning, Testing & Final Handover",2023-06-19,2024-01-03,True
PRJ-00890,Land Acquisition & 3D Notification (90% RoW),2021-12-31,2021-12-30,False
PRJ-00890,Forest & Environmental Clearance,2022-06-15,2023-01-21,True
PRJ-00890,EPC / HAM Contract Award & Financial Close,2022-11-28,2023-07-05,True
PRJ-00890,"Earthwork, Embankment & Subgrade Completion",2023-05-13,2023-08-04,True
PRJ-00890,Major Bridges & Flyover Structures Erection,2023-10-26,2024-03-01,True
PRJ-00890,"Bituminous Pavement, Signage & Final COD",2024-04-09,2024-05-21,True
PRJ-00891,Land Acquisition & 3D Notification (90% RoW),2024-05-11,2024-05-12,False
PRJ-00891,Forest & Environmental Clearance,2024-10-10,2024-12-10,True
PRJ-00891,EPC / HAM Contract Award & Financial Close,2025-03-11,,True
PRJ-00891,"Earthwork, Embankment & Subgrade Completion",2025-08-11,,True
PRJ-00891,Major Bridges & Flyover Structures Erection,2026-01-10,,True
PRJ-00891,"Bituminous Pavement, Signage & Final COD",2026-06-11,,True
PRJ-00892,Land & Depot Acquisition Approval,2025-12-14,,True
PRJ-00892,Utility Shifting & Tree Clearance,2026-04-22,,True
PRJ-00892,Viaduct Pier Construction & TBM Tunneling,2026-08-29,,False
PRJ-00892,Underground / Elevated Stations Civil Structure,2027-01-05,,False
PRJ-00892,Third Rail / OHE & CBTC Signalling,2027-05-15,,False
PRJ-00892,Rolling Stock Trials & CMRS Certification,2027-09-21,,False
PRJ-00893,Land Acquisition & 3D Notification (90% RoW),2023-10-21,2023-10-15,False
PRJ-00893,Forest & Environmental Clearance,2024-04-13,2024-04-05,False
PRJ-00893,EPC / HAM Contract Award & Financial Close,2024-10-06,2024-10-13,False
PRJ-00893,"Earthwork, Embankment & Subgrade Completion",2025-03-30,2025-03-17,False
PRJ-00893,Major Bridges & Flyover Structures Erection,2025-09-21,2025-09-26,False
PRJ-00893,"Bituminous Pavement, Signage & Final COD",2026-03-16,2026-03-21,False
PRJ-00894,Statutory Approvals & Land Possession,2022-01-03,2021-12-20,False
PRJ-00894,Engineering Design & EPC Contract Award,2022-06-23,2022-12-22,True
PRJ-00894,Civil Works Foundation & Substructure,2022-12-11,2023-08-03,True
PRJ-00894,Main Equipment Supply & Installation,2023-05-31,2023-08-22,True
PRJ-00894,"Piping, Cabling & Auxiliary Works",2023-11-17,2024-06-23,True
PRJ-00894,"Pre-commissioning, Testing & Final Handover",2024-05-06,2024-11-21,True
PRJ-00895,Land Acquisition & 3D Notification (90% RoW),2021-09-29,2021-09-17,False
PRJ-00895,Forest & Environmental Clearance,2022-02-24,2022-03-06,False
PRJ-00895,EPC / HAM Contract Award & Financial Close,2022-07-22,2022-07-12,False
PRJ-00895,"Earthwork, Embankment & Subgrade Completion",2022-12-16,2022-12-01,False
PRJ-00895,Major Bridges & Flyover Structures Erection,2023-05-13,2023-05-13,False
PRJ-00895,"Bituminous Pavement, Signage & Final COD",2023-10-08,2023-09-29,False
PRJ-00896,Land Acquisition & 3D Notification (90% RoW),2020-07-09,2020-06-25,False
PRJ-00896,Forest & Environmental Clearance,2020-12-04,2020-12-06,False
PRJ-00896,EPC / HAM Contract Award & Financial Close,2021-05-01,2021-04-28,False
PRJ-00896,"Earthwork, Embankment & Subgrade Completion",2021-09-25,2021-10-04,False
PRJ-00896,Major Bridges & Flyover Structures Erection,2022-02-20,2022-02-24,False
PRJ-00896,"Bituminous Pavement, Signage & Final COD",2022-07-18,2022-07-26,False
PRJ-00897,Land Acquisition & 3D Notification (90% RoW),2024-05-26,,True
PRJ-00897,Forest & Environmental Clearance,2025-06-18,,True
PRJ-00897,EPC / HAM Contract Award & Financial Close,2026-07-11,,True
PRJ-00897,"Earthwork, Embankment & Subgrade Completion",2027-08-02,,False
PRJ-00897,Major Bridges & Flyover Structures Erection,2028-08-24,,False
PRJ-00897,"Bituminous Pavement, Signage & Final COD",2029-09-16,,False
PRJ-00898,Detailed Alignment Survey & RoW Acquisition,2026-05-16,2026-05-19,False
PRJ-00898,Forest & Railway Board Sanction,2026-10-01,,False
PRJ-00898,Tendering & Major Civil Contract Award,2027-02-17,,False
PRJ-00898,"Earthwork, Tunnels & Bridge Abutments",2027-07-05,,False
PRJ-00898,Track Laying & 25kV OHE Electrification,2027-11-21,,False
PRJ-00898,Signalling (Kavach) & CRS Safety Inspection,2028-04-07,,False
PRJ-00899,Land Acquisition & 3D Notification (90% RoW),2021-12-25,2021-12-17,False
PRJ-00899,Forest & Environmental Clearance,2022-07-21,2022-10-23,True
PRJ-00899,EPC / HAM Contract Award & Financial Close,2023-02-14,2023-05-02,True
PRJ-00899,"Earthwork, Embankment & Subgrade Completion",2023-09-09,2024-04-12,True
PRJ-00899,Major Bridges & Flyover Structures Erection,2024-04-04,2024-10-19,True
PRJ-00899,"Bituminous Pavement, Signage & Final COD",2024-10-29,2025-02-13,True
PRJ-00900,Statutory Approvals & Land Possession,2022-02-26,2022-02-23,False
PRJ-00900,Engineering Design & EPC Contract Award,2022-08-25,2023-03-04,True
PRJ-00900,Civil Works Foundation & Substructure,2023-02-21,2023-04-04,True
PRJ-00900,Main Equipment Supply & Installation,2023-08-20,2024-04-09,True
PRJ-00900,"Piping, Cabling & Auxiliary Works",2024-02-16,2024-05-06,True
PRJ-00900,"Pre-commissioning, Testing & Final Handover",2024-08-14,2024-10-29,True
PRJ-00901,Statutory Approvals & Land Possession,2024-02-11,2024-02-14,False
PRJ-00901,Engineering Design & EPC Contract Award,2024-07-12,2024-07-09,False
PRJ-00901,Civil Works Foundation & Substructure,2024-12-11,2024-12-10,False
PRJ-00901,Main Equipment Supply & Installation,2025-05-13,2025-05-04,False
PRJ-00901,"Piping, Cabling & Auxiliary Works",2025-10-12,2025-10-11,False
PRJ-00901,"Pre-commissioning, Testing & Final Handover",2026-03-13,2026-03-17,False
PRJ-00902,Detailed Alignment Survey & RoW Acquisition,2023-01-01,2023-01-07,False
PRJ-00902,Forest & Railway Board Sanction,2023-05-29,2023-07-22,True
PRJ-00902,Tendering & Major Civil Contract Award,2023-10-24,2024-05-12,True
PRJ-00902,"Earthwork, Tunnels & Bridge Abutments",2024-03-19,2024-07-14,True
PRJ-00902,Track Laying & 25kV OHE Electrification,2024-08-14,,True
PRJ-00902,Signalling (Kavach) & CRS Safety Inspection,2025-01-09,,True
PRJ-00903,Statutory Approvals & Land Possession,2021-04-05,2021-03-25,False
PRJ-00903,Engineering Design & EPC Contract Award,2021-09-23,2022-01-19,True
PRJ-00903,Civil Works Foundation & Substructure,2022-03-13,2022-06-29,True
PRJ-00903,Main Equipment Supply & Installation,2022-08-31,2023-01-23,True
PRJ-00903,"Piping, Cabling & Auxiliary Works",2023-02-17,2023-07-08,True
PRJ-00903,"Pre-commissioning, Testing & Final Handover",2023-08-07,2024-01-25,True
PRJ-00904,Statutory Approvals & Land Possession,2023-04-08,2023-04-17,False
PRJ-00904,Engineering Design & EPC Contract Award,2024-04-30,2024-07-07,True
PRJ-00904,Civil Works Foundation & Substructure,2025-05-23,,True
PRJ-00904,Main Equipment Supply & Installation,2026-06-14,,True
PRJ-00904,"Piping, Cabling & Auxiliary Works",2027-07-07,,False
PRJ-00904,"Pre-commissioning, Testing & Final Handover",2028-07-29,,False
PRJ-00905,Stage-II Forest Clearance & R&R Settlement,2022-07-22,2022-07-26,False
PRJ-00905,River Diversion & Coffer Dam Construction,2023-01-04,2023-04-01,True
PRJ-00905,Head Race Tunnel (HRT) Excavation,2023-06-19,2024-01-27,True
PRJ-00905,Main Dam Concrete Placement / Embankment,2023-12-02,2024-07-02,True
PRJ-00905,Turbine & Generator Assembly Erection,2024-05-16,2024-07-23,True
PRJ-00905,Reservoir Impoundment & Grid Synchronization,2024-10-29,,True
PRJ-00906,Statutory Approvals & Land Possession,2024-06-08,2024-05-24,False
PRJ-00906,Engineering Design & EPC Contract Award,2024-10-11,,True
PRJ-00906,Civil Works Foundation & Substructure,2025-02-12,,True
PRJ-00906,Main Equipment Supply & Installation,2025-06-17,,True
PRJ-00906,"Piping, Cabling & Auxiliary Works",2025-10-20,,True
PRJ-00906,"Pre-commissioning, Testing & Final Handover",2026-02-21,,True
PRJ-00907,Statutory Approvals & Land Possession,2026-05-07,,True
PRJ-00907,Engineering Design & EPC Contract Award,2026-10-16,,False
PRJ-00907,Civil Works Foundation & Substructure,2027-03-26,,False
PRJ-00907,Main Equipment Supply & Installation,2027-09-04,,False
PRJ-00907,"Piping, Cabling & Auxiliary Works",2028-02-12,,False
PRJ-00907,"Pre-commissioning, Testing & Final Handover",2028-07-23,,False
PRJ-00908,Land Acquisition & 3D Notification (90% RoW),2025-03-26,2025-03-23,False
PRJ-00908,Forest & Environmental Clearance,2025-10-29,,True
PRJ-00908,EPC / HAM Contract Award & Financial Close,2026-06-03,,True
PRJ-00908,"Earthwork, Embankment & Subgrade Completion",2027-01-06,,False
PRJ-00908,Major Bridges & Flyover Structures Erection,2027-08-11,,False
PRJ-00908,"Bituminous Pavement, Signage & Final COD",2028-03-15,,False
PRJ-00909,Statutory Approvals & Land Possession,2023-12-15,2023-12-03,False
PRJ-00909,Engineering Design & EPC Contract Award,2024-07-05,2024-07-14,False
PRJ-00909,Civil Works Foundation & Substructure,2025-01-24,2025-01-29,False
PRJ-00909,Main Equipment Supply & Installation,2025-08-15,2025-08-19,False
PRJ-00909,"Piping, Cabling & Auxiliary Works",2026-03-06,2026-03-06,False
PRJ-00909,"Pre-commissioning, Testing & Final Handover",2026-09-25,,False
PRJ-00910,Detailed Alignment Survey & RoW Acquisition,2024-01-19,2024-01-05,False
PRJ-00910,Forest & Railway Board Sanction,2024-07-17,2024-07-14,False
PRJ-00910,Tendering & Major Civil Contract Award,2025-01-13,2025-01-06,False
PRJ-00910,"Earthwork, Tunnels & Bridge Abutments",2025-07-12,2025-06-30,False
PRJ-00910,Track Laying & 25kV OHE Electrification,2026-01-08,2026-01-13,False
PRJ-00910,Signalling (Kavach) & CRS Safety Inspection,2026-07-07,2026-07-06,False
PRJ-00911,Statutory Approvals & Land Possession,2023-12-23,2023-12-19,False
PRJ-00911,Engineering Design & EPC Contract Award,2024-05-05,2024-08-04,True
PRJ-00911,Civil Works Foundation & Substructure,2024-09-16,2025-04-04,True
PRJ-00911,Main Equipment Supply & Installation,2025-01-28,2025-07-03,True
PRJ-00911,"Piping, Cabling & Auxiliary Works",2025-06-11,,True
PRJ-00911,"Pre-commissioning, Testing & Final Handover",2025-10-23,,True
PRJ-00912,Detailed Alignment Survey & RoW Acquisition,2026-11-08,,False
PRJ-00912,Forest & Railway Board Sanction,2027-05-16,,False
PRJ-00912,Tendering & Major Civil Contract Award,2027-11-21,,False
PRJ-00912,"Earthwork, Tunnels & Bridge Abutments",2028-05-28,,False
PRJ-00912,Track Laying & 25kV OHE Electrification,2028-12-04,,False
PRJ-00912,Signalling (Kavach) & CRS Safety Inspection,2029-06-11,,False
PRJ-00913,Statutory Approvals & Land Possession,2025-06-07,2025-06-14,False
PRJ-00913,Engineering Design & EPC Contract Award,2025-12-22,,True
PRJ-00913,Civil Works Foundation & Substructure,2026-07-09,,True
PRJ-00913,Main Equipment Supply & Installation,2027-01-23,,False
PRJ-00913,"Piping, Cabling & Auxiliary Works",2027-08-10,,False
PRJ-00913,"Pre-commissioning, Testing & Final Handover",2028-02-24,,False
PRJ-00914,Land Acquisition & 3D Notification (90% RoW),2024-12-22,2024-12-31,False
PRJ-00914,Forest & Environmental Clearance,2025-06-11,2025-06-03,False
PRJ-00914,EPC / HAM Contract Award & Financial Close,2025-11-29,2025-11-25,False
PRJ-00914,"Earthwork, Embankment & Subgrade Completion",2026-05-19,2026-05-22,False
PRJ-00914,Major Bridges & Flyover Structures Erection,2026-11-05,,False
PRJ-00914,"Bituminous Pavement, Signage & Final COD",2027-04-25,,False
PRJ-00915,Land Acquisition & 3D Notification (90% RoW),2024-05-14,2024-05-23,False
PRJ-00915,Forest & Environmental Clearance,2024-09-20,2024-09-18,False
PRJ-00915,EPC / HAM Contract Award & Financial Close,2025-01-27,2025-02-02,False
PRJ-00915,"Earthwork, Embankment & Subgrade Completion",2025-06-05,2025-05-21,False
PRJ-00915,Major Bridges & Flyover Structures Erection,2025-10-13,2025-10-04,False
PRJ-00915,"Bituminous Pavement, Signage & Final COD",2026-02-19,2026-02-22,False
PRJ-00916,Statutory Approvals & Land Possession,2023-10-28,2023-10-20,False
PRJ-00916,Engineering Design & EPC Contract Award,2024-05-04,2024-04-27,False
PRJ-00916,Civil Works Foundation & Substructure,2024-11-09,2024-11-08,False
PRJ-00916,Main Equipment Supply & Installation,2025-05-17,2025-05-27,False
PRJ-00916,"Piping, Cabling & Auxiliary Works",2025-11-23,2025-11-09,False
PRJ-00916,"Pre-commissioning, Testing & Final Handover",2026-05-31,2026-05-26,False
PRJ-00917,Statutory Approvals & Land Possession,2025-06-17,2025-06-17,False
PRJ-00917,Engineering Design & EPC Contract Award,2026-01-01,2025-12-19,False
PRJ-00917,Civil Works Foundation & Substructure,2026-07-19,2026-07-14,False
PRJ-00917,Main Equipment Supply & Installation,2027-02-02,,False
PRJ-00917,"Piping, Cabling & Auxiliary Works",2027-08-20,,False
PRJ-00917,"Pre-commissioning, Testing & Final Handover",2028-03-05,,False
PRJ-00918,Detailed Alignment Survey & RoW Acquisition,2021-08-04,2021-07-28,False
PRJ-00918,Forest & Railway Board Sanction,2021-12-16,2022-07-15,True
PRJ-00918,Tendering & Major Civil Contract Award,2022-04-29,2022-09-30,True
PRJ-00918,"Earthwork, Tunnels & Bridge Abutments",2022-09-10,2023-01-07,True
PRJ-00918,Track Laying & 25kV OHE Electrification,2023-01-22,2023-05-18,True
PRJ-00918,Signalling (Kavach) & CRS Safety Inspection,2023-06-05,2024-01-27,True
PRJ-00919,Statutory Approvals & Land Possession,2020-12-14,2020-12-16,False
PRJ-00919,Engineering Design & EPC Contract Award,2021-07-10,2021-09-23,True
PRJ-00919,Civil Works Foundation & Substructure,2022-02-03,2022-06-14,True
PRJ-00919,Main Equipment Supply & Installation,2022-08-29,2023-03-05,True
PRJ-00919,"Piping, Cabling & Auxiliary Works",2023-03-25,2023-10-19,True
PRJ-00919,"Pre-commissioning, Testing & Final Handover",2023-10-19,2023-12-07,True
PRJ-00920,Land Acquisition & 3D Notification (90% RoW),2024-02-25,2024-02-13,False
PRJ-00920,Forest & Environmental Clearance,2024-08-18,2025-03-24,True
PRJ-00920,EPC / HAM Contract Award & Financial Close,2025-02-10,,True
PRJ-00920,"Earthwork, Embankment & Subgrade Completion",2025-08-04,,True
PRJ-00920,Major Bridges & Flyover Structures Erection,2026-01-26,,True
PRJ-00920,"Bituminous Pavement, Signage & Final COD",2026-07-21,,True
PRJ-00921,Detailed Alignment Survey & RoW Acquisition,2021-01-08,2021-01-15,False
PRJ-00921,Forest & Railway Board Sanction,2021-08-13,2021-11-07,True
PRJ-00921,Tendering & Major Civil Contract Award,2022-03-18,2022-06-18,True
PRJ-00921,"Earthwork, Tunnels & Bridge Abutments",2022-10-21,2023-01-16,True
PRJ-00921,Track Laying & 25kV OHE Electrification,2023-05-26,2023-10-15,True
PRJ-00921,Signalling (Kavach) & CRS Safety Inspection,2023-12-29,,True
PRJ-00922,Statutory Approvals & Land Possession,2025-05-20,2025-05-10,False
PRJ-00922,Engineering Design & EPC Contract Award,2025-11-16,,True
PRJ-00922,Civil Works Foundation & Substructure,2026-05-15,,True
PRJ-00922,Main Equipment Supply & Installation,2026-11-11,,False
PRJ-00922,"Piping, Cabling & Auxiliary Works",2027-05-10,,False
PRJ-00922,"Pre-commissioning, Testing & Final Handover",2027-11-06,,False
PRJ-00923,Statutory Approvals & Land Possession,2022-12-01,2022-12-08,False
PRJ-00923,Engineering Design & EPC Contract Award,2023-04-05,2023-06-08,True
PRJ-00923,Civil Works Foundation & Substructure,2023-08-07,2023-11-27,True
PRJ-00923,Main Equipment Supply & Installation,2023-12-10,2024-07-06,True
PRJ-00923,"Piping, Cabling & Auxiliary Works",2024-04-13,2024-07-15,True
PRJ-00923,"Pre-commissioning, Testing & Final Handover",2024-08-15,2025-04-05,True
PRJ-00924,Land Acquisition & 3D Notification (90% RoW),2024-04-25,2024-04-30,False
PRJ-00924,Forest & Environmental Clearance,2024-10-27,2024-10-29,False
PRJ-00924,EPC / HAM Contract Award & Financial Close,2025-04-29,2025-04-21,False
PRJ-00924,"Earthwork, Embankment & Subgrade Completion",2025-10-31,2025-10-30,False
PRJ-00924,Major Bridges & Flyover Structures Erection,2026-05-04,2026-04-27,False
PRJ-00924,"Bituminous Pavement, Signage & Final COD",2026-11-04,,False
PRJ-00925,Statutory Approvals & Land Possession,2023-07-12,2023-07-19,False
PRJ-00925,Engineering Design & EPC Contract Award,2023-11-14,2023-11-03,False
PRJ-00925,Civil Works Foundation & Substructure,2024-03-17,2024-03-04,False
PRJ-00925,Main Equipment Supply & Installation,2024-07-20,2024-07-26,False
PRJ-00925,"Piping, Cabling & Auxiliary Works",2024-11-22,2024-11-18,False
PRJ-00925,"Pre-commissioning, Testing & Final Handover",2025-03-26,2025-03-13,False
PRJ-00926,Land Acquisition & 3D Notification (90% RoW),2024-04-08,2024-04-10,False
PRJ-00926,Forest & Environmental Clearance,2024-08-20,2024-08-27,False
PRJ-00926,EPC / HAM Contract Award & Financial Close,2025-01-01,2025-01-07,False
PRJ-00926,"Earthwork, Embankment & Subgrade Completion",2025-05-15,2025-05-09,False
PRJ-00926,Major Bridges & Flyover Structures Erection,2025-09-26,2025-09-21,False
PRJ-00926,"Bituminous Pavement, Signage & Final COD",2026-02-07,2026-01-30,False
PRJ-00927,Statutory Approvals & Land Possession,2021-07-16,2021-07-03,False
PRJ-00927,Engineering Design & EPC Contract Award,2021-12-29,2021-12-30,False
PRJ-00927,Civil Works Foundation & Substructure,2022-06-13,2022-06-11,False
PRJ-00927,Main Equipment Supply & Installation,2022-11-26,2022-12-04,False
PRJ-00927,"Piping, Cabling & Auxiliary Works",2023-05-11,2023-05-01,False
PRJ-00927,"Pre-commissioning, Testing & Final Handover",2023-10-24,2023-11-01,False
PRJ-00928,Detailed Alignment Survey & RoW Acquisition,2021-08-22,2021-09-01,False
PRJ-00928,Forest & Railway Board Sanction,2022-01-26,2022-06-09,True
PRJ-00928,Tendering & Major Civil Contract Award,2022-07-02,2022-11-06,True
PRJ-00928,"Earthwork, Tunnels & Bridge Abutments",2022-12-06,2023-07-02,True
PRJ-00928,Track Laying & 25kV OHE Electrification,2023-05-12,,True
PRJ-00928,Signalling (Kavach) & CRS Safety Inspection,2023-10-16,,True
PRJ-00929,Statutory Approvals & Land Possession,2023-02-28,2023-02-25,False
PRJ-00929,Engineering Design & EPC Contract Award,2023-07-26,2023-10-15,True
PRJ-00929,Civil Works Foundation & Substructure,2023-12-21,2024-03-18,True
PRJ-00929,Main Equipment Supply & Installation,2024-05-16,,True
PRJ-00929,"Piping, Cabling & Auxiliary Works",2024-10-11,,True
PRJ-00929,"Pre-commissioning, Testing & Final Handover",2025-03-08,,True
PRJ-00930,Statutory Approvals & Land Possession,2022-08-25,2022-08-26,False
PRJ-00930,Engineering Design & EPC Contract Award,2023-02-21,2023-02-06,False
PRJ-00930,Civil Works Foundation & Substructure,2023-08-20,2023-08-05,False
PRJ-00930,Main Equipment Supply & Installation,2024-02-16,2024-02-11,False
PRJ-00930,"Piping, Cabling & Auxiliary Works",2024-08-14,2024-08-11,False
PRJ-00930,"Pre-commissioning, Testing & Final Handover",2025-02-10,2025-02-04,False
PRJ-00931,Statutory Approvals & Land Possession,2022-08-10,2022-08-06,False
PRJ-00931,Engineering Design & EPC Contract Award,2023-01-28,2023-07-23,True
PRJ-00931,Civil Works Foundation & Substructure,2023-07-18,2023-10-01,True
PRJ-00931,Main Equipment Supply & Installation,2024-01-05,2024-05-26,True
PRJ-00931,"Piping, Cabling & Auxiliary Works",2024-06-23,,True
PRJ-00931,"Pre-commissioning, Testing & Final Handover",2024-12-11,,True
PRJ-00932,AERB Site Clearance & Environmental Approval,2024-10-30,2024-10-24,False
PRJ-00932,First Pour of Concrete (FPC) Milestone,2025-03-22,2025-03-10,False
PRJ-00932,Reactor Building Inner Containment Dome,2025-08-12,2025-08-08,False
PRJ-00932,Reactor Pressure Vessel & Steam Generator Installation,2026-01-02,2026-01-08,False
PRJ-00932,"Secondary Piping, Turbine & Grid Interface",2026-05-25,2026-05-15,False
PRJ-00932,AERB Fuel Loading Permission & Full Power COD,2026-10-15,,False
PRJ-00933,Land Acquisition & 3D Notification (90% RoW),2025-02-28,2025-03-06,False
PRJ-00933,Forest & Environmental Clearance,2025-06-19,2025-06-21,False
PRJ-00933,EPC / HAM Contract Award & Financial Close,2025-10-08,2025-09-25,False
PRJ-00933,"Earthwork, Embankment & Subgrade Completion",2026-01-27,2026-01-22,False
PRJ-00933,Major Bridges & Flyover Structures Erection,2026-05-17,2026-05-09,False
PRJ-00933,"Bituminous Pavement, Signage & Final COD",2026-09-05,,False
PRJ-00934,Statutory Approvals & Land Possession,2023-06-22,2023-06-29,False
PRJ-00934,Engineering Design & EPC Contract Award,2023-10-25,2023-11-03,False
PRJ-00934,Civil Works Foundation & Substructure,2024-02-26,2024-02-29,False
PRJ-00934,Main Equipment Supply & Installation,2024-06-30,2024-06-18,False
PRJ-00934,"Piping, Cabling & Auxiliary Works",2024-11-02,2024-11-03,False
PRJ-00934,"Pre-commissioning, Testing & Final Handover",2025-03-06,2025-02-21,False
PRJ-00935,Detailed Alignment Survey & RoW Acquisition,2024-04-06,2024-04-11,False
PRJ-00935,Forest & Railway Board Sanction,2024-08-27,2025-01-13,True
PRJ-00935,Tendering & Major Civil Contract Award,2025-01-17,,True
PRJ-00935,"Earthwork, Tunnels & Bridge Abutments",2025-06-09,,True
PRJ-00935,Track Laying & 25kV OHE Electrification,2025-10-30,,True
PRJ-00935,Signalling (Kavach) & CRS Safety Inspection,2026-03-22,,True
PRJ-00936,AERB Site Clearance & Environmental Approval,2023-11-05,2023-11-14,False
PRJ-00936,First Pour of Concrete (FPC) Milestone,2024-04-19,2024-07-31,True
PRJ-00936,Reactor Building Inner Containment Dome,2024-10-02,2025-05-17,True
PRJ-00936,Reactor Pressure Vessel & Steam Generator Installation,2025-03-17,2025-10-08,True
PRJ-00936,"Secondary Piping, Turbine & Grid Interface",2025-08-30,,True
PRJ-00936,AERB Fuel Loading Permission & Full Power COD,2026-02-12,,True
PRJ-00937,Land Acquisition & 3D Notification (90% RoW),2024-12-09,,True
PRJ-00937,Forest & Environmental Clearance,2025-06-21,,True
PRJ-00937,EPC / HAM Contract Award & Financial Close,2026-01-01,,True
PRJ-00937,"Earthwork, Embankment & Subgrade Completion",2026-07-14,,True
PRJ-00937,Major Bridges & Flyover Structures Erection,2027-01-24,,False
PRJ-00937,"Bituminous Pavement, Signage & Final COD",2027-08-06,,False
PRJ-00938,Land Acquisition & 3D Notification (90% RoW),2026-05-23,,True
PRJ-00938,Forest & Environmental Clearance,2026-09-11,,False
PRJ-00938,EPC / HAM Contract Award & Financial Close,2026-12-31,,False
PRJ-00938,"Earthwork, Embankment & Subgrade Completion",2027-04-21,,False
PRJ-00938,Major Bridges & Flyover Structures Erection,2027-08-09,,False
PRJ-00938,"Bituminous Pavement, Signage & Final COD",2027-11-28,,False
PRJ-00939,Statutory Approvals & Land Possession,2025-11-19,2025-11-26,False
PRJ-00939,Engineering Design & EPC Contract Award,2026-04-30,2026-04-18,False
PRJ-00939,Civil Works Foundation & Substructure,2026-10-08,,False
PRJ-00939,Main Equipment Supply & Installation,2027-03-19,,False
PRJ-00939,"Piping, Cabling & Auxiliary Works",2027-08-27,,False
PRJ-00939,"Pre-commissioning, Testing & Final Handover",2028-02-05,,False
PRJ-00940,Statutory Approvals & Land Possession,2024-01-27,2024-02-02,False
PRJ-00940,Engineering Design & EPC Contract Award,2024-06-18,2024-06-11,False
PRJ-00940,Civil Works Foundation & Substructure,2024-11-08,2024-11-06,False
PRJ-00940,Main Equipment Supply & Installation,2025-03-31,2025-04-06,False
PRJ-00940,"Piping, Cabling & Auxiliary Works",2025-08-21,2025-08-24,False
PRJ-00940,"Pre-commissioning, Testing & Final Handover",2026-01-11,2026-01-18,False
PRJ-00941,Detailed Alignment Survey & RoW Acquisition,2021-04-10,2021-04-14,False
PRJ-00941,Forest & Railway Board Sanction,2021-10-02,2021-11-03,True
PRJ-00941,Tendering & Major Civil Contract Award,2022-03-27,2022-10-03,True
PRJ-00941,"Earthwork, Tunnels & Bridge Abutments",2022-09-18,2023-04-13,True
PRJ-00941,Track Laying & 25kV OHE Electrification,2023-03-12,2023-07-21,True
PRJ-00941,Signalling (Kavach) & CRS Safety Inspection,2023-09-04,2023-10-14,True
PRJ-00942,Statutory Approvals & Land Possession,2025-09-26,2025-10-04,False
PRJ-00942,Engineering Design & EPC Contract Award,2026-03-30,2026-03-23,False
PRJ-00942,Civil Works Foundation & Substructure,2026-09-30,,False
PRJ-00942,Main Equipment Supply & Installation,2027-04-03,,False
PRJ-00942,"Piping, Cabling & Auxiliary Works",2027-10-05,,False
PRJ-00942,"Pre-commissioning, Testing & Final Handover",2028-04-06,,False
PRJ-00943,Land Acquisition & 3D Notification (90% RoW),2022-09-24,2022-09-24,False
PRJ-00943,Forest & Environmental Clearance,2023-03-09,2023-05-29,True
PRJ-00943,EPC / HAM Contract Award & Financial Close,2023-08-22,2023-10-23,True
PRJ-00943,"Earthwork, Embankment & Subgrade Completion",2024-02-04,2024-07-15,True
PRJ-00943,Major Bridges & Flyover Structures Erection,2024-07-19,,True
PRJ-00943,"Bituminous Pavement, Signage & Final COD",2025-01-01,,True
PRJ-00944,Statutory Approvals & Land Possession,2020-12-31,2020-12-30,False
PRJ-00944,Engineering Design & EPC Contract Award,2021-05-18,2021-05-26,False
PRJ-00944,Civil Works Foundation & Substructure,2021-10-04,2021-09-23,False
PRJ-00944,Main Equipment Supply & Installation,2022-02-19,2022-02-18,False
PRJ-00944,"Piping, Cabling & Auxiliary Works",2022-07-08,2022-07-12,False
PRJ-00944,"Pre-commissioning, Testing & Final Handover",2022-11-23,2022-12-02,False
PRJ-00945,Statutory Approvals & Land Possession,2022-07-27,2022-07-17,False
PRJ-00945,Engineering Design & EPC Contract Award,2023-02-06,2023-02-02,False
PRJ-00945,Civil Works Foundation & Substructure,2023-08-19,2023-08-18,False
PRJ-00945,Main Equipment Supply & Installation,2024-02-29,2024-02-20,False
PRJ-00945,"Piping, Cabling & Auxiliary Works",2024-09-10,2024-09-15,False
PRJ-00945,"Pre-commissioning, Testing & Final Handover",2025-03-23,2025-03-09,False
PRJ-00946,Statutory Approvals & Land Possession,2022-05-08,2022-04-30,False
PRJ-00946,Engineering Design & EPC Contract Award,2022-08-27,2022-08-31,False
PRJ-00946,Civil Works Foundation & Substructure,2022-12-16,2022-12-17,False
PRJ-00946,Main Equipment Supply & Installation,2023-04-06,2023-03-31,False
PRJ-00946,"Piping, Cabling & Auxiliary Works",2023-07-25,2023-07-27,False
PRJ-00946,"Pre-commissioning, Testing & Final Handover",2023-11-13,2023-11-03,False
PRJ-00947,Statutory Approvals & Land Possession,2025-09-08,2025-09-04,False
PRJ-00947,Engineering Design & EPC Contract Award,2025-12-28,2025-12-14,False
PRJ-00947,Civil Works Foundation & Substructure,2026-04-18,2026-04-07,False
PRJ-00947,Main Equipment Supply & Installation,2026-08-07,,False
PRJ-00947,"Piping, Cabling & Auxiliary Works",2026-11-25,,False
PRJ-00947,"Pre-commissioning, Testing & Final Handover",2027-03-16,,False
PRJ-00948,Statutory Approvals & Land Possession,2021-04-19,2021-04-19,False
PRJ-00948,Engineering Design & EPC Contract Award,2021-10-02,2022-03-27,True
PRJ-00948,Civil Works Foundation & Substructure,2022-03-17,2022-09-28,True
PRJ-00948,Main Equipment Supply & Installation,2022-08-30,2023-01-05,True
PRJ-00948,"Piping, Cabling & Auxiliary Works",2023-02-12,2023-05-25,True
PRJ-00948,"Pre-commissioning, Testing & Final Handover",2023-07-28,,True
PRJ-00949,Land Acquisition & 3D Notification (90% RoW),2024-05-03,2024-05-02,False
PRJ-00949,Forest & Environmental Clearance,2024-09-14,2024-09-16,False
PRJ-00949,EPC / HAM Contract Award & Financial Close,2025-01-26,2025-01-22,False
PRJ-00949,"Earthwork, Embankment & Subgrade Completion",2025-06-09,2025-06-01,False
PRJ-00949,Major Bridges & Flyover Structures Erection,2025-10-21,2025-10-10,False
PRJ-00949,"Bituminous Pavement, Signage & Final COD",2026-03-04,2026-02-26,False
PRJ-00950,Land Acquisition & 3D Notification (90% RoW),2023-11-22,2023-11-19,False
PRJ-00950,Forest & Environmental Clearance,2024-05-06,2024-07-07,True
PRJ-00950,EPC / HAM Contract Award & Financial Close,2024-10-19,2025-04-27,True
PRJ-00950,"Earthwork, Embankment & Subgrade Completion",2025-04-03,2025-08-01,True
PRJ-00950,Major Bridges & Flyover Structures Erection,2025-09-16,,True
PRJ-00950,"Bituminous Pavement, Signage & Final COD",2026-03-01,,True
PRJ-00951,Statutory Approvals & Land Possession,2024-02-23,2024-02-14,False
PRJ-00951,Engineering Design & EPC Contract Award,2024-07-20,2024-10-20,True
PRJ-00951,Civil Works Foundation & Substructure,2024-12-15,,True
PRJ-00951,Main Equipment Supply & Installation,2025-05-11,,True
PRJ-00951,"Piping, Cabling & Auxiliary Works",2025-10-06,,True
PRJ-00951,"Pre-commissioning, Testing & Final Handover",2026-03-03,,True
PRJ-00952,Land Acquisition & 3D Notification (90% RoW),2023-07-04,2023-07-01,False
PRJ-00952,Forest & Environmental Clearance,2023-12-31,2024-03-06,True
PRJ-00952,EPC / HAM Contract Award & Financial Close,2024-06-28,2024-11-25,True
PRJ-00952,"Earthwork, Embankment & Subgrade Completion",2024-12-25,,True
PRJ-00952,Major Bridges & Flyover Structures Erection,2025-06-23,,True
PRJ-00952,"Bituminous Pavement, Signage & Final COD",2025-12-20,,True
PRJ-00953,Detailed Alignment Survey & RoW Acquisition,2023-08-13,2023-08-11,False
PRJ-00953,Forest & Railway Board Sanction,2024-01-22,2024-04-07,True
PRJ-00953,Tendering & Major Civil Contract Award,2024-07-01,2024-11-21,True
PRJ-00953,"Earthwork, Tunnels & Bridge Abutments",2024-12-10,,True
PRJ-00953,Track Laying & 25kV OHE Electrification,2025-05-20,,True
PRJ-00953,Signalling (Kavach) & CRS Safety Inspection,2025-10-29,,True
PRJ-00954,Land Acquisition & 3D Notification (90% RoW),2026-08-21,,False
PRJ-00954,Forest & Environmental Clearance,2027-01-16,,False
PRJ-00954,EPC / HAM Contract Award & Financial Close,2027-06-13,,False
PRJ-00954,"Earthwork, Embankment & Subgrade Completion",2027-11-07,,False
PRJ-00954,Major Bridges & Flyover Structures Erection,2028-04-03,,False
PRJ-00954,"Bituminous Pavement, Signage & Final COD",2028-08-29,,False
PRJ-00955,Statutory Approvals & Land Possession,2024-03-05,2024-03-11,False
PRJ-00955,Engineering Design & EPC Contract Award,2024-06-24,2024-08-17,True
PRJ-00955,Civil Works Foundation & Substructure,2024-10-13,2025-06-01,True
PRJ-00955,Main Equipment Supply & Installation,2025-02-01,,True
PRJ-00955,"Piping, Cabling & Auxiliary Works",2025-05-22,,True
PRJ-00955,"Pre-commissioning, Testing & Final Handover",2025-09-10,,True
PRJ-00956,Detailed Alignment Survey & RoW Acquisition,2023-04-17,2023-04-21,False
PRJ-00956,Forest & Railway Board Sanction,2023-10-23,2024-02-10,True
PRJ-00956,Tendering & Major Civil Contract Award,2024-04-29,,True
PRJ-00956,"Earthwork, Tunnels & Bridge Abutments",2024-11-04,,True
PRJ-00956,Track Laying & 25kV OHE Electrification,2025-05-13,,True
PRJ-00956,Signalling (Kavach) & CRS Safety Inspection,2025-11-18,,True
PRJ-00957,Detailed Alignment Survey & RoW Acquisition,2021-07-28,2021-07-26,False
PRJ-00957,Forest & Railway Board Sanction,2022-01-24,2022-01-14,False
PRJ-00957,Tendering & Major Civil Contract Award,2022-07-23,2022-07-25,False
PRJ-00957,"Earthwork, Tunnels & Bridge Abutments",2023-01-19,2023-01-21,False
PRJ-00957,Track Laying & 25kV OHE Electrification,2023-07-18,2023-07-23,False
PRJ-00957,Signalling (Kavach) & CRS Safety Inspection,2024-01-14,2024-01-14,False
PRJ-00958,Statutory Approvals & Land Possession,2022-06-19,2022-06-28,False
PRJ-00958,Engineering Design & EPC Contract Award,2022-12-30,2023-02-03,True
PRJ-00958,Civil Works Foundation & Substructure,2023-07-12,2024-01-08,True
PRJ-00958,Main Equipment Supply & Installation,2024-01-22,2024-08-15,True
PRJ-00958,"Piping, Cabling & Auxiliary Works",2024-08-03,,True
PRJ-00958,"Pre-commissioning, Testing & Final Handover",2025-02-13,,True
PRJ-00959,Land Acquisition & 3D Notification (90% RoW),2021-05-26,2021-05-15,False
PRJ-00959,Forest & Environmental Clearance,2021-11-17,2022-05-25,True
PRJ-00959,EPC / HAM Contract Award & Financial Close,2022-05-12,2022-08-26,True
PRJ-00959,"Earthwork, Embankment & Subgrade Completion",2022-11-03,2023-05-25,True
PRJ-00959,Major Bridges & Flyover Structures Erection,2023-04-27,2023-09-04,True
PRJ-00959,"Bituminous Pavement, Signage & Final COD",2023-10-20,2023-12-27,True
PRJ-00960,Statutory Approvals & Land Possession,2025-11-26,2025-11-16,False
PRJ-00960,Engineering Design & EPC Contract Award,2026-05-25,2026-05-21,False
PRJ-00960,Civil Works Foundation & Substructure,2026-11-21,,False
PRJ-00960,Main Equipment Supply & Installation,2027-05-20,,False
PRJ-00960,"Piping, Cabling & Auxiliary Works",2027-11-16,,False
PRJ-00960,"Pre-commissioning, Testing & Final Handover",2028-05-14,,False
PRJ-00961,Land Acquisition & 3D Notification (90% RoW),2023-12-25,2023-12-20,False
PRJ-00961,Forest & Environmental Clearance,2024-06-08,2024-05-25,False
PRJ-00961,EPC / HAM Contract Award & Financial Close,2024-11-21,2024-11-14,False
PRJ-00961,"Earthwork, Embankment & Subgrade Completion",2025-05-06,2025-05-14,False
PRJ-00961,Major Bridges & Flyover Structures Erection,2025-10-19,2025-10-28,False
PRJ-00961,"Bituminous Pavement, Signage & Final COD",2026-04-03,2026-04-09,False
PRJ-00962,Statutory Approvals & Land Possession,2024-08-24,2024-08-21,False
PRJ-00962,Engineering Design & EPC Contract Award,2024-12-13,2025-01-21,True
PRJ-00962,Civil Works Foundation & Substructure,2025-04-03,2025-10-27,True
PRJ-00962,Main Equipment Supply & Installation,2025-07-23,,True
PRJ-00962,"Piping, Cabling & Auxiliary Works",2025-11-10,,True
PRJ-00962,"Pre-commissioning, Testing & Final Handover",2026-03-01,,True
PRJ-00963,Land Acquisition & 3D Notification (90% RoW),2024-05-03,2024-05-03,False
PRJ-00963,Forest & Environmental Clearance,2024-12-01,,True
PRJ-00963,EPC / HAM Contract Award & Financial Close,2025-07-01,,True
PRJ-00963,"Earthwork, Embankment & Subgrade Completion",2026-01-30,,True
PRJ-00963,Major Bridges & Flyover Structures Erection,2026-08-30,,False
PRJ-00963,"Bituminous Pavement, Signage & Final COD",2027-03-30,,False
PRJ-00964,Statutory Approvals & Land Possession,2026-05-05,2026-04-27,False
PRJ-00964,Engineering Design & EPC Contract Award,2026-12-08,,False
PRJ-00964,Civil Works Foundation & Substructure,2027-07-13,,False
PRJ-00964,Main Equipment Supply & Installation,2028-02-15,,False
PRJ-00964,"Piping, Cabling & Auxiliary Works",2028-09-19,,False
PRJ-00964,"Pre-commissioning, Testing & Final Handover",2029-04-24,,False
PRJ-00965,Detailed Alignment Survey & RoW Acquisition,2020-12-12,2020-11-29,False
PRJ-00965,Forest & Railway Board Sanction,2021-06-24,2021-09-01,True
PRJ-00965,Tendering & Major Civil Contract Award,2022-01-04,2022-07-02,True
PRJ-00965,"Earthwork, Tunnels & Bridge Abutments",2022-07-17,2023-01-23,True
PRJ-00965,Track Laying & 25kV OHE Electrification,2023-01-27,,True
PRJ-00965,Signalling (Kavach) & CRS Safety Inspection,2023-08-09,,True
PRJ-00966,Statutory Approvals & Land Possession,2020-09-01,2020-08-19,False
PRJ-00966,Engineering Design & EPC Contract Award,2021-02-23,2021-03-25,True
PRJ-00966,Civil Works Foundation & Substructure,2021-08-18,2022-01-05,True
PRJ-00966,Main Equipment Supply & Installation,2022-02-09,2022-09-29,True
PRJ-00966,"Piping, Cabling & Auxiliary Works",2022-08-03,2023-02-24,True
PRJ-00966,"Pre-commissioning, Testing & Final Handover",2023-01-26,2023-04-25,True
PRJ-00967,Land Acquisition & 3D Notification (90% RoW),2025-01-22,2025-01-16,False
PRJ-00967,Forest & Environmental Clearance,2025-06-19,2026-01-22,True
PRJ-00967,EPC / HAM Contract Award & Financial Close,2025-11-14,,True
PRJ-00967,"Earthwork, Embankment & Subgrade Completion",2026-04-10,,True
PRJ-00967,Major Bridges & Flyover Structures Erection,2026-09-05,,False
PRJ-00967,"Bituminous Pavement, Signage & Final COD",2027-01-31,,False
PRJ-00968,Land Acquisition & 3D Notification (90% RoW),2022-02-18,2022-02-09,False
PRJ-00968,Forest & Environmental Clearance,2022-07-16,2022-10-01,True
PRJ-00968,EPC / HAM Contract Award & Financial Close,2022-12-11,2023-04-02,True
PRJ-00968,"Earthwork, Embankment & Subgrade Completion",2023-05-07,2023-12-16,True
PRJ-00968,Major Bridges & Flyover Structures Erection,2023-10-02,2023-12-29,True
PRJ-00968,"Bituminous Pavement, Signage & Final COD",2024-02-27,2024-05-08,True
PRJ-00969,Statutory Approvals & Land Possession,2024-05-19,2024-05-20,False
PRJ-00969,Engineering Design & EPC Contract Award,2024-11-10,2024-12-11,True
PRJ-00969,Civil Works Foundation & Substructure,2025-05-05,2025-11-18,True
PRJ-00969,Main Equipment Supply & Installation,2025-10-27,,True
PRJ-00969,"Piping, Cabling & Auxiliary Works",2026-04-20,,True
PRJ-00969,"Pre-commissioning, Testing & Final Handover",2026-10-13,,False
PRJ-00970,Detailed Alignment Survey & RoW Acquisition,2023-12-25,2024-01-01,False
PRJ-00970,Forest & Railway Board Sanction,2024-05-21,2024-10-12,True
PRJ-00970,Tendering & Major Civil Contract Award,2024-10-16,2024-11-18,True
PRJ-00970,"Earthwork, Tunnels & Bridge Abutments",2025-03-12,,True
PRJ-00970,Track Laying & 25kV OHE Electrification,2025-08-07,,True
PRJ-00970,Signalling (Kavach) & CRS Safety Inspection,2026-01-02,,True
PRJ-00971,Statutory Approvals & Land Possession,2026-05-18,2026-05-28,False
PRJ-00971,Engineering Design & EPC Contract Award,2026-11-05,,False
PRJ-00971,Civil Works Foundation & Substructure,2027-04-25,,False
PRJ-00971,Main Equipment Supply & Installation,2027-10-13,,False
PRJ-00971,"Piping, Cabling & Auxiliary Works",2028-03-31,,False
PRJ-00971,"Pre-commissioning, Testing & Final Handover",2028-09-18,,False
PRJ-00972,Statutory Approvals & Land Possession,2025-10-15,,True
PRJ-00972,Engineering Design & EPC Contract Award,2026-06-26,,True
PRJ-00972,Civil Works Foundation & Substructure,2027-03-07,,False
PRJ-00972,Main Equipment Supply & Installation,2027-11-16,,False
PRJ-00972,"Piping, Cabling & Auxiliary Works",2028-07-27,,False
PRJ-00972,"Pre-commissioning, Testing & Final Handover",2029-04-07,,False
PRJ-00973,Land Acquisition & 3D Notification (90% RoW),2022-08-31,2022-08-28,False
PRJ-00973,Forest & Environmental Clearance,2023-02-18,2023-08-28,True
PRJ-00973,EPC / HAM Contract Award & Financial Close,2023-08-08,2023-10-15,True
PRJ-00973,"Earthwork, Embankment & Subgrade Completion",2024-01-26,2024-06-06,True
PRJ-00973,Major Bridges & Flyover Structures Erection,2024-07-14,2024-11-14,True
PRJ-00973,"Bituminous Pavement, Signage & Final COD",2025-01-01,,True
PRJ-00974,Statutory Approvals & Land Possession,2022-05-07,2022-05-07,False
PRJ-00974,Engineering Design & EPC Contract Award,2022-10-11,2023-02-18,True
PRJ-00974,Civil Works Foundation & Substructure,2023-03-17,2023-05-26,True
PRJ-00974,Main Equipment Supply & Installation,2023-08-21,2023-12-06,True
PRJ-00974,"Piping, Cabling & Auxiliary Works",2024-01-25,2024-07-13,True
PRJ-00974,"Pre-commissioning, Testing & Final Handover",2024-06-30,2024-10-09,True
PRJ-00975,Statutory Approvals & Land Possession,2023-11-24,2023-11-24,False
PRJ-00975,Engineering Design & EPC Contract Award,2024-04-10,2024-10-12,True
PRJ-00975,Civil Works Foundation & Substructure,2024-08-27,2024-12-09,True
PRJ-00975,Main Equipment Supply & Installation,2025-01-12,,True
PRJ-00975,"Piping, Cabling & Auxiliary Works",2025-05-31,,True
PRJ-00975,"Pre-commissioning, Testing & Final Handover",2025-10-16,,True
PRJ-00976,Statutory Approvals & Land Possession,2023-11-23,2023-11-11,False
PRJ-00976,Engineering Design & EPC Contract Award,2024-06-18,2024-06-22,False
PRJ-00976,Civil Works Foundation & Substructure,2025-01-12,2025-01-01,False
PRJ-00976,Main Equipment Supply & Installation,2025-08-07,2025-08-08,False
PRJ-00976,"Piping, Cabling & Auxiliary Works",2026-03-03,2026-02-25,False
PRJ-00976,"Pre-commissioning, Testing & Final Handover",2026-09-27,,False
PRJ-00977,Detailed Alignment Survey & RoW Acquisition,2023-09-28,2023-09-20,False
PRJ-00977,Forest & Railway Board Sanction,2024-02-27,2024-06-16,True
PRJ-00977,Tendering & Major Civil Contract Award,2024-07-28,2025-02-05,True
PRJ-00977,"Earthwork, Tunnels & Bridge Abutments",2024-12-28,2025-05-28,True
PRJ-00977,Track Laying & 25kV OHE Electrification,2025-05-29,,True
PRJ-00977,Signalling (Kavach) & CRS Safety Inspection,2025-10-28,,True
PRJ-00978,Statutory Approvals & Land Possession,2021-12-27,2021-12-19,False
PRJ-00978,Engineering Design & EPC Contract Award,2022-06-07,2022-11-09,True
PRJ-00978,Civil Works Foundation & Substructure,2022-11-15,2023-05-08,True
PRJ-00978,Main Equipment Supply & Installation,2023-04-26,2023-09-23,True
PRJ-00978,"Piping, Cabling & Auxiliary Works",2023-10-04,2023-11-07,True
PRJ-00978,"Pre-commissioning, Testing & Final Handover",2024-03-14,,True
PRJ-00979,Statutory Approvals & Land Possession,2022-04-02,2022-04-10,False
PRJ-00979,Engineering Design & EPC Contract Award,2022-08-14,2022-08-07,False
PRJ-00979,Civil Works Foundation & Substructure,2022-12-26,2022-12-13,False
PRJ-00979,Main Equipment Supply & Installation,2023-05-09,2023-05-08,False
PRJ-00979,"Piping, Cabling & Auxiliary Works",2023-09-20,2023-09-17,False
PRJ-00979,"Pre-commissioning, Testing & Final Handover",2024-02-01,2024-02-10,False
PRJ-00980,Statutory Approvals & Land Possession,2024-02-29,2024-02-18,False
PRJ-00980,Engineering Design & EPC Contract Award,2024-10-03,,True
PRJ-00980,Civil Works Foundation & Substructure,2025-05-08,,True
PRJ-00980,Main Equipment Supply & Installation,2025-12-11,,True
PRJ-00980,"Piping, Cabling & Auxiliary Works",2026-07-16,,True
PRJ-00980,"Pre-commissioning, Testing & Final Handover",2027-02-18,,False
PRJ-00981,Detailed Alignment Survey & RoW Acquisition,2022-10-10,2022-10-01,False
PRJ-00981,Forest & Railway Board Sanction,2023-04-17,2023-09-28,True
PRJ-00981,Tendering & Major Civil Contract Award,2023-10-23,2024-06-13,True
PRJ-00981,"Earthwork, Tunnels & Bridge Abutments",2024-04-29,,True
PRJ-00981,Track Laying & 25kV OHE Electrification,2024-11-05,,True
PRJ-00981,Signalling (Kavach) & CRS Safety Inspection,2025-05-13,,True
PRJ-00982,Statutory Approvals & Land Possession,2020-12-12,2020-12-21,False
PRJ-00982,Engineering Design & EPC Contract Award,2021-05-23,2021-07-29,True
PRJ-00982,Civil Works Foundation & Substructure,2021-10-31,2022-03-24,True
PRJ-00982,Main Equipment Supply & Installation,2022-04-11,2022-10-18,True
PRJ-00982,"Piping, Cabling & Auxiliary Works",2022-09-19,,True
PRJ-00982,"Pre-commissioning, Testing & Final Handover",2023-02-28,,True
PRJ-00983,Statutory Approvals & Land Possession,2022-10-11,2022-10-06,False
PRJ-00983,Engineering Design & EPC Contract Award,2023-03-17,2023-04-20,True
PRJ-00983,Civil Works Foundation & Substructure,2023-08-21,2023-10-21,True
PRJ-00983,Main Equipment Supply & Installation,2024-01-25,2024-03-08,True
PRJ-00983,"Piping, Cabling & Auxiliary Works",2024-06-30,2024-10-21,True
PRJ-00983,"Pre-commissioning, Testing & Final Handover",2024-12-04,2025-05-24,True
PRJ-00984,Statutory Approvals & Land Possession,2021-08-23,2021-08-26,False
PRJ-00984,Engineering Design & EPC Contract Award,2022-02-10,2022-09-21,True
PRJ-00984,Civil Works Foundation & Substructure,2022-07-31,2023-01-22,True
PRJ-00984,Main Equipment Supply & Installation,2023-01-18,2023-02-27,True
PRJ-00984,"Piping, Cabling & Auxiliary Works",2023-07-07,2023-12-14,True
PRJ-00984,"Pre-commissioning, Testing & Final Handover",2023-12-25,,True
PRJ-00985,Statutory Approvals & Land Possession,2021-10-14,2021-10-09,False
PRJ-00985,Engineering Design & EPC Contract Award,2022-04-21,2022-04-08,False
PRJ-00985,Civil Works Foundation & Substructure,2022-10-27,2022-10-25,False
PRJ-00985,Main Equipment Supply & Installation,2023-05-04,2023-04-29,False
PRJ-00985,"Piping, Cabling & Auxiliary Works",2023-11-10,2023-11-19,False
PRJ-00985,"Pre-commissioning, Testing & Final Handover",2024-05-17,2024-05-04,False
PRJ-00986,Statutory Approvals & Land Possession,2024-07-21,2024-07-14,False
PRJ-00986,Engineering Design & EPC Contract Award,2024-11-27,2024-11-19,False
PRJ-00986,Civil Works Foundation & Substructure,2025-04-05,2025-03-28,False
PRJ-00986,Main Equipment Supply & Installation,2025-08-12,2025-07-29,False
PRJ-00986,"Piping, Cabling & Auxiliary Works",2025-12-20,2025-12-25,False
PRJ-00986,"Pre-commissioning, Testing & Final Handover",2026-04-28,2026-05-04,False
PRJ-00987,Stage-II Forest Clearance & R&R Settlement,2024-03-22,,True
PRJ-00987,River Diversion & Coffer Dam Construction,2025-04-14,,True
PRJ-00987,Head Race Tunnel (HRT) Excavation,2026-05-07,,True
PRJ-00987,Main Dam Concrete Placement / Embankment,2027-05-29,,False
PRJ-00987,Turbine & Generator Assembly Erection,2028-06-20,,False
PRJ-00987,Reservoir Impoundment & Grid Synchronization,2029-07-13,,False
PRJ-00988,Detailed Alignment Survey & RoW Acquisition,2026-08-15,,False
PRJ-00988,Forest & Railway Board Sanction,2027-01-14,,False
PRJ-00988,Tendering & Major Civil Contract Award,2027-06-15,,False
PRJ-00988,"Earthwork, Tunnels & Bridge Abutments",2027-11-15,,False
PRJ-00988,Track Laying & 25kV OHE Electrification,2028-04-15,,False
PRJ-00988,Signalling (Kavach) & CRS Safety Inspection,2028-09-14,,False
PRJ-00989,Statutory Approvals & Land Possession,2023-03-30,2023-04-01,False
PRJ-00989,Engineering Design & EPC Contract Award,2023-08-11,2023-12-14,True
PRJ-00989,Civil Works Foundation & Substructure,2023-12-23,2024-05-31,True
PRJ-00989,Main Equipment Supply & Installation,2024-05-05,2024-09-11,True
PRJ-00989,"Piping, Cabling & Auxiliary Works",2024-09-16,,True
PRJ-00989,"Pre-commissioning, Testing & Final Handover",2025-01-28,,True
PRJ-00990,Statutory Approvals & Land Possession,2022-01-13,2022-01-22,False
PRJ-00990,Engineering Design & EPC Contract Award,2022-05-31,2022-10-11,True
PRJ-00990,Civil Works Foundation & Substructure,2022-10-17,2023-01-07,True
PRJ-00990,Main Equipment Supply & Installation,2023-03-04,2023-05-20,True
PRJ-00990,"Piping, Cabling & Auxiliary Works",2023-07-21,,True
PRJ-00990,"Pre-commissioning, Testing & Final Handover",2023-12-06,,True
PRJ-00991,Land Acquisition & 3D Notification (90% RoW),2022-06-21,2022-06-17,False
PRJ-00991,Forest & Environmental Clearance,2022-10-14,2023-03-11,True
PRJ-00991,EPC / HAM Contract Award & Financial Close,2023-02-07,2023-03-22,True
PRJ-00991,"Earthwork, Embankment & Subgrade Completion",2023-06-02,2023-12-14,True
PRJ-00991,Major Bridges & Flyover Structures Erection,2023-09-25,2024-04-02,True
PRJ-00991,"Bituminous Pavement, Signage & Final COD",2024-01-19,2024-04-16,True
PRJ-00992,Statutory Approvals & Land Possession,2021-12-23,2021-12-20,False
PRJ-00992,Engineering Design & EPC Contract Award,2022-07-09,2023-01-09,True
PRJ-00992,Civil Works Foundation & Substructure,2023-01-24,2023-09-03,True
PRJ-00992,Main Equipment Supply & Installation,2023-08-10,2023-10-21,True
PRJ-00992,"Piping, Cabling & Auxiliary Works",2024-02-25,2024-07-29,True
PRJ-00992,"Pre-commissioning, Testing & Final Handover",2024-09-10,2025-02-09,True
PRJ-00993,Detailed Alignment Survey & RoW Acquisition,2024-07-29,2024-08-01,False
PRJ-00993,Forest & Railway Board Sanction,2024-12-28,2024-12-18,False
PRJ-00993,Tendering & Major Civil Contract Award,2025-05-29,2025-05-17,False
PRJ-00993,"Earthwork, Tunnels & Bridge Abutments",2025-10-29,2025-10-15,False
PRJ-00993,Track Laying & 25kV OHE Electrification,2026-03-30,2026-03-26,False
PRJ-00993,Signalling (Kavach) & CRS Safety Inspection,2026-08-29,,False
PRJ-00994,Land Acquisition & 3D Notification (90% RoW),2024-07-06,2024-07-16,False
PRJ-00994,Forest & Environmental Clearance,2025-01-02,2025-03-25,True
PRJ-00994,EPC / HAM Contract Award & Financial Close,2025-07-01,,True
PRJ-00994,"Earthwork, Embankment & Subgrade Completion",2025-12-28,,True
PRJ-00994,Major Bridges & Flyover Structures Erection,2026-06-26,,True
PRJ-00994,"Bituminous Pavement, Signage & Final COD",2026-12-23,,False
PRJ-00995,Land Acquisition & 3D Notification (90% RoW),2020-09-04,2020-08-20,False
PRJ-00995,Forest & Environmental Clearance,2021-01-16,2021-01-23,False
PRJ-00995,EPC / HAM Contract Award & Financial Close,2021-05-30,2021-06-02,False
PRJ-00995,"Earthwork, Embankment & Subgrade Completion",2021-10-11,2021-10-11,False
PRJ-00995,Major Bridges & Flyover Structures Erection,2022-02-22,2022-02-09,False
PRJ-00995,"Bituminous Pavement, Signage & Final COD",2022-07-06,2022-07-14,False
PRJ-00996,Land Acquisition & 3D Notification (90% RoW),2021-05-01,2021-04-24,False
PRJ-00996,Forest & Environmental Clearance,2021-09-03,2022-04-02,True
PRJ-00996,EPC / HAM Contract Award & Financial Close,2022-01-05,2022-04-17,True
PRJ-00996,"Earthwork, Embankment & Subgrade Completion",2022-05-10,2022-12-10,True
PRJ-00996,Major Bridges & Flyover Structures Erection,2022-09-12,2023-02-11,True
PRJ-00996,"Bituminous Pavement, Signage & Final COD",2023-01-14,,True
PRJ-00997,Statutory Approvals & Land Possession,2021-12-18,2021-12-16,False
PRJ-00997,Engineering Design & EPC Contract Award,2022-05-19,2022-05-21,False
PRJ-00997,Civil Works Foundation & Substructure,2022-10-18,2022-10-25,False
PRJ-00997,Main Equipment Supply & Installation,2023-03-20,2023-03-20,False
PRJ-00997,"Piping, Cabling & Auxiliary Works",2023-08-19,2023-08-29,False
PRJ-00997,"Pre-commissioning, Testing & Final Handover",2024-01-18,2024-01-10,False
PRJ-00998,Statutory Approvals & Land Possession,2024-02-27,2024-02-22,False
PRJ-00998,Engineering Design & EPC Contract Award,2024-07-19,2025-02-22,True
PRJ-00998,Civil Works Foundation & Substructure,2024-12-09,2025-06-20,True
PRJ-00998,Main Equipment Supply & Installation,2025-05-01,,True
PRJ-00998,"Piping, Cabling & Auxiliary Works",2025-09-21,,True
PRJ-00998,"Pre-commissioning, Testing & Final Handover",2026-02-11,,True
PRJ-00999,Statutory Approvals & Land Possession,2024-01-07,2024-01-05,False
PRJ-00999,Engineering Design & EPC Contract Award,2024-05-15,2024-07-06,True
PRJ-00999,Civil Works Foundation & Substructure,2024-09-21,2025-03-24,True
PRJ-00999,Main Equipment Supply & Installation,2025-01-28,2025-05-02,True
PRJ-00999,"Piping, Cabling & Auxiliary Works",2025-06-07,2025-08-11,True
PRJ-00999,"Pre-commissioning, Testing & Final Handover",2025-10-14,2026-02-06,True
PRJ-01000,Statutory Approvals & Land Possession,2023-06-21,2023-06-11,False
PRJ-01000,Engineering Design & EPC Contract Award,2023-11-25,2024-07-16,True
PRJ-01000,Civil Works Foundation & Substructure,2024-04-30,2024-10-23,True
PRJ-01000,Main Equipment Supply & Installation,2024-10-04,,True
PRJ-01000,"Piping, Cabling & Auxiliary Works",2025-03-10,,True
PRJ-01000,"Pre-commissioning, Testing & Final Handover",2025-08-14,,True
