project_id,snapshot_month,revised_cost_cr,cumulative_expenditure_cr,physical_progress_pct,status
PRJ-00001,2025-09-01,345.77,112.35,17.9,On Track
PRJ-00001,2025-10-01,345.77,115.0,20.0,On Track
PRJ-00001,2025-11-01,345.77,117.65,22.1,On Track
PRJ-00001,2025-12-01,345.77,120.3,24.3,On Track
PRJ-00001,2026-01-01,345.77,122.95,26.4,On Track
PRJ-00001,2026-02-01,345.77,125.59,28.5,On Track
PRJ-00001,2026-03-01,345.77,128.24,30.6,On Track
PRJ-00001,2026-04-01,345.77,130.89,32.8,On Track
PRJ-00001,2026-05-01,345.77,133.54,34.9,On Track
PRJ-00001,2026-06-01,345.77,136.19,37.0,On Track
PRJ-00001,2026-07-01,345.77,138.84,39.2,On Track
PRJ-00001,2026-08-01,345.77,141.49,41.3,On Track
PRJ-00002,2025-09-01,2171.44,1448.3,68.9,On Track
PRJ-00002,2025-10-01,2171.44,1516.01,71.7,On Track
PRJ-00002,2025-11-01,2171.44,1583.72,74.5,On Track
PRJ-00002,2025-12-01,2171.44,1651.44,77.4,On Track
PRJ-00002,2026-01-01,2171.44,1719.15,80.2,On Track
PRJ-00002,2026-02-01,2171.44,1786.87,83.0,On Track
PRJ-00002,2026-03-01,2171.44,1854.58,85.9,On Track
PRJ-00002,2026-04-01,2171.44,1922.29,88.7,On Track
PRJ-00002,2026-05-01,2171.44,1990.01,91.5,On Track
PRJ-00002,2026-06-01,2171.44,2057.72,94.3,On Track
PRJ-00002,2026-07-01,2171.44,2125.44,97.2,On Track
PRJ-00002,2026-08-01,2171.44,2193.15,100.0,Completed
PRJ-00003,2025-09-01,523.27,251.89,34.5,On Track
PRJ-00003,2025-10-01,523.27,260.6,37.7,On Track
PRJ-00003,2025-11-01,523.27,269.32,40.8,On Track
PRJ-00003,2025-12-01,523.27,278.04,43.9,On Track
PRJ-00003,2026-01-01,523.27,286.75,47.1,On Track
PRJ-00003,2026-02-01,523.27,295.47,50.2,On Track
PRJ-00003,2026-03-01,523.27,304.19,53.3,On Track
PRJ-00003,2026-04-01,523.27,312.9,56.5,On Track
PRJ-00003,2026-05-01,523.27,321.62,59.6,On Track
PRJ-00003,2026-06-01,523.27,330.34,62.7,On Track
PRJ-00003,2026-07-01,523.27,339.05,65.9,On Track
PRJ-00003,2026-08-01,523.27,347.77,69.0,On Track
PRJ-00004,2025-09-01,368.3,289.07,49.2,On Track
PRJ-00004,2025-10-01,368.3,297.04,52.1,On Track
PRJ-00004,2025-11-01,368.3,305.0,55.0,On Track
PRJ-00004,2025-12-01,368.3,312.96,57.9,On Track
PRJ-00004,2026-01-01,368.3,320.92,60.7,Delayed
PRJ-00004,2026-02-01,368.3,328.89,63.6,Delayed
PRJ-00004,2026-03-01,368.3,336.85,66.5,Delayed
PRJ-00004,2026-04-01,368.3,344.81,69.4,Delayed
PRJ-00004,2026-05-01,404.86,352.77,72.3,Delayed
PRJ-00004,2026-06-01,404.86,360.74,75.1,Delayed
PRJ-00004,2026-07-01,404.86,368.7,78.0,Delayed
PRJ-00004,2026-08-01,404.86,376.66,80.9,Delayed
PRJ-00005,2025-09-01,11258.18,4491.78,0.0,On Track
PRJ-00005,2025-10-01,11258.18,4638.9,1.7,On Track
PRJ-00005,2025-11-01,11258.18,4786.01,3.4,On Track
PRJ-00005,2025-12-01,11258.18,4933.13,5.1,On Track
PRJ-00005,2026-01-01,11258.18,5080.25,6.8,Stalled
PRJ-00005,2026-02-01,11258.18,5227.37,8.5,Stalled
PRJ-00005,2026-03-01,11258.18,5374.48,10.1,Delayed
PRJ-00005,2026-04-01,14298.89,5521.6,11.8,Delayed
PRJ-00005,2026-05-01,14298.89,5668.72,13.5,Delayed
PRJ-00005,2026-06-01,14298.89,5815.84,15.2,Delayed
PRJ-00005,2026-07-01,14298.89,5962.95,16.9,Delayed
PRJ-00005,2026-08-01,14298.89,6110.07,18.6,Delayed
PRJ-00006,2025-09-01,493.68,330.23,78.7,On Track
PRJ-00006,2025-10-01,493.68,345.09,80.6,On Track
PRJ-00006,2025-11-01,493.68,359.95,82.6,On Track
PRJ-00006,2025-12-01,493.68,374.81,84.5,On Track
PRJ-00006,2026-01-01,493.68,389.67,86.4,On Track
PRJ-00006,2026-02-01,493.68,404.52,88.4,On Track
PRJ-00006,2026-03-01,493.68,419.38,90.3,On Track
PRJ-00006,2026-04-01,493.68,434.24,92.3,On Track
PRJ-00006,2026-05-01,493.68,449.1,94.2,On Track
PRJ-00006,2026-06-01,493.68,463.96,96.1,On Track
PRJ-00006,2026-07-01,493.68,478.82,98.1,On Track
PRJ-00006,2026-08-01,493.68,493.68,100.0,Completed
PRJ-00007,2025-09-01,493.13,299.29,38.0,On Track
PRJ-00007,2025-10-01,493.13,307.05,39.4,On Track
PRJ-00007,2025-11-01,493.13,314.81,40.9,On Track
PRJ-00007,2025-12-01,493.13,322.57,42.3,On Track
PRJ-00007,2026-01-01,493.13,330.34,43.8,Delayed
PRJ-00007,2026-02-01,493.13,338.1,45.2,Delayed
PRJ-00007,2026-03-01,493.13,345.86,46.7,Delayed
PRJ-00007,2026-04-01,493.13,353.62,48.1,Delayed
PRJ-00007,2026-05-01,493.13,361.38,49.6,Delayed
PRJ-00007,2026-06-01,580.19,369.14,51.0,Delayed
PRJ-00007,2026-07-01,580.19,376.9,52.5,Delayed
PRJ-00007,2026-08-01,580.19,384.66,53.9,Delayed
PRJ-00008,2025-09-01,986.94,661.54,70.6,On Track
PRJ-00008,2025-10-01,986.94,692.02,73.3,On Track
PRJ-00008,2025-11-01,986.94,722.5,75.9,On Track
PRJ-00008,2025-12-01,986.94,752.98,78.6,On Track
PRJ-00008,2026-01-01,986.94,783.46,81.3,On Track
PRJ-00008,2026-02-01,986.94,813.94,84.0,On Track
PRJ-00008,2026-03-01,986.94,844.41,86.6,On Track
PRJ-00008,2026-04-01,986.94,874.89,89.3,On Track
PRJ-00008,2026-05-01,986.94,905.37,92.0,On Track
PRJ-00008,2026-06-01,986.94,935.85,94.7,On Track
PRJ-00008,2026-07-01,986.94,966.33,97.3,On Track
PRJ-00008,2026-08-01,986.94,996.81,100.0,Completed
PRJ-00009,2025-09-01,995.99,233.79,0.0,On Track
PRJ-00009,2025-10-01,995.99,244.15,1.6,On Track
PRJ-00009,2025-11-01,995.99,254.52,3.3,On Track
PRJ-00009,2025-12-01,995.99,264.88,4.9,On Track
PRJ-00009,2026-01-01,995.99,275.24,6.5,Stalled
PRJ-00009,2026-02-01,995.99,285.61,8.2,Stalled
PRJ-00009,2026-03-01,995.99,295.97,9.8,Stalled
PRJ-00009,2026-04-01,995.99,306.33,11.5,Delayed
PRJ-00009,2026-05-01,1084.64,316.7,13.1,Delayed
PRJ-00009,2026-06-01,1084.64,327.06,14.7,Delayed
PRJ-00009,2026-07-01,1084.64,337.43,16.4,Delayed
PRJ-00009,2026-08-01,1084.64,347.79,18.0,Delayed
PRJ-00010,2025-09-01,341.79,346.85,68.9,On Track
PRJ-00010,2025-10-01,341.79,357.24,71.7,On Track
PRJ-00010,2025-11-01,341.79,367.64,74.5,On Track
PRJ-00010,2025-12-01,341.79,378.03,77.4,On Track
PRJ-00010,2026-01-01,341.79,388.42,80.2,Delayed
PRJ-00010,2026-02-01,341.79,398.81,83.0,Delayed
PRJ-00010,2026-03-01,341.79,409.21,85.8,Delayed
PRJ-00010,2026-04-01,341.79,419.6,88.7,Delayed
PRJ-00010,2026-05-01,341.79,429.99,91.5,Delayed
PRJ-00010,2026-06-01,461.17,440.38,94.3,Delayed
PRJ-00010,2026-07-01,461.17,450.78,97.2,Delayed
PRJ-00010,2026-08-01,461.17,461.17,100.0,Completed
PRJ-00011,2025-09-01,679.6,547.47,49.7,On Track
PRJ-00011,2025-10-01,679.6,563.39,51.9,On Track
PRJ-00011,2025-11-01,679.6,579.31,54.0,On Track
PRJ-00011,2025-12-01,679.6,595.23,56.1,On Track
PRJ-00011,2026-01-01,679.6,611.15,58.3,Delayed
PRJ-00011,2026-02-01,679.6,627.08,60.4,Delayed
PRJ-00011,2026-03-01,679.6,643.0,62.5,Delayed
PRJ-00011,2026-04-01,833.18,658.92,64.7,Delayed
PRJ-00011,2026-05-01,833.18,674.84,66.8,Delayed
PRJ-00011,2026-06-01,833.18,690.76,68.9,Delayed
PRJ-00011,2026-07-01,833.18,706.68,71.1,Delayed
PRJ-00011,2026-08-01,833.18,722.6,73.2,Delayed
PRJ-00012,2025-09-01,1816.16,470.94,0.0,On Track
PRJ-00012,2025-10-01,1816.16,490.87,1.4,On Track
PRJ-00012,2025-11-01,1816.16,510.81,2.7,On Track
PRJ-00012,2025-12-01,1816.16,530.74,4.1,On Track
PRJ-00012,2026-01-01,1816.16,550.67,5.4,Stalled
PRJ-00012,2026-02-01,1816.16,570.61,6.8,Stalled
PRJ-00012,2026-03-01,1816.16,590.54,8.1,Stalled
PRJ-00012,2026-04-01,2127.54,610.47,9.5,Stalled
PRJ-00012,2026-05-01,2127.54,630.41,10.8,Delayed
PRJ-00012,2026-06-01,2127.54,650.34,12.2,Delayed
PRJ-00012,2026-07-01,2127.54,670.28,13.5,Delayed
PRJ-00012,2026-08-01,2127.54,690.21,14.9,Delayed
PRJ-00013,2025-09-01,27310.69,19194.02,37.4,On Track
PRJ-00013,2025-10-01,27310.69,19970.1,39.6,On Track
PRJ-00013,2025-11-01,27310.69,20746.17,41.9,On Track
PRJ-00013,2025-12-01,27310.69,21522.25,44.1,On Track
PRJ-00013,2026-01-01,27310.69,22298.33,46.4,Delayed
PRJ-00013,2026-02-01,27310.69,23074.41,48.6,Delayed
PRJ-00013,2026-03-01,27310.69,23850.49,50.9,Delayed
PRJ-00013,2026-04-01,27310.69,24626.57,53.1,Delayed
PRJ-00013,2026-05-01,34269.94,25402.64,55.4,Delayed
PRJ-00013,2026-06-01,34269.94,26178.72,57.6,Delayed
PRJ-00013,2026-07-01,34269.94,26954.8,59.9,Delayed
PRJ-00013,2026-08-01,34269.94,27730.88,62.1,Delayed
PRJ-00014,2025-09-01,1947.02,148.52,0.0,On Track
PRJ-00014,2025-10-01,1947.02,157.4,0.2,On Track
PRJ-00014,2025-11-01,1947.02,166.28,0.4,On Track
PRJ-00014,2025-12-01,2177.35,175.17,0.5,On Track
PRJ-00014,2026-01-01,2177.35,184.05,0.7,Stalled
PRJ-00014,2026-02-01,2177.35,192.93,0.9,Stalled
PRJ-00014,2026-03-01,2177.35,201.82,1.1,Stalled
PRJ-00014,2026-04-01,2177.35,210.7,1.3,Stalled
PRJ-00014,2026-05-01,2177.35,219.58,1.5,Stalled
PRJ-00014,2026-06-01,2177.35,228.46,1.6,Stalled
PRJ-00014,2026-07-01,2177.35,237.35,1.8,Stalled
PRJ-00014,2026-08-01,2177.35,246.23,2.0,Stalled
PRJ-00015,2025-09-01,1304.7,978.92,46.8,On Track
PRJ-00015,2025-10-01,1304.7,1015.71,48.5,On Track
PRJ-00015,2025-11-01,1304.7,1052.51,50.2,On Track
PRJ-00015,2025-12-01,1304.7,1089.31,51.9,On Track
PRJ-00015,2026-01-01,1304.7,1126.1,53.6,Delayed
PRJ-00015,2026-02-01,1304.7,1162.9,55.3,Delayed
PRJ-00015,2026-03-01,1673.76,1199.7,57.0,Delayed
PRJ-00015,2026-04-01,1673.76,1236.49,58.7,Delayed
PRJ-00015,2026-05-01,1673.76,1273.29,60.4,Delayed
PRJ-00015,2026-06-01,1673.76,1310.09,62.1,Delayed
PRJ-00015,2026-07-01,1673.76,1346.88,63.8,Delayed
PRJ-00015,2026-08-01,1673.76,1383.68,65.5,Delayed
PRJ-00016,2025-09-01,623.33,599.04,81.7,On Track
PRJ-00016,2025-10-01,623.33,612.69,83.4,On Track
PRJ-00016,2025-11-01,623.33,626.34,85.0,On Track
PRJ-00016,2025-12-01,749.2,639.99,86.7,On Track
PRJ-00016,2026-01-01,749.2,653.64,88.4,Delayed
PRJ-00016,2026-02-01,749.2,667.29,90.0,Delayed
PRJ-00016,2026-03-01,749.2,680.94,91.7,Delayed
PRJ-00016,2026-04-01,749.2,694.6,93.3,Delayed
PRJ-00016,2026-05-01,749.2,708.25,95.0,Delayed
PRJ-00016,2026-06-01,749.2,721.9,96.7,Delayed
PRJ-00016,2026-07-01,749.2,735.55,98.3,Delayed
PRJ-00016,2026-08-01,749.2,749.2,100.0,Completed
PRJ-00017,2025-09-01,185.85,146.56,70.0,On Track
PRJ-00017,2025-10-01,185.85,150.13,72.8,On Track
PRJ-00017,2025-11-01,185.85,153.7,75.5,On Track
PRJ-00017,2025-12-01,185.85,157.27,78.2,On Track
PRJ-00017,2026-01-01,185.85,160.84,80.9,On Track
PRJ-00017,2026-02-01,185.85,164.42,83.7,On Track
PRJ-00017,2026-03-01,185.85,167.99,86.4,On Track
PRJ-00017,2026-04-01,185.85,171.56,89.1,On Track
PRJ-00017,2026-05-01,185.85,175.13,91.8,On Track
PRJ-00017,2026-06-01,185.85,178.71,94.6,On Track
PRJ-00017,2026-07-01,185.85,182.28,97.3,On Track
PRJ-00017,2026-08-01,185.85,185.85,100.0,Completed
PRJ-00018,2025-09-01,606.24,418.77,35.2,On Track
PRJ-00018,2025-10-01,606.24,433.86,37.7,On Track
PRJ-00018,2025-11-01,606.24,448.95,40.2,On Track
PRJ-00018,2025-12-01,761.58,464.04,42.7,On Track
PRJ-00018,2026-01-01,761.58,479.13,45.2,Delayed
PRJ-00018,2026-02-01,761.58,494.22,47.7,Delayed
PRJ-00018,2026-03-01,761.58,509.31,50.2,Delayed
PRJ-00018,2026-04-01,761.58,524.39,52.6,Delayed
PRJ-00018,2026-05-01,761.58,539.48,55.1,Delayed
PRJ-00018,2026-06-01,761.58,554.57,57.6,Delayed
PRJ-00018,2026-07-01,761.58,569.66,60.1,Delayed
PRJ-00018,2026-08-01,761.58,584.75,62.6,Delayed
PRJ-00019,2025-09-01,230.59,141.32,66.4,On Track
PRJ-00019,2025-10-01,230.59,149.43,69.5,On Track
PRJ-00019,2025-11-01,230.59,157.55,72.5,On Track
PRJ-00019,2025-12-01,230.59,165.66,75.6,On Track
PRJ-00019,2026-01-01,230.59,173.78,78.6,On Track
PRJ-00019,2026-02-01,230.59,181.9,81.7,On Track
PRJ-00019,2026-03-01,230.59,190.01,84.7,On Track
PRJ-00019,2026-04-01,230.59,198.13,87.8,On Track
PRJ-00019,2026-05-01,230.59,206.24,90.8,On Track
PRJ-00019,2026-06-01,230.59,214.36,93.9,On Track
PRJ-00019,2026-07-01,230.59,222.47,96.9,On Track
PRJ-00019,2026-08-01,230.59,230.59,100.0,Completed
PRJ-00020,2025-09-01,894.4,685.51,65.3,On Track
PRJ-00020,2025-10-01,894.4,720.78,68.5,On Track
PRJ-00020,2025-11-01,894.4,756.05,71.6,On Track
PRJ-00020,2025-12-01,894.4,791.32,74.8,On Track
PRJ-00020,2026-01-01,894.4,826.59,77.9,Delayed
PRJ-00020,2026-02-01,894.4,861.86,81.1,Delayed
PRJ-00020,2026-03-01,894.4,897.14,84.2,Delayed
PRJ-00020,2026-04-01,1073.49,932.41,87.4,Delayed
PRJ-00020,2026-05-01,1073.49,967.68,90.5,Delayed
PRJ-00020,2026-06-01,1073.49,1002.95,93.7,Delayed
PRJ-00020,2026-07-01,1073.49,1038.22,96.8,Delayed
PRJ-00020,2026-08-01,1073.49,1073.49,100.0,Completed
PRJ-00021,2025-09-01,503.48,201.24,4.6,On Track
PRJ-00021,2025-10-01,503.48,210.56,6.6,On Track
PRJ-00021,2025-11-01,503.48,219.88,8.6,On Track
PRJ-00021,2025-12-01,503.48,229.2,10.6,On Track
PRJ-00021,2026-01-01,503.48,238.52,12.6,Delayed
PRJ-00021,2026-02-01,503.48,247.84,14.6,Delayed
PRJ-00021,2026-03-01,503.48,257.16,16.6,Delayed
PRJ-00021,2026-04-01,503.48,266.48,18.6,Delayed
PRJ-00021,2026-05-01,640.2,275.8,20.5,Delayed
PRJ-00021,2026-06-01,640.2,285.12,22.5,Delayed
PRJ-00021,2026-07-01,640.2,294.44,24.5,Delayed
PRJ-00021,2026-08-01,640.2,303.76,26.5,Delayed
PRJ-00022,2025-09-01,425.34,286.21,11.1,On Track
PRJ-00022,2025-10-01,425.34,295.0,13.6,On Track
PRJ-00022,2025-11-01,425.34,303.78,16.1,On Track
PRJ-00022,2025-12-01,425.34,312.57,18.6,On Track
PRJ-00022,2026-01-01,627.61,321.35,21.1,Delayed
PRJ-00022,2026-02-01,627.61,330.14,23.7,Delayed
PRJ-00022,2026-03-01,627.61,338.92,26.2,Delayed
PRJ-00022,2026-04-01,627.61,347.7,28.7,Delayed
PRJ-00022,2026-05-01,627.61,356.49,31.2,Delayed
PRJ-00022,2026-06-01,627.61,365.27,33.8,Delayed
PRJ-00022,2026-07-01,627.61,374.06,36.3,Delayed
PRJ-00022,2026-08-01,627.61,382.84,38.8,Delayed
PRJ-00023,2025-09-01,4497.11,796.61,0.0,On Track
PRJ-00023,2025-10-01,4497.11,823.79,0.7,On Track
PRJ-00023,2025-11-01,4497.11,850.98,1.5,On Track
PRJ-00023,2025-12-01,4497.11,878.16,2.2,On Track
PRJ-00023,2026-01-01,5717.09,905.35,3.0,Stalled
PRJ-00023,2026-02-01,5717.09,932.53,3.7,Stalled
PRJ-00023,2026-03-01,5717.09,959.72,4.5,Stalled
PRJ-00023,2026-04-01,5717.09,986.9,5.2,Stalled
PRJ-00023,2026-05-01,5717.09,1014.09,6.0,Stalled
PRJ-00023,2026-06-01,5717.09,1041.27,6.7,Stalled
PRJ-00023,2026-07-01,5717.09,1068.46,7.5,Stalled
PRJ-00023,2026-08-01,5717.09,1095.64,8.2,Stalled
PRJ-00024,2025-09-01,1466.33,1127.74,72.6,On Track
PRJ-00024,2025-10-01,1466.33,1158.52,75.1,On Track
PRJ-00024,2025-11-01,1466.33,1189.3,77.6,On Track
PRJ-00024,2025-12-01,1466.33,1220.08,80.1,On Track
PRJ-00024,2026-01-01,1466.33,1250.86,82.6,On Track
PRJ-00024,2026-02-01,1466.33,1281.64,85.0,On Track
PRJ-00024,2026-03-01,1466.33,1312.42,87.5,On Track
PRJ-00024,2026-04-01,1466.33,1343.21,90.0,On Track
PRJ-00024,2026-05-01,1466.33,1373.99,92.5,On Track
PRJ-00024,2026-06-01,1466.33,1404.77,95.0,On Track
PRJ-00024,2026-07-01,1466.33,1435.55,97.5,On Track
PRJ-00024,2026-08-01,1466.33,1466.33,100.0,Completed
PRJ-00025,2025-09-01,431.02,131.84,16.2,On Track
PRJ-00025,2025-10-01,431.02,138.93,19.1,On Track
PRJ-00025,2025-11-01,431.02,146.02,22.1,On Track
PRJ-00025,2025-12-01,431.02,153.11,25.0,On Track
PRJ-00025,2026-01-01,431.02,160.2,28.0,On Track
PRJ-00025,2026-02-01,431.02,167.29,30.9,On Track
PRJ-00025,2026-03-01,431.02,174.38,33.9,On Track
PRJ-00025,2026-04-01,431.02,181.48,36.8,On Track
PRJ-00025,2026-05-01,431.02,188.57,39.8,On Track
PRJ-00025,2026-06-01,431.02,195.66,42.7,On Track
PRJ-00025,2026-07-01,431.02,202.75,45.7,On Track
PRJ-00025,2026-08-01,431.02,209.84,48.6,On Track
PRJ-00026,2025-09-01,321.75,252.78,79.4,On Track
PRJ-00026,2025-10-01,321.75,264.01,81.3,On Track
PRJ-00026,2025-11-01,321.75,275.24,83.2,On Track
PRJ-00026,2025-12-01,321.75,286.47,85.0,On Track
PRJ-00026,2026-01-01,321.75,297.7,86.9,Delayed
PRJ-00026,2026-02-01,321.75,308.93,88.8,Delayed
PRJ-00026,2026-03-01,321.75,320.16,90.6,Delayed
PRJ-00026,2026-04-01,321.75,331.39,92.5,Delayed
PRJ-00026,2026-05-01,321.75,342.63,94.4,Delayed
PRJ-00026,2026-06-01,376.32,353.86,96.3,Delayed
PRJ-00026,2026-07-01,376.32,365.09,98.1,Delayed
PRJ-00026,2026-08-01,376.32,376.32,100.0,Completed
PRJ-00027,2025-09-01,2614.64,1205.8,0.0,On Track
PRJ-00027,2025-10-01,2614.64,1237.28,3.1,On Track
PRJ-00027,2025-11-01,2614.64,1268.76,6.3,On Track
PRJ-00027,2025-12-01,2614.64,1300.25,9.4,On Track
PRJ-00027,2026-01-01,2614.64,1331.73,12.6,Delayed
PRJ-00027,2026-02-01,2614.64,1363.22,15.7,Delayed
PRJ-00027,2026-03-01,2614.64,1394.7,18.9,Delayed
PRJ-00027,2026-04-01,3422.72,1426.18,22.0,Delayed
PRJ-00027,2026-05-01,3422.72,1457.67,25.2,Delayed
PRJ-00027,2026-06-01,3422.72,1489.15,28.3,Delayed
PRJ-00027,2026-07-01,3422.72,1520.64,31.5,Delayed
PRJ-00027,2026-08-01,3422.72,1552.12,34.6,Delayed
PRJ-00028,2025-09-01,2687.1,573.53,7.2,On Track
PRJ-00028,2025-10-01,2687.1,587.73,9.2,On Track
PRJ-00028,2025-11-01,2687.1,601.92,11.3,On Track
PRJ-00028,2025-12-01,2687.1,616.12,13.3,On Track
PRJ-00028,2026-01-01,2687.1,630.31,15.3,On Track
PRJ-00028,2026-02-01,2687.1,644.51,17.3,On Track
PRJ-00028,2026-03-01,2687.1,658.7,19.4,On Track
PRJ-00028,2026-04-01,2687.1,672.9,21.4,On Track
PRJ-00028,2026-05-01,2687.1,687.09,23.4,On Track
PRJ-00028,2026-06-01,2687.1,701.29,25.4,On Track
PRJ-00028,2026-07-01,2687.1,715.48,27.5,On Track
PRJ-00028,2026-08-01,2687.1,729.68,29.5,On Track
PRJ-00029,2025-09-01,5328.92,1491.34,0.0,On Track
PRJ-00029,2025-10-01,5328.92,1530.81,1.4,On Track
PRJ-00029,2025-11-01,5328.92,1570.27,2.8,On Track
PRJ-00029,2025-12-01,5328.92,1609.74,4.2,On Track
PRJ-00029,2026-01-01,5328.92,1649.2,5.6,Stalled
PRJ-00029,2026-02-01,5328.92,1688.66,7.0,Stalled
PRJ-00029,2026-03-01,5328.92,1728.13,8.4,Stalled
PRJ-00029,2026-04-01,5328.92,1767.59,9.8,Stalled
PRJ-00029,2026-05-01,6655.14,1807.06,11.2,Delayed
PRJ-00029,2026-06-01,6655.14,1846.52,12.6,Delayed
PRJ-00029,2026-07-01,6655.14,1885.99,14.0,Delayed
PRJ-00029,2026-08-01,6655.14,1925.45,15.4,Delayed
PRJ-00030,2025-09-01,2069.3,663.18,0.0,On Track
PRJ-00030,2025-10-01,2069.3,693.01,1.9,On Track
PRJ-00030,2025-11-01,2069.3,722.83,3.8,On Track
PRJ-00030,2025-12-01,2069.3,752.65,5.7,On Track
PRJ-00030,2026-01-01,2069.3,782.47,7.6,Stalled
PRJ-00030,2026-02-01,2069.3,812.29,9.5,Stalled
PRJ-00030,2026-03-01,2069.3,842.11,11.4,Delayed
PRJ-00030,2026-04-01,2069.3,871.93,13.3,Delayed
PRJ-00030,2026-05-01,2069.3,901.76,15.2,Delayed
PRJ-00030,2026-06-01,2966.98,931.58,17.1,Delayed
PRJ-00030,2026-07-01,2966.98,961.4,19.0,Delayed
PRJ-00030,2026-08-01,2966.98,991.22,20.9,Delayed
PRJ-00031,2025-09-01,761.06,142.55,0.0,On Track
PRJ-00031,2025-10-01,761.06,149.95,0.4,On Track
PRJ-00031,2025-11-01,761.06,157.36,0.8,On Track
PRJ-00031,2025-12-01,761.06,164.77,1.3,On Track
PRJ-00031,2026-01-01,761.06,172.17,1.7,Stalled
PRJ-00031,2026-02-01,761.06,179.58,2.1,Stalled
PRJ-00031,2026-03-01,761.06,186.99,2.5,Stalled
PRJ-00031,2026-04-01,999.75,194.39,2.9,Stalled
PRJ-00031,2026-05-01,999.75,201.8,3.3,Stalled
PRJ-00031,2026-06-01,999.75,209.21,3.8,Stalled
PRJ-00031,2026-07-01,999.75,216.61,4.2,Stalled
PRJ-00031,2026-08-01,999.75,224.02,4.6,Stalled
PRJ-00032,2025-09-01,1473.76,917.82,75.9,On Track
PRJ-00032,2025-10-01,1473.76,968.36,78.1,On Track
PRJ-00032,2025-11-01,1473.76,1018.9,80.3,On Track
PRJ-00032,2025-12-01,1473.76,1069.44,82.5,On Track
PRJ-00032,2026-01-01,1473.76,1119.98,84.7,On Track
PRJ-00032,2026-02-01,1473.76,1170.52,86.9,On Track
PRJ-00032,2026-03-01,1473.76,1221.06,89.0,On Track
PRJ-00032,2026-04-01,1473.76,1271.6,91.2,On Track
PRJ-00032,2026-05-01,1473.76,1322.14,93.4,On Track
PRJ-00032,2026-06-01,1473.76,1372.68,95.6,On Track
PRJ-00032,2026-07-01,1473.76,1423.22,97.8,On Track
PRJ-00032,2026-08-01,1473.76,1473.76,100.0,Completed
PRJ-00033,2025-09-01,846.58,635.07,84.0,On Track
PRJ-00033,2025-10-01,846.58,654.3,85.5,On Track
PRJ-00033,2025-11-01,846.58,673.53,86.9,On Track
PRJ-00033,2025-12-01,846.58,692.76,88.4,On Track
PRJ-00033,2026-01-01,846.58,711.98,89.8,On Track
PRJ-00033,2026-02-01,846.58,731.21,91.3,On Track
PRJ-00033,2026-03-01,846.58,750.44,92.7,On Track
PRJ-00033,2026-04-01,846.58,769.67,94.2,On Track
PRJ-00033,2026-05-01,846.58,788.9,95.6,On Track
PRJ-00033,2026-06-01,846.58,808.12,97.1,On Track
PRJ-00033,2026-07-01,846.58,827.35,98.5,On Track
PRJ-00033,2026-08-01,846.58,846.58,100.0,Completed
PRJ-00034,2025-09-01,670.19,232.91,24.1,On Track
PRJ-00034,2025-10-01,670.19,245.24,26.8,On Track
PRJ-00034,2025-11-01,670.19,257.56,29.5,On Track
PRJ-00034,2025-12-01,670.19,269.89,32.3,On Track
PRJ-00034,2026-01-01,670.19,282.22,35.0,On Track
PRJ-00034,2026-02-01,670.19,294.55,37.7,On Track
PRJ-00034,2026-03-01,670.19,306.87,40.4,On Track
PRJ-00034,2026-04-01,670.19,319.2,43.2,On Track
PRJ-00034,2026-05-01,670.19,331.53,45.9,On Track
PRJ-00034,2026-06-01,670.19,343.86,48.6,On Track
PRJ-00034,2026-07-01,670.19,356.18,51.4,On Track
PRJ-00034,2026-08-01,670.19,368.51,54.1,On Track
PRJ-00035,2025-09-01,763.93,610.33,82.0,On Track
PRJ-00035,2025-10-01,763.93,631.55,83.6,On Track
PRJ-00035,2025-11-01,763.93,652.77,85.3,On Track
PRJ-00035,2025-12-01,763.93,673.98,86.9,On Track
PRJ-00035,2026-01-01,843.71,695.2,88.5,Delayed
PRJ-00035,2026-02-01,843.71,716.41,90.2,Delayed
PRJ-00035,2026-03-01,843.71,737.63,91.8,Delayed
PRJ-00035,2026-04-01,843.71,758.85,93.4,Delayed
PRJ-00035,2026-05-01,843.71,780.06,95.1,Delayed
PRJ-00035,2026-06-01,843.71,801.28,96.7,Delayed
PRJ-00035,2026-07-01,843.71,822.49,98.4,Delayed
PRJ-00035,2026-08-01,843.71,843.71,100.0,Completed
PRJ-00036,2025-09-01,528.32,335.83,62.4,On Track
PRJ-00036,2025-10-01,528.32,349.88,65.4,On Track
PRJ-00036,2025-11-01,528.32,363.93,68.3,On Track
PRJ-00036,2025-12-01,528.32,377.97,71.3,On Track
PRJ-00036,2026-01-01,528.32,392.02,74.2,On Track
PRJ-00036,2026-02-01,528.32,406.07,77.2,On Track
PRJ-00036,2026-03-01,528.32,420.12,80.2,On Track
PRJ-00036,2026-04-01,528.32,434.17,83.1,On Track
PRJ-00036,2026-05-01,528.32,448.22,86.1,On Track
PRJ-00036,2026-06-01,528.32,462.26,89.1,On Track
PRJ-00036,2026-07-01,528.32,476.31,92.0,On Track
PRJ-00036,2026-08-01,528.32,490.36,95.0,On Track
PRJ-00037,2025-09-01,859.12,691.08,68.2,On Track
PRJ-00037,2025-10-01,859.12,730.22,71.1,On Track
PRJ-00037,2025-11-01,859.12,769.37,74.0,On Track
PRJ-00037,2025-12-01,859.12,808.52,76.9,On Track
PRJ-00037,2026-01-01,1121.71,847.67,79.8,Delayed
PRJ-00037,2026-02-01,1121.71,886.82,82.6,Delayed
PRJ-00037,2026-03-01,1121.71,925.97,85.5,Delayed
PRJ-00037,2026-04-01,1121.71,965.12,88.4,Delayed
PRJ-00037,2026-05-01,1121.71,1004.26,91.3,Delayed
PRJ-00037,2026-06-01,1121.71,1043.41,94.2,Delayed
PRJ-00037,2026-07-01,1121.71,1082.56,97.1,Delayed
PRJ-00037,2026-08-01,1121.71,1121.71,100.0,Completed
PRJ-00038,2025-09-01,296.14,188.79,25.2,On Track
PRJ-00038,2025-10-01,296.14,195.06,27.4,On Track
PRJ-00038,2025-11-01,296.14,201.33,29.6,On Track
PRJ-00038,2025-12-01,296.14,207.6,31.8,On Track
PRJ-00038,2026-01-01,390.56,213.87,34.0,Delayed
PRJ-00038,2026-02-01,390.56,220.13,36.2,Delayed
PRJ-00038,2026-03-01,390.56,226.4,38.3,Delayed
PRJ-00038,2026-04-01,390.56,232.67,40.5,Delayed
PRJ-00038,2026-05-01,390.56,238.94,42.7,Delayed
PRJ-00038,2026-06-01,390.56,245.2,44.9,Delayed
PRJ-00038,2026-07-01,390.56,251.47,47.1,Delayed
PRJ-00038,2026-08-01,390.56,257.74,49.3,Delayed
PRJ-00039,2025-09-01,1396.36,249.74,0.0,On Track
PRJ-00039,2025-10-01,1396.36,255.63,0.2,On Track
PRJ-00039,2025-11-01,1396.36,261.53,0.4,On Track
PRJ-00039,2025-12-01,1396.36,267.43,0.5,On Track
PRJ-00039,2026-01-01,1396.36,273.33,0.7,Stalled
PRJ-00039,2026-02-01,1396.36,279.22,0.9,Stalled
PRJ-00039,2026-03-01,1396.36,285.12,1.1,Stalled
PRJ-00039,2026-04-01,1396.36,291.02,1.3,Stalled
PRJ-00039,2026-05-01,1920.11,296.92,1.5,Stalled
PRJ-00039,2026-06-01,1920.11,302.81,1.6,Stalled
PRJ-00039,2026-07-01,1920.11,308.71,1.8,Stalled
PRJ-00039,2026-08-01,1920.11,314.61,2.0,Stalled
PRJ-00040,2025-09-01,539.98,317.26,22.6,On Track
PRJ-00040,2025-10-01,539.98,326.94,24.8,On Track
PRJ-00040,2025-11-01,539.98,336.62,27.0,On Track
PRJ-00040,2025-12-01,539.98,346.3,29.2,On Track
PRJ-00040,2026-01-01,764.59,355.97,31.4,Delayed
PRJ-00040,2026-02-01,764.59,365.65,33.6,Delayed
PRJ-00040,2026-03-01,764.59,375.33,35.9,Delayed
PRJ-00040,2026-04-01,764.59,385.01,38.1,Delayed
PRJ-00040,2026-05-01,764.59,394.69,40.3,Delayed
PRJ-00040,2026-06-01,764.59,404.36,42.5,Delayed
PRJ-00040,2026-07-01,764.59,414.04,44.7,Delayed
PRJ-00040,2026-08-01,764.59,423.72,46.9,Delayed
PRJ-00041,2025-09-01,545.79,428.34,70.7,On Track
PRJ-00041,2025-10-01,545.79,439.01,73.4,On Track
PRJ-00041,2025-11-01,545.79,449.69,76.0,On Track
PRJ-00041,2025-12-01,545.79,460.37,78.7,On Track
PRJ-00041,2026-01-01,545.79,471.05,81.4,On Track
PRJ-00041,2026-02-01,545.79,481.72,84.0,On Track
PRJ-00041,2026-03-01,545.79,492.4,86.7,On Track
PRJ-00041,2026-04-01,545.79,503.08,89.3,On Track
PRJ-00041,2026-05-01,545.79,513.76,92.0,On Track
PRJ-00041,2026-06-01,545.79,524.43,94.7,On Track
PRJ-00041,2026-07-01,545.79,535.11,97.3,On Track
PRJ-00041,2026-08-01,545.79,545.79,100.0,Completed
PRJ-00042,2025-09-01,3851.22,1555.26,12.3,On Track
PRJ-00042,2025-10-01,3851.22,1611.35,13.7,On Track
PRJ-00042,2025-11-01,3851.22,1667.43,15.1,On Track
PRJ-00042,2025-12-01,3851.22,1723.52,16.5,On Track
PRJ-00042,2026-01-01,3851.22,1779.6,17.9,Delayed
PRJ-00042,2026-02-01,4866.78,1835.68,19.3,Delayed
PRJ-00042,2026-03-01,4866.78,1891.77,20.7,Delayed
PRJ-00042,2026-04-01,4866.78,1947.85,22.1,Delayed
PRJ-00042,2026-05-01,4866.78,2003.94,23.4,Delayed
PRJ-00042,2026-06-01,4866.78,2060.02,24.8,Delayed
PRJ-00042,2026-07-01,4866.78,2116.11,26.2,Delayed
PRJ-00042,2026-08-01,4866.78,2172.19,27.6,Delayed
PRJ-00043,2025-09-01,3130.3,523.31,7.1,On Track
PRJ-00043,2025-10-01,3130.3,550.26,9.0,On Track
PRJ-00043,2025-11-01,3130.3,577.21,10.8,On Track
PRJ-00043,2025-12-01,3130.3,604.16,12.7,On Track
PRJ-00043,2026-01-01,3130.3,631.11,14.5,On Track
PRJ-00043,2026-02-01,3130.3,658.06,16.4,On Track
PRJ-00043,2026-03-01,3130.3,685.01,18.2,On Track
PRJ-00043,2026-04-01,3130.3,711.97,20.1,On Track
PRJ-00043,2026-05-01,3130.3,738.92,21.9,On Track
PRJ-00043,2026-06-01,3130.3,765.87,23.8,On Track
PRJ-00043,2026-07-01,3130.3,792.82,25.6,On Track
PRJ-00043,2026-08-01,3130.3,819.77,27.5,On Track
PRJ-00044,2025-09-01,1231.69,1054.6,72.8,On Track
PRJ-00044,2025-10-01,1231.69,1091.12,75.3,On Track
PRJ-00044,2025-11-01,1231.69,1127.63,77.7,On Track
PRJ-00044,2025-12-01,1231.69,1164.14,80.2,On Track
PRJ-00044,2026-01-01,1231.69,1200.65,82.7,Delayed
PRJ-00044,2026-02-01,1231.69,1237.16,85.2,Delayed
PRJ-00044,2026-03-01,1231.69,1273.67,87.6,Delayed
PRJ-00044,2026-04-01,1456.23,1310.18,90.1,Delayed
PRJ-00044,2026-05-01,1456.23,1346.7,92.6,Delayed
PRJ-00044,2026-06-01,1456.23,1383.21,95.1,Delayed
PRJ-00044,2026-07-01,1456.23,1419.72,97.5,Delayed
PRJ-00044,2026-08-01,1456.23,1456.23,100.0,Completed
PRJ-00045,2025-09-01,1873.88,1329.16,70.6,On Track
PRJ-00045,2025-10-01,1873.88,1380.38,73.3,On Track
PRJ-00045,2025-11-01,1873.88,1431.61,75.9,On Track
PRJ-00045,2025-12-01,1873.88,1482.83,78.6,On Track
PRJ-00045,2026-01-01,1873.88,1534.05,81.3,On Track
PRJ-00045,2026-02-01,1873.88,1585.28,84.0,On Track
PRJ-00045,2026-03-01,1873.88,1636.5,86.6,On Track
PRJ-00045,2026-04-01,1873.88,1687.72,89.3,On Track
PRJ-00045,2026-05-01,1873.88,1738.95,92.0,On Track
PRJ-00045,2026-06-01,1873.88,1790.17,94.7,On Track
PRJ-00045,2026-07-01,1873.88,1841.4,97.3,On Track
PRJ-00045,2026-08-01,1873.88,1892.62,100.0,Completed
PRJ-00046,2025-09-01,618.89,208.82,0.0,On Track
PRJ-00046,2025-10-01,618.89,217.2,2.0,On Track
PRJ-00046,2025-11-01,618.89,225.58,4.0,On Track
PRJ-00046,2025-12-01,618.89,233.96,6.1,On Track
PRJ-00046,2026-01-01,618.89,242.34,8.1,Stalled
PRJ-00046,2026-02-01,806.19,250.71,10.1,Delayed
PRJ-00046,2026-03-01,806.19,259.09,12.1,Delayed
PRJ-00046,2026-04-01,806.19,267.47,14.1,Delayed
PRJ-00046,2026-05-01,806.19,275.85,16.1,Delayed
PRJ-00046,2026-06-01,806.19,284.22,18.2,Delayed
PRJ-00046,2026-07-01,806.19,292.6,20.2,Delayed
PRJ-00046,2026-08-01,806.19,300.98,22.2,Delayed
PRJ-00047,2025-09-01,4240.76,2990.81,47.0,On Track
PRJ-00047,2025-10-01,4240.76,3138.79,49.3,On Track
PRJ-00047,2025-11-01,4240.76,3286.77,51.7,On Track
PRJ-00047,2025-12-01,4240.76,3434.75,54.0,On Track
PRJ-00047,2026-01-01,4240.76,3582.72,56.3,Delayed
PRJ-00047,2026-02-01,4240.76,3730.7,58.7,Delayed
PRJ-00047,2026-03-01,4240.76,3878.68,61.0,Delayed
PRJ-00047,2026-04-01,4240.76,4026.66,63.3,Delayed
PRJ-00047,2026-05-01,5186.06,4174.64,65.7,Delayed
PRJ-00047,2026-06-01,5186.06,4322.61,68.0,Delayed
PRJ-00047,2026-07-01,5186.06,4470.59,70.4,Delayed
PRJ-00047,2026-08-01,5186.06,4618.57,72.7,Delayed
PRJ-00048,2025-09-01,5364.54,4837.18,45.1,On Track
PRJ-00048,2025-10-01,5364.54,4965.08,47.8,On Track
PRJ-00048,2025-11-01,5364.54,5092.98,50.4,On Track
PRJ-00048,2025-12-01,7042.04,5220.88,53.1,On Track
PRJ-00048,2026-01-01,7042.04,5348.77,55.7,Delayed
PRJ-00048,2026-02-01,7042.04,5476.67,58.4,Delayed
PRJ-00048,2026-03-01,7042.04,5604.57,61.0,Delayed
PRJ-00048,2026-04-01,7042.04,5732.47,63.7,Delayed
PRJ-00048,2026-05-01,7042.04,5860.37,66.3,Delayed
PRJ-00048,2026-06-01,7042.04,5988.27,69.0,Delayed
PRJ-00048,2026-07-01,7042.04,6116.17,71.6,Delayed
PRJ-00048,2026-08-01,7042.04,6244.07,74.3,Delayed
PRJ-00049,2025-09-01,3001.47,1507.87,18.4,On Track
PRJ-00049,2025-10-01,3001.47,1589.19,20.2,On Track
PRJ-00049,2025-11-01,3001.47,1670.51,22.0,On Track
PRJ-00049,2025-12-01,3850.96,1751.82,23.8,On Track
PRJ-00049,2026-01-01,3850.96,1833.14,25.6,Delayed
PRJ-00049,2026-02-01,3850.96,1914.46,27.5,Delayed
PRJ-00049,2026-03-01,3850.96,1995.78,29.3,Delayed
PRJ-00049,2026-04-01,3850.96,2077.1,31.1,Delayed
PRJ-00049,2026-05-01,3850.96,2158.42,32.9,Delayed
PRJ-00049,2026-06-01,3850.96,2239.74,34.8,Delayed
PRJ-00049,2026-07-01,3850.96,2321.06,36.6,Delayed
PRJ-00049,2026-08-01,3850.96,2402.38,38.4,Delayed
PRJ-00050,2025-09-01,861.22,668.57,65.1,On Track
PRJ-00050,2025-10-01,861.22,686.09,68.3,On Track
PRJ-00050,2025-11-01,861.22,703.6,71.5,On Track
PRJ-00050,2025-12-01,861.22,721.11,74.6,On Track
PRJ-00050,2026-01-01,861.22,738.63,77.8,On Track
PRJ-00050,2026-02-01,861.22,756.14,81.0,On Track
PRJ-00050,2026-03-01,861.22,773.65,84.1,On Track
PRJ-00050,2026-04-01,861.22,791.17,87.3,On Track
PRJ-00050,2026-05-01,861.22,808.68,90.5,On Track
PRJ-00050,2026-06-01,861.22,826.19,93.7,On Track
PRJ-00050,2026-07-01,861.22,843.71,96.8,On Track
PRJ-00050,2026-08-01,861.22,861.22,100.0,Completed
PRJ-00051,2025-09-01,320.44,181.39,38.7,On Track
PRJ-00051,2025-10-01,320.44,190.37,40.3,On Track
PRJ-00051,2025-11-01,320.44,199.35,41.8,On Track
PRJ-00051,2025-12-01,320.44,208.33,43.3,On Track
PRJ-00051,2026-01-01,320.44,217.31,44.9,Delayed
PRJ-00051,2026-02-01,320.44,226.29,46.4,Delayed
PRJ-00051,2026-03-01,320.44,235.26,48.0,Delayed
PRJ-00051,2026-04-01,320.44,244.24,49.5,Delayed
PRJ-00051,2026-05-01,405.31,253.22,51.1,Delayed
PRJ-00051,2026-06-01,405.31,262.2,52.6,Delayed
PRJ-00051,2026-07-01,405.31,271.18,54.2,Delayed
PRJ-00051,2026-08-01,405.31,280.16,55.7,Delayed
PRJ-00052,2025-09-01,485.3,405.91,80.4,On Track
PRJ-00052,2025-10-01,485.3,425.04,82.2,On Track
PRJ-00052,2025-11-01,485.3,444.17,83.9,On Track
PRJ-00052,2025-12-01,616.32,463.3,85.7,On Track
PRJ-00052,2026-01-01,616.32,482.43,87.5,Delayed
PRJ-00052,2026-02-01,616.32,501.55,89.3,Delayed
PRJ-00052,2026-03-01,616.32,520.68,91.1,Delayed
PRJ-00052,2026-04-01,616.32,539.81,92.9,Delayed
PRJ-00052,2026-05-01,616.32,558.94,94.6,Delayed
PRJ-00052,2026-06-01,616.32,578.06,96.4,Delayed
PRJ-00052,2026-07-01,616.32,597.19,98.2,Delayed
PRJ-00052,2026-08-01,616.32,616.32,100.0,Completed
PRJ-00053,2025-09-01,1082.65,915.21,56.2,On Track
PRJ-00053,2025-10-01,1082.65,967.12,59.1,On Track
PRJ-00053,2025-11-01,1082.65,1019.04,61.9,On Track
PRJ-00053,2025-12-01,1082.65,1070.96,64.8,On Track
PRJ-00053,2026-01-01,1082.65,1122.88,67.7,Delayed
PRJ-00053,2026-02-01,1082.65,1174.79,70.5,Delayed
PRJ-00053,2026-03-01,1082.65,1226.71,73.4,Delayed
PRJ-00053,2026-04-01,1082.65,1278.63,76.3,Delayed
PRJ-00053,2026-05-01,1486.3,1330.55,79.1,Delayed
PRJ-00053,2026-06-01,1486.3,1382.46,82.0,Delayed
PRJ-00053,2026-07-01,1486.3,1434.38,84.8,Delayed
PRJ-00053,2026-08-01,1486.3,1486.3,87.7,Delayed
PRJ-00054,2025-09-01,1451.68,401.44,3.1,On Track
PRJ-00054,2025-10-01,1451.68,413.33,4.5,On Track
PRJ-00054,2025-11-01,1451.68,425.22,5.9,On Track
PRJ-00054,2025-12-01,1451.68,437.12,7.3,On Track
PRJ-00054,2026-01-01,1451.68,449.01,8.7,Stalled
PRJ-00054,2026-02-01,1877.27,460.9,10.1,Delayed
PRJ-00054,2026-03-01,1877.27,472.8,11.5,Delayed
PRJ-00054,2026-04-01,1877.27,484.69,13.0,Delayed
PRJ-00054,2026-05-01,1877.27,496.58,14.4,Delayed
PRJ-00054,2026-06-01,1877.27,508.47,15.8,Delayed
PRJ-00054,2026-07-01,1877.27,520.37,17.2,Delayed
PRJ-00054,2026-08-01,1877.27,532.26,18.6,Delayed
PRJ-00055,2025-09-01,560.15,399.29,65.1,On Track
PRJ-00055,2025-10-01,560.15,413.91,68.2,On Track
PRJ-00055,2025-11-01,560.15,428.54,71.4,On Track
PRJ-00055,2025-12-01,560.15,443.16,74.6,On Track
PRJ-00055,2026-01-01,560.15,457.78,77.8,On Track
PRJ-00055,2026-02-01,560.15,472.41,80.9,On Track
PRJ-00055,2026-03-01,560.15,487.03,84.1,On Track
PRJ-00055,2026-04-01,560.15,501.65,87.3,On Track
PRJ-00055,2026-05-01,560.15,516.28,90.5,On Track
PRJ-00055,2026-06-01,560.15,530.9,93.6,On Track
PRJ-00055,2026-07-01,560.15,545.53,96.8,On Track
PRJ-00055,2026-08-01,560.15,560.15,100.0,Completed
PRJ-00056,2025-09-01,830.69,326.21,0.0,On Track
PRJ-00056,2025-10-01,830.69,338.38,2.1,On Track
PRJ-00056,2025-11-01,830.69,350.54,4.3,On Track
PRJ-00056,2025-12-01,830.69,362.71,6.4,On Track
PRJ-00056,2026-01-01,830.69,374.88,8.6,Stalled
PRJ-00056,2026-02-01,830.69,387.05,10.7,Delayed
PRJ-00056,2026-03-01,830.69,399.22,12.9,Delayed
PRJ-00056,2026-04-01,830.69,411.39,15.0,Delayed
PRJ-00056,2026-05-01,830.69,423.56,17.2,Delayed
PRJ-00056,2026-06-01,1112.67,435.73,19.3,Delayed
PRJ-00056,2026-07-01,1112.67,447.9,21.5,Delayed
PRJ-00056,2026-08-01,1112.67,460.07,23.6,Delayed
PRJ-00057,2025-09-01,726.42,400.69,24.1,On Track
PRJ-00057,2025-10-01,726.42,416.57,25.6,On Track
PRJ-00057,2025-11-01,726.42,432.46,27.0,On Track
PRJ-00057,2025-12-01,726.42,448.35,28.5,On Track
PRJ-00057,2026-01-01,726.42,464.23,30.0,Delayed
PRJ-00057,2026-02-01,726.42,480.12,31.4,Delayed
PRJ-00057,2026-03-01,933.8,496.01,32.9,Delayed
PRJ-00057,2026-04-01,933.8,511.89,34.4,Delayed
PRJ-00057,2026-05-01,933.8,527.78,35.8,Delayed
PRJ-00057,2026-06-01,933.8,543.67,37.3,Delayed
PRJ-00057,2026-07-01,933.8,559.55,38.7,Delayed
PRJ-00057,2026-08-01,933.8,575.44,40.2,Delayed
PRJ-00058,2025-09-01,1738.95,789.6,53.5,On Track
PRJ-00058,2025-10-01,1738.95,824.32,54.9,On Track
PRJ-00058,2025-11-01,1738.95,859.04,56.4,On Track
PRJ-00058,2025-12-01,1738.95,893.76,57.8,On Track
PRJ-00058,2026-01-01,1738.95,928.48,59.2,On Track
PRJ-00058,2026-02-01,1738.95,963.2,60.6,On Track
PRJ-00058,2026-03-01,1738.95,997.92,62.0,On Track
PRJ-00058,2026-04-01,1738.95,1032.64,63.4,On Track
PRJ-00058,2026-05-01,1738.95,1067.36,64.9,On Track
PRJ-00058,2026-06-01,1738.95,1102.08,66.3,On Track
PRJ-00058,2026-07-01,1738.95,1136.8,67.7,On Track
PRJ-00058,2026-08-01,1738.95,1171.52,69.1,On Track
PRJ-00059,2025-09-01,623.43,425.44,32.6,On Track
PRJ-00059,2025-10-01,623.43,438.66,34.9,On Track
PRJ-00059,2025-11-01,623.43,451.87,37.2,On Track
PRJ-00059,2025-12-01,623.43,465.09,39.5,On Track
PRJ-00059,2026-01-01,623.43,478.31,41.8,Delayed
PRJ-00059,2026-02-01,858.76,491.52,44.1,Delayed
PRJ-00059,2026-03-01,858.76,504.74,46.4,Delayed
PRJ-00059,2026-04-01,858.76,517.95,48.6,Delayed
PRJ-00059,2026-05-01,858.76,531.17,50.9,Delayed
PRJ-00059,2026-06-01,858.76,544.39,53.2,Delayed
PRJ-00059,2026-07-01,858.76,557.6,55.5,Delayed
PRJ-00059,2026-08-01,858.76,570.82,57.8,Delayed
PRJ-00060,2025-09-01,546.18,110.44,0.0,On Track
PRJ-00060,2025-10-01,546.18,116.78,0.5,On Track
PRJ-00060,2025-11-01,546.18,123.11,1.1,On Track
PRJ-00060,2025-12-01,546.18,129.44,1.6,On Track
PRJ-00060,2026-01-01,546.18,135.78,2.1,Stalled
PRJ-00060,2026-02-01,546.18,142.11,2.7,Stalled
PRJ-00060,2026-03-01,546.18,148.45,3.2,Stalled
PRJ-00060,2026-04-01,546.18,154.78,3.8,Stalled
PRJ-00060,2026-05-01,546.18,161.12,4.3,Stalled
PRJ-00060,2026-06-01,587.45,167.45,4.8,Stalled
PRJ-00060,2026-07-01,587.45,173.79,5.4,Stalled
PRJ-00060,2026-08-01,587.45,180.12,5.9,Stalled
PRJ-00061,2025-09-01,451.78,193.6,36.0,On Track
PRJ-00061,2025-10-01,451.78,199.99,38.3,On Track
PRJ-00061,2025-11-01,451.78,206.38,40.5,On Track
PRJ-00061,2025-12-01,451.78,212.78,42.7,On Track
PRJ-00061,2026-01-01,451.78,219.17,45.0,On Track
PRJ-00061,2026-02-01,451.78,225.57,47.2,On Track
PRJ-00061,2026-03-01,451.78,231.96,49.5,On Track
PRJ-00061,2026-04-01,451.78,238.35,51.7,On Track
PRJ-00061,2026-05-01,451.78,244.75,54.0,On Track
PRJ-00061,2026-06-01,451.78,251.14,56.2,On Track
PRJ-00061,2026-07-01,451.78,257.54,58.5,On Track
PRJ-00061,2026-08-01,451.78,263.93,60.7,On Track
PRJ-00062,2025-09-01,3520.75,1277.28,39.3,On Track
PRJ-00062,2025-10-01,3520.75,1349.26,41.6,On Track
PRJ-00062,2025-11-01,3520.75,1421.24,43.8,On Track
PRJ-00062,2025-12-01,3520.75,1493.23,46.0,On Track
PRJ-00062,2026-01-01,3520.75,1565.21,48.2,On Track
PRJ-00062,2026-02-01,3520.75,1637.19,50.5,On Track
PRJ-00062,2026-03-01,3520.75,1709.18,52.7,On Track
PRJ-00062,2026-04-01,3520.75,1781.16,54.9,On Track
PRJ-00062,2026-05-01,3520.75,1853.14,57.1,On Track
PRJ-00062,2026-06-01,3520.75,1925.12,59.4,On Track
PRJ-00062,2026-07-01,3520.75,1997.11,61.6,On Track
PRJ-00062,2026-08-01,3520.75,2069.09,63.8,On Track
PRJ-00063,2025-09-01,1098.6,589.38,49.0,On Track
PRJ-00063,2025-10-01,1098.6,611.41,51.3,On Track
PRJ-00063,2025-11-01,1098.6,633.44,53.6,On Track
PRJ-00063,2025-12-01,1098.6,655.47,55.9,On Track
PRJ-00063,2026-01-01,1098.6,677.5,58.3,On Track
PRJ-00063,2026-02-01,1098.6,699.54,60.6,On Track
PRJ-00063,2026-03-01,1098.6,721.57,62.9,On Track
PRJ-00063,2026-04-01,1098.6,743.6,65.2,On Track
PRJ-00063,2026-05-01,1098.6,765.63,67.5,On Track
PRJ-00063,2026-06-01,1098.6,787.67,69.9,On Track
PRJ-00063,2026-07-01,1098.6,809.7,72.2,On Track
PRJ-00063,2026-08-01,1098.6,831.73,74.5,On Track
PRJ-00064,2025-09-01,3740.38,324.2,0.0,On Track
PRJ-00064,2025-10-01,3740.38,343.1,0.2,On Track
PRJ-00064,2025-11-01,3740.38,362.01,0.4,On Track
PRJ-00064,2025-12-01,3740.38,380.92,0.5,On Track
PRJ-00064,2026-01-01,3740.38,399.83,0.7,Stalled
PRJ-00064,2026-02-01,3740.38,418.74,0.9,Stalled
PRJ-00064,2026-03-01,3740.38,437.65,1.1,Stalled
PRJ-00064,2026-04-01,3740.38,456.56,1.3,Stalled
PRJ-00064,2026-05-01,3740.38,475.46,1.5,Stalled
PRJ-00064,2026-06-01,4728.64,494.37,1.6,Stalled
PRJ-00064,2026-07-01,4728.64,513.28,1.8,Stalled
PRJ-00064,2026-08-01,4728.64,532.19,2.0,Stalled
PRJ-00065,2025-09-01,2112.27,1506.48,70.1,On Track
PRJ-00065,2025-10-01,2112.27,1561.55,72.8,On Track
PRJ-00065,2025-11-01,2112.27,1616.63,75.5,On Track
PRJ-00065,2025-12-01,2112.27,1671.7,78.2,On Track
PRJ-00065,2026-01-01,2112.27,1726.77,81.0,On Track
PRJ-00065,2026-02-01,2112.27,1781.84,83.7,On Track
PRJ-00065,2026-03-01,2112.27,1836.91,86.4,On Track
PRJ-00065,2026-04-01,2112.27,1891.98,89.1,On Track
PRJ-00065,2026-05-01,2112.27,1947.06,91.8,On Track
PRJ-00065,2026-06-01,2112.27,2002.13,94.6,On Track
PRJ-00065,2026-07-01,2112.27,2057.2,97.3,On Track
PRJ-00065,2026-08-01,2112.27,2112.27,100.0,Completed
PRJ-00066,2025-09-01,1300.32,862.94,76.8,On Track
PRJ-00066,2025-10-01,1300.32,902.71,78.9,On Track
PRJ-00066,2025-11-01,1300.32,942.47,81.0,On Track
PRJ-00066,2025-12-01,1300.32,982.23,83.1,On Track
PRJ-00066,2026-01-01,1300.32,1021.99,85.2,On Track
PRJ-00066,2026-02-01,1300.32,1061.75,87.3,On Track
PRJ-00066,2026-03-01,1300.32,1101.51,89.4,On Track
PRJ-00066,2026-04-01,1300.32,1141.27,91.5,On Track
PRJ-00066,2026-05-01,1300.32,1181.04,93.7,On Track
PRJ-00066,2026-06-01,1300.32,1220.8,95.8,On Track
PRJ-00066,2026-07-01,1300.32,1260.56,97.9,On Track
PRJ-00066,2026-08-01,1300.32,1300.32,100.0,Completed
PRJ-00067,2025-09-01,5295.94,1104.25,0.0,On Track
PRJ-00067,2025-10-01,5295.94,1139.07,0.8,On Track
PRJ-00067,2025-11-01,5295.94,1173.89,1.6,On Track
PRJ-00067,2025-12-01,5295.94,1208.71,2.4,On Track
PRJ-00067,2026-01-01,5295.94,1243.53,3.2,Stalled
PRJ-00067,2026-02-01,5295.94,1278.35,4.0,Stalled
PRJ-00067,2026-03-01,5295.94,1313.17,4.9,Stalled
PRJ-00067,2026-04-01,5295.94,1347.98,5.7,Stalled
PRJ-00067,2026-05-01,5295.94,1382.8,6.5,Stalled
PRJ-00067,2026-06-01,6880.55,1417.62,7.3,Stalled
PRJ-00067,2026-07-01,6880.55,1452.44,8.1,Stalled
PRJ-00067,2026-08-01,6880.55,1487.26,8.9,Stalled
PRJ-00068,2025-09-01,2096.8,386.27,0.0,On Track
PRJ-00068,2025-10-01,2096.8,396.25,0.2,On Track
PRJ-00068,2025-11-01,2096.8,406.23,0.4,On Track
PRJ-00068,2025-12-01,2096.8,416.21,0.5,On Track
PRJ-00068,2026-01-01,2096.8,426.19,0.7,Stalled
PRJ-00068,2026-02-01,2096.8,436.17,0.9,Stalled
PRJ-00068,2026-03-01,2292.3,446.15,1.1,Stalled
PRJ-00068,2026-04-01,2292.3,456.14,1.3,Stalled
PRJ-00068,2026-05-01,2292.3,466.12,1.5,Stalled
PRJ-00068,2026-06-01,2292.3,476.1,1.6,Stalled
PRJ-00068,2026-07-01,2292.3,486.08,1.8,Stalled
PRJ-00068,2026-08-01,2292.3,496.06,2.0,Stalled
PRJ-00069,2025-09-01,1141.01,272.58,0.0,On Track
PRJ-00069,2025-10-01,1141.01,287.91,0.2,On Track
PRJ-00069,2025-11-01,1141.01,303.23,0.4,On Track
PRJ-00069,2025-12-01,1141.01,318.56,0.5,On Track
PRJ-00069,2026-01-01,1141.01,333.88,0.7,Stalled
PRJ-00069,2026-02-01,1141.01,349.21,0.9,Stalled
PRJ-00069,2026-03-01,1141.01,364.53,1.1,Stalled
PRJ-00069,2026-04-01,1141.01,379.86,1.3,Stalled
PRJ-00069,2026-05-01,1647.14,395.18,1.5,Stalled
PRJ-00069,2026-06-01,1647.14,410.51,1.6,Stalled
PRJ-00069,2026-07-01,1647.14,425.83,1.8,Stalled
PRJ-00069,2026-08-01,1647.14,441.16,2.0,Stalled
PRJ-00070,2025-09-01,637.63,455.83,33.8,On Track
PRJ-00070,2025-10-01,637.63,478.48,36.5,On Track
PRJ-00070,2025-11-01,637.63,501.14,39.3,On Track
PRJ-00070,2025-12-01,637.63,523.8,42.0,On Track
PRJ-00070,2026-01-01,637.63,546.46,44.7,Delayed
PRJ-00070,2026-02-01,637.63,569.11,47.5,Delayed
PRJ-00070,2026-03-01,637.63,591.77,50.2,Delayed
PRJ-00070,2026-04-01,637.63,614.43,53.0,Delayed
PRJ-00070,2026-05-01,893.03,637.09,55.7,Delayed
PRJ-00070,2026-06-01,893.03,659.74,58.4,Delayed
PRJ-00070,2026-07-01,893.03,682.4,61.2,Delayed
PRJ-00070,2026-08-01,893.03,705.06,63.9,Delayed
PRJ-00071,2025-09-01,1053.79,270.72,0.0,On Track
PRJ-00071,2025-10-01,1053.79,284.41,0.8,On Track
PRJ-00071,2025-11-01,1053.79,298.09,1.5,On Track
PRJ-00071,2025-12-01,1053.79,311.77,2.3,On Track
PRJ-00071,2026-01-01,1295.34,325.45,3.0,Stalled
PRJ-00071,2026-02-01,1295.34,339.14,3.8,Stalled
PRJ-00071,2026-03-01,1295.34,352.82,4.5,Stalled
PRJ-00071,2026-04-01,1295.34,366.5,5.3,Stalled
PRJ-00071,2026-05-01,1295.34,380.18,6.0,Stalled
PRJ-00071,2026-06-01,1295.34,393.87,6.8,Stalled
PRJ-00071,2026-07-01,1295.34,407.55,7.5,Stalled
PRJ-00071,2026-08-01,1295.34,421.23,8.3,Stalled
PRJ-00072,2025-09-01,264.54,188.64,59.8,On Track
PRJ-00072,2025-10-01,264.54,193.71,63.0,On Track
PRJ-00072,2025-11-01,264.54,198.78,66.1,On Track
PRJ-00072,2025-12-01,264.54,203.85,69.2,On Track
PRJ-00072,2026-01-01,264.54,208.92,72.3,On Track
PRJ-00072,2026-02-01,264.54,213.99,75.4,On Track
PRJ-00072,2026-03-01,264.54,219.05,78.5,On Track
PRJ-00072,2026-04-01,264.54,224.12,81.6,On Track
PRJ-00072,2026-05-01,264.54,229.19,84.8,On Track
PRJ-00072,2026-06-01,264.54,234.26,87.9,On Track
PRJ-00072,2026-07-01,264.54,239.33,91.0,On Track
PRJ-00072,2026-08-01,264.54,244.4,94.1,On Track
PRJ-00073,2025-09-01,1108.67,835.25,39.7,On Track
PRJ-00073,2025-10-01,1108.67,878.8,42.1,On Track
PRJ-00073,2025-11-01,1108.67,922.35,44.6,On Track
PRJ-00073,2025-12-01,1108.67,965.9,47.0,On Track
PRJ-00073,2026-01-01,1108.67,1009.45,49.4,Delayed
PRJ-00073,2026-02-01,1568.7,1053.0,51.8,Delayed
PRJ-00073,2026-03-01,1568.7,1096.55,54.3,Delayed
PRJ-00073,2026-04-01,1568.7,1140.09,56.7,Delayed
PRJ-00073,2026-05-01,1568.7,1183.64,59.1,Delayed
PRJ-00073,2026-06-01,1568.7,1227.19,61.5,Delayed
PRJ-00073,2026-07-01,1568.7,1270.74,64.0,Delayed
PRJ-00073,2026-08-01,1568.7,1314.29,66.4,Delayed
PRJ-00074,2025-09-01,655.8,471.09,79.0,On Track
PRJ-00074,2025-10-01,655.8,487.88,80.9,On Track
PRJ-00074,2025-11-01,655.8,504.67,82.8,On Track
PRJ-00074,2025-12-01,655.8,521.46,84.7,On Track
PRJ-00074,2026-01-01,655.8,538.26,86.6,On Track
PRJ-00074,2026-02-01,655.8,555.05,88.5,On Track
PRJ-00074,2026-03-01,655.8,571.84,90.4,On Track
PRJ-00074,2026-04-01,655.8,588.63,92.3,On Track
PRJ-00074,2026-05-01,655.8,605.42,94.3,On Track
PRJ-00074,2026-06-01,655.8,622.22,96.2,On Track
PRJ-00074,2026-07-01,655.8,639.01,98.1,On Track
PRJ-00074,2026-08-01,655.8,655.8,100.0,Completed
PRJ-00075,2025-09-01,3571.89,1325.33,4.7,On Track
PRJ-00075,2025-10-01,3571.89,1389.77,6.8,On Track
PRJ-00075,2025-11-01,3571.89,1454.2,9.0,On Track
PRJ-00075,2025-12-01,3571.89,1518.64,11.1,On Track
PRJ-00075,2026-01-01,3571.89,1583.08,13.2,Delayed
PRJ-00075,2026-02-01,3571.89,1647.51,15.3,Delayed
PRJ-00075,2026-03-01,3571.89,1711.95,17.5,Delayed
PRJ-00075,2026-04-01,4409.69,1776.38,19.6,Delayed
PRJ-00075,2026-05-01,4409.69,1840.82,21.7,Delayed
PRJ-00075,2026-06-01,4409.69,1905.26,23.8,Delayed
PRJ-00075,2026-07-01,4409.69,1969.69,26.0,Delayed
PRJ-00075,2026-08-01,4409.69,2034.13,28.1,Delayed
PRJ-00076,2025-09-01,1912.82,1157.61,32.3,On Track
PRJ-00076,2025-10-01,1912.82,1219.7,35.4,On Track
PRJ-00076,2025-11-01,1912.82,1281.8,38.5,On Track
PRJ-00076,2025-12-01,1912.82,1343.9,41.6,On Track
PRJ-00076,2026-01-01,1912.82,1405.99,44.7,Delayed
PRJ-00076,2026-02-01,1912.82,1468.09,47.7,Delayed
PRJ-00076,2026-03-01,2168.66,1530.18,50.8,Delayed
PRJ-00076,2026-04-01,2168.66,1592.28,53.9,Delayed
PRJ-00076,2026-05-01,2168.66,1654.37,57.0,Delayed
PRJ-00076,2026-06-01,2168.66,1716.47,60.1,Delayed
PRJ-00076,2026-07-01,2168.66,1778.56,63.2,Delayed
PRJ-00076,2026-08-01,2168.66,1840.66,66.3,Delayed
PRJ-00077,2025-09-01,804.46,516.98,84.6,On Track
PRJ-00077,2025-10-01,804.46,543.11,86.0,On Track
PRJ-00077,2025-11-01,804.46,569.25,87.4,On Track
PRJ-00077,2025-12-01,804.46,595.38,88.8,On Track
PRJ-00077,2026-01-01,804.46,621.52,90.2,On Track
PRJ-00077,2026-02-01,804.46,647.65,91.6,On Track
PRJ-00077,2026-03-01,804.46,673.79,93.0,On Track
PRJ-00077,2026-04-01,804.46,699.92,94.4,On Track
PRJ-00077,2026-05-01,804.46,726.06,95.8,On Track
PRJ-00077,2026-06-01,804.46,752.19,97.2,On Track
PRJ-00077,2026-07-01,804.46,778.33,98.6,On Track
PRJ-00077,2026-08-01,804.46,804.46,100.0,Completed
PRJ-00078,2025-09-01,1164.83,480.38,39.7,On Track
PRJ-00078,2025-10-01,1164.83,504.92,42.0,On Track
PRJ-00078,2025-11-01,1164.83,529.45,44.4,On Track
PRJ-00078,2025-12-01,1164.83,553.98,46.7,On Track
PRJ-00078,2026-01-01,1164.83,578.52,49.1,On Track
PRJ-00078,2026-02-01,1164.83,603.05,51.4,On Track
PRJ-00078,2026-03-01,1164.83,627.58,53.8,On Track
PRJ-00078,2026-04-01,1164.83,652.12,56.1,On Track
PRJ-00078,2026-05-01,1164.83,676.65,58.5,On Track
PRJ-00078,2026-06-01,1164.83,701.18,60.8,On Track
PRJ-00078,2026-07-01,1164.83,725.72,63.2,On Track
PRJ-00078,2026-08-01,1164.83,750.25,65.5,On Track
PRJ-00079,2025-09-01,753.03,652.14,70.1,On Track
PRJ-00079,2025-10-01,753.03,676.98,72.8,On Track
PRJ-00079,2025-11-01,753.03,701.82,75.5,On Track
PRJ-00079,2025-12-01,925.35,726.65,78.2,On Track
PRJ-00079,2026-01-01,925.35,751.49,81.0,Delayed
PRJ-00079,2026-02-01,925.35,776.33,83.7,Delayed
PRJ-00079,2026-03-01,925.35,801.16,86.4,Delayed
PRJ-00079,2026-04-01,925.35,826.0,89.1,Delayed
PRJ-00079,2026-05-01,925.35,850.84,91.8,Delayed
PRJ-00079,2026-06-01,925.35,875.68,94.6,Delayed
PRJ-00079,2026-07-01,925.35,900.51,97.3,Delayed
PRJ-00079,2026-08-01,925.35,925.35,100.0,Completed
PRJ-00080,2025-09-01,633.11,67.56,0.0,On Track
PRJ-00080,2025-10-01,633.11,70.02,0.2,On Track
PRJ-00080,2025-11-01,633.11,72.47,0.4,On Track
PRJ-00080,2025-12-01,633.11,74.92,0.5,On Track
PRJ-00080,2026-01-01,633.11,77.37,0.7,Stalled
PRJ-00080,2026-02-01,633.11,79.82,0.9,Stalled
PRJ-00080,2026-03-01,784.47,82.27,1.1,Stalled
PRJ-00080,2026-04-01,784.47,84.72,1.3,Stalled
PRJ-00080,2026-05-01,784.47,87.18,1.5,Stalled
PRJ-00080,2026-06-01,784.47,89.63,1.6,Stalled
PRJ-00080,2026-07-01,784.47,92.08,1.8,Stalled
PRJ-00080,2026-08-01,784.47,94.53,2.0,Stalled
PRJ-00081,2025-09-01,509.63,435.19,74.0,On Track
PRJ-00081,2025-10-01,509.63,449.46,76.4,On Track
PRJ-00081,2025-11-01,509.63,463.73,78.8,On Track
PRJ-00081,2025-12-01,509.63,477.99,81.1,On Track
PRJ-00081,2026-01-01,509.63,492.26,83.5,Delayed
PRJ-00081,2026-02-01,509.63,506.53,85.8,Delayed
PRJ-00081,2026-03-01,509.63,520.8,88.2,Delayed
PRJ-00081,2026-04-01,592.13,535.06,90.6,Delayed
PRJ-00081,2026-05-01,592.13,549.33,92.9,Delayed
PRJ-00081,2026-06-01,592.13,563.6,95.3,Delayed
PRJ-00081,2026-07-01,592.13,577.86,97.6,Delayed
PRJ-00081,2026-08-01,592.13,592.13,100.0,Completed
PRJ-00082,2025-09-01,846.69,104.22,0.0,On Track
PRJ-00082,2025-10-01,846.69,107.31,1.5,On Track
PRJ-00082,2025-11-01,846.69,110.39,2.9,On Track
PRJ-00082,2025-12-01,846.69,113.48,4.4,On Track
PRJ-00082,2026-01-01,846.69,116.57,5.9,On Track
PRJ-00082,2026-02-01,846.69,119.65,7.4,On Track
PRJ-00082,2026-03-01,846.69,122.74,8.8,On Track
PRJ-00082,2026-04-01,846.69,125.83,10.3,On Track
PRJ-00082,2026-05-01,846.69,128.91,11.8,On Track
PRJ-00082,2026-06-01,846.69,132.0,13.3,On Track
PRJ-00082,2026-07-01,846.69,135.08,14.7,On Track
PRJ-00082,2026-08-01,846.69,138.17,16.2,On Track
PRJ-00083,2025-09-01,737.83,436.89,19.6,On Track
PRJ-00083,2025-10-01,737.83,453.5,22.2,On Track
PRJ-00083,2025-11-01,737.83,470.1,24.8,On Track
PRJ-00083,2025-12-01,737.83,486.71,27.4,On Track
PRJ-00083,2026-01-01,989.76,503.32,30.0,Delayed
PRJ-00083,2026-02-01,989.76,519.93,32.6,Delayed
PRJ-00083,2026-03-01,989.76,536.53,35.2,Delayed
PRJ-00083,2026-04-01,989.76,553.14,37.9,Delayed
PRJ-00083,2026-05-01,989.76,569.75,40.5,Delayed
PRJ-00083,2026-06-01,989.76,586.36,43.1,Delayed
PRJ-00083,2026-07-01,989.76,602.96,45.7,Delayed
PRJ-00083,2026-08-01,989.76,619.57,48.3,Delayed
PRJ-00084,2025-09-01,275.62,197.85,71.6,On Track
PRJ-00084,2025-10-01,275.62,204.92,74.2,On Track
PRJ-00084,2025-11-01,275.62,211.99,76.8,On Track
PRJ-00084,2025-12-01,275.62,219.06,79.3,On Track
PRJ-00084,2026-01-01,275.62,226.13,81.9,On Track
PRJ-00084,2026-02-01,275.62,233.2,84.5,On Track
PRJ-00084,2026-03-01,275.62,240.27,87.1,On Track
PRJ-00084,2026-04-01,275.62,247.34,89.7,On Track
PRJ-00084,2026-05-01,275.62,254.41,92.3,On Track
PRJ-00084,2026-06-01,275.62,261.48,94.8,On Track
PRJ-00084,2026-07-01,275.62,268.55,97.4,On Track
PRJ-00084,2026-08-01,275.62,275.62,100.0,Completed
PRJ-00085,2025-09-01,1846.87,1207.85,41.2,On Track
PRJ-00085,2025-10-01,1846.87,1245.58,42.8,On Track
PRJ-00085,2025-11-01,1846.87,1283.3,44.3,On Track
PRJ-00085,2025-12-01,1846.87,1321.03,45.9,On Track
PRJ-00085,2026-01-01,1846.87,1358.75,47.5,Delayed
PRJ-00085,2026-02-01,2412.23,1396.48,49.1,Delayed
PRJ-00085,2026-03-01,2412.23,1434.2,50.6,Delayed
PRJ-00085,2026-04-01,2412.23,1471.93,52.2,Delayed
PRJ-00085,2026-05-01,2412.23,1509.65,53.8,Delayed
PRJ-00085,2026-06-01,2412.23,1547.38,55.4,Delayed
PRJ-00085,2026-07-01,2412.23,1585.1,56.9,Delayed
PRJ-00085,2026-08-01,2412.23,1622.83,58.5,Delayed
PRJ-00086,2025-09-01,263.63,182.64,84.9,On Track
PRJ-00086,2025-10-01,263.63,192.56,86.3,On Track
PRJ-00086,2025-11-01,263.63,202.48,87.6,On Track
PRJ-00086,2025-12-01,263.63,212.4,89.0,On Track
PRJ-00086,2026-01-01,263.63,222.32,90.4,Delayed
PRJ-00086,2026-02-01,291.75,232.24,91.8,Delayed
PRJ-00086,2026-03-01,291.75,242.16,93.1,Delayed
PRJ-00086,2026-04-01,291.75,252.07,94.5,Delayed
PRJ-00086,2026-05-01,291.75,261.99,95.9,Delayed
PRJ-00086,2026-06-01,291.75,271.91,97.3,Delayed
PRJ-00086,2026-07-01,291.75,281.83,98.6,Delayed
PRJ-00086,2026-08-01,291.75,291.75,100.0,Completed
PRJ-00087,2025-09-01,476.61,198.98,1.2,On Track
PRJ-00087,2025-10-01,476.61,207.24,3.9,On Track
PRJ-00087,2025-11-01,476.61,215.5,6.7,On Track
PRJ-00087,2025-12-01,476.61,223.76,9.5,On Track
PRJ-00087,2026-01-01,476.61,232.02,12.3,Delayed
PRJ-00087,2026-02-01,703.9,240.28,15.0,Delayed
PRJ-00087,2026-03-01,703.9,248.54,17.8,Delayed
PRJ-00087,2026-04-01,703.9,256.81,20.6,Delayed
PRJ-00087,2026-05-01,703.9,265.07,23.4,Delayed
PRJ-00087,2026-06-01,703.9,273.33,26.1,Delayed
PRJ-00087,2026-07-01,703.9,281.59,28.9,Delayed
PRJ-00087,2026-08-01,703.9,289.85,31.7,Delayed
PRJ-00088,2025-09-01,3702.61,2802.45,76.7,On Track
PRJ-00088,2025-10-01,3702.61,2884.29,78.8,On Track
PRJ-00088,2025-11-01,3702.61,2966.12,80.9,On Track
PRJ-00088,2025-12-01,3702.61,3047.95,83.1,On Track
PRJ-00088,2026-01-01,3702.61,3129.78,85.2,On Track
PRJ-00088,2026-02-01,3702.61,3211.62,87.3,On Track
PRJ-00088,2026-03-01,3702.61,3293.45,89.4,On Track
PRJ-00088,2026-04-01,3702.61,3375.28,91.5,On Track
PRJ-00088,2026-05-01,3702.61,3457.11,93.6,On Track
PRJ-00088,2026-06-01,3702.61,3538.95,95.8,On Track
PRJ-00088,2026-07-01,3702.61,3620.78,97.9,On Track
PRJ-00088,2026-08-01,3702.61,3702.61,100.0,Completed
PRJ-00089,2025-09-01,584.03,253.96,0.0,On Track
PRJ-00089,2025-10-01,584.03,266.55,2.4,On Track
PRJ-00089,2025-11-01,584.03,279.14,4.9,On Track
PRJ-00089,2025-12-01,584.03,291.72,7.3,On Track
PRJ-00089,2026-01-01,762.41,304.31,9.7,Stalled
PRJ-00089,2026-02-01,762.41,316.9,12.1,Delayed
PRJ-00089,2026-03-01,762.41,329.48,14.6,Delayed
PRJ-00089,2026-04-01,762.41,342.07,17.0,Delayed
PRJ-00089,2026-05-01,762.41,354.66,19.4,Delayed
PRJ-00089,2026-06-01,762.41,367.25,21.8,Delayed
PRJ-00089,2026-07-01,762.41,379.83,24.3,Delayed
PRJ-00089,2026-08-01,762.41,392.42,26.7,Delayed
PRJ-00090,2025-09-01,596.94,548.87,68.9,On Track
PRJ-00090,2025-10-01,596.94,562.49,71.7,On Track
PRJ-00090,2025-11-01,596.94,576.11,74.5,On Track
PRJ-00090,2025-12-01,596.94,589.73,77.4,On Track
PRJ-00090,2026-01-01,596.94,603.35,80.2,Delayed
PRJ-00090,2026-02-01,596.94,616.97,83.0,Delayed
PRJ-00090,2026-03-01,596.94,630.59,85.9,Delayed
PRJ-00090,2026-04-01,596.94,644.2,88.7,Delayed
PRJ-00090,2026-05-01,698.68,657.82,91.5,Delayed
PRJ-00090,2026-06-01,698.68,671.44,94.3,Delayed
PRJ-00090,2026-07-01,698.68,685.06,97.2,Delayed
PRJ-00090,2026-08-01,698.68,698.68,100.0,Completed
PRJ-00091,2025-09-01,417.35,295.48,66.0,On Track
PRJ-00091,2025-10-01,417.35,306.56,69.1,On Track
PRJ-00091,2025-11-01,417.35,317.63,72.2,On Track
PRJ-00091,2025-12-01,417.35,328.71,75.3,On Track
PRJ-00091,2026-01-01,417.35,339.79,78.4,On Track
PRJ-00091,2026-02-01,417.35,350.87,81.5,On Track
PRJ-00091,2026-03-01,417.35,361.95,84.6,On Track
PRJ-00091,2026-04-01,417.35,373.03,87.7,On Track
PRJ-00091,2026-05-01,417.35,384.11,90.7,On Track
PRJ-00091,2026-06-01,417.35,395.19,93.8,On Track
PRJ-00091,2026-07-01,417.35,406.27,96.9,On Track
PRJ-00091,2026-08-01,417.35,417.35,100.0,Completed
PRJ-00092,2025-09-01,851.61,649.2,48.8,On Track
PRJ-00092,2025-10-01,851.61,677.83,50.3,On Track
PRJ-00092,2025-11-01,851.61,706.46,51.8,On Track
PRJ-00092,2025-12-01,851.61,735.09,53.3,On Track
PRJ-00092,2026-01-01,1073.87,763.72,54.8,Delayed
PRJ-00092,2026-02-01,1073.87,792.35,56.3,Delayed
PRJ-00092,2026-03-01,1073.87,820.98,57.8,Delayed
PRJ-00092,2026-04-01,1073.87,849.61,59.3,Delayed
PRJ-00092,2026-05-01,1073.87,878.24,60.8,Delayed
PRJ-00092,2026-06-01,1073.87,906.87,62.3,Delayed
PRJ-00092,2026-07-01,1073.87,935.5,63.8,Delayed
PRJ-00092,2026-08-01,1073.87,964.13,65.3,Delayed
PRJ-00093,2025-09-01,502.68,398.82,45.3,On Track
PRJ-00093,2025-10-01,502.68,409.99,47.8,On Track
PRJ-00093,2025-11-01,502.68,421.15,50.4,On Track
PRJ-00093,2025-12-01,502.68,432.32,53.0,On Track
PRJ-00093,2026-01-01,502.68,443.48,55.5,Delayed
PRJ-00093,2026-02-01,502.68,454.64,58.1,Delayed
PRJ-00093,2026-03-01,502.68,465.81,60.6,Delayed
PRJ-00093,2026-04-01,502.68,476.97,63.2,Delayed
PRJ-00093,2026-05-01,502.68,488.14,65.7,Delayed
PRJ-00093,2026-06-01,617.97,499.3,68.3,Delayed
PRJ-00093,2026-07-01,617.97,510.47,70.8,Delayed
PRJ-00093,2026-08-01,617.97,521.63,73.4,Delayed
PRJ-00094,2025-09-01,2006.25,524.72,3.5,On Track
PRJ-00094,2025-10-01,2006.25,544.05,5.0,On Track
PRJ-00094,2025-11-01,2006.25,563.39,6.5,On Track
PRJ-00094,2025-12-01,2006.25,582.73,8.0,On Track
PRJ-00094,2026-01-01,2006.25,602.06,9.5,Stalled
PRJ-00094,2026-02-01,2006.25,621.4,11.0,Delayed
PRJ-00094,2026-03-01,2302.93,640.74,12.5,Delayed
PRJ-00094,2026-04-01,2302.93,660.07,13.9,Delayed
PRJ-00094,2026-05-01,2302.93,679.41,15.4,Delayed
PRJ-00094,2026-06-01,2302.93,698.75,16.9,Delayed
PRJ-00094,2026-07-01,2302.93,718.08,18.4,Delayed
PRJ-00094,2026-08-01,2302.93,737.42,19.9,Delayed
PRJ-00095,2025-09-01,274.37,174.29,67.7,On Track
PRJ-00095,2025-10-01,274.37,183.63,70.6,On Track
PRJ-00095,2025-11-01,274.37,192.98,73.6,On Track
PRJ-00095,2025-12-01,274.37,202.33,76.5,On Track
PRJ-00095,2026-01-01,274.37,211.68,79.5,On Track
PRJ-00095,2026-02-01,274.37,221.02,82.4,On Track
PRJ-00095,2026-03-01,274.37,230.37,85.3,On Track
PRJ-00095,2026-04-01,274.37,239.72,88.3,On Track
PRJ-00095,2026-05-01,274.37,249.07,91.2,On Track
PRJ-00095,2026-06-01,274.37,258.41,94.1,On Track
PRJ-00095,2026-07-01,274.37,267.76,97.1,On Track
PRJ-00095,2026-08-01,274.37,277.11,100.0,Completed
PRJ-00096,2025-09-01,768.51,490.16,76.0,On Track
PRJ-00096,2025-10-01,768.51,515.47,78.2,On Track
PRJ-00096,2025-11-01,768.51,540.77,80.4,On Track
PRJ-00096,2025-12-01,768.51,566.07,82.5,On Track
PRJ-00096,2026-01-01,768.51,591.38,84.7,On Track
PRJ-00096,2026-02-01,768.51,616.68,86.9,On Track
PRJ-00096,2026-03-01,768.51,641.99,89.1,On Track
PRJ-00096,2026-04-01,768.51,667.29,91.3,On Track
PRJ-00096,2026-05-01,768.51,692.6,93.5,On Track
PRJ-00096,2026-06-01,768.51,717.9,95.6,On Track
PRJ-00096,2026-07-01,768.51,743.21,97.8,On Track
PRJ-00096,2026-08-01,768.51,768.51,100.0,Completed
PRJ-00097,2025-09-01,714.87,380.05,50.5,On Track
PRJ-00097,2025-10-01,714.87,397.52,53.3,On Track
PRJ-00097,2025-11-01,714.87,414.99,56.1,On Track
PRJ-00097,2025-12-01,714.87,432.45,58.8,On Track
PRJ-00097,2026-01-01,714.87,449.92,61.6,On Track
PRJ-00097,2026-02-01,714.87,467.38,64.4,On Track
PRJ-00097,2026-03-01,714.87,484.85,67.1,On Track
PRJ-00097,2026-04-01,714.87,502.32,69.9,On Track
PRJ-00097,2026-05-01,714.87,519.78,72.7,On Track
PRJ-00097,2026-06-01,714.87,537.25,75.5,On Track
PRJ-00097,2026-07-01,714.87,554.71,78.2,On Track
PRJ-00097,2026-08-01,714.87,572.18,81.0,On Track
PRJ-00098,2025-09-01,1684.99,1320.53,82.0,On Track
PRJ-00098,2025-10-01,1684.99,1353.66,83.6,On Track
PRJ-00098,2025-11-01,1684.99,1386.79,85.3,On Track
PRJ-00098,2025-12-01,1684.99,1419.93,86.9,On Track
PRJ-00098,2026-01-01,1684.99,1453.06,88.5,On Track
PRJ-00098,2026-02-01,1684.99,1486.19,90.2,On Track
PRJ-00098,2026-03-01,1684.99,1519.32,91.8,On Track
PRJ-00098,2026-04-01,1684.99,1552.46,93.5,On Track
PRJ-00098,2026-05-01,1684.99,1585.59,95.1,On Track
PRJ-00098,2026-06-01,1684.99,1618.72,96.7,On Track
PRJ-00098,2026-07-01,1684.99,1651.86,98.4,On Track
PRJ-00098,2026-08-01,1684.99,1684.99,100.0,Completed
PRJ-00099,2025-09-01,9824.35,1814.66,0.0,On Track
PRJ-00099,2025-10-01,9824.35,1924.38,1.3,On Track
PRJ-00099,2025-11-01,9824.35,2034.1,2.7,On Track
PRJ-00099,2025-12-01,9824.35,2143.82,4.0,On Track
PRJ-00099,2026-01-01,9824.35,2253.54,5.3,Stalled
PRJ-00099,2026-02-01,9824.35,2363.26,6.7,Stalled
PRJ-00099,2026-03-01,9824.35,2472.98,8.0,Stalled
PRJ-00099,2026-04-01,9824.35,2582.7,9.4,Stalled
PRJ-00099,2026-05-01,9824.35,2692.42,10.7,Delayed
PRJ-00099,2026-06-01,12679.51,2802.14,12.0,Delayed
PRJ-00099,2026-07-01,12679.51,2911.86,13.4,Delayed
PRJ-00099,2026-08-01,12679.51,3021.58,14.7,Delayed
PRJ-00100,2025-09-01,883.87,673.15,69.7,On Track
PRJ-00100,2025-10-01,883.87,692.31,72.4,On Track
PRJ-00100,2025-11-01,883.87,711.47,75.2,On Track
PRJ-00100,2025-12-01,883.87,730.62,77.9,On Track
PRJ-00100,2026-01-01,883.87,749.78,80.7,On Track
PRJ-00100,2026-02-01,883.87,768.93,83.5,On Track
PRJ-00100,2026-03-01,883.87,788.09,86.2,On Track
PRJ-00100,2026-04-01,883.87,807.25,89.0,On Track
PRJ-00100,2026-05-01,883.87,826.4,91.7,On Track
PRJ-00100,2026-06-01,883.87,845.56,94.5,On Track
PRJ-00100,2026-07-01,883.87,864.71,97.2,On Track
PRJ-00100,2026-08-01,883.87,883.87,100.0,Completed
PRJ-00101,2025-09-01,1029.95,280.98,0.0,On Track
PRJ-00101,2025-10-01,1029.95,295.46,1.4,On Track
PRJ-00101,2025-11-01,1029.95,309.94,2.8,On Track
PRJ-00101,2025-12-01,1029.95,324.42,4.2,On Track
PRJ-00101,2026-01-01,1029.95,338.9,5.6,Stalled
PRJ-00101,2026-02-01,1029.95,353.38,7.0,Stalled
PRJ-00101,2026-03-01,1029.95,367.86,8.5,Stalled
PRJ-00101,2026-04-01,1029.95,382.35,9.9,Stalled
PRJ-00101,2026-05-01,1359.19,396.83,11.3,Delayed
PRJ-00101,2026-06-01,1359.19,411.31,12.7,Delayed
PRJ-00101,2026-07-01,1359.19,425.79,14.1,Delayed
PRJ-00101,2026-08-01,1359.19,440.27,15.5,Delayed
PRJ-00102,2025-09-01,568.6,263.51,25.5,On Track
PRJ-00102,2025-10-01,568.6,277.09,27.4,On Track
PRJ-00102,2025-11-01,568.6,290.66,29.4,On Track
PRJ-00102,2025-12-01,568.6,304.24,31.3,On Track
PRJ-00102,2026-01-01,690.12,317.82,33.2,Delayed
PRJ-00102,2026-02-01,690.12,331.39,35.1,Delayed
PRJ-00102,2026-03-01,690.12,344.97,37.1,Delayed
PRJ-00102,2026-04-01,690.12,358.55,39.0,Delayed
PRJ-00102,2026-05-01,690.12,372.12,40.9,Delayed
PRJ-00102,2026-06-01,690.12,385.7,42.8,Delayed
PRJ-00102,2026-07-01,690.12,399.27,44.8,Delayed
PRJ-00102,2026-08-01,690.12,412.85,46.7,Delayed
PRJ-00103,2025-09-01,369.45,135.25,1.2,On Track
PRJ-00103,2025-10-01,369.45,139.35,2.8,On Track
PRJ-00103,2025-11-01,369.45,143.44,4.5,On Track
PRJ-00103,2025-12-01,369.45,147.54,6.1,On Track
PRJ-00103,2026-01-01,369.45,151.64,7.7,Stalled
PRJ-00103,2026-02-01,369.45,155.74,9.3,Stalled
PRJ-00103,2026-03-01,369.45,159.84,10.9,Delayed
PRJ-00103,2026-04-01,479.46,163.94,12.5,Delayed
PRJ-00103,2026-05-01,479.46,168.03,14.2,Delayed
PRJ-00103,2026-06-01,479.46,172.13,15.8,Delayed
PRJ-00103,2026-07-01,479.46,176.23,17.4,Delayed
PRJ-00103,2026-08-01,479.46,180.33,19.0,Delayed
PRJ-00104,2025-09-01,208.43,195.48,82.1,On Track
PRJ-00104,2025-10-01,208.43,202.65,83.7,On Track
PRJ-00104,2025-11-01,208.43,209.82,85.3,On Track
PRJ-00104,2025-12-01,208.43,216.99,86.9,On Track
PRJ-00104,2026-01-01,208.43,224.17,88.6,Delayed
PRJ-00104,2026-02-01,208.43,231.34,90.2,Delayed
PRJ-00104,2026-03-01,208.43,238.51,91.8,Delayed
PRJ-00104,2026-04-01,274.36,245.68,93.5,Delayed
PRJ-00104,2026-05-01,274.36,252.85,95.1,Delayed
PRJ-00104,2026-06-01,274.36,260.02,96.7,Delayed
PRJ-00104,2026-07-01,274.36,267.19,98.4,Delayed
PRJ-00104,2026-08-01,274.36,274.36,100.0,Completed
PRJ-00105,2025-09-01,571.23,422.86,70.7,On Track
PRJ-00105,2025-10-01,571.23,436.87,73.4,On Track
PRJ-00105,2025-11-01,571.23,450.88,76.0,On Track
PRJ-00105,2025-12-01,571.23,464.88,78.7,On Track
PRJ-00105,2026-01-01,571.23,478.89,81.4,On Track
PRJ-00105,2026-02-01,571.23,492.9,84.0,On Track
PRJ-00105,2026-03-01,571.23,506.91,86.7,On Track
PRJ-00105,2026-04-01,571.23,520.91,89.3,On Track
PRJ-00105,2026-05-01,571.23,534.92,92.0,On Track
PRJ-00105,2026-06-01,571.23,548.93,94.7,On Track
PRJ-00105,2026-07-01,571.23,562.93,97.3,On Track
PRJ-00105,2026-08-01,571.23,576.94,100.0,Completed
PRJ-00106,2025-09-01,877.97,609.7,70.5,On Track
PRJ-00106,2025-10-01,877.97,634.09,73.1,On Track
PRJ-00106,2025-11-01,877.97,658.48,75.8,On Track
PRJ-00106,2025-12-01,877.97,682.87,78.5,On Track
PRJ-00106,2026-01-01,877.97,707.25,81.2,On Track
PRJ-00106,2026-02-01,877.97,731.64,83.9,On Track
PRJ-00106,2026-03-01,877.97,756.03,86.6,On Track
PRJ-00106,2026-04-01,877.97,780.42,89.3,On Track
PRJ-00106,2026-05-01,877.97,804.81,91.9,On Track
PRJ-00106,2026-06-01,877.97,829.19,94.6,On Track
PRJ-00106,2026-07-01,877.97,853.58,97.3,On Track
PRJ-00106,2026-08-01,877.97,877.97,100.0,Completed
PRJ-00107,2025-09-01,411.17,414.81,74.7,On Track
PRJ-00107,2025-10-01,411.17,427.27,77.0,On Track
PRJ-00107,2025-11-01,411.17,439.73,79.3,On Track
PRJ-00107,2025-12-01,411.17,452.19,81.6,On Track
PRJ-00107,2026-01-01,411.17,464.66,83.9,Delayed
PRJ-00107,2026-02-01,411.17,477.12,86.2,Delayed
PRJ-00107,2026-03-01,411.17,489.58,88.5,Delayed
PRJ-00107,2026-04-01,411.17,502.04,90.8,Delayed
PRJ-00107,2026-05-01,551.89,514.5,93.1,Delayed
PRJ-00107,2026-06-01,551.89,526.97,95.4,Delayed
PRJ-00107,2026-07-01,551.89,539.43,97.7,Delayed
PRJ-00107,2026-08-01,551.89,551.89,100.0,Completed
PRJ-00108,2025-09-01,529.55,425.8,43.3,On Track
PRJ-00108,2025-10-01,529.55,440.71,45.7,On Track
PRJ-00108,2025-11-01,529.55,455.62,48.1,On Track
PRJ-00108,2025-12-01,529.55,470.53,50.4,On Track
PRJ-00108,2026-01-01,529.55,485.44,52.8,Delayed
PRJ-00108,2026-02-01,529.55,500.35,55.2,Delayed
PRJ-00108,2026-03-01,529.55,515.26,57.5,Delayed
PRJ-00108,2026-04-01,667.98,530.18,59.9,Delayed
PRJ-00108,2026-05-01,667.98,545.09,62.3,Delayed
PRJ-00108,2026-06-01,667.98,560.0,64.7,Delayed
PRJ-00108,2026-07-01,667.98,574.91,67.0,Delayed
PRJ-00108,2026-08-01,667.98,589.82,69.4,Delayed
PRJ-00109,2025-09-01,391.2,253.76,73.4,On Track
PRJ-00109,2025-10-01,391.2,266.25,75.8,On Track
PRJ-00109,2025-11-01,391.2,278.75,78.2,On Track
PRJ-00109,2025-12-01,391.2,291.24,80.6,On Track
PRJ-00109,2026-01-01,391.2,303.74,83.0,On Track
PRJ-00109,2026-02-01,391.2,316.23,85.5,On Track
PRJ-00109,2026-03-01,391.2,328.73,87.9,On Track
PRJ-00109,2026-04-01,391.2,341.22,90.3,On Track
PRJ-00109,2026-05-01,391.2,353.72,92.7,On Track
PRJ-00109,2026-06-01,391.2,366.21,95.2,On Track
PRJ-00109,2026-07-01,391.2,378.71,97.6,On Track
PRJ-00109,2026-08-01,391.2,391.2,100.0,Completed
PRJ-00110,2025-09-01,1056.02,949.43,42.5,On Track
PRJ-00110,2025-10-01,1056.02,980.25,45.5,On Track
PRJ-00110,2025-11-01,1056.02,1011.07,48.4,On Track
PRJ-00110,2025-12-01,1056.02,1041.88,51.4,On Track
PRJ-00110,2026-01-01,1489.87,1072.7,54.4,Delayed
PRJ-00110,2026-02-01,1489.87,1103.52,57.4,Delayed
PRJ-00110,2026-03-01,1489.87,1134.34,60.3,Delayed
PRJ-00110,2026-04-01,1489.87,1165.16,63.3,Delayed
PRJ-00110,2026-05-01,1489.87,1195.98,66.3,Delayed
PRJ-00110,2026-06-01,1489.87,1226.8,69.3,Delayed
PRJ-00110,2026-07-01,1489.87,1257.62,72.2,Delayed
PRJ-00110,2026-08-01,1489.87,1288.44,75.2,Delayed
PRJ-00111,2025-09-01,12334.61,4714.62,0.0,On Track
PRJ-00111,2025-10-01,12334.61,4887.47,2.1,On Track
PRJ-00111,2025-11-01,12334.61,5060.32,4.2,On Track
PRJ-00111,2025-12-01,16013.85,5233.17,6.3,On Track
PRJ-00111,2026-01-01,16013.85,5406.03,8.4,Stalled
PRJ-00111,2026-02-01,16013.85,5578.88,10.5,Delayed
PRJ-00111,2026-03-01,16013.85,5751.73,12.5,Delayed
PRJ-00111,2026-04-01,16013.85,5924.58,14.6,Delayed
PRJ-00111,2026-05-01,16013.85,6097.43,16.7,Delayed
PRJ-00111,2026-06-01,16013.85,6270.29,18.8,Delayed
PRJ-00111,2026-07-01,16013.85,6443.14,20.9,Delayed
PRJ-00111,2026-08-01,16013.85,6615.99,23.0,Delayed
PRJ-00112,2025-09-01,1267.24,663.19,25.5,On Track
PRJ-00112,2025-10-01,1267.24,691.62,27.0,On Track
PRJ-00112,2025-11-01,1267.24,720.06,28.5,On Track
PRJ-00112,2025-12-01,1267.24,748.49,30.0,On Track
PRJ-00112,2026-01-01,1267.24,776.93,31.6,Delayed
PRJ-00112,2026-02-01,1267.24,805.37,33.1,Delayed
PRJ-00112,2026-03-01,1516.41,833.8,34.6,Delayed
PRJ-00112,2026-04-01,1516.41,862.24,36.1,Delayed
PRJ-00112,2026-05-01,1516.41,890.67,37.6,Delayed
PRJ-00112,2026-06-01,1516.41,919.11,39.1,Delayed
PRJ-00112,2026-07-01,1516.41,947.54,40.6,Delayed
PRJ-00112,2026-08-01,1516.41,975.98,42.1,Delayed
PRJ-00113,2025-09-01,729.19,280.74,10.4,On Track
PRJ-00113,2025-10-01,729.19,291.14,12.6,On Track
PRJ-00113,2025-11-01,729.19,301.53,14.8,On Track
PRJ-00113,2025-12-01,729.19,311.93,16.9,On Track
PRJ-00113,2026-01-01,729.19,322.32,19.1,Delayed
PRJ-00113,2026-02-01,729.19,332.72,21.3,Delayed
PRJ-00113,2026-03-01,729.19,343.11,23.4,Delayed
PRJ-00113,2026-04-01,729.19,353.51,25.6,Delayed
PRJ-00113,2026-05-01,932.28,363.9,27.8,Delayed
PRJ-00113,2026-06-01,932.28,374.3,30.0,Delayed
PRJ-00113,2026-07-01,932.28,384.69,32.1,Delayed
PRJ-00113,2026-08-01,932.28,395.09,34.3,Delayed
PRJ-00114,2025-09-01,565.89,81.73,0.0,On Track
PRJ-00114,2025-10-01,565.89,83.93,1.7,On Track
PRJ-00114,2025-11-01,565.89,86.13,3.4,On Track
PRJ-00114,2025-12-01,565.89,88.33,5.0,On Track
PRJ-00114,2026-01-01,565.89,90.53,6.7,On Track
PRJ-00114,2026-02-01,565.89,92.73,8.4,On Track
PRJ-00114,2026-03-01,565.89,94.93,10.1,On Track
PRJ-00114,2026-04-01,565.89,97.14,11.8,On Track
PRJ-00114,2026-05-01,565.89,99.34,13.5,On Track
PRJ-00114,2026-06-01,565.89,101.54,15.1,On Track
PRJ-00114,2026-07-01,565.89,103.74,16.8,On Track
PRJ-00114,2026-08-01,565.89,105.94,18.5,On Track
PRJ-00115,2025-09-01,2839.57,1814.37,51.9,On Track
PRJ-00115,2025-10-01,2839.57,1919.72,54.5,On Track
PRJ-00115,2025-11-01,2839.57,2025.07,57.1,On Track
PRJ-00115,2025-12-01,2839.57,2130.42,59.7,On Track
PRJ-00115,2026-01-01,3249.48,2235.77,62.3,Delayed
PRJ-00115,2026-02-01,3249.48,2341.12,64.9,Delayed
PRJ-00115,2026-03-01,3249.48,2446.48,67.5,Delayed
PRJ-00115,2026-04-01,3249.48,2551.83,70.1,Delayed
PRJ-00115,2026-05-01,3249.48,2657.18,72.7,Delayed
PRJ-00115,2026-06-01,3249.48,2762.53,75.3,Delayed
PRJ-00115,2026-07-01,3249.48,2867.88,77.9,Delayed
PRJ-00115,2026-08-01,3249.48,2973.23,80.5,Delayed
PRJ-00116,2025-09-01,1761.44,1473.21,56.0,On Track
PRJ-00116,2025-10-01,1761.44,1534.04,58.0,On Track
PRJ-00116,2025-11-01,1761.44,1594.87,60.1,On Track
PRJ-00116,2025-12-01,1761.44,1655.69,62.2,On Track
PRJ-00116,2026-01-01,1761.44,1716.52,64.2,Delayed
PRJ-00116,2026-02-01,1761.44,1777.35,66.3,Delayed
PRJ-00116,2026-03-01,1761.44,1838.18,68.4,Delayed
PRJ-00116,2026-04-01,2186.49,1899.01,70.4,Delayed
PRJ-00116,2026-05-01,2186.49,1959.84,72.5,Delayed
PRJ-00116,2026-06-01,2186.49,2020.67,74.6,Delayed
PRJ-00116,2026-07-01,2186.49,2081.5,76.6,Delayed
PRJ-00116,2026-08-01,2186.49,2142.33,78.7,Delayed
PRJ-00117,2025-09-01,426.16,282.81,83.2,On Track
PRJ-00117,2025-10-01,426.16,295.84,84.8,On Track
PRJ-00117,2025-11-01,426.16,308.87,86.3,On Track
PRJ-00117,2025-12-01,426.16,321.9,87.8,On Track
PRJ-00117,2026-01-01,426.16,334.93,89.3,On Track
PRJ-00117,2026-02-01,426.16,347.97,90.9,On Track
PRJ-00117,2026-03-01,426.16,361.0,92.4,On Track
PRJ-00117,2026-04-01,426.16,374.03,93.9,On Track
PRJ-00117,2026-05-01,426.16,387.06,95.4,On Track
PRJ-00117,2026-06-01,426.16,400.1,97.0,On Track
PRJ-00117,2026-07-01,426.16,413.13,98.5,On Track
PRJ-00117,2026-08-01,426.16,426.16,100.0,Completed
PRJ-00118,2025-09-01,11428.98,4124.96,35.0,On Track
PRJ-00118,2025-10-01,11428.98,4284.76,36.8,On Track
PRJ-00118,2025-11-01,11428.98,4444.56,38.6,On Track
PRJ-00118,2025-12-01,11428.98,4604.36,40.3,On Track
PRJ-00118,2026-01-01,11428.98,4764.16,42.1,On Track
PRJ-00118,2026-02-01,11428.98,4923.95,43.9,On Track
PRJ-00118,2026-03-01,11428.98,5083.75,45.7,On Track
PRJ-00118,2026-04-01,11428.98,5243.55,47.5,On Track
PRJ-00118,2026-05-01,11428.98,5403.35,49.3,On Track
PRJ-00118,2026-06-01,11428.98,5563.15,51.1,On Track
PRJ-00118,2026-07-01,11428.98,5722.95,52.9,On Track
PRJ-00118,2026-08-01,11428.98,5882.75,54.7,On Track
PRJ-00119,2025-09-01,797.72,515.46,74.5,On Track
PRJ-00119,2025-10-01,797.72,541.12,76.8,On Track
PRJ-00119,2025-11-01,797.72,566.78,79.1,On Track
PRJ-00119,2025-12-01,797.72,592.44,81.4,On Track
PRJ-00119,2026-01-01,797.72,618.1,83.8,On Track
PRJ-00119,2026-02-01,797.72,643.76,86.1,On Track
PRJ-00119,2026-03-01,797.72,669.42,88.4,On Track
PRJ-00119,2026-04-01,797.72,695.08,90.7,On Track
PRJ-00119,2026-05-01,797.72,720.74,93.0,On Track
PRJ-00119,2026-06-01,797.72,746.4,95.4,On Track
PRJ-00119,2026-07-01,797.72,772.06,97.7,On Track
PRJ-00119,2026-08-01,797.72,797.72,100.0,Completed
PRJ-00120,2025-09-01,514.47,34.22,0.0,On Track
PRJ-00120,2025-10-01,514.47,35.06,0.8,On Track
PRJ-00120,2025-11-01,514.47,35.89,1.7,On Track
PRJ-00120,2025-12-01,514.47,36.72,2.5,On Track
PRJ-00120,2026-01-01,514.47,37.55,3.3,On Track
PRJ-00120,2026-02-01,514.47,38.39,4.1,On Track
PRJ-00120,2026-03-01,514.47,39.22,5.0,On Track
PRJ-00120,2026-04-01,514.47,40.05,5.8,On Track
PRJ-00120,2026-05-01,514.47,40.88,6.6,On Track
PRJ-00120,2026-06-01,514.47,41.72,7.4,On Track
PRJ-00120,2026-07-01,514.47,42.55,8.3,On Track
PRJ-00120,2026-08-01,514.47,43.38,9.1,On Track
PRJ-00121,2025-09-01,3213.89,2071.86,49.5,On Track
PRJ-00121,2025-10-01,3213.89,2182.09,52.5,On Track
PRJ-00121,2025-11-01,3213.89,2292.32,55.5,On Track
PRJ-00121,2025-12-01,3213.89,2402.56,58.5,On Track
PRJ-00121,2026-01-01,3213.89,2512.79,61.5,Delayed
PRJ-00121,2026-02-01,3213.89,2623.02,64.5,Delayed
PRJ-00121,2026-03-01,3213.89,2733.25,67.4,Delayed
PRJ-00121,2026-04-01,3513.02,2843.49,70.4,Delayed
PRJ-00121,2026-05-01,3513.02,2953.72,73.4,Delayed
PRJ-00121,2026-06-01,3513.02,3063.95,76.4,Delayed
PRJ-00121,2026-07-01,3513.02,3174.19,79.4,Delayed
PRJ-00121,2026-08-01,3513.02,3284.42,82.4,Delayed
PRJ-00122,2025-09-01,714.05,225.45,21.9,On Track
PRJ-00122,2025-10-01,714.05,236.2,24.5,On Track
PRJ-00122,2025-11-01,714.05,246.96,27.0,On Track
PRJ-00122,2025-12-01,714.05,257.71,29.6,On Track
PRJ-00122,2026-01-01,714.05,268.46,32.2,On Track
PRJ-00122,2026-02-01,714.05,279.22,34.7,On Track
PRJ-00122,2026-03-01,714.05,289.97,37.3,On Track
PRJ-00122,2026-04-01,714.05,300.73,39.9,On Track
PRJ-00122,2026-05-01,714.05,311.48,42.4,On Track
PRJ-00122,2026-06-01,714.05,322.23,45.0,On Track
PRJ-00122,2026-07-01,714.05,332.99,47.5,On Track
PRJ-00122,2026-08-01,714.05,343.74,50.1,On Track
PRJ-00123,2025-09-01,304.59,245.26,55.5,On Track
PRJ-00123,2025-10-01,304.59,254.8,58.0,On Track
PRJ-00123,2025-11-01,304.59,264.34,60.6,On Track
PRJ-00123,2025-12-01,304.59,273.88,63.1,On Track
PRJ-00123,2026-01-01,304.59,283.41,65.6,Delayed
PRJ-00123,2026-02-01,304.59,292.95,68.1,Delayed
PRJ-00123,2026-03-01,304.59,302.49,70.7,Delayed
PRJ-00123,2026-04-01,376.26,312.03,73.2,Delayed
PRJ-00123,2026-05-01,376.26,321.57,75.7,Delayed
PRJ-00123,2026-06-01,376.26,331.1,78.2,Delayed
PRJ-00123,2026-07-01,376.26,340.64,80.8,Delayed
PRJ-00123,2026-08-01,376.26,350.18,83.3,Delayed
PRJ-00124,2025-09-01,342.11,277.4,44.7,On Track
PRJ-00124,2025-10-01,342.11,285.4,47.0,On Track
PRJ-00124,2025-11-01,342.11,293.4,49.2,On Track
PRJ-00124,2025-12-01,342.11,301.4,51.4,On Track
PRJ-00124,2026-01-01,342.11,309.4,53.7,Delayed
PRJ-00124,2026-02-01,342.11,317.4,55.9,Delayed
PRJ-00124,2026-03-01,397.39,325.4,58.2,Delayed
PRJ-00124,2026-04-01,397.39,333.39,60.4,Delayed
PRJ-00124,2026-05-01,397.39,341.39,62.7,Delayed
PRJ-00124,2026-06-01,397.39,349.39,64.9,Delayed
PRJ-00124,2026-07-01,397.39,357.39,67.2,Delayed
PRJ-00124,2026-08-01,397.39,365.39,69.4,Delayed
PRJ-00125,2025-09-01,590.41,295.96,19.8,On Track
PRJ-00125,2025-10-01,590.41,303.92,22.0,On Track
PRJ-00125,2025-11-01,590.41,311.87,24.2,On Track
PRJ-00125,2025-12-01,590.41,319.83,26.4,On Track
PRJ-00125,2026-01-01,590.41,327.78,28.5,Delayed
PRJ-00125,2026-02-01,720.06,335.73,30.7,Delayed
PRJ-00125,2026-03-01,720.06,343.69,32.9,Delayed
PRJ-00125,2026-04-01,720.06,351.64,35.1,Delayed
PRJ-00125,2026-05-01,720.06,359.6,37.3,Delayed
PRJ-00125,2026-06-01,720.06,367.55,39.4,Delayed
PRJ-00125,2026-07-01,720.06,375.51,41.6,Delayed
PRJ-00125,2026-08-01,720.06,383.46,43.8,Delayed
PRJ-00126,2025-09-01,623.19,388.9,24.1,On Track
PRJ-00126,2025-10-01,623.19,404.27,26.4,On Track
PRJ-00126,2025-11-01,623.19,419.63,28.7,On Track
PRJ-00126,2025-12-01,623.19,435.0,30.9,On Track
PRJ-00126,2026-01-01,877.85,450.36,33.2,Delayed
PRJ-00126,2026-02-01,877.85,465.73,35.5,Delayed
PRJ-00126,2026-03-01,877.85,481.09,37.8,Delayed
PRJ-00126,2026-04-01,877.85,496.46,40.0,Delayed
PRJ-00126,2026-05-01,877.85,511.82,42.3,Delayed
PRJ-00126,2026-06-01,877.85,527.19,44.6,Delayed
PRJ-00126,2026-07-01,877.85,542.55,46.8,Delayed
PRJ-00126,2026-08-01,877.85,557.92,49.1,Delayed
PRJ-00127,2025-09-01,2258.88,1245.71,36.6,On Track
PRJ-00127,2025-10-01,2258.88,1292.89,39.2,On Track
PRJ-00127,2025-11-01,2258.88,1340.08,41.7,On Track
PRJ-00127,2025-12-01,2258.88,1387.26,44.3,On Track
PRJ-00127,2026-01-01,2258.88,1434.45,46.8,Delayed
PRJ-00127,2026-02-01,2258.88,1481.64,49.4,Delayed
PRJ-00127,2026-03-01,2258.88,1528.82,51.9,Delayed
PRJ-00127,2026-04-01,2258.88,1576.01,54.5,Delayed
PRJ-00127,2026-05-01,2258.88,1623.19,57.0,Delayed
PRJ-00127,2026-06-01,2371.82,1670.38,59.6,Delayed
PRJ-00127,2026-07-01,2371.82,1717.56,62.1,Delayed
PRJ-00127,2026-08-01,2371.82,1764.75,64.7,Delayed
PRJ-00128,2025-09-01,4448.85,3818.01,36.4,On Track
PRJ-00128,2025-10-01,4448.85,3912.91,38.8,On Track
PRJ-00128,2025-11-01,4448.85,4007.81,41.2,On Track
PRJ-00128,2025-12-01,4448.85,4102.71,43.5,On Track
PRJ-00128,2026-01-01,4448.85,4197.6,45.9,Delayed
PRJ-00128,2026-02-01,6254.96,4292.5,48.3,Delayed
PRJ-00128,2026-03-01,6254.96,4387.4,50.7,Delayed
PRJ-00128,2026-04-01,6254.96,4482.3,53.0,Delayed
PRJ-00128,2026-05-01,6254.96,4577.2,55.4,Delayed
PRJ-00128,2026-06-01,6254.96,4672.09,57.8,Delayed
PRJ-00128,2026-07-01,6254.96,4766.99,60.1,Delayed
PRJ-00128,2026-08-01,6254.96,4861.89,62.5,Delayed
PRJ-00129,2025-09-01,792.87,373.99,5.7,On Track
PRJ-00129,2025-10-01,792.87,382.92,7.8,On Track
PRJ-00129,2025-11-01,792.87,391.85,9.9,On Track
PRJ-00129,2025-12-01,792.87,400.79,12.0,On Track
PRJ-00129,2026-01-01,792.87,409.72,14.0,Delayed
PRJ-00129,2026-02-01,792.87,418.65,16.1,Delayed
PRJ-00129,2026-03-01,792.87,427.58,18.2,Delayed
PRJ-00129,2026-04-01,883.76,436.51,20.3,Delayed
PRJ-00129,2026-05-01,883.76,445.44,22.4,Delayed
PRJ-00129,2026-06-01,883.76,454.38,24.5,Delayed
PRJ-00129,2026-07-01,883.76,463.31,26.6,Delayed
PRJ-00129,2026-08-01,883.76,472.24,28.7,Delayed
PRJ-00130,2025-09-01,569.91,422.0,77.1,On Track
PRJ-00130,2025-10-01,569.91,440.33,79.2,On Track
PRJ-00130,2025-11-01,569.91,458.65,81.3,On Track
PRJ-00130,2025-12-01,569.91,476.98,83.4,On Track
PRJ-00130,2026-01-01,623.61,495.31,85.5,Delayed
PRJ-00130,2026-02-01,623.61,513.64,87.5,Delayed
PRJ-00130,2026-03-01,623.61,531.97,89.6,Delayed
PRJ-00130,2026-04-01,623.61,550.3,91.7,Delayed
PRJ-00130,2026-05-01,623.61,568.62,93.8,Delayed
PRJ-00130,2026-06-01,623.61,586.95,95.8,Delayed
PRJ-00130,2026-07-01,623.61,605.28,97.9,Delayed
PRJ-00130,2026-08-01,623.61,623.61,100.0,Completed
PRJ-00131,2025-09-01,1370.54,1243.41,69.1,On Track
PRJ-00131,2025-10-01,1370.54,1302.96,71.9,On Track
PRJ-00131,2025-11-01,1370.54,1362.52,74.7,On Track
PRJ-00131,2025-12-01,1370.54,1422.07,77.5,On Track
PRJ-00131,2026-01-01,1370.54,1481.63,80.3,Delayed
PRJ-00131,2026-02-01,1898.52,1541.19,83.1,Delayed
PRJ-00131,2026-03-01,1898.52,1600.74,85.9,Delayed
PRJ-00131,2026-04-01,1898.52,1660.3,88.8,Delayed
PRJ-00131,2026-05-01,1898.52,1719.85,91.6,Delayed
PRJ-00131,2026-06-01,1898.52,1779.41,94.4,Delayed
PRJ-00131,2026-07-01,1898.52,1838.96,97.2,Delayed
PRJ-00131,2026-08-01,1898.52,1898.52,100.0,Completed
PRJ-00132,2025-09-01,3892.63,682.32,0.0,On Track
PRJ-00132,2025-10-01,3892.63,698.44,0.6,On Track
PRJ-00132,2025-11-01,3892.63,714.56,1.2,On Track
PRJ-00132,2025-12-01,3892.63,730.69,1.8,On Track
PRJ-00132,2026-01-01,3892.63,746.81,2.4,Stalled
PRJ-00132,2026-02-01,3892.63,762.94,3.0,Stalled
PRJ-00132,2026-03-01,3892.63,779.06,3.6,Stalled
PRJ-00132,2026-04-01,3892.63,795.18,4.2,Stalled
PRJ-00132,2026-05-01,3892.63,811.31,4.8,Stalled
PRJ-00132,2026-06-01,4579.85,827.43,5.4,Stalled
PRJ-00132,2026-07-01,4579.85,843.56,6.0,Stalled
PRJ-00132,2026-08-01,4579.85,859.68,6.6,Stalled
PRJ-00133,2025-09-01,977.5,560.03,23.5,On Track
PRJ-00133,2025-10-01,977.5,590.53,26.5,On Track
PRJ-00133,2025-11-01,977.5,621.02,29.6,On Track
PRJ-00133,2025-12-01,977.5,651.51,32.6,On Track
PRJ-00133,2026-01-01,977.5,682.0,35.6,Delayed
PRJ-00133,2026-02-01,977.5,712.49,38.7,Delayed
PRJ-00133,2026-03-01,977.5,742.98,41.7,Delayed
PRJ-00133,2026-04-01,1175.38,773.47,44.8,Delayed
PRJ-00133,2026-05-01,1175.38,803.96,47.8,Delayed
PRJ-00133,2026-06-01,1175.38,834.45,50.8,Delayed
PRJ-00133,2026-07-01,1175.38,864.94,53.9,Delayed
PRJ-00133,2026-08-01,1175.38,895.43,56.9,Delayed
PRJ-00134,2025-09-01,246.65,159.24,77.9,On Track
PRJ-00134,2025-10-01,246.65,167.18,79.9,On Track
PRJ-00134,2025-11-01,246.65,175.13,81.9,On Track
PRJ-00134,2025-12-01,246.65,183.08,83.9,On Track
PRJ-00134,2026-01-01,246.65,191.02,85.9,On Track
PRJ-00134,2026-02-01,246.65,198.97,88.0,On Track
PRJ-00134,2026-03-01,246.65,206.92,90.0,On Track
PRJ-00134,2026-04-01,246.65,214.86,92.0,On Track
PRJ-00134,2026-05-01,246.65,222.81,94.0,On Track
PRJ-00134,2026-06-01,246.65,230.76,96.0,On Track
PRJ-00134,2026-07-01,246.65,238.7,98.0,On Track
PRJ-00134,2026-08-01,246.65,246.65,100.0,Completed
PRJ-00135,2025-09-01,1587.04,1522.36,78.7,On Track
PRJ-00135,2025-10-01,1587.04,1573.48,80.6,On Track
PRJ-00135,2025-11-01,1587.04,1624.61,82.5,On Track
PRJ-00135,2025-12-01,1587.04,1675.74,84.5,On Track
PRJ-00135,2026-01-01,1587.04,1726.86,86.4,Delayed
PRJ-00135,2026-02-01,1587.04,1777.99,88.4,Delayed
PRJ-00135,2026-03-01,2084.74,1829.11,90.3,Delayed
PRJ-00135,2026-04-01,2084.74,1880.24,92.2,Delayed
PRJ-00135,2026-05-01,2084.74,1931.36,94.2,Delayed
PRJ-00135,2026-06-01,2084.74,1982.49,96.1,Delayed
PRJ-00135,2026-07-01,2084.74,2033.61,98.1,Delayed
PRJ-00135,2026-08-01,2084.74,2084.74,100.0,Completed
PRJ-00136,2025-09-01,748.44,566.72,70.1,On Track
PRJ-00136,2025-10-01,748.44,583.24,72.8,On Track
PRJ-00136,2025-11-01,748.44,599.76,75.5,On Track
PRJ-00136,2025-12-01,748.44,616.28,78.2,On Track
PRJ-00136,2026-01-01,748.44,632.8,80.9,On Track
PRJ-00136,2026-02-01,748.44,649.32,83.7,On Track
PRJ-00136,2026-03-01,748.44,665.84,86.4,On Track
PRJ-00136,2026-04-01,748.44,682.36,89.1,On Track
PRJ-00136,2026-05-01,748.44,698.88,91.8,On Track
PRJ-00136,2026-06-01,748.44,715.4,94.6,On Track
PRJ-00136,2026-07-01,748.44,731.92,97.3,On Track
PRJ-00136,2026-08-01,748.44,748.44,100.0,Completed
PRJ-00137,2025-09-01,1018.5,249.92,0.0,On Track
PRJ-00137,2025-10-01,1018.5,256.61,0.2,On Track
PRJ-00137,2025-11-01,1018.5,263.3,0.4,On Track
PRJ-00137,2025-12-01,1371.43,269.99,0.5,On Track
PRJ-00137,2026-01-01,1371.43,276.68,0.7,Stalled
PRJ-00137,2026-02-01,1371.43,283.38,0.9,Stalled
PRJ-00137,2026-03-01,1371.43,290.07,1.1,Stalled
PRJ-00137,2026-04-01,1371.43,296.76,1.3,Stalled
PRJ-00137,2026-05-01,1371.43,303.45,1.5,Stalled
PRJ-00137,2026-06-01,1371.43,310.14,1.6,Stalled
PRJ-00137,2026-07-01,1371.43,316.83,1.8,Stalled
PRJ-00137,2026-08-01,1371.43,323.52,2.0,Stalled
PRJ-00138,2025-09-01,578.2,396.17,83.2,On Track
PRJ-00138,2025-10-01,578.2,412.72,84.7,On Track
PRJ-00138,2025-11-01,578.2,429.26,86.3,On Track
PRJ-00138,2025-12-01,578.2,445.81,87.8,On Track
PRJ-00138,2026-01-01,578.2,462.36,89.3,On Track
PRJ-00138,2026-02-01,578.2,478.91,90.8,On Track
PRJ-00138,2026-03-01,578.2,495.46,92.4,On Track
PRJ-00138,2026-04-01,578.2,512.01,93.9,On Track
PRJ-00138,2026-05-01,578.2,528.55,95.4,On Track
PRJ-00138,2026-06-01,578.2,545.1,96.9,On Track
PRJ-00138,2026-07-01,578.2,561.65,98.5,On Track
PRJ-00138,2026-08-01,578.2,578.2,100.0,Completed
PRJ-00139,2025-09-01,268.24,201.39,79.3,On Track
PRJ-00139,2025-10-01,268.24,213.49,81.2,On Track
PRJ-00139,2025-11-01,268.24,225.58,83.1,On Track
PRJ-00139,2025-12-01,268.24,237.68,85.0,On Track
PRJ-00139,2026-01-01,268.24,249.77,86.8,Delayed
PRJ-00139,2026-02-01,334.44,261.87,88.7,Delayed
PRJ-00139,2026-03-01,334.44,273.96,90.6,Delayed
PRJ-00139,2026-04-01,334.44,286.06,92.5,Delayed
PRJ-00139,2026-05-01,334.44,298.15,94.4,Delayed
PRJ-00139,2026-06-01,334.44,310.25,96.2,Delayed
PRJ-00139,2026-07-01,334.44,322.34,98.1,Delayed
PRJ-00139,2026-08-01,334.44,334.44,100.0,Completed
PRJ-00140,2025-09-01,1451.98,256.24,2.0,On Track
PRJ-00140,2025-10-01,1451.98,264.39,3.9,On Track
PRJ-00140,2025-11-01,1451.98,272.53,5.9,On Track
PRJ-00140,2025-12-01,1451.98,280.67,7.9,On Track
PRJ-00140,2026-01-01,1451.98,288.81,9.9,On Track
PRJ-00140,2026-02-01,1451.98,296.96,11.8,On Track
PRJ-00140,2026-03-01,1451.98,305.1,13.8,On Track
PRJ-00140,2026-04-01,1451.98,313.24,15.8,On Track
PRJ-00140,2026-05-01,1451.98,321.38,17.8,On Track
PRJ-00140,2026-06-01,1451.98,329.53,19.7,On Track
PRJ-00140,2026-07-01,1451.98,337.67,21.7,On Track
PRJ-00140,2026-08-01,1451.98,345.81,23.7,On Track
PRJ-00141,2025-09-01,274.06,146.25,60.8,On Track
PRJ-00141,2025-10-01,274.06,151.04,62.4,On Track
PRJ-00141,2025-11-01,274.06,155.83,64.0,On Track
PRJ-00141,2025-12-01,274.06,160.62,65.6,On Track
PRJ-00141,2026-01-01,274.06,165.4,67.3,On Track
PRJ-00141,2026-02-01,274.06,170.19,68.9,On Track
PRJ-00141,2026-03-01,274.06,174.98,70.5,On Track
PRJ-00141,2026-04-01,274.06,179.76,72.1,On Track
PRJ-00141,2026-05-01,274.06,184.55,73.7,On Track
PRJ-00141,2026-06-01,274.06,189.34,75.4,On Track
PRJ-00141,2026-07-01,274.06,194.12,77.0,On Track
PRJ-00141,2026-08-01,274.06,198.91,78.6,On Track
PRJ-00142,2025-09-01,920.65,149.03,4.3,On Track
PRJ-00142,2025-10-01,920.65,152.93,5.7,On Track
PRJ-00142,2025-11-01,920.65,156.83,7.2,On Track
PRJ-00142,2025-12-01,920.65,160.74,8.7,On Track
PRJ-00142,2026-01-01,920.65,164.64,10.2,On Track
PRJ-00142,2026-02-01,920.65,168.54,11.6,On Track
PRJ-00142,2026-03-01,920.65,172.45,13.1,On Track
PRJ-00142,2026-04-01,920.65,176.35,14.6,On Track
PRJ-00142,2026-05-01,920.65,180.25,16.1,On Track
PRJ-00142,2026-06-01,920.65,184.15,17.5,On Track
PRJ-00142,2026-07-01,920.65,188.06,19.0,On Track
PRJ-00142,2026-08-01,920.65,191.96,20.5,On Track
PRJ-00143,2025-09-01,2453.02,1661.22,62.0,On Track
PRJ-00143,2025-10-01,2453.02,1709.92,64.5,On Track
PRJ-00143,2025-11-01,2453.02,1758.62,67.0,On Track
PRJ-00143,2025-12-01,2453.02,1807.31,69.5,On Track
PRJ-00143,2026-01-01,2453.02,1856.01,71.9,On Track
PRJ-00143,2026-02-01,2453.02,1904.7,74.4,On Track
PRJ-00143,2026-03-01,2453.02,1953.4,76.9,On Track
PRJ-00143,2026-04-01,2453.02,2002.1,79.4,On Track
PRJ-00143,2026-05-01,2453.02,2050.79,81.9,On Track
PRJ-00143,2026-06-01,2453.02,2099.49,84.3,On Track
PRJ-00143,2026-07-01,2453.02,2148.18,86.8,On Track
PRJ-00143,2026-08-01,2453.02,2196.88,89.3,On Track
PRJ-00144,2025-09-01,1913.7,493.31,9.1,On Track
PRJ-00144,2025-10-01,1913.7,513.0,11.8,On Track
PRJ-00144,2025-11-01,1913.7,532.69,14.6,On Track
PRJ-00144,2025-12-01,1913.7,552.38,17.4,On Track
PRJ-00144,2026-01-01,1913.7,572.07,20.2,On Track
PRJ-00144,2026-02-01,1913.7,591.76,23.0,On Track
PRJ-00144,2026-03-01,1913.7,611.45,25.8,On Track
PRJ-00144,2026-04-01,1913.7,631.14,28.6,On Track
PRJ-00144,2026-05-01,1913.7,650.83,31.4,On Track
PRJ-00144,2026-06-01,1913.7,670.52,34.2,On Track
PRJ-00144,2026-07-01,1913.7,690.21,37.0,On Track
PRJ-00144,2026-08-01,1913.7,709.9,39.8,On Track
PRJ-00145,2025-09-01,361.3,143.01,0.0,On Track
PRJ-00145,2025-10-01,361.3,148.28,2.2,On Track
PRJ-00145,2025-11-01,361.3,153.55,4.3,On Track
PRJ-00145,2025-12-01,361.3,158.81,6.5,On Track
PRJ-00145,2026-01-01,361.3,164.08,8.6,Stalled
PRJ-00145,2026-02-01,445.16,169.35,10.8,Delayed
PRJ-00145,2026-03-01,445.16,174.62,12.9,Delayed
PRJ-00145,2026-04-01,445.16,179.89,15.1,Delayed
PRJ-00145,2026-05-01,445.16,185.16,17.2,Delayed
PRJ-00145,2026-06-01,445.16,190.42,19.4,Delayed
PRJ-00145,2026-07-01,445.16,195.69,21.5,Delayed
PRJ-00145,2026-08-01,445.16,200.96,23.7,Delayed
PRJ-00146,2025-09-01,1877.69,1442.71,75.8,On Track
PRJ-00146,2025-10-01,1877.69,1516.92,78.0,On Track
PRJ-00146,2025-11-01,1877.69,1591.14,80.2,On Track
PRJ-00146,2025-12-01,1877.69,1665.36,82.4,On Track
PRJ-00146,2026-01-01,1877.69,1739.58,84.6,Delayed
PRJ-00146,2026-02-01,1877.69,1813.8,86.8,Delayed
PRJ-00146,2026-03-01,1877.69,1888.02,89.0,Delayed
PRJ-00146,2026-04-01,2259.11,1962.24,91.2,Delayed
PRJ-00146,2026-05-01,2259.11,2036.45,93.4,Delayed
PRJ-00146,2026-06-01,2259.11,2110.67,95.6,Delayed
PRJ-00146,2026-07-01,2259.11,2184.89,97.8,Delayed
PRJ-00146,2026-08-01,2259.11,2259.11,100.0,Completed
PRJ-00147,2025-09-01,1607.88,547.71,11.0,On Track
PRJ-00147,2025-10-01,1607.88,560.65,14.1,On Track
PRJ-00147,2025-11-01,1607.88,573.6,17.1,On Track
PRJ-00147,2025-12-01,1607.88,586.54,20.2,On Track
PRJ-00147,2026-01-01,1607.88,599.49,23.3,On Track
PRJ-00147,2026-02-01,1607.88,612.44,26.3,On Track
PRJ-00147,2026-03-01,1607.88,625.38,29.4,On Track
PRJ-00147,2026-04-01,1607.88,638.33,32.5,On Track
PRJ-00147,2026-05-01,1607.88,651.27,35.5,On Track
PRJ-00147,2026-06-01,1607.88,664.22,38.6,On Track
PRJ-00147,2026-07-01,1607.88,677.16,41.6,On Track
PRJ-00147,2026-08-01,1607.88,690.11,44.7,On Track
PRJ-00148,2025-09-01,463.63,300.22,69.2,On Track
PRJ-00148,2025-10-01,463.63,313.7,71.6,On Track
PRJ-00148,2025-11-01,463.63,327.19,73.9,On Track
PRJ-00148,2025-12-01,463.63,340.68,76.2,On Track
PRJ-00148,2026-01-01,463.63,354.16,78.6,On Track
PRJ-00148,2026-02-01,463.63,367.65,80.9,On Track
PRJ-00148,2026-03-01,463.63,381.13,83.3,On Track
PRJ-00148,2026-04-01,463.63,394.62,85.6,On Track
PRJ-00148,2026-05-01,463.63,408.1,88.0,On Track
PRJ-00148,2026-06-01,463.63,421.59,90.3,On Track
PRJ-00148,2026-07-01,463.63,435.07,92.7,On Track
PRJ-00148,2026-08-01,463.63,448.56,95.0,On Track
PRJ-00149,2025-09-01,254.58,221.95,80.4,On Track
PRJ-00149,2025-10-01,254.58,230.28,82.2,On Track
PRJ-00149,2025-11-01,254.58,238.61,84.0,On Track
PRJ-00149,2025-12-01,254.58,246.93,85.8,On Track
PRJ-00149,2026-01-01,254.58,255.26,87.5,Delayed
PRJ-00149,2026-02-01,254.58,263.59,89.3,Delayed
PRJ-00149,2026-03-01,254.58,271.92,91.1,Delayed
PRJ-00149,2026-04-01,254.58,280.24,92.9,Delayed
PRJ-00149,2026-05-01,254.58,288.57,94.7,Delayed
PRJ-00149,2026-06-01,313.55,296.9,96.4,Delayed
PRJ-00149,2026-07-01,313.55,305.22,98.2,Delayed
PRJ-00149,2026-08-01,313.55,313.55,100.0,Completed
PRJ-00150,2025-09-01,369.92,260.33,84.0,On Track
PRJ-00150,2025-10-01,369.92,272.97,85.5,On Track
PRJ-00150,2025-11-01,369.92,285.61,86.9,On Track
PRJ-00150,2025-12-01,369.92,298.25,88.4,On Track
PRJ-00150,2026-01-01,369.92,310.88,89.8,Delayed
PRJ-00150,2026-02-01,369.92,323.52,91.3,Delayed
PRJ-00150,2026-03-01,369.92,336.16,92.7,Delayed
PRJ-00150,2026-04-01,369.92,348.8,94.2,Delayed
PRJ-00150,2026-05-01,369.92,361.44,95.6,Delayed
PRJ-00150,2026-06-01,399.35,374.07,97.1,Delayed
PRJ-00150,2026-07-01,399.35,386.71,98.5,Delayed
PRJ-00150,2026-08-01,399.35,399.35,100.0,Completed
PRJ-00151,2025-09-01,704.3,137.6,6.8,On Track
PRJ-00151,2025-10-01,704.3,142.01,8.7,On Track
PRJ-00151,2025-11-01,704.3,146.41,10.7,On Track
PRJ-00151,2025-12-01,704.3,150.81,12.6,On Track
PRJ-00151,2026-01-01,704.3,155.22,14.6,On Track
PRJ-00151,2026-02-01,704.3,159.62,16.5,On Track
PRJ-00151,2026-03-01,704.3,164.02,18.5,On Track
PRJ-00151,2026-04-01,704.3,168.43,20.4,On Track
PRJ-00151,2026-05-01,704.3,172.83,22.4,On Track
PRJ-00151,2026-06-01,704.3,177.23,24.3,On Track
PRJ-00151,2026-07-01,704.3,181.64,26.3,On Track
PRJ-00151,2026-08-01,704.3,186.04,28.2,On Track
PRJ-00152,2025-09-01,470.45,63.32,0.0,On Track
PRJ-00152,2025-10-01,470.45,66.97,0.4,On Track
PRJ-00152,2025-11-01,470.45,70.62,0.9,On Track
PRJ-00152,2025-12-01,648.16,74.28,1.3,On Track
PRJ-00152,2026-01-01,648.16,77.93,1.7,Stalled
PRJ-00152,2026-02-01,648.16,81.59,2.2,Stalled
PRJ-00152,2026-03-01,648.16,85.24,2.6,Stalled
PRJ-00152,2026-04-01,648.16,88.89,3.1,Stalled
PRJ-00152,2026-05-01,648.16,92.55,3.5,Stalled
PRJ-00152,2026-06-01,648.16,96.2,3.9,Stalled
PRJ-00152,2026-07-01,648.16,99.86,4.4,Stalled
PRJ-00152,2026-08-01,648.16,103.51,4.8,Stalled
PRJ-00153,2025-09-01,520.89,385.38,68.0,On Track
PRJ-00153,2025-10-01,520.89,397.7,70.9,On Track
PRJ-00153,2025-11-01,520.89,410.02,73.8,On Track
PRJ-00153,2025-12-01,520.89,422.34,76.7,On Track
PRJ-00153,2026-01-01,520.89,434.66,79.6,On Track
PRJ-00153,2026-02-01,520.89,446.98,82.6,On Track
PRJ-00153,2026-03-01,520.89,459.3,85.5,On Track
PRJ-00153,2026-04-01,520.89,471.61,88.4,On Track
PRJ-00153,2026-05-01,520.89,483.93,91.3,On Track
PRJ-00153,2026-06-01,520.89,496.25,94.2,On Track
PRJ-00153,2026-07-01,520.89,508.57,97.1,On Track
PRJ-00153,2026-08-01,520.89,520.89,100.0,Completed
PRJ-00154,2025-09-01,702.84,598.31,77.6,On Track
PRJ-00154,2025-10-01,702.84,622.42,79.6,On Track
PRJ-00154,2025-11-01,702.84,646.53,81.7,On Track
PRJ-00154,2025-12-01,702.84,670.64,83.7,On Track
PRJ-00154,2026-01-01,702.84,694.75,85.7,Delayed
PRJ-00154,2026-02-01,702.84,718.86,87.8,Delayed
PRJ-00154,2026-03-01,702.84,742.97,89.8,Delayed
PRJ-00154,2026-04-01,702.84,767.08,91.8,Delayed
PRJ-00154,2026-05-01,702.84,791.19,93.9,Delayed
PRJ-00154,2026-06-01,863.52,815.3,95.9,Delayed
PRJ-00154,2026-07-01,863.52,839.41,98.0,Delayed
PRJ-00154,2026-08-01,863.52,863.52,100.0,Completed
PRJ-00155,2025-09-01,589.57,75.68,0.0,On Track
PRJ-00155,2025-10-01,589.57,77.43,0.2,On Track
PRJ-00155,2025-11-01,589.57,79.18,0.4,On Track
PRJ-00155,2025-12-01,589.57,80.94,0.5,On Track
PRJ-00155,2026-01-01,589.57,82.69,0.7,Stalled
PRJ-00155,2026-02-01,654.18,84.44,0.9,Stalled
PRJ-00155,2026-03-01,654.18,86.19,1.1,Stalled
PRJ-00155,2026-04-01,654.18,87.95,1.3,Stalled
PRJ-00155,2026-05-01,654.18,89.7,1.5,Stalled
PRJ-00155,2026-06-01,654.18,91.45,1.6,Stalled
PRJ-00155,2026-07-01,654.18,93.21,1.8,Stalled
PRJ-00155,2026-08-01,654.18,94.96,2.0,Stalled
PRJ-00156,2025-09-01,947.25,130.98,0.0,On Track
PRJ-00156,2025-10-01,947.25,136.25,0.2,On Track
PRJ-00156,2025-11-01,947.25,141.52,0.4,On Track
PRJ-00156,2025-12-01,947.25,146.78,0.5,On Track
PRJ-00156,2026-01-01,947.25,152.05,0.7,Stalled
PRJ-00156,2026-02-01,1156.56,157.32,0.9,Stalled
PRJ-00156,2026-03-01,1156.56,162.59,1.1,Stalled
PRJ-00156,2026-04-01,1156.56,167.86,1.3,Stalled
PRJ-00156,2026-05-01,1156.56,173.13,1.5,Stalled
PRJ-00156,2026-06-01,1156.56,178.39,1.6,Stalled
PRJ-00156,2026-07-01,1156.56,183.66,1.8,Stalled
PRJ-00156,2026-08-01,1156.56,188.93,2.0,Stalled
PRJ-00157,2025-09-01,896.36,594.74,15.1,On Track
PRJ-00157,2025-10-01,896.36,611.87,17.0,On Track
PRJ-00157,2025-11-01,896.36,629.01,19.0,On Track
PRJ-00157,2025-12-01,896.36,646.14,20.9,On Track
PRJ-00157,2026-01-01,896.36,663.27,22.9,Delayed
PRJ-00157,2026-02-01,896.36,680.4,24.8,Delayed
PRJ-00157,2026-03-01,896.36,697.54,26.8,Delayed
PRJ-00157,2026-04-01,896.36,714.67,28.7,Delayed
PRJ-00157,2026-05-01,896.36,731.8,30.7,Delayed
PRJ-00157,2026-06-01,1328.12,748.93,32.6,Delayed
PRJ-00157,2026-07-01,1328.12,766.07,34.6,Delayed
PRJ-00157,2026-08-01,1328.12,783.2,36.5,Delayed
PRJ-00158,2025-09-01,357.08,256.4,76.1,On Track
PRJ-00158,2025-10-01,357.08,264.01,77.8,On Track
PRJ-00158,2025-11-01,357.08,271.61,79.5,On Track
PRJ-00158,2025-12-01,357.08,279.22,81.2,On Track
PRJ-00158,2026-01-01,357.08,286.82,83.0,On Track
PRJ-00158,2026-02-01,357.08,294.43,84.7,On Track
PRJ-00158,2026-03-01,357.08,302.03,86.4,On Track
PRJ-00158,2026-04-01,357.08,309.64,88.1,On Track
PRJ-00158,2026-05-01,357.08,317.24,89.8,On Track
PRJ-00158,2026-06-01,357.08,324.85,91.6,On Track
PRJ-00158,2026-07-01,357.08,332.45,93.3,On Track
PRJ-00158,2026-08-01,357.08,340.06,95.0,On Track
PRJ-00159,2025-09-01,1558.22,341.15,0.0,On Track
PRJ-00159,2025-10-01,1558.22,354.3,0.2,On Track
PRJ-00159,2025-11-01,1558.22,367.44,0.4,On Track
PRJ-00159,2025-12-01,1558.22,380.59,0.5,On Track
PRJ-00159,2026-01-01,1985.86,393.73,0.7,Stalled
PRJ-00159,2026-02-01,1985.86,406.87,0.9,Stalled
PRJ-00159,2026-03-01,1985.86,420.02,1.1,Stalled
PRJ-00159,2026-04-01,1985.86,433.16,1.3,Stalled
PRJ-00159,2026-05-01,1985.86,446.31,1.5,Stalled
PRJ-00159,2026-06-01,1985.86,459.45,1.6,Stalled
PRJ-00159,2026-07-01,1985.86,472.6,1.8,Stalled
PRJ-00159,2026-08-01,1985.86,485.74,2.0,Stalled
PRJ-00160,2025-09-01,1790.13,247.42,0.0,On Track
PRJ-00160,2025-10-01,1790.13,254.15,0.2,On Track
PRJ-00160,2025-11-01,1790.13,260.87,0.4,On Track
PRJ-00160,2025-12-01,1790.13,267.6,0.5,On Track
PRJ-00160,2026-01-01,2531.53,274.33,0.7,Stalled
PRJ-00160,2026-02-01,2531.53,281.05,0.9,Stalled
PRJ-00160,2026-03-01,2531.53,287.78,1.1,Stalled
PRJ-00160,2026-04-01,2531.53,294.5,1.3,Stalled
PRJ-00160,2026-05-01,2531.53,301.23,1.5,Stalled
PRJ-00160,2026-06-01,2531.53,307.96,1.6,Stalled
PRJ-00160,2026-07-01,2531.53,314.68,1.8,Stalled
PRJ-00160,2026-08-01,2531.53,321.41,2.0,Stalled
PRJ-00161,2025-09-01,703.45,63.13,0.0,On Track
PRJ-00161,2025-10-01,703.45,65.71,1.3,On Track
PRJ-00161,2025-11-01,703.45,68.29,2.5,On Track
PRJ-00161,2025-12-01,703.45,70.87,3.8,On Track
PRJ-00161,2026-01-01,703.45,73.45,5.1,On Track
PRJ-00161,2026-02-01,703.45,76.04,6.3,On Track
PRJ-00161,2026-03-01,703.45,78.62,7.6,On Track
PRJ-00161,2026-04-01,703.45,81.2,8.8,On Track
PRJ-00161,2026-05-01,703.45,83.78,10.1,On Track
PRJ-00161,2026-06-01,703.45,86.37,11.4,On Track
PRJ-00161,2026-07-01,703.45,88.95,12.6,On Track
PRJ-00161,2026-08-01,703.45,91.53,13.9,On Track
PRJ-00162,2025-09-01,420.8,321.55,66.2,On Track
PRJ-00162,2025-10-01,420.8,330.58,69.3,On Track
PRJ-00162,2025-11-01,420.8,339.6,72.4,On Track
PRJ-00162,2025-12-01,420.8,348.62,75.4,On Track
PRJ-00162,2026-01-01,420.8,357.64,78.5,On Track
PRJ-00162,2026-02-01,420.8,366.67,81.6,On Track
PRJ-00162,2026-03-01,420.8,375.69,84.6,On Track
PRJ-00162,2026-04-01,420.8,384.71,87.7,On Track
PRJ-00162,2026-05-01,420.8,393.73,90.8,On Track
PRJ-00162,2026-06-01,420.8,402.76,93.9,On Track
PRJ-00162,2026-07-01,420.8,411.78,96.9,On Track
PRJ-00162,2026-08-01,420.8,420.8,100.0,Completed
PRJ-00163,2025-09-01,2864.32,1093.88,30.8,On Track
PRJ-00163,2025-10-01,2864.32,1152.18,33.4,On Track
PRJ-00163,2025-11-01,2864.32,1210.48,36.0,On Track
PRJ-00163,2025-12-01,2864.32,1268.78,38.6,On Track
PRJ-00163,2026-01-01,2864.32,1327.07,41.2,On Track
PRJ-00163,2026-02-01,2864.32,1385.37,43.9,On Track
PRJ-00163,2026-03-01,2864.32,1443.67,46.5,On Track
PRJ-00163,2026-04-01,2864.32,1501.96,49.1,On Track
PRJ-00163,2026-05-01,2864.32,1560.26,51.7,On Track
PRJ-00163,2026-06-01,2864.32,1618.56,54.3,On Track
PRJ-00163,2026-07-01,2864.32,1676.85,56.9,On Track
PRJ-00163,2026-08-01,2864.32,1735.15,59.5,On Track
PRJ-00164,2025-09-01,1673.3,816.1,6.2,On Track
PRJ-00164,2025-10-01,1673.3,845.93,8.5,On Track
PRJ-00164,2025-11-01,1673.3,875.76,10.7,On Track
PRJ-00164,2025-12-01,2364.07,905.6,13.0,On Track
PRJ-00164,2026-01-01,2364.07,935.43,15.3,Delayed
PRJ-00164,2026-02-01,2364.07,965.26,17.6,Delayed
PRJ-00164,2026-03-01,2364.07,995.09,19.8,Delayed
PRJ-00164,2026-04-01,2364.07,1024.92,22.1,Delayed
PRJ-00164,2026-05-01,2364.07,1054.75,24.4,Delayed
PRJ-00164,2026-06-01,2364.07,1084.59,26.7,Delayed
PRJ-00164,2026-07-01,2364.07,1114.42,28.9,Delayed
PRJ-00164,2026-08-01,2364.07,1144.25,31.2,Delayed
PRJ-00165,2025-09-01,2664.63,1450.2,8.8,On Track
PRJ-00165,2025-10-01,2664.63,1510.18,11.8,On Track
PRJ-00165,2025-11-01,2664.63,1570.16,14.8,On Track
PRJ-00165,2025-12-01,2664.63,1630.14,17.8,On Track
PRJ-00165,2026-01-01,2664.63,1690.13,20.8,Delayed
PRJ-00165,2026-02-01,3412.09,1750.11,23.8,Delayed
PRJ-00165,2026-03-01,3412.09,1810.09,26.8,Delayed
PRJ-00165,2026-04-01,3412.09,1870.07,29.8,Delayed
PRJ-00165,2026-05-01,3412.09,1930.05,32.8,Delayed
PRJ-00165,2026-06-01,3412.09,1990.04,35.8,Delayed
PRJ-00165,2026-07-01,3412.09,2050.02,38.8,Delayed
PRJ-00165,2026-08-01,3412.09,2110.0,41.8,Delayed
PRJ-00166,2025-09-01,240.84,51.51,0.0,On Track
PRJ-00166,2025-10-01,240.84,53.87,0.2,On Track
PRJ-00166,2025-11-01,240.84,56.23,0.4,On Track
PRJ-00166,2025-12-01,240.84,58.6,0.5,On Track
PRJ-00166,2026-01-01,240.84,60.96,0.7,Stalled
PRJ-00166,2026-02-01,240.84,63.32,0.9,Stalled
PRJ-00166,2026-03-01,240.84,65.68,1.1,Stalled
PRJ-00166,2026-04-01,240.84,68.05,1.3,Stalled
PRJ-00166,2026-05-01,240.84,70.41,1.5,Stalled
PRJ-00166,2026-06-01,292.78,72.77,1.6,Stalled
PRJ-00166,2026-07-01,292.78,75.14,1.8,Stalled
PRJ-00166,2026-08-01,292.78,77.5,2.0,Stalled
PRJ-00167,2025-09-01,1146.06,117.1,0.0,On Track
PRJ-00167,2025-10-01,1146.06,120.59,1.2,On Track
PRJ-00167,2025-11-01,1146.06,124.07,2.5,On Track
PRJ-00167,2025-12-01,1146.06,127.55,3.7,On Track
PRJ-00167,2026-01-01,1146.06,131.03,4.9,On Track
PRJ-00167,2026-02-01,1146.06,134.51,6.2,On Track
PRJ-00167,2026-03-01,1146.06,137.99,7.4,On Track
PRJ-00167,2026-04-01,1146.06,141.47,8.7,On Track
PRJ-00167,2026-05-01,1146.06,144.96,9.9,On Track
PRJ-00167,2026-06-01,1146.06,148.44,11.1,On Track
PRJ-00167,2026-07-01,1146.06,151.92,12.4,On Track
PRJ-00167,2026-08-01,1146.06,155.4,13.6,On Track
PRJ-00168,2025-09-01,220.9,152.29,80.4,On Track
PRJ-00168,2025-10-01,220.9,158.52,82.2,On Track
PRJ-00168,2025-11-01,220.9,164.76,84.0,On Track
PRJ-00168,2025-12-01,220.9,171.0,85.8,On Track
PRJ-00168,2026-01-01,220.9,177.24,87.6,On Track
PRJ-00168,2026-02-01,220.9,183.47,89.3,On Track
PRJ-00168,2026-03-01,220.9,189.71,91.1,On Track
PRJ-00168,2026-04-01,220.9,195.95,92.9,On Track
PRJ-00168,2026-05-01,220.9,202.19,94.7,On Track
PRJ-00168,2026-06-01,220.9,208.42,96.4,On Track
PRJ-00168,2026-07-01,220.9,214.66,98.2,On Track
PRJ-00168,2026-08-01,220.9,220.9,100.0,Completed
PRJ-00169,2025-09-01,575.33,446.78,72.3,On Track
PRJ-00169,2025-10-01,575.33,468.45,74.8,On Track
PRJ-00169,2025-11-01,575.33,490.12,77.4,On Track
PRJ-00169,2025-12-01,575.33,511.79,79.9,On Track
PRJ-00169,2026-01-01,575.33,533.47,82.4,Delayed
PRJ-00169,2026-02-01,575.33,555.14,84.9,Delayed
PRJ-00169,2026-03-01,575.33,576.81,87.4,Delayed
PRJ-00169,2026-04-01,575.33,598.48,89.9,Delayed
PRJ-00169,2026-05-01,575.33,620.15,92.5,Delayed
PRJ-00169,2026-06-01,685.17,641.83,95.0,Delayed
PRJ-00169,2026-07-01,685.17,663.5,97.5,Delayed
PRJ-00169,2026-08-01,685.17,685.17,100.0,Completed
PRJ-00170,2025-09-01,2120.49,1745.8,83.2,On Track
PRJ-00170,2025-10-01,2120.49,1817.39,84.7,On Track
PRJ-00170,2025-11-01,2120.49,1888.98,86.3,On Track
PRJ-00170,2025-12-01,2533.25,1960.56,87.8,On Track
PRJ-00170,2026-01-01,2533.25,2032.15,89.3,Delayed
PRJ-00170,2026-02-01,2533.25,2103.73,90.8,Delayed
PRJ-00170,2026-03-01,2533.25,2175.32,92.4,Delayed
PRJ-00170,2026-04-01,2533.25,2246.91,93.9,Delayed
PRJ-00170,2026-05-01,2533.25,2318.49,95.4,Delayed
PRJ-00170,2026-06-01,2533.25,2390.08,96.9,Delayed
PRJ-00170,2026-07-01,2533.25,2461.66,98.5,Delayed
PRJ-00170,2026-08-01,2533.25,2533.25,100.0,Completed
PRJ-00171,2025-09-01,338.36,141.67,15.6,On Track
PRJ-00171,2025-10-01,338.36,146.05,17.3,On Track
PRJ-00171,2025-11-01,338.36,150.43,19.0,On Track
PRJ-00171,2025-12-01,338.36,154.81,20.6,On Track
PRJ-00171,2026-01-01,338.36,159.19,22.3,Delayed
PRJ-00171,2026-02-01,338.36,163.57,24.0,Delayed
PRJ-00171,2026-03-01,416.14,167.95,25.6,Delayed
PRJ-00171,2026-04-01,416.14,172.33,27.3,Delayed
PRJ-00171,2026-05-01,416.14,176.71,29.0,Delayed
PRJ-00171,2026-06-01,416.14,181.09,30.7,Delayed
PRJ-00171,2026-07-01,416.14,185.47,32.3,Delayed
PRJ-00171,2026-08-01,416.14,189.85,34.0,Delayed
PRJ-00172,2025-09-01,679.95,460.1,75.1,On Track
PRJ-00172,2025-10-01,679.95,480.09,77.3,On Track
PRJ-00172,2025-11-01,679.95,500.07,79.6,On Track
PRJ-00172,2025-12-01,679.95,520.06,81.9,On Track
PRJ-00172,2026-01-01,679.95,540.04,84.1,On Track
PRJ-00172,2026-02-01,679.95,560.03,86.4,On Track
PRJ-00172,2026-03-01,679.95,580.02,88.7,On Track
PRJ-00172,2026-04-01,679.95,600.0,90.9,On Track
PRJ-00172,2026-05-01,679.95,619.99,93.2,On Track
PRJ-00172,2026-06-01,679.95,639.98,95.5,On Track
PRJ-00172,2026-07-01,679.95,659.96,97.7,On Track
PRJ-00172,2026-08-01,679.95,679.95,100.0,Completed
PRJ-00173,2025-09-01,3405.63,1895.79,62.9,On Track
PRJ-00173,2025-10-01,3405.63,1957.65,64.5,On Track
PRJ-00173,2025-11-01,3405.63,2019.52,66.1,On Track
PRJ-00173,2025-12-01,3405.63,2081.38,67.7,On Track
PRJ-00173,2026-01-01,3405.63,2143.24,69.3,On Track
PRJ-00173,2026-02-01,3405.63,2205.1,70.9,On Track
PRJ-00173,2026-03-01,3405.63,2266.96,72.5,On Track
PRJ-00173,2026-04-01,3405.63,2328.82,74.2,On Track
PRJ-00173,2026-05-01,3405.63,2390.69,75.8,On Track
PRJ-00173,2026-06-01,3405.63,2452.55,77.4,On Track
PRJ-00173,2026-07-01,3405.63,2514.41,79.0,On Track
PRJ-00173,2026-08-01,3405.63,2576.27,80.6,On Track
PRJ-00174,2025-09-01,1598.79,652.19,3.1,On Track
PRJ-00174,2025-10-01,1598.79,675.08,5.9,On Track
PRJ-00174,2025-11-01,1598.79,697.98,8.8,On Track
PRJ-00174,2025-12-01,1598.79,720.87,11.6,On Track
PRJ-00174,2026-01-01,1598.79,743.77,14.5,Delayed
PRJ-00174,2026-02-01,2104.73,766.67,17.3,Delayed
PRJ-00174,2026-03-01,2104.73,789.56,20.2,Delayed
PRJ-00174,2026-04-01,2104.73,812.46,23.0,Delayed
PRJ-00174,2026-05-01,2104.73,835.35,25.9,Delayed
PRJ-00174,2026-06-01,2104.73,858.25,28.7,Delayed
PRJ-00174,2026-07-01,2104.73,881.14,31.6,Delayed
PRJ-00174,2026-08-01,2104.73,904.04,34.4,Delayed
PRJ-00175,2025-09-01,2778.38,909.81,39.3,On Track
PRJ-00175,2025-10-01,2778.38,958.29,40.8,On Track
PRJ-00175,2025-11-01,2778.38,1006.78,42.3,On Track
PRJ-00175,2025-12-01,2778.38,1055.26,43.8,On Track
PRJ-00175,2026-01-01,2778.38,1103.74,45.3,On Track
PRJ-00175,2026-02-01,2778.38,1152.23,46.8,On Track
PRJ-00175,2026-03-01,2778.38,1200.71,48.3,On Track
PRJ-00175,2026-04-01,2778.38,1249.2,49.7,On Track
PRJ-00175,2026-05-01,2778.38,1297.68,51.2,On Track
PRJ-00175,2026-06-01,2778.38,1346.16,52.7,On Track
PRJ-00175,2026-07-01,2778.38,1394.65,54.2,On Track
PRJ-00175,2026-08-01,2778.38,1443.13,55.7,On Track
PRJ-00176,2025-09-01,779.71,255.94,13.3,On Track
PRJ-00176,2025-10-01,779.71,265.71,16.5,On Track
PRJ-00176,2025-11-01,779.71,275.49,19.6,On Track
PRJ-00176,2025-12-01,779.71,285.27,22.8,On Track
PRJ-00176,2026-01-01,779.71,295.04,25.9,On Track
PRJ-00176,2026-02-01,779.71,304.82,29.1,On Track
PRJ-00176,2026-03-01,779.71,314.59,32.3,On Track
PRJ-00176,2026-04-01,779.71,324.37,35.4,On Track
PRJ-00176,2026-05-01,779.71,334.14,38.6,On Track
PRJ-00176,2026-06-01,779.71,343.92,41.8,On Track
PRJ-00176,2026-07-01,779.71,353.69,44.9,On Track
PRJ-00176,2026-08-01,779.71,363.47,48.1,On Track
PRJ-00177,2025-09-01,265.52,96.62,34.1,On Track
PRJ-00177,2025-10-01,265.52,100.93,36.1,On Track
PRJ-00177,2025-11-01,265.52,105.25,38.1,On Track
PRJ-00177,2025-12-01,265.52,109.56,40.1,On Track
PRJ-00177,2026-01-01,265.52,113.88,42.1,On Track
PRJ-00177,2026-02-01,265.52,118.19,44.1,On Track
PRJ-00177,2026-03-01,265.52,122.51,46.2,On Track
PRJ-00177,2026-04-01,265.52,126.82,48.2,On Track
PRJ-00177,2026-05-01,265.52,131.14,50.2,On Track
PRJ-00177,2026-06-01,265.52,135.45,52.2,On Track
PRJ-00177,2026-07-01,265.52,139.77,54.2,On Track
PRJ-00177,2026-08-01,265.52,144.08,56.2,On Track
PRJ-00178,2025-09-01,2138.88,1680.0,73.5,On Track
PRJ-00178,2025-10-01,2138.88,1742.13,75.9,On Track
PRJ-00178,2025-11-01,2138.88,1804.25,78.3,On Track
PRJ-00178,2025-12-01,2138.88,1866.38,80.7,On Track
PRJ-00178,2026-01-01,2138.88,1928.51,83.1,Delayed
PRJ-00178,2026-02-01,2138.88,1990.63,85.5,Delayed
PRJ-00178,2026-03-01,2138.88,2052.76,88.0,Delayed
PRJ-00178,2026-04-01,2138.88,2114.89,90.4,Delayed
PRJ-00178,2026-05-01,2363.39,2177.01,92.8,Delayed
PRJ-00178,2026-06-01,2363.39,2239.14,95.2,Delayed
PRJ-00178,2026-07-01,2363.39,2301.26,97.6,Delayed
PRJ-00178,2026-08-01,2363.39,2363.39,100.0,Completed
PRJ-00179,2025-09-01,1685.26,990.19,68.5,On Track
PRJ-00179,2025-10-01,1685.26,1027.15,70.4,On Track
PRJ-00179,2025-11-01,1685.26,1064.11,72.3,On Track
PRJ-00179,2025-12-01,1685.26,1101.06,74.3,On Track
PRJ-00179,2026-01-01,1685.26,1138.02,76.2,On Track
PRJ-00179,2026-02-01,1685.26,1174.98,78.1,On Track
PRJ-00179,2026-03-01,1685.26,1211.94,80.0,On Track
PRJ-00179,2026-04-01,1685.26,1248.9,82.0,On Track
PRJ-00179,2026-05-01,1685.26,1285.86,83.9,On Track
PRJ-00179,2026-06-01,1685.26,1322.81,85.8,On Track
PRJ-00179,2026-07-01,1685.26,1359.77,87.8,On Track
PRJ-00179,2026-08-01,1685.26,1396.73,89.7,On Track
PRJ-00180,2025-09-01,647.87,340.14,13.9,On Track
PRJ-00180,2025-10-01,647.87,348.96,15.9,On Track
PRJ-00180,2025-11-01,647.87,357.78,17.9,On Track
PRJ-00180,2025-12-01,647.87,366.59,19.9,On Track
PRJ-00180,2026-01-01,647.87,375.41,21.9,Delayed
PRJ-00180,2026-02-01,647.87,384.23,23.9,Delayed
PRJ-00180,2026-03-01,647.87,393.04,25.9,Delayed
PRJ-00180,2026-04-01,647.87,401.86,27.9,Delayed
PRJ-00180,2026-05-01,647.87,410.68,29.8,Delayed
PRJ-00180,2026-06-01,994.25,419.5,31.8,Delayed
PRJ-00180,2026-07-01,994.25,428.31,33.8,Delayed
PRJ-00180,2026-08-01,994.25,437.13,35.8,Delayed
PRJ-00181,2025-09-01,403.67,197.54,31.1,On Track
PRJ-00181,2025-10-01,403.67,206.44,32.8,On Track
PRJ-00181,2025-11-01,403.67,215.35,34.5,On Track
PRJ-00181,2025-12-01,403.67,224.25,36.2,On Track
PRJ-00181,2026-01-01,492.01,233.15,37.9,Delayed
PRJ-00181,2026-02-01,492.01,242.06,39.6,Delayed
PRJ-00181,2026-03-01,492.01,250.96,41.3,Delayed
PRJ-00181,2026-04-01,492.01,259.87,43.0,Delayed
PRJ-00181,2026-05-01,492.01,268.77,44.7,Delayed
PRJ-00181,2026-06-01,492.01,277.67,46.4,Delayed
PRJ-00181,2026-07-01,492.01,286.58,48.1,Delayed
PRJ-00181,2026-08-01,492.01,295.48,49.8,Delayed
PRJ-00182,2025-09-01,2123.91,1956.13,83.7,On Track
PRJ-00182,2025-10-01,2123.91,2006.38,85.2,On Track
PRJ-00182,2025-11-01,2123.91,2056.64,86.7,On Track
PRJ-00182,2025-12-01,2123.91,2106.9,88.2,On Track
PRJ-00182,2026-01-01,2123.91,2157.16,89.7,Delayed
PRJ-00182,2026-02-01,2123.91,2207.42,91.1,Delayed
PRJ-00182,2026-03-01,2123.91,2257.68,92.6,Delayed
PRJ-00182,2026-04-01,2123.91,2307.94,94.1,Delayed
PRJ-00182,2026-05-01,2123.91,2358.2,95.6,Delayed
PRJ-00182,2026-06-01,2508.98,2408.46,97.0,Delayed
PRJ-00182,2026-07-01,2508.98,2458.72,98.5,Delayed
PRJ-00182,2026-08-01,2508.98,2508.98,100.0,Completed
PRJ-00183,2025-09-01,5031.36,1177.54,0.0,On Track
PRJ-00183,2025-10-01,5031.36,1221.6,0.2,On Track
PRJ-00183,2025-11-01,5031.36,1265.66,0.4,On Track
PRJ-00183,2025-12-01,5031.36,1309.72,0.5,On Track
PRJ-00183,2026-01-01,5031.36,1353.78,0.7,Stalled
PRJ-00183,2026-02-01,6968.76,1397.84,0.9,Stalled
PRJ-00183,2026-03-01,6968.76,1441.9,1.1,Stalled
PRJ-00183,2026-04-01,6968.76,1485.95,1.3,Stalled
PRJ-00183,2026-05-01,6968.76,1530.01,1.5,Stalled
PRJ-00183,2026-06-01,6968.76,1574.07,1.6,Stalled
PRJ-00183,2026-07-01,6968.76,1618.13,1.8,Stalled
PRJ-00183,2026-08-01,6968.76,1662.19,2.0,Stalled
PRJ-00184,2025-09-01,904.45,206.35,0.0,On Track
PRJ-00184,2025-10-01,904.45,214.47,0.4,On Track
PRJ-00184,2025-11-01,904.45,222.6,0.8,On Track
PRJ-00184,2025-12-01,904.45,230.72,1.2,On Track
PRJ-00184,2026-01-01,904.45,238.84,1.6,Stalled
PRJ-00184,2026-02-01,1185.77,246.96,2.0,Stalled
PRJ-00184,2026-03-01,1185.77,255.09,2.5,Stalled
PRJ-00184,2026-04-01,1185.77,263.21,2.9,Stalled
PRJ-00184,2026-05-01,1185.77,271.33,3.3,Stalled
PRJ-00184,2026-06-01,1185.77,279.45,3.7,Stalled
PRJ-00184,2026-07-01,1185.77,287.58,4.1,Stalled
PRJ-00184,2026-08-01,1185.77,295.7,4.5,Stalled
PRJ-00185,2025-09-01,363.85,81.86,0.0,On Track
PRJ-00185,2025-10-01,363.85,84.45,0.2,On Track
PRJ-00185,2025-11-01,363.85,87.03,0.4,On Track
PRJ-00185,2025-12-01,363.85,89.61,0.5,On Track
PRJ-00185,2026-01-01,363.85,92.2,0.7,Stalled
PRJ-00185,2026-02-01,363.85,94.78,0.9,Stalled
PRJ-00185,2026-03-01,363.85,97.37,1.1,Stalled
PRJ-00185,2026-04-01,496.2,99.95,1.3,Stalled
PRJ-00185,2026-05-01,496.2,102.54,1.5,Stalled
PRJ-00185,2026-06-01,496.2,105.12,1.6,Stalled
PRJ-00185,2026-07-01,496.2,107.71,1.8,Stalled
PRJ-00185,2026-08-01,496.2,110.29,2.0,Stalled
PRJ-00186,2025-09-01,342.36,292.96,74.9,On Track
PRJ-00186,2025-10-01,342.36,304.32,77.2,On Track
PRJ-00186,2025-11-01,342.36,315.68,79.5,On Track
PRJ-00186,2025-12-01,342.36,327.04,81.7,On Track
PRJ-00186,2026-01-01,342.36,338.4,84.0,Delayed
PRJ-00186,2026-02-01,342.36,349.76,86.3,Delayed
PRJ-00186,2026-03-01,342.36,361.12,88.6,Delayed
PRJ-00186,2026-04-01,417.92,372.48,90.9,Delayed
PRJ-00186,2026-05-01,417.92,383.84,93.2,Delayed
PRJ-00186,2026-06-01,417.92,395.2,95.4,Delayed
PRJ-00186,2026-07-01,417.92,406.56,97.7,Delayed
PRJ-00186,2026-08-01,417.92,417.92,100.0,Completed
PRJ-00187,2025-09-01,2358.68,1362.03,24.2,On Track
PRJ-00187,2025-10-01,2358.68,1430.03,26.6,On Track
PRJ-00187,2025-11-01,2358.68,1498.04,29.0,On Track
PRJ-00187,2025-12-01,2358.68,1566.04,31.4,On Track
PRJ-00187,2026-01-01,2358.68,1634.04,33.8,Delayed
PRJ-00187,2026-02-01,2358.68,1702.05,36.1,Delayed
PRJ-00187,2026-03-01,3255.9,1770.05,38.5,Delayed
PRJ-00187,2026-04-01,3255.9,1838.06,40.9,Delayed
PRJ-00187,2026-05-01,3255.9,1906.06,43.3,Delayed
PRJ-00187,2026-06-01,3255.9,1974.06,45.7,Delayed
PRJ-00187,2026-07-01,3255.9,2042.07,48.1,Delayed
PRJ-00187,2026-08-01,3255.9,2110.07,50.5,Delayed
PRJ-00188,2025-09-01,269.34,234.3,68.4,On Track
PRJ-00188,2025-10-01,269.34,245.78,71.3,On Track
PRJ-00188,2025-11-01,269.34,257.27,74.1,On Track
PRJ-00188,2025-12-01,269.34,268.75,77.0,On Track
PRJ-00188,2026-01-01,269.34,280.23,79.9,Delayed
PRJ-00188,2026-02-01,269.34,291.71,82.8,Delayed
PRJ-00188,2026-03-01,269.34,303.2,85.6,Delayed
PRJ-00188,2026-04-01,269.34,314.68,88.5,Delayed
PRJ-00188,2026-05-01,360.61,326.16,91.4,Delayed
PRJ-00188,2026-06-01,360.61,337.64,94.3,Delayed
PRJ-00188,2026-07-01,360.61,349.13,97.1,Delayed
PRJ-00188,2026-08-01,360.61,360.61,100.0,Completed
PRJ-00189,2025-09-01,260.36,45.1,3.6,On Track
PRJ-00189,2025-10-01,260.36,47.06,5.8,On Track
PRJ-00189,2025-11-01,260.36,49.02,7.9,On Track
PRJ-00189,2025-12-01,260.36,50.97,10.1,On Track
PRJ-00189,2026-01-01,260.36,52.93,12.2,On Track
PRJ-00189,2026-02-01,260.36,54.89,14.3,On Track
PRJ-00189,2026-03-01,260.36,56.85,16.5,On Track
PRJ-00189,2026-04-01,260.36,58.81,18.6,On Track
PRJ-00189,2026-05-01,260.36,60.77,20.8,On Track
PRJ-00189,2026-06-01,260.36,62.72,22.9,On Track
PRJ-00189,2026-07-01,260.36,64.68,25.1,On Track
PRJ-00189,2026-08-01,260.36,66.64,27.2,On Track
PRJ-00190,2025-09-01,960.14,273.17,0.0,On Track
PRJ-00190,2025-10-01,960.14,284.57,1.7,On Track
PRJ-00190,2025-11-01,960.14,295.97,3.4,On Track
PRJ-00190,2025-12-01,960.14,307.36,5.2,On Track
PRJ-00190,2026-01-01,960.14,318.76,6.9,Stalled
PRJ-00190,2026-02-01,960.14,330.15,8.6,Stalled
PRJ-00190,2026-03-01,960.14,341.55,10.3,Delayed
PRJ-00190,2026-04-01,960.14,352.95,12.0,Delayed
PRJ-00190,2026-05-01,1288.16,364.34,13.7,Delayed
PRJ-00190,2026-06-01,1288.16,375.74,15.5,Delayed
PRJ-00190,2026-07-01,1288.16,387.13,17.2,Delayed
PRJ-00190,2026-08-01,1288.16,398.53,18.9,Delayed
PRJ-00191,2025-09-01,1036.02,657.15,70.8,On Track
PRJ-00191,2025-10-01,1036.02,691.59,73.4,On Track
PRJ-00191,2025-11-01,1036.02,726.04,76.1,On Track
PRJ-00191,2025-12-01,1036.02,760.48,78.7,On Track
PRJ-00191,2026-01-01,1036.02,794.92,81.4,On Track
PRJ-00191,2026-02-01,1036.02,829.36,84.1,On Track
PRJ-00191,2026-03-01,1036.02,863.81,86.7,On Track
PRJ-00191,2026-04-01,1036.02,898.25,89.4,On Track
PRJ-00191,2026-05-01,1036.02,932.69,92.0,On Track
PRJ-00191,2026-06-01,1036.02,967.13,94.7,On Track
PRJ-00191,2026-07-01,1036.02,1001.58,97.3,On Track
PRJ-00191,2026-08-01,1036.02,1036.02,100.0,Completed
PRJ-00192,2025-09-01,632.68,418.24,70.0,On Track
PRJ-00192,2025-10-01,632.68,437.73,72.7,On Track
PRJ-00192,2025-11-01,632.68,457.23,75.5,On Track
PRJ-00192,2025-12-01,632.68,476.72,78.2,On Track
PRJ-00192,2026-01-01,632.68,496.22,80.9,On Track
PRJ-00192,2026-02-01,632.68,515.71,83.6,On Track
PRJ-00192,2026-03-01,632.68,535.21,86.4,On Track
PRJ-00192,2026-04-01,632.68,554.7,89.1,On Track
PRJ-00192,2026-05-01,632.68,574.2,91.8,On Track
PRJ-00192,2026-06-01,632.68,593.69,94.5,On Track
PRJ-00192,2026-07-01,632.68,613.19,97.3,On Track
PRJ-00192,2026-08-01,632.68,632.68,100.0,Completed
PRJ-00193,2025-09-01,592.45,74.23,0.0,On Track
PRJ-00193,2025-10-01,592.45,77.11,0.2,On Track
PRJ-00193,2025-11-01,592.45,79.99,0.4,On Track
PRJ-00193,2025-12-01,592.45,82.87,0.5,On Track
PRJ-00193,2026-01-01,592.45,85.75,0.7,Stalled
PRJ-00193,2026-02-01,592.45,88.62,0.9,Stalled
PRJ-00193,2026-03-01,735.97,91.5,1.1,Stalled
PRJ-00193,2026-04-01,735.97,94.38,1.3,Stalled
PRJ-00193,2026-05-01,735.97,97.26,1.5,Stalled
PRJ-00193,2026-06-01,735.97,100.13,1.6,Stalled
PRJ-00193,2026-07-01,735.97,103.01,1.8,Stalled
PRJ-00193,2026-08-01,735.97,105.89,2.0,Stalled
PRJ-00194,2025-09-01,344.1,165.11,26.6,On Track
PRJ-00194,2025-10-01,344.1,173.82,29.1,On Track
PRJ-00194,2025-11-01,344.1,182.54,31.6,On Track
PRJ-00194,2025-12-01,411.95,191.25,34.1,On Track
PRJ-00194,2026-01-01,411.95,199.97,36.6,Delayed
PRJ-00194,2026-02-01,411.95,208.68,39.1,Delayed
PRJ-00194,2026-03-01,411.95,217.4,41.6,Delayed
PRJ-00194,2026-04-01,411.95,226.11,44.1,Delayed
PRJ-00194,2026-05-01,411.95,234.83,46.6,Delayed
PRJ-00194,2026-06-01,411.95,243.54,49.1,Delayed
PRJ-00194,2026-07-01,411.95,252.26,51.6,Delayed
PRJ-00194,2026-08-01,411.95,260.97,54.1,Delayed
PRJ-00195,2025-09-01,1274.11,927.44,83.1,On Track
PRJ-00195,2025-10-01,1274.11,958.96,84.7,On Track
PRJ-00195,2025-11-01,1274.11,990.47,86.2,On Track
PRJ-00195,2025-12-01,1274.11,1021.99,87.7,On Track
PRJ-00195,2026-01-01,1274.11,1053.5,89.3,On Track
PRJ-00195,2026-02-01,1274.11,1085.02,90.8,On Track
PRJ-00195,2026-03-01,1274.11,1116.53,92.3,On Track
PRJ-00195,2026-04-01,1274.11,1148.05,93.9,On Track
PRJ-00195,2026-05-01,1274.11,1179.56,95.4,On Track
PRJ-00195,2026-06-01,1274.11,1211.08,96.9,On Track
PRJ-00195,2026-07-01,1274.11,1242.59,98.5,On Track
PRJ-00195,2026-08-01,1274.11,1274.11,100.0,Completed
PRJ-00196,2025-09-01,1029.71,261.05,6.7,On Track
PRJ-00196,2025-10-01,1029.71,272.16,8.2,On Track
PRJ-00196,2025-11-01,1029.71,283.26,9.8,On Track
PRJ-00196,2025-12-01,1029.71,294.36,11.3,On Track
PRJ-00196,2026-01-01,1029.71,305.47,12.8,Delayed
PRJ-00196,2026-02-01,1029.71,316.57,14.3,Delayed
PRJ-00196,2026-03-01,1200.33,327.67,15.8,Delayed
PRJ-00196,2026-04-01,1200.33,338.78,17.3,Delayed
PRJ-00196,2026-05-01,1200.33,349.88,18.8,Delayed
PRJ-00196,2026-06-01,1200.33,360.98,20.3,Delayed
PRJ-00196,2026-07-01,1200.33,372.09,21.8,Delayed
PRJ-00196,2026-08-01,1200.33,383.19,23.3,Delayed
PRJ-00197,2025-09-01,1329.36,866.09,31.8,On Track
PRJ-00197,2025-10-01,1329.36,907.78,33.9,On Track
PRJ-00197,2025-11-01,1329.36,949.46,36.0,On Track
PRJ-00197,2025-12-01,1329.36,991.14,38.0,On Track
PRJ-00197,2026-01-01,2007.01,1032.83,40.1,Delayed
PRJ-00197,2026-02-01,2007.01,1074.51,42.1,Delayed
PRJ-00197,2026-03-01,2007.01,1116.19,44.2,Delayed
PRJ-00197,2026-04-01,2007.01,1157.88,46.3,Delayed
PRJ-00197,2026-05-01,2007.01,1199.56,48.3,Delayed
PRJ-00197,2026-06-01,2007.01,1241.24,50.4,Delayed
PRJ-00197,2026-07-01,2007.01,1282.93,52.4,Delayed
PRJ-00197,2026-08-01,2007.01,1324.61,54.5,Delayed
PRJ-00198,2025-09-01,2925.57,363.29,0.0,On Track
PRJ-00198,2025-10-01,2925.57,380.65,0.2,On Track
PRJ-00198,2025-11-01,2925.57,398.0,0.4,On Track
PRJ-00198,2025-12-01,2925.57,415.36,0.5,On Track
PRJ-00198,2026-01-01,3604.73,432.72,0.7,Stalled
PRJ-00198,2026-02-01,3604.73,450.07,0.9,Stalled
PRJ-00198,2026-03-01,3604.73,467.43,1.1,Stalled
PRJ-00198,2026-04-01,3604.73,484.79,1.3,Stalled
PRJ-00198,2026-05-01,3604.73,502.14,1.5,Stalled
PRJ-00198,2026-06-01,3604.73,519.5,1.6,Stalled
PRJ-00198,2026-07-01,3604.73,536.85,1.8,Stalled
PRJ-00198,2026-08-01,3604.73,554.21,2.0,Stalled
PRJ-00199,2025-09-01,363.05,127.54,19.0,On Track
PRJ-00199,2025-10-01,363.05,133.67,20.6,On Track
PRJ-00199,2025-11-01,363.05,139.8,22.2,On Track
PRJ-00199,2025-12-01,363.05,145.94,23.8,On Track
PRJ-00199,2026-01-01,363.05,152.07,25.4,Delayed
PRJ-00199,2026-02-01,363.05,158.21,27.0,Delayed
PRJ-00199,2026-03-01,363.05,164.34,28.6,Delayed
PRJ-00199,2026-04-01,363.05,170.47,30.1,Delayed
PRJ-00199,2026-05-01,363.05,176.61,31.7,Delayed
PRJ-00199,2026-06-01,416.04,182.74,33.3,Delayed
PRJ-00199,2026-07-01,416.04,188.88,34.9,Delayed
PRJ-00199,2026-08-01,416.04,195.01,36.5,Delayed
PRJ-00200,2025-09-01,16990.27,3265.62,0.0,On Track
PRJ-00200,2025-10-01,16990.27,3439.53,0.2,On Track
PRJ-00200,2025-11-01,16990.27,3613.45,0.4,On Track
PRJ-00200,2025-12-01,16990.27,3787.37,0.5,On Track
PRJ-00200,2026-01-01,16990.27,3961.28,0.7,Stalled
PRJ-00200,2026-02-01,16990.27,4135.2,0.9,Stalled
PRJ-00200,2026-03-01,16990.27,4309.12,1.1,Stalled
PRJ-00200,2026-04-01,16990.27,4483.03,1.3,Stalled
PRJ-00200,2026-05-01,20916.94,4656.95,1.5,Stalled
PRJ-00200,2026-06-01,20916.94,4830.87,1.6,Stalled
PRJ-00200,2026-07-01,20916.94,5004.78,1.8,Stalled
PRJ-00200,2026-08-01,20916.94,5178.7,2.0,Stalled
PRJ-00201,2025-09-01,475.13,117.69,0.0,On Track
PRJ-00201,2025-10-01,475.13,120.75,0.2,On Track
PRJ-00201,2025-11-01,475.13,123.82,0.4,On Track
PRJ-00201,2025-12-01,475.13,126.88,0.5,On Track
PRJ-00201,2026-01-01,611.09,129.94,0.7,Stalled
PRJ-00201,2026-02-01,611.09,133.0,0.9,Stalled
PRJ-00201,2026-03-01,611.09,136.07,1.1,Stalled
PRJ-00201,2026-04-01,611.09,139.13,1.3,Stalled
PRJ-00201,2026-05-01,611.09,142.19,1.5,Stalled
PRJ-00201,2026-06-01,611.09,145.25,1.6,Stalled
PRJ-00201,2026-07-01,611.09,148.32,1.8,Stalled
PRJ-00201,2026-08-01,611.09,151.38,2.0,Stalled
PRJ-00202,2025-09-01,6175.45,3013.17,41.8,On Track
PRJ-00202,2025-10-01,6175.45,3097.11,44.1,On Track
PRJ-00202,2025-11-01,6175.45,3181.05,46.5,On Track
PRJ-00202,2025-12-01,6175.45,3264.98,48.8,On Track
PRJ-00202,2026-01-01,6175.45,3348.92,51.2,On Track
PRJ-00202,2026-02-01,6175.45,3432.86,53.6,On Track
PRJ-00202,2026-03-01,6175.45,3516.8,55.9,On Track
PRJ-00202,2026-04-01,6175.45,3600.74,58.3,On Track
PRJ-00202,2026-05-01,6175.45,3684.68,60.6,On Track
PRJ-00202,2026-06-01,6175.45,3768.61,63.0,On Track
PRJ-00202,2026-07-01,6175.45,3852.55,65.3,On Track
PRJ-00202,2026-08-01,6175.45,3936.49,67.7,On Track
PRJ-00203,2025-09-01,4160.92,1952.17,8.0,On Track
PRJ-00203,2025-10-01,4160.92,2043.74,10.1,On Track
PRJ-00203,2025-11-01,4160.92,2135.32,12.2,On Track
PRJ-00203,2025-12-01,4160.92,2226.89,14.3,On Track
PRJ-00203,2026-01-01,4160.92,2318.46,16.5,Delayed
PRJ-00203,2026-02-01,4160.92,2410.03,18.6,Delayed
PRJ-00203,2026-03-01,4160.92,2501.6,20.7,Delayed
PRJ-00203,2026-04-01,4160.92,2593.17,22.8,Delayed
PRJ-00203,2026-05-01,4160.92,2684.75,24.9,Delayed
PRJ-00203,2026-06-01,5293.07,2776.32,27.1,Delayed
PRJ-00203,2026-07-01,5293.07,2867.89,29.2,Delayed
PRJ-00203,2026-08-01,5293.07,2959.46,31.3,Delayed
PRJ-00204,2025-09-01,1097.18,704.85,21.8,On Track
PRJ-00204,2025-10-01,1097.18,737.31,24.7,On Track
PRJ-00204,2025-11-01,1097.18,769.76,27.6,On Track
PRJ-00204,2025-12-01,1097.18,802.22,30.5,On Track
PRJ-00204,2026-01-01,1097.18,834.67,33.3,Delayed
PRJ-00204,2026-02-01,1097.18,867.13,36.2,Delayed
PRJ-00204,2026-03-01,1097.18,899.58,39.1,Delayed
PRJ-00204,2026-04-01,1097.18,932.04,42.0,Delayed
PRJ-00204,2026-05-01,1097.18,964.49,44.9,Delayed
PRJ-00204,2026-06-01,1583.46,996.95,47.7,Delayed
PRJ-00204,2026-07-01,1583.46,1029.4,50.6,Delayed
PRJ-00204,2026-08-01,1583.46,1061.86,53.5,Delayed
PRJ-00205,2025-09-01,1433.24,1251.62,71.7,On Track
PRJ-00205,2025-10-01,1433.24,1308.07,74.3,On Track
PRJ-00205,2025-11-01,1433.24,1364.52,76.8,On Track
PRJ-00205,2025-12-01,1433.24,1420.98,79.4,On Track
PRJ-00205,2026-01-01,1433.24,1477.43,82.0,Delayed
PRJ-00205,2026-02-01,1872.59,1533.88,84.6,Delayed
PRJ-00205,2026-03-01,1872.59,1590.33,87.1,Delayed
PRJ-00205,2026-04-01,1872.59,1646.78,89.7,Delayed
PRJ-00205,2026-05-01,1872.59,1703.23,92.3,Delayed
PRJ-00205,2026-06-01,1872.59,1759.69,94.9,Delayed
PRJ-00205,2026-07-01,1872.59,1816.14,97.4,Delayed
PRJ-00205,2026-08-01,1872.59,1872.59,100.0,Completed
PRJ-00206,2025-09-01,699.84,101.27,0.0,On Track
PRJ-00206,2025-10-01,699.84,103.92,0.2,On Track
PRJ-00206,2025-11-01,699.84,106.58,0.5,On Track
PRJ-00206,2025-12-01,699.84,109.23,0.7,On Track
PRJ-00206,2026-01-01,699.84,111.88,0.9,Stalled
PRJ-00206,2026-02-01,762.54,114.53,1.1,Stalled
PRJ-00206,2026-03-01,762.54,117.18,1.4,Stalled
PRJ-00206,2026-04-01,762.54,119.83,1.6,Stalled
PRJ-00206,2026-05-01,762.54,122.49,1.8,Stalled
PRJ-00206,2026-06-01,762.54,125.14,2.0,Stalled
PRJ-00206,2026-07-01,762.54,127.79,2.3,Stalled
PRJ-00206,2026-08-01,762.54,130.44,2.5,Stalled
PRJ-00207,2025-09-01,479.36,307.98,15.2,On Track
PRJ-00207,2025-10-01,479.36,315.47,17.5,On Track
PRJ-00207,2025-11-01,479.36,322.97,19.8,On Track
PRJ-00207,2025-12-01,479.36,330.46,22.1,On Track
PRJ-00207,2026-01-01,479.36,337.95,24.4,Delayed
PRJ-00207,2026-02-01,479.36,345.44,26.6,Delayed
PRJ-00207,2026-03-01,711.65,352.93,28.9,Delayed
PRJ-00207,2026-04-01,711.65,360.42,31.2,Delayed
PRJ-00207,2026-05-01,711.65,367.92,33.5,Delayed
PRJ-00207,2026-06-01,711.65,375.41,35.8,Delayed
PRJ-00207,2026-07-01,711.65,382.9,38.1,Delayed
PRJ-00207,2026-08-01,711.65,390.39,40.4,Delayed
PRJ-00208,2025-09-01,192.55,15.32,0.0,On Track
PRJ-00208,2025-10-01,192.55,15.67,0.9,On Track
PRJ-00208,2025-11-01,192.55,16.03,1.9,On Track
PRJ-00208,2025-12-01,192.55,16.38,2.8,On Track
PRJ-00208,2026-01-01,192.55,16.74,3.7,On Track
PRJ-00208,2026-02-01,192.55,17.09,4.6,On Track
PRJ-00208,2026-03-01,192.55,17.44,5.6,On Track
PRJ-00208,2026-04-01,192.55,17.8,6.5,On Track
PRJ-00208,2026-05-01,192.55,18.15,7.4,On Track
PRJ-00208,2026-06-01,192.55,18.5,8.3,On Track
PRJ-00208,2026-07-01,192.55,18.86,9.3,On Track
PRJ-00208,2026-08-01,192.55,19.21,10.2,On Track
PRJ-00209,2025-09-01,258.86,194.23,80.5,On Track
PRJ-00209,2025-10-01,258.86,200.11,82.3,On Track
PRJ-00209,2025-11-01,258.86,205.98,84.1,On Track
PRJ-00209,2025-12-01,258.86,211.86,85.8,On Track
PRJ-00209,2026-01-01,258.86,217.73,87.6,On Track
PRJ-00209,2026-02-01,258.86,223.61,89.4,On Track
PRJ-00209,2026-03-01,258.86,229.48,91.1,On Track
PRJ-00209,2026-04-01,258.86,235.36,92.9,On Track
PRJ-00209,2026-05-01,258.86,241.23,94.7,On Track
PRJ-00209,2026-06-01,258.86,247.11,96.5,On Track
PRJ-00209,2026-07-01,258.86,252.98,98.2,On Track
PRJ-00209,2026-08-01,258.86,258.86,100.0,Completed
PRJ-00210,2025-09-01,1386.82,845.6,51.1,On Track
PRJ-00210,2025-10-01,1386.82,872.91,53.9,On Track
PRJ-00210,2025-11-01,1386.82,900.22,56.7,On Track
PRJ-00210,2025-12-01,1386.82,927.53,59.4,On Track
PRJ-00210,2026-01-01,1386.82,954.85,62.2,On Track
PRJ-00210,2026-02-01,1386.82,982.16,65.0,On Track
PRJ-00210,2026-03-01,1386.82,1009.47,67.7,On Track
PRJ-00210,2026-04-01,1386.82,1036.78,70.5,On Track
PRJ-00210,2026-05-01,1386.82,1064.09,73.3,On Track
PRJ-00210,2026-06-01,1386.82,1091.4,76.1,On Track
PRJ-00210,2026-07-01,1386.82,1118.71,78.8,On Track
PRJ-00210,2026-08-01,1386.82,1146.02,81.6,On Track
PRJ-00211,2025-09-01,690.35,451.15,69.5,On Track
PRJ-00211,2025-10-01,690.35,472.89,72.3,On Track
PRJ-00211,2025-11-01,690.35,494.64,75.0,On Track
PRJ-00211,2025-12-01,690.35,516.39,77.8,On Track
PRJ-00211,2026-01-01,690.35,538.13,80.6,On Track
PRJ-00211,2026-02-01,690.35,559.88,83.4,On Track
PRJ-00211,2026-03-01,690.35,581.62,86.1,On Track
PRJ-00211,2026-04-01,690.35,603.37,88.9,On Track
PRJ-00211,2026-05-01,690.35,625.11,91.7,On Track
PRJ-00211,2026-06-01,690.35,646.86,94.5,On Track
PRJ-00211,2026-07-01,690.35,668.6,97.2,On Track
PRJ-00211,2026-08-01,690.35,690.35,100.0,Completed
PRJ-00212,2025-09-01,253.31,197.38,70.5,On Track
PRJ-00212,2025-10-01,253.31,202.47,73.1,On Track
PRJ-00212,2025-11-01,253.31,207.55,75.8,On Track
PRJ-00212,2025-12-01,253.31,212.63,78.5,On Track
PRJ-00212,2026-01-01,253.31,217.72,81.2,On Track
PRJ-00212,2026-02-01,253.31,222.8,83.9,On Track
PRJ-00212,2026-03-01,253.31,227.89,86.6,On Track
PRJ-00212,2026-04-01,253.31,232.97,89.3,On Track
PRJ-00212,2026-05-01,253.31,238.06,91.9,On Track
PRJ-00212,2026-06-01,253.31,243.14,94.6,On Track
PRJ-00212,2026-07-01,253.31,248.23,97.3,On Track
PRJ-00212,2026-08-01,253.31,253.31,100.0,Completed
PRJ-00213,2025-09-01,2085.25,258.76,0.0,On Track
PRJ-00213,2025-10-01,2085.25,267.85,0.2,On Track
PRJ-00213,2025-11-01,2085.25,276.95,0.4,On Track
PRJ-00213,2025-12-01,2085.25,286.05,0.5,On Track
PRJ-00213,2026-01-01,2451.86,295.14,0.7,Stalled
PRJ-00213,2026-02-01,2451.86,304.24,0.9,Stalled
PRJ-00213,2026-03-01,2451.86,313.34,1.1,Stalled
PRJ-00213,2026-04-01,2451.86,322.43,1.3,Stalled
PRJ-00213,2026-05-01,2451.86,331.53,1.5,Stalled
PRJ-00213,2026-06-01,2451.86,340.63,1.6,Stalled
PRJ-00213,2026-07-01,2451.86,349.72,1.8,Stalled
PRJ-00213,2026-08-01,2451.86,358.82,2.0,Stalled
PRJ-00214,2025-09-01,723.81,568.24,79.6,On Track
PRJ-00214,2025-10-01,723.81,582.38,81.4,On Track
PRJ-00214,2025-11-01,723.81,596.52,83.3,On Track
PRJ-00214,2025-12-01,723.81,610.67,85.1,On Track
PRJ-00214,2026-01-01,723.81,624.81,87.0,On Track
PRJ-00214,2026-02-01,723.81,638.95,88.9,On Track
PRJ-00214,2026-03-01,723.81,653.09,90.7,On Track
PRJ-00214,2026-04-01,723.81,667.24,92.6,On Track
PRJ-00214,2026-05-01,723.81,681.38,94.4,On Track
PRJ-00214,2026-06-01,723.81,695.52,96.3,On Track
PRJ-00214,2026-07-01,723.81,709.67,98.1,On Track
PRJ-00214,2026-08-01,723.81,723.81,100.0,Completed
PRJ-00215,2025-09-01,896.89,669.98,78.8,On Track
PRJ-00215,2025-10-01,896.89,690.6,80.8,On Track
PRJ-00215,2025-11-01,896.89,711.23,82.7,On Track
PRJ-00215,2025-12-01,896.89,731.86,84.6,On Track
PRJ-00215,2026-01-01,896.89,752.49,86.5,On Track
PRJ-00215,2026-02-01,896.89,773.12,88.5,On Track
PRJ-00215,2026-03-01,896.89,793.75,90.4,On Track
PRJ-00215,2026-04-01,896.89,814.38,92.3,On Track
PRJ-00215,2026-05-01,896.89,835.0,94.2,On Track
PRJ-00215,2026-06-01,896.89,855.63,96.2,On Track
PRJ-00215,2026-07-01,896.89,876.26,98.1,On Track
PRJ-00215,2026-08-01,896.89,896.89,100.0,Completed
PRJ-00216,2025-09-01,943.56,670.14,21.6,On Track
PRJ-00216,2025-10-01,943.56,685.97,24.8,On Track
PRJ-00216,2025-11-01,943.56,701.8,27.9,On Track
PRJ-00216,2025-12-01,943.56,717.62,31.1,On Track
PRJ-00216,2026-01-01,943.56,733.45,34.2,Delayed
PRJ-00216,2026-02-01,943.56,749.28,37.4,Delayed
PRJ-00216,2026-03-01,943.56,765.11,40.6,Delayed
PRJ-00216,2026-04-01,943.56,780.93,43.7,Delayed
PRJ-00216,2026-05-01,943.56,796.76,46.9,Delayed
PRJ-00216,2026-06-01,1301.63,812.59,50.1,Delayed
PRJ-00216,2026-07-01,1301.63,828.41,53.2,Delayed
PRJ-00216,2026-08-01,1301.63,844.24,56.4,Delayed
PRJ-00217,2025-09-01,910.92,660.92,68.5,On Track
PRJ-00217,2025-10-01,910.92,683.65,71.4,On Track
PRJ-00217,2025-11-01,910.92,706.37,74.2,On Track
PRJ-00217,2025-12-01,910.92,729.1,77.1,On Track
PRJ-00217,2026-01-01,910.92,751.83,80.0,On Track
PRJ-00217,2026-02-01,910.92,774.56,82.8,On Track
PRJ-00217,2026-03-01,910.92,797.28,85.7,On Track
PRJ-00217,2026-04-01,910.92,820.01,88.6,On Track
PRJ-00217,2026-05-01,910.92,842.74,91.4,On Track
PRJ-00217,2026-06-01,910.92,865.47,94.3,On Track
PRJ-00217,2026-07-01,910.92,888.19,97.1,On Track
PRJ-00217,2026-08-01,910.92,910.92,100.0,Completed
PRJ-00218,2025-09-01,636.71,502.16,64.3,On Track
PRJ-00218,2025-10-01,636.71,523.13,66.0,On Track
PRJ-00218,2025-11-01,636.71,544.1,67.7,On Track
PRJ-00218,2025-12-01,770.56,565.07,69.3,On Track
PRJ-00218,2026-01-01,770.56,586.04,71.0,Delayed
PRJ-00218,2026-02-01,770.56,607.01,72.7,Delayed
PRJ-00218,2026-03-01,770.56,627.98,74.4,Delayed
PRJ-00218,2026-04-01,770.56,648.96,76.0,Delayed
PRJ-00218,2026-05-01,770.56,669.93,77.7,Delayed
PRJ-00218,2026-06-01,770.56,690.9,79.4,Delayed
PRJ-00218,2026-07-01,770.56,711.87,81.0,Delayed
PRJ-00218,2026-08-01,770.56,732.84,82.7,Delayed
PRJ-00219,2025-09-01,319.31,285.43,79.1,On Track
PRJ-00219,2025-10-01,319.31,295.64,81.0,On Track
PRJ-00219,2025-11-01,319.31,305.86,82.9,On Track
PRJ-00219,2025-12-01,319.31,316.07,84.8,On Track
PRJ-00219,2026-01-01,319.31,326.28,86.7,Delayed
PRJ-00219,2026-02-01,319.31,336.49,88.6,Delayed
PRJ-00219,2026-03-01,319.31,346.7,90.5,Delayed
PRJ-00219,2026-04-01,319.31,356.91,92.4,Delayed
PRJ-00219,2026-05-01,397.76,367.13,94.3,Delayed
PRJ-00219,2026-06-01,397.76,377.34,96.2,Delayed
PRJ-00219,2026-07-01,397.76,387.55,98.1,Delayed
PRJ-00219,2026-08-01,397.76,397.76,100.0,Completed
PRJ-00220,2025-09-01,467.08,78.03,2.5,On Track
PRJ-00220,2025-10-01,467.08,81.2,4.5,On Track
PRJ-00220,2025-11-01,467.08,84.37,6.6,On Track
PRJ-00220,2025-12-01,467.08,87.54,8.6,On Track
PRJ-00220,2026-01-01,467.08,90.71,10.6,On Track
PRJ-00220,2026-02-01,467.08,93.89,12.6,On Track
PRJ-00220,2026-03-01,467.08,97.06,14.6,On Track
PRJ-00220,2026-04-01,467.08,100.23,16.6,On Track
PRJ-00220,2026-05-01,467.08,103.4,18.7,On Track
PRJ-00220,2026-06-01,467.08,106.57,20.7,On Track
PRJ-00220,2026-07-01,467.08,109.74,22.7,On Track
PRJ-00220,2026-08-01,467.08,112.91,24.7,On Track
PRJ-00221,2025-09-01,7192.12,2107.95,0.0,On Track
PRJ-00221,2025-10-01,7192.12,2216.55,1.8,On Track
PRJ-00221,2025-11-01,7192.12,2325.16,3.7,On Track
PRJ-00221,2025-12-01,7192.12,2433.76,5.5,On Track
PRJ-00221,2026-01-01,7192.12,2542.37,7.4,Stalled
PRJ-00221,2026-02-01,7192.12,2650.97,9.2,Stalled
PRJ-00221,2026-03-01,7192.12,2759.58,11.1,Delayed
PRJ-00221,2026-04-01,7192.12,2868.18,12.9,Delayed
PRJ-00221,2026-05-01,7192.12,2976.79,14.8,Delayed
PRJ-00221,2026-06-01,10242.8,3085.39,16.6,Delayed
PRJ-00221,2026-07-01,10242.8,3194.0,18.5,Delayed
PRJ-00221,2026-08-01,10242.8,3302.6,20.3,Delayed
PRJ-00222,2025-09-01,4116.88,2368.55,38.5,On Track
PRJ-00222,2025-10-01,4116.88,2511.67,39.9,On Track
PRJ-00222,2025-11-01,4116.88,2654.78,41.4,On Track
PRJ-00222,2025-12-01,4116.88,2797.9,42.9,On Track
PRJ-00222,2026-01-01,4116.88,2941.02,44.3,Delayed
PRJ-00222,2026-02-01,4116.88,3084.14,45.8,Delayed
PRJ-00222,2026-03-01,4116.88,3227.25,47.3,Delayed
PRJ-00222,2026-04-01,4116.88,3370.37,48.7,Delayed
PRJ-00222,2026-05-01,5271.23,3513.49,50.2,Delayed
PRJ-00222,2026-06-01,5271.23,3656.61,51.7,Delayed
PRJ-00222,2026-07-01,5271.23,3799.72,53.1,Delayed
PRJ-00222,2026-08-01,5271.23,3942.84,54.6,Delayed
PRJ-00223,2025-09-01,1077.93,710.69,73.2,On Track
PRJ-00223,2025-10-01,1077.93,744.07,75.6,On Track
PRJ-00223,2025-11-01,1077.93,777.46,78.0,On Track
PRJ-00223,2025-12-01,1077.93,810.85,80.5,On Track
PRJ-00223,2026-01-01,1077.93,844.23,82.9,On Track
PRJ-00223,2026-02-01,1077.93,877.62,85.4,On Track
PRJ-00223,2026-03-01,1077.93,911.0,87.8,On Track
PRJ-00223,2026-04-01,1077.93,944.39,90.2,On Track
PRJ-00223,2026-05-01,1077.93,977.77,92.7,On Track
PRJ-00223,2026-06-01,1077.93,1011.16,95.1,On Track
PRJ-00223,2026-07-01,1077.93,1044.54,97.6,On Track
PRJ-00223,2026-08-01,1077.93,1077.93,100.0,Completed
PRJ-00224,2025-09-01,588.32,453.81,78.4,On Track
PRJ-00224,2025-10-01,588.32,473.48,80.3,On Track
PRJ-00224,2025-11-01,588.32,493.15,82.3,On Track
PRJ-00224,2025-12-01,670.16,512.82,84.3,On Track
PRJ-00224,2026-01-01,670.16,532.49,86.2,Delayed
PRJ-00224,2026-02-01,670.16,552.15,88.2,Delayed
PRJ-00224,2026-03-01,670.16,571.82,90.2,Delayed
PRJ-00224,2026-04-01,670.16,591.49,92.1,Delayed
PRJ-00224,2026-05-01,670.16,611.16,94.1,Delayed
PRJ-00224,2026-06-01,670.16,630.82,96.1,Delayed
PRJ-00224,2026-07-01,670.16,650.49,98.0,Delayed
PRJ-00224,2026-08-01,670.16,670.16,100.0,Completed
PRJ-00225,2025-09-01,840.55,656.88,70.9,On Track
PRJ-00225,2025-10-01,840.55,686.62,73.6,On Track
PRJ-00225,2025-11-01,840.55,716.36,76.2,On Track
PRJ-00225,2025-12-01,840.55,746.09,78.8,On Track
PRJ-00225,2026-01-01,840.55,775.83,81.5,Delayed
PRJ-00225,2026-02-01,983.99,805.57,84.1,Delayed
PRJ-00225,2026-03-01,983.99,835.31,86.8,Delayed
PRJ-00225,2026-04-01,983.99,865.04,89.4,Delayed
PRJ-00225,2026-05-01,983.99,894.78,92.1,Delayed
PRJ-00225,2026-06-01,983.99,924.52,94.7,Delayed
PRJ-00225,2026-07-01,983.99,954.25,97.4,Delayed
PRJ-00225,2026-08-01,983.99,983.99,100.0,Completed
PRJ-00226,2025-09-01,224.21,169.36,69.3,On Track
PRJ-00226,2025-10-01,224.21,174.34,72.1,On Track
PRJ-00226,2025-11-01,224.21,179.33,74.8,On Track
PRJ-00226,2025-12-01,224.21,184.32,77.6,On Track
PRJ-00226,2026-01-01,224.21,189.3,80.4,On Track
PRJ-00226,2026-02-01,224.21,194.29,83.2,On Track
PRJ-00226,2026-03-01,224.21,199.28,86.0,On Track
PRJ-00226,2026-04-01,224.21,204.26,88.8,On Track
PRJ-00226,2026-05-01,224.21,209.25,91.6,On Track
PRJ-00226,2026-06-01,224.21,214.24,94.4,On Track
PRJ-00226,2026-07-01,224.21,219.22,97.2,On Track
PRJ-00226,2026-08-01,224.21,224.21,100.0,Completed
PRJ-00227,2025-09-01,1578.67,812.32,0.0,On Track
PRJ-00227,2025-10-01,1578.67,836.18,2.5,On Track
PRJ-00227,2025-11-01,1578.67,860.03,4.9,On Track
PRJ-00227,2025-12-01,1578.67,883.89,7.4,On Track
PRJ-00227,2026-01-01,1578.67,907.75,9.8,Stalled
PRJ-00227,2026-02-01,1578.67,931.61,12.3,Delayed
PRJ-00227,2026-03-01,1578.67,955.46,14.7,Delayed
PRJ-00227,2026-04-01,1578.67,979.32,17.2,Delayed
PRJ-00227,2026-05-01,1578.67,1003.18,19.6,Delayed
PRJ-00227,2026-06-01,2095.86,1027.04,22.1,Delayed
PRJ-00227,2026-07-01,2095.86,1050.89,24.5,Delayed
PRJ-00227,2026-08-01,2095.86,1074.75,27.0,Delayed
PRJ-00228,2025-09-01,373.68,253.69,70.8,On Track
PRJ-00228,2025-10-01,373.68,264.94,73.5,On Track
PRJ-00228,2025-11-01,373.68,276.19,76.1,On Track
PRJ-00228,2025-12-01,373.68,287.44,78.8,On Track
PRJ-00228,2026-01-01,373.68,298.69,81.4,On Track
PRJ-00228,2026-02-01,373.68,309.93,84.1,On Track
PRJ-00228,2026-03-01,373.68,321.18,86.7,On Track
PRJ-00228,2026-04-01,373.68,332.43,89.4,On Track
PRJ-00228,2026-05-01,373.68,343.68,92.0,On Track
PRJ-00228,2026-06-01,373.68,354.92,94.7,On Track
PRJ-00228,2026-07-01,373.68,366.17,97.3,On Track
PRJ-00228,2026-08-01,373.68,377.42,100.0,Completed
PRJ-00229,2025-09-01,738.54,677.26,75.1,On Track
PRJ-00229,2025-10-01,738.54,700.7,77.4,On Track
PRJ-00229,2025-11-01,738.54,724.14,79.7,On Track
PRJ-00229,2025-12-01,738.54,747.58,81.9,On Track
PRJ-00229,2026-01-01,738.54,771.02,84.2,Delayed
PRJ-00229,2026-02-01,738.54,794.46,86.4,Delayed
PRJ-00229,2026-03-01,935.11,817.91,88.7,Delayed
PRJ-00229,2026-04-01,935.11,841.35,91.0,Delayed
PRJ-00229,2026-05-01,935.11,864.79,93.2,Delayed
PRJ-00229,2026-06-01,935.11,888.23,95.5,Delayed
PRJ-00229,2026-07-01,935.11,911.67,97.7,Delayed
PRJ-00229,2026-08-01,935.11,935.11,100.0,Completed
PRJ-00230,2025-09-01,350.03,248.55,38.0,On Track
PRJ-00230,2025-10-01,350.03,254.74,39.6,On Track
PRJ-00230,2025-11-01,350.03,260.93,41.3,On Track
PRJ-00230,2025-12-01,350.03,267.12,43.0,On Track
PRJ-00230,2026-01-01,350.03,273.31,44.6,Delayed
PRJ-00230,2026-02-01,350.03,279.5,46.3,Delayed
PRJ-00230,2026-03-01,481.82,285.69,47.9,Delayed
PRJ-00230,2026-04-01,481.82,291.88,49.6,Delayed
PRJ-00230,2026-05-01,481.82,298.06,51.2,Delayed
PRJ-00230,2026-06-01,481.82,304.25,52.9,Delayed
PRJ-00230,2026-07-01,481.82,310.44,54.5,Delayed
PRJ-00230,2026-08-01,481.82,316.63,56.2,Delayed
PRJ-00231,2025-09-01,920.39,542.08,27.1,On Track
PRJ-00231,2025-10-01,920.39,564.3,29.2,On Track
PRJ-00231,2025-11-01,920.39,586.53,31.3,On Track
PRJ-00231,2025-12-01,920.39,608.76,33.4,On Track
PRJ-00231,2026-01-01,1253.02,630.98,35.5,Delayed
PRJ-00231,2026-02-01,1253.02,653.21,37.7,Delayed
PRJ-00231,2026-03-01,1253.02,675.43,39.8,Delayed
PRJ-00231,2026-04-01,1253.02,697.66,41.9,Delayed
PRJ-00231,2026-05-01,1253.02,719.88,44.0,Delayed
PRJ-00231,2026-06-01,1253.02,742.11,46.1,Delayed
PRJ-00231,2026-07-01,1253.02,764.33,48.2,Delayed
PRJ-00231,2026-08-01,1253.02,786.56,50.3,Delayed
PRJ-00232,2025-09-01,238.25,88.71,15.4,On Track
PRJ-00232,2025-10-01,238.25,93.35,17.0,On Track
PRJ-00232,2025-11-01,238.25,97.98,18.5,On Track
PRJ-00232,2025-12-01,238.25,102.61,20.0,On Track
PRJ-00232,2026-01-01,238.25,107.24,21.5,Delayed
PRJ-00232,2026-02-01,238.25,111.87,23.1,Delayed
PRJ-00232,2026-03-01,250.16,116.5,24.6,Delayed
PRJ-00232,2026-04-01,250.16,121.13,26.1,Delayed
PRJ-00232,2026-05-01,250.16,125.77,27.6,Delayed
PRJ-00232,2026-06-01,250.16,130.4,29.2,Delayed
PRJ-00232,2026-07-01,250.16,135.03,30.7,Delayed
PRJ-00232,2026-08-01,250.16,139.66,32.2,Delayed
PRJ-00233,2025-09-01,877.79,232.71,14.6,On Track
PRJ-00233,2025-10-01,877.79,241.68,16.6,On Track
PRJ-00233,2025-11-01,877.79,250.66,18.7,On Track
PRJ-00233,2025-12-01,877.79,259.63,20.8,On Track
PRJ-00233,2026-01-01,877.79,268.6,22.9,On Track
PRJ-00233,2026-02-01,877.79,277.57,25.0,On Track
PRJ-00233,2026-03-01,877.79,286.55,27.1,On Track
PRJ-00233,2026-04-01,877.79,295.52,29.2,On Track
PRJ-00233,2026-05-01,877.79,304.49,31.2,On Track
PRJ-00233,2026-06-01,877.79,313.46,33.3,On Track
PRJ-00233,2026-07-01,877.79,322.44,35.4,On Track
PRJ-00233,2026-08-01,877.79,331.41,37.5,On Track
PRJ-00234,2025-09-01,633.33,291.3,10.0,On Track
PRJ-00234,2025-10-01,633.33,299.9,12.2,On Track
PRJ-00234,2025-11-01,633.33,308.51,14.4,On Track
PRJ-00234,2025-12-01,633.33,317.11,16.6,On Track
PRJ-00234,2026-01-01,633.33,325.72,18.8,Delayed
PRJ-00234,2026-02-01,633.33,334.32,21.0,Delayed
PRJ-00234,2026-03-01,800.99,342.93,23.3,Delayed
PRJ-00234,2026-04-01,800.99,351.53,25.5,Delayed
PRJ-00234,2026-05-01,800.99,360.14,27.7,Delayed
PRJ-00234,2026-06-01,800.99,368.74,29.9,Delayed
PRJ-00234,2026-07-01,800.99,377.35,32.1,Delayed
PRJ-00234,2026-08-01,800.99,385.95,34.3,Delayed
PRJ-00235,2025-09-01,601.1,414.33,73.2,On Track
PRJ-00235,2025-10-01,601.1,431.31,75.6,On Track
PRJ-00235,2025-11-01,601.1,448.28,78.1,On Track
PRJ-00235,2025-12-01,601.1,465.26,80.5,On Track
PRJ-00235,2026-01-01,601.1,482.24,82.9,On Track
PRJ-00235,2026-02-01,601.1,499.22,85.4,On Track
PRJ-00235,2026-03-01,601.1,516.2,87.8,On Track
PRJ-00235,2026-04-01,601.1,533.18,90.3,On Track
PRJ-00235,2026-05-01,601.1,550.16,92.7,On Track
PRJ-00235,2026-06-01,601.1,567.14,95.1,On Track
PRJ-00235,2026-07-01,601.1,584.12,97.6,On Track
PRJ-00235,2026-08-01,601.1,601.1,100.0,Completed
PRJ-00236,2025-09-01,1271.21,170.51,0.0,On Track
PRJ-00236,2025-10-01,1271.21,178.91,0.6,On Track
PRJ-00236,2025-11-01,1271.21,187.31,1.2,On Track
PRJ-00236,2025-12-01,1271.21,195.71,1.7,On Track
PRJ-00236,2026-01-01,1556.75,204.11,2.3,Stalled
PRJ-00236,2026-02-01,1556.75,212.51,2.9,Stalled
PRJ-00236,2026-03-01,1556.75,220.91,3.5,Stalled
PRJ-00236,2026-04-01,1556.75,229.31,4.1,Stalled
PRJ-00236,2026-05-01,1556.75,237.71,4.7,Stalled
PRJ-00236,2026-06-01,1556.75,246.11,5.2,Stalled
PRJ-00236,2026-07-01,1556.75,254.51,5.8,Stalled
PRJ-00236,2026-08-01,1556.75,262.91,6.4,Stalled
PRJ-00237,2025-09-01,307.12,160.18,28.5,On Track
PRJ-00237,2025-10-01,307.12,168.61,31.0,On Track
PRJ-00237,2025-11-01,307.12,177.05,33.5,On Track
PRJ-00237,2025-12-01,307.12,185.48,36.0,On Track
PRJ-00237,2026-01-01,307.12,193.92,38.5,Delayed
PRJ-00237,2026-02-01,307.12,202.35,41.0,Delayed
PRJ-00237,2026-03-01,307.12,210.79,43.5,Delayed
PRJ-00237,2026-04-01,307.12,219.23,46.0,Delayed
PRJ-00237,2026-05-01,307.12,227.66,48.5,Delayed
PRJ-00237,2026-06-01,384.47,236.1,51.0,Delayed
PRJ-00237,2026-07-01,384.47,244.53,53.5,Delayed
PRJ-00237,2026-08-01,384.47,252.97,56.0,Delayed
PRJ-00238,2025-09-01,225.72,155.59,71.0,On Track
PRJ-00238,2025-10-01,225.72,162.17,73.6,On Track
PRJ-00238,2025-11-01,225.72,168.75,76.3,On Track
PRJ-00238,2025-12-01,225.72,175.33,78.9,On Track
PRJ-00238,2026-01-01,225.72,181.92,81.5,On Track
PRJ-00238,2026-02-01,225.72,188.5,84.2,On Track
PRJ-00238,2026-03-01,225.72,195.08,86.8,On Track
PRJ-00238,2026-04-01,225.72,201.66,89.5,On Track
PRJ-00238,2026-05-01,225.72,208.24,92.1,On Track
PRJ-00238,2026-06-01,225.72,214.82,94.7,On Track
PRJ-00238,2026-07-01,225.72,221.4,97.4,On Track
PRJ-00238,2026-08-01,225.72,227.98,100.0,Completed
PRJ-00239,2025-09-01,312.27,211.78,75.3,On Track
PRJ-00239,2025-10-01,312.27,220.92,77.5,On Track
PRJ-00239,2025-11-01,312.27,230.05,79.8,On Track
PRJ-00239,2025-12-01,312.27,239.19,82.0,On Track
PRJ-00239,2026-01-01,312.27,248.32,84.3,On Track
PRJ-00239,2026-02-01,312.27,257.46,86.5,On Track
PRJ-00239,2026-03-01,312.27,266.59,88.8,On Track
PRJ-00239,2026-04-01,312.27,275.73,91.0,On Track
PRJ-00239,2026-05-01,312.27,284.86,93.3,On Track
PRJ-00239,2026-06-01,312.27,294.0,95.5,On Track
PRJ-00239,2026-07-01,312.27,303.13,97.8,On Track
PRJ-00239,2026-08-01,312.27,312.27,100.0,Completed
PRJ-00240,2025-09-01,3578.23,357.69,0.0,On Track
PRJ-00240,2025-10-01,3578.23,368.88,0.2,On Track
PRJ-00240,2025-11-01,3578.23,380.07,0.4,On Track
PRJ-00240,2025-12-01,3578.23,391.27,0.5,On Track
PRJ-00240,2026-01-01,3578.23,402.46,0.7,Stalled
PRJ-00240,2026-02-01,3578.23,413.65,0.9,Stalled
PRJ-00240,2026-03-01,3578.23,424.85,1.1,Stalled
PRJ-00240,2026-04-01,3578.23,436.04,1.3,Stalled
PRJ-00240,2026-05-01,3578.23,447.23,1.5,Stalled
PRJ-00240,2026-06-01,4347.67,458.42,1.6,Stalled
PRJ-00240,2026-07-01,4347.67,469.62,1.8,Stalled
PRJ-00240,2026-08-01,4347.67,480.81,2.0,Stalled
PRJ-00241,2025-09-01,626.89,420.57,76.7,On Track
PRJ-00241,2025-10-01,626.89,439.33,78.8,On Track
PRJ-00241,2025-11-01,626.89,458.09,80.9,On Track
PRJ-00241,2025-12-01,626.89,476.84,83.0,On Track
PRJ-00241,2026-01-01,626.89,495.6,85.2,On Track
PRJ-00241,2026-02-01,626.89,514.35,87.3,On Track
PRJ-00241,2026-03-01,626.89,533.11,89.4,On Track
PRJ-00241,2026-04-01,626.89,551.87,91.5,On Track
PRJ-00241,2026-05-01,626.89,570.62,93.6,On Track
PRJ-00241,2026-06-01,626.89,589.38,95.8,On Track
PRJ-00241,2026-07-01,626.89,608.13,97.9,On Track
PRJ-00241,2026-08-01,626.89,626.89,100.0,Completed
PRJ-00242,2025-09-01,1964.71,1261.75,30.7,On Track
PRJ-00242,2025-10-01,1964.71,1314.19,33.0,On Track
PRJ-00242,2025-11-01,1964.71,1366.63,35.3,On Track
PRJ-00242,2025-12-01,1964.71,1419.07,37.7,On Track
PRJ-00242,2026-01-01,1964.71,1471.51,40.0,Delayed
PRJ-00242,2026-02-01,1964.71,1523.95,42.3,Delayed
PRJ-00242,2026-03-01,1964.71,1576.39,44.6,Delayed
PRJ-00242,2026-04-01,1964.71,1628.83,46.9,Delayed
PRJ-00242,2026-05-01,1964.71,1681.26,49.2,Delayed
PRJ-00242,2026-06-01,2609.7,1733.7,51.6,Delayed
PRJ-00242,2026-07-01,2609.7,1786.14,53.9,Delayed
PRJ-00242,2026-08-01,2609.7,1838.58,56.2,Delayed
PRJ-00243,2025-09-01,2124.97,965.15,10.4,On Track
PRJ-00243,2025-10-01,2124.97,1009.6,13.5,On Track
PRJ-00243,2025-11-01,2124.97,1054.05,16.5,On Track
PRJ-00243,2025-12-01,2124.97,1098.49,19.6,On Track
PRJ-00243,2026-01-01,2124.97,1142.94,22.6,Delayed
PRJ-00243,2026-02-01,2124.97,1187.38,25.6,Delayed
PRJ-00243,2026-03-01,2124.97,1231.83,28.7,Delayed
PRJ-00243,2026-04-01,2124.97,1276.28,31.7,Delayed
PRJ-00243,2026-05-01,2784.15,1320.72,34.8,Delayed
PRJ-00243,2026-06-01,2784.15,1365.17,37.8,Delayed
PRJ-00243,2026-07-01,2784.15,1409.61,40.9,Delayed
PRJ-00243,2026-08-01,2784.15,1454.06,43.9,Delayed
PRJ-00244,2025-09-01,699.09,519.41,71.2,On Track
PRJ-00244,2025-10-01,699.09,535.75,73.8,On Track
PRJ-00244,2025-11-01,699.09,552.08,76.5,On Track
PRJ-00244,2025-12-01,699.09,568.42,79.1,On Track
PRJ-00244,2026-01-01,699.09,584.75,81.7,On Track
PRJ-00244,2026-02-01,699.09,601.09,84.3,On Track
PRJ-00244,2026-03-01,699.09,617.42,86.9,On Track
PRJ-00244,2026-04-01,699.09,633.75,89.5,On Track
PRJ-00244,2026-05-01,699.09,650.09,92.2,On Track
PRJ-00244,2026-06-01,699.09,666.42,94.8,On Track
PRJ-00244,2026-07-01,699.09,682.76,97.4,On Track
PRJ-00244,2026-08-01,699.09,699.09,100.0,Completed
PRJ-00245,2025-09-01,1173.5,292.02,7.6,On Track
PRJ-00245,2025-10-01,1173.5,303.11,10.2,On Track
PRJ-00245,2025-11-01,1173.5,314.21,12.8,On Track
PRJ-00245,2025-12-01,1173.5,325.31,15.4,On Track
PRJ-00245,2026-01-01,1173.5,336.41,18.0,On Track
PRJ-00245,2026-02-01,1173.5,347.51,20.6,On Track
PRJ-00245,2026-03-01,1173.5,358.61,23.2,On Track
PRJ-00245,2026-04-01,1173.5,369.71,25.8,On Track
PRJ-00245,2026-05-01,1173.5,380.8,28.4,On Track
PRJ-00245,2026-06-01,1173.5,391.9,31.0,On Track
PRJ-00245,2026-07-01,1173.5,403.0,33.6,On Track
PRJ-00245,2026-08-01,1173.5,414.1,36.2,On Track
PRJ-00246,2025-09-01,329.04,178.1,54.1,On Track
PRJ-00246,2025-10-01,329.04,184.08,56.1,On Track
PRJ-00246,2025-11-01,329.04,190.06,58.2,On Track
PRJ-00246,2025-12-01,329.04,196.04,60.2,On Track
PRJ-00246,2026-01-01,329.04,202.02,62.3,On Track
PRJ-00246,2026-02-01,329.04,208.0,64.3,On Track
PRJ-00246,2026-03-01,329.04,213.98,66.4,On Track
PRJ-00246,2026-04-01,329.04,219.96,68.4,On Track
PRJ-00246,2026-05-01,329.04,225.94,70.5,On Track
PRJ-00246,2026-06-01,329.04,231.92,72.5,On Track
PRJ-00246,2026-07-01,329.04,237.9,74.6,On Track
PRJ-00246,2026-08-01,329.04,243.88,76.6,On Track
PRJ-00247,2025-09-01,407.44,301.45,56.0,On Track
PRJ-00247,2025-10-01,407.44,310.84,57.9,On Track
PRJ-00247,2025-11-01,407.44,320.24,59.9,On Track
PRJ-00247,2025-12-01,453.01,329.63,61.9,On Track
PRJ-00247,2026-01-01,453.01,339.03,63.9,Delayed
PRJ-00247,2026-02-01,453.01,348.42,65.8,Delayed
PRJ-00247,2026-03-01,453.01,357.82,67.8,Delayed
PRJ-00247,2026-04-01,453.01,367.21,69.8,Delayed
PRJ-00247,2026-05-01,453.01,376.61,71.8,Delayed
PRJ-00247,2026-06-01,453.01,386.0,73.7,Delayed
PRJ-00247,2026-07-01,453.01,395.4,75.7,Delayed
PRJ-00247,2026-08-01,453.01,404.79,77.7,Delayed
PRJ-00248,2025-09-01,2237.86,680.58,0.0,On Track
PRJ-00248,2025-10-01,2237.86,721.74,2.1,On Track
PRJ-00248,2025-11-01,2237.86,762.9,4.2,On Track
PRJ-00248,2025-12-01,2691.47,804.07,6.2,On Track
PRJ-00248,2026-01-01,2691.47,845.23,8.3,Stalled
PRJ-00248,2026-02-01,2691.47,886.39,10.4,Delayed
PRJ-00248,2026-03-01,2691.47,927.55,12.5,Delayed
PRJ-00248,2026-04-01,2691.47,968.71,14.6,Delayed
PRJ-00248,2026-05-01,2691.47,1009.87,16.7,Delayed
PRJ-00248,2026-06-01,2691.47,1051.03,18.7,Delayed
PRJ-00248,2026-07-01,2691.47,1092.19,20.8,Delayed
PRJ-00248,2026-08-01,2691.47,1133.35,22.9,Delayed
PRJ-00249,2025-09-01,1982.59,318.75,0.0,On Track
PRJ-00249,2025-10-01,1982.59,334.84,0.2,On Track
PRJ-00249,2025-11-01,1982.59,350.93,0.4,On Track
PRJ-00249,2025-12-01,1982.59,367.01,0.5,On Track
PRJ-00249,2026-01-01,1982.59,383.1,0.7,Stalled
PRJ-00249,2026-02-01,1982.59,399.19,0.9,Stalled
PRJ-00249,2026-03-01,1982.59,415.27,1.1,Stalled
PRJ-00249,2026-04-01,1982.59,431.36,1.3,Stalled
PRJ-00249,2026-05-01,2649.78,447.45,1.5,Stalled
PRJ-00249,2026-06-01,2649.78,463.54,1.6,Stalled
PRJ-00249,2026-07-01,2649.78,479.62,1.8,Stalled
PRJ-00249,2026-08-01,2649.78,495.71,2.0,Stalled
PRJ-00250,2025-09-01,862.62,114.33,0.0,On Track
PRJ-00250,2025-10-01,862.62,119.04,0.2,On Track
PRJ-00250,2025-11-01,862.62,123.75,0.4,On Track
PRJ-00250,2025-12-01,862.62,128.46,0.5,On Track
PRJ-00250,2026-01-01,862.62,133.17,0.7,Stalled
PRJ-00250,2026-02-01,1041.92,137.88,0.9,Stalled
PRJ-00250,2026-03-01,1041.92,142.58,1.1,Stalled
PRJ-00250,2026-04-01,1041.92,147.29,1.3,Stalled
PRJ-00250,2026-05-01,1041.92,152.0,1.5,Stalled
PRJ-00250,2026-06-01,1041.92,156.71,1.6,Stalled
PRJ-00250,2026-07-01,1041.92,161.42,1.8,Stalled
PRJ-00250,2026-08-01,1041.92,166.13,2.0,Stalled
PRJ-00251,2025-09-01,2925.79,1705.31,30.5,On Track
PRJ-00251,2025-10-01,2925.79,1777.3,32.5,On Track
PRJ-00251,2025-11-01,2925.79,1849.29,34.5,On Track
PRJ-00251,2025-12-01,2925.79,1921.28,36.6,On Track
PRJ-00251,2026-01-01,2925.79,1993.27,38.6,Delayed
PRJ-00251,2026-02-01,3818.02,2065.26,40.7,Delayed
PRJ-00251,2026-03-01,3818.02,2137.26,42.7,Delayed
PRJ-00251,2026-04-01,3818.02,2209.25,44.7,Delayed
PRJ-00251,2026-05-01,3818.02,2281.24,46.8,Delayed
PRJ-00251,2026-06-01,3818.02,2353.23,48.8,Delayed
PRJ-00251,2026-07-01,3818.02,2425.22,50.9,Delayed
PRJ-00251,2026-08-01,3818.02,2497.21,52.9,Delayed
PRJ-00252,2025-09-01,455.32,99.53,0.0,On Track
PRJ-00252,2025-10-01,455.32,102.39,0.7,On Track
PRJ-00252,2025-11-01,455.32,105.25,1.3,On Track
PRJ-00252,2025-12-01,455.32,108.1,2.0,On Track
PRJ-00252,2026-01-01,508.52,110.96,2.7,Stalled
PRJ-00252,2026-02-01,508.52,113.82,3.3,Stalled
PRJ-00252,2026-03-01,508.52,116.68,4.0,Stalled
PRJ-00252,2026-04-01,508.52,119.54,4.6,Stalled
PRJ-00252,2026-05-01,508.52,122.4,5.3,Stalled
PRJ-00252,2026-06-01,508.52,125.25,6.0,Stalled
PRJ-00252,2026-07-01,508.52,128.11,6.6,Stalled
PRJ-00252,2026-08-01,508.52,130.97,7.3,Stalled
PRJ-00253,2025-09-01,532.72,164.7,31.2,On Track
PRJ-00253,2025-10-01,532.72,171.97,32.8,On Track
PRJ-00253,2025-11-01,532.72,179.24,34.5,On Track
PRJ-00253,2025-12-01,532.72,186.52,36.2,On Track
PRJ-00253,2026-01-01,532.72,193.79,37.9,On Track
PRJ-00253,2026-02-01,532.72,201.06,39.6,On Track
PRJ-00253,2026-03-01,532.72,208.33,41.3,On Track
PRJ-00253,2026-04-01,532.72,215.6,43.0,On Track
PRJ-00253,2026-05-01,532.72,222.87,44.6,On Track
PRJ-00253,2026-06-01,532.72,230.15,46.3,On Track
PRJ-00253,2026-07-01,532.72,237.42,48.0,On Track
PRJ-00253,2026-08-01,532.72,244.69,49.7,On Track
PRJ-00254,2025-09-01,477.71,478.55,77.3,On Track
PRJ-00254,2025-10-01,477.71,489.94,79.4,On Track
PRJ-00254,2025-11-01,477.71,501.34,81.5,On Track
PRJ-00254,2025-12-01,477.71,512.73,83.5,On Track
PRJ-00254,2026-01-01,477.71,524.12,85.6,Delayed
PRJ-00254,2026-02-01,477.71,535.52,87.6,Delayed
PRJ-00254,2026-03-01,603.88,546.91,89.7,Delayed
PRJ-00254,2026-04-01,603.88,558.3,91.8,Delayed
PRJ-00254,2026-05-01,603.88,569.7,93.8,Delayed
PRJ-00254,2026-06-01,603.88,581.09,95.9,Delayed
PRJ-00254,2026-07-01,603.88,592.49,97.9,Delayed
PRJ-00254,2026-08-01,603.88,603.88,100.0,Completed
PRJ-00255,2025-09-01,1352.46,192.54,0.0,On Track
PRJ-00255,2025-10-01,1352.46,202.6,0.4,On Track
PRJ-00255,2025-11-01,1352.46,212.65,0.9,On Track
PRJ-00255,2025-12-01,1352.46,222.7,1.3,On Track
PRJ-00255,2026-01-01,1352.46,232.75,1.8,Stalled
PRJ-00255,2026-02-01,1576.49,242.8,2.2,Stalled
PRJ-00255,2026-03-01,1576.49,252.85,2.7,Stalled
PRJ-00255,2026-04-01,1576.49,262.9,3.1,Stalled
PRJ-00255,2026-05-01,1576.49,272.96,3.6,Stalled
PRJ-00255,2026-06-01,1576.49,283.01,4.0,Stalled
PRJ-00255,2026-07-01,1576.49,293.06,4.5,Stalled
PRJ-00255,2026-08-01,1576.49,303.11,4.9,Stalled
PRJ-00256,2025-09-01,6535.77,924.65,0.0,On Track
PRJ-00256,2025-10-01,6535.77,950.86,0.2,On Track
PRJ-00256,2025-11-01,6535.77,977.07,0.4,On Track
PRJ-00256,2025-12-01,6535.77,1003.28,0.5,On Track
PRJ-00256,2026-01-01,6535.77,1029.49,0.7,Stalled
PRJ-00256,2026-02-01,6535.77,1055.7,0.9,Stalled
PRJ-00256,2026-03-01,8162.32,1081.9,1.1,Stalled
PRJ-00256,2026-04-01,8162.32,1108.11,1.3,Stalled
PRJ-00256,2026-05-01,8162.32,1134.32,1.5,Stalled
PRJ-00256,2026-06-01,8162.32,1160.53,1.6,Stalled
PRJ-00256,2026-07-01,8162.32,1186.74,1.8,Stalled
PRJ-00256,2026-08-01,8162.32,1212.95,2.0,Stalled
PRJ-00257,2025-09-01,703.45,162.28,0.0,On Track
PRJ-00257,2025-10-01,703.45,167.88,0.3,On Track
PRJ-00257,2025-11-01,703.45,173.48,0.5,On Track
PRJ-00257,2025-12-01,703.45,179.07,0.8,On Track
PRJ-00257,2026-01-01,703.45,184.67,1.1,Stalled
PRJ-00257,2026-02-01,703.45,190.27,1.3,Stalled
PRJ-00257,2026-03-01,703.45,195.86,1.6,Stalled
PRJ-00257,2026-04-01,703.45,201.46,1.8,Stalled
PRJ-00257,2026-05-01,928.86,207.06,2.1,Stalled
PRJ-00257,2026-06-01,928.86,212.66,2.4,Stalled
PRJ-00257,2026-07-01,928.86,218.25,2.6,Stalled
PRJ-00257,2026-08-01,928.86,223.85,2.9,Stalled
PRJ-00258,2025-09-01,961.69,599.97,36.1,On Track
PRJ-00258,2025-10-01,961.69,622.78,38.4,On Track
PRJ-00258,2025-11-01,961.69,645.59,40.8,On Track
PRJ-00258,2025-12-01,1193.38,668.4,43.1,On Track
PRJ-00258,2026-01-01,1193.38,691.21,45.5,Delayed
PRJ-00258,2026-02-01,1193.38,714.02,47.8,Delayed
PRJ-00258,2026-03-01,1193.38,736.83,50.2,Delayed
PRJ-00258,2026-04-01,1193.38,759.64,52.6,Delayed
PRJ-00258,2026-05-01,1193.38,782.45,54.9,Delayed
PRJ-00258,2026-06-01,1193.38,805.26,57.3,Delayed
PRJ-00258,2026-07-01,1193.38,828.07,59.6,Delayed
PRJ-00258,2026-08-01,1193.38,850.88,62.0,Delayed
PRJ-00259,2025-09-01,1295.83,280.85,0.0,On Track
PRJ-00259,2025-10-01,1295.83,291.92,0.2,On Track
PRJ-00259,2025-11-01,1295.83,302.98,0.4,On Track
PRJ-00259,2025-12-01,1295.83,314.04,0.5,On Track
PRJ-00259,2026-01-01,1295.83,325.11,0.7,Stalled
PRJ-00259,2026-02-01,1295.83,336.17,0.9,Stalled
PRJ-00259,2026-03-01,1295.83,347.23,1.1,Stalled
PRJ-00259,2026-04-01,1295.83,358.3,1.3,Stalled
PRJ-00259,2026-05-01,1295.83,369.36,1.5,Stalled
PRJ-00259,2026-06-01,2053.28,380.42,1.6,Stalled
PRJ-00259,2026-07-01,2053.28,391.49,1.8,Stalled
PRJ-00259,2026-08-01,2053.28,402.55,2.0,Stalled
PRJ-00260,2025-09-01,1104.81,974.72,77.8,On Track
PRJ-00260,2025-10-01,1104.81,1009.52,79.9,On Track
PRJ-00260,2025-11-01,1104.81,1044.31,81.9,On Track
PRJ-00260,2025-12-01,1104.81,1079.11,83.9,On Track
PRJ-00260,2026-01-01,1357.46,1113.9,85.9,Delayed
PRJ-00260,2026-02-01,1357.46,1148.69,87.9,Delayed
PRJ-00260,2026-03-01,1357.46,1183.49,89.9,Delayed
PRJ-00260,2026-04-01,1357.46,1218.28,91.9,Delayed
PRJ-00260,2026-05-01,1357.46,1253.08,94.0,Delayed
PRJ-00260,2026-06-01,1357.46,1287.87,96.0,Delayed
PRJ-00260,2026-07-01,1357.46,1322.67,98.0,Delayed
PRJ-00260,2026-08-01,1357.46,1357.46,100.0,Completed
PRJ-00261,2025-09-01,1804.58,1780.53,42.0,On Track
PRJ-00261,2025-10-01,1804.58,1824.87,44.8,On Track
PRJ-00261,2025-11-01,1804.58,1869.2,47.6,On Track
PRJ-00261,2025-12-01,2437.32,1913.54,50.4,On Track
PRJ-00261,2026-01-01,2437.32,1957.87,53.1,Delayed
PRJ-00261,2026-02-01,2437.32,2002.21,55.9,Delayed
PRJ-00261,2026-03-01,2437.32,2046.54,58.7,Delayed
PRJ-00261,2026-04-01,2437.32,2090.88,61.5,Delayed
PRJ-00261,2026-05-01,2437.32,2135.21,64.3,Delayed
PRJ-00261,2026-06-01,2437.32,2179.55,67.0,Delayed
PRJ-00261,2026-07-01,2437.32,2223.88,69.8,Delayed
PRJ-00261,2026-08-01,2437.32,2268.22,72.6,Delayed
PRJ-00262,2025-09-01,527.62,377.14,71.5,On Track
PRJ-00262,2025-10-01,527.62,390.82,74.1,On Track
PRJ-00262,2025-11-01,527.62,404.5,76.7,On Track
PRJ-00262,2025-12-01,527.62,418.18,79.2,On Track
PRJ-00262,2026-01-01,527.62,431.86,81.8,On Track
PRJ-00262,2026-02-01,527.62,445.54,84.4,On Track
PRJ-00262,2026-03-01,527.62,459.22,87.0,On Track
PRJ-00262,2026-04-01,527.62,472.9,89.6,On Track
PRJ-00262,2026-05-01,527.62,486.58,92.2,On Track
PRJ-00262,2026-06-01,527.62,500.26,94.8,On Track
PRJ-00262,2026-07-01,527.62,513.94,97.4,On Track
PRJ-00262,2026-08-01,527.62,527.62,100.0,Completed
PRJ-00263,2025-09-01,723.97,160.52,0.0,On Track
PRJ-00263,2025-10-01,723.97,165.5,1.0,On Track
PRJ-00263,2025-11-01,723.97,170.48,1.9,On Track
PRJ-00263,2025-12-01,723.97,175.45,2.9,On Track
PRJ-00263,2026-01-01,723.97,180.43,3.9,Stalled
PRJ-00263,2026-02-01,723.97,185.41,4.8,Stalled
PRJ-00263,2026-03-01,891.13,190.39,5.8,Stalled
PRJ-00263,2026-04-01,891.13,195.37,6.7,Stalled
PRJ-00263,2026-05-01,891.13,200.35,7.7,Stalled
PRJ-00263,2026-06-01,891.13,205.32,8.7,Stalled
PRJ-00263,2026-07-01,891.13,210.3,9.6,Stalled
PRJ-00263,2026-08-01,891.13,215.28,10.6,Delayed
PRJ-00264,2025-09-01,1622.36,1379.6,51.4,On Track
PRJ-00264,2025-10-01,1622.36,1429.15,53.1,On Track
PRJ-00264,2025-11-01,1622.36,1478.71,54.7,On Track
PRJ-00264,2025-12-01,1622.36,1528.26,56.4,On Track
PRJ-00264,2026-01-01,1622.36,1577.81,58.0,Delayed
PRJ-00264,2026-02-01,1622.36,1627.36,59.7,Delayed
PRJ-00264,2026-03-01,1622.36,1676.92,61.3,Delayed
PRJ-00264,2026-04-01,1622.36,1726.47,63.0,Delayed
PRJ-00264,2026-05-01,1622.36,1776.02,64.6,Delayed
PRJ-00264,2026-06-01,2284.32,1825.57,66.3,Delayed
PRJ-00264,2026-07-01,2284.32,1875.13,67.9,Delayed
PRJ-00264,2026-08-01,2284.32,1924.68,69.6,Delayed
PRJ-00265,2025-09-01,274.19,24.11,0.0,On Track
PRJ-00265,2025-10-01,274.19,24.69,1.0,On Track
PRJ-00265,2025-11-01,274.19,25.27,2.1,On Track
PRJ-00265,2025-12-01,274.19,25.85,3.1,On Track
PRJ-00265,2026-01-01,274.19,26.43,4.1,On Track
PRJ-00265,2026-02-01,274.19,27.01,5.1,On Track
PRJ-00265,2026-03-01,274.19,27.59,6.2,On Track
PRJ-00265,2026-04-01,274.19,28.17,7.2,On Track
PRJ-00265,2026-05-01,274.19,28.75,8.2,On Track
PRJ-00265,2026-06-01,274.19,29.33,9.2,On Track
PRJ-00265,2026-07-01,274.19,29.91,10.3,On Track
PRJ-00265,2026-08-01,274.19,30.49,11.3,On Track
PRJ-00266,2025-09-01,11242.44,2156.49,0.0,On Track
PRJ-00266,2025-10-01,11242.44,2211.48,0.2,On Track
PRJ-00266,2025-11-01,11242.44,2266.47,0.4,On Track
PRJ-00266,2025-12-01,11242.44,2321.45,0.5,On Track
PRJ-00266,2026-01-01,11242.44,2376.44,0.7,Stalled
PRJ-00266,2026-02-01,11242.44,2431.43,0.9,Stalled
PRJ-00266,2026-03-01,11242.44,2486.42,1.1,Stalled
PRJ-00266,2026-04-01,11242.44,2541.41,1.3,Stalled
PRJ-00266,2026-05-01,18930.32,2596.4,1.5,Stalled
PRJ-00266,2026-06-01,18930.32,2651.38,1.6,Stalled
PRJ-00266,2026-07-01,18930.32,2706.37,1.8,Stalled
PRJ-00266,2026-08-01,18930.32,2761.36,2.0,Stalled
PRJ-00267,2025-09-01,2054.71,1087.19,22.8,On Track
PRJ-00267,2025-10-01,2054.71,1135.58,24.3,On Track
PRJ-00267,2025-11-01,2054.71,1183.97,25.7,On Track
PRJ-00267,2025-12-01,2054.71,1232.36,27.2,On Track
PRJ-00267,2026-01-01,2054.71,1280.75,28.7,Delayed
PRJ-00267,2026-02-01,2054.71,1329.14,30.1,Delayed
PRJ-00267,2026-03-01,2054.71,1377.53,31.6,Delayed
PRJ-00267,2026-04-01,2685.41,1425.92,33.0,Delayed
PRJ-00267,2026-05-01,2685.41,1474.31,34.5,Delayed
PRJ-00267,2026-06-01,2685.41,1522.7,36.0,Delayed
PRJ-00267,2026-07-01,2685.41,1571.09,37.4,Delayed
PRJ-00267,2026-08-01,2685.41,1619.48,38.9,Delayed
PRJ-00268,2025-09-01,475.65,322.52,80.5,On Track
PRJ-00268,2025-10-01,475.65,336.87,82.3,On Track
PRJ-00268,2025-11-01,475.65,351.22,84.1,On Track
PRJ-00268,2025-12-01,475.65,365.58,85.9,On Track
PRJ-00268,2026-01-01,475.65,379.93,87.6,On Track
PRJ-00268,2026-02-01,475.65,394.29,89.4,On Track
PRJ-00268,2026-03-01,475.65,408.64,91.2,On Track
PRJ-00268,2026-04-01,475.65,422.99,92.9,On Track
PRJ-00268,2026-05-01,475.65,437.35,94.7,On Track
PRJ-00268,2026-06-01,475.65,451.7,96.5,On Track
PRJ-00268,2026-07-01,475.65,466.06,98.2,On Track
PRJ-00268,2026-08-01,475.65,480.41,100.0,Completed
PRJ-00269,2025-09-01,687.52,368.85,19.2,On Track
PRJ-00269,2025-10-01,687.52,383.91,20.6,On Track
PRJ-00269,2025-11-01,687.52,398.96,22.0,On Track
PRJ-00269,2025-12-01,687.52,414.01,23.5,On Track
PRJ-00269,2026-01-01,687.52,429.06,24.9,Delayed
PRJ-00269,2026-02-01,687.52,444.12,26.3,Delayed
PRJ-00269,2026-03-01,909.46,459.17,27.8,Delayed
PRJ-00269,2026-04-01,909.46,474.22,29.2,Delayed
PRJ-00269,2026-05-01,909.46,489.27,30.6,Delayed
PRJ-00269,2026-06-01,909.46,504.33,32.0,Delayed
PRJ-00269,2026-07-01,909.46,519.38,33.5,Delayed
PRJ-00269,2026-08-01,909.46,534.43,34.9,Delayed
PRJ-00270,2025-09-01,1481.28,1007.28,69.7,On Track
PRJ-00270,2025-10-01,1481.28,1050.38,72.4,On Track
PRJ-00270,2025-11-01,1481.28,1093.47,75.2,On Track
PRJ-00270,2025-12-01,1481.28,1136.56,77.9,On Track
PRJ-00270,2026-01-01,1481.28,1179.65,80.7,On Track
PRJ-00270,2026-02-01,1481.28,1222.74,83.4,On Track
PRJ-00270,2026-03-01,1481.28,1265.83,86.2,On Track
PRJ-00270,2026-04-01,1481.28,1308.92,89.0,On Track
PRJ-00270,2026-05-01,1481.28,1352.01,91.7,On Track
PRJ-00270,2026-06-01,1481.28,1395.1,94.5,On Track
PRJ-00270,2026-07-01,1481.28,1438.19,97.2,On Track
PRJ-00270,2026-08-01,1481.28,1481.28,100.0,Completed
PRJ-00271,2025-09-01,353.49,42.43,0.0,On Track
PRJ-00271,2025-10-01,353.49,44.64,0.4,On Track
PRJ-00271,2025-11-01,353.49,46.85,0.7,On Track
PRJ-00271,2025-12-01,353.49,49.06,1.1,On Track
PRJ-00271,2026-01-01,443.95,51.27,1.4,Stalled
PRJ-00271,2026-02-01,443.95,53.48,1.8,Stalled
PRJ-00271,2026-03-01,443.95,55.69,2.1,Stalled
PRJ-00271,2026-04-01,443.95,57.91,2.5,Stalled
PRJ-00271,2026-05-01,443.95,60.12,2.8,Stalled
PRJ-00271,2026-06-01,443.95,62.33,3.2,Stalled
PRJ-00271,2026-07-01,443.95,64.54,3.5,Stalled
PRJ-00271,2026-08-01,443.95,66.75,3.9,Stalled
PRJ-00272,2025-09-01,228.96,140.18,44.8,On Track
PRJ-00272,2025-10-01,228.96,147.09,46.8,On Track
PRJ-00272,2025-11-01,228.96,153.99,48.8,On Track
PRJ-00272,2025-12-01,228.96,160.9,50.8,On Track
PRJ-00272,2026-01-01,228.96,167.8,52.8,Delayed
PRJ-00272,2026-02-01,228.96,174.71,54.7,Delayed
PRJ-00272,2026-03-01,228.96,181.61,56.7,Delayed
PRJ-00272,2026-04-01,228.96,188.52,58.7,Delayed
PRJ-00272,2026-05-01,277.95,195.42,60.7,Delayed
PRJ-00272,2026-06-01,277.95,202.33,62.6,Delayed
PRJ-00272,2026-07-01,277.95,209.23,64.6,Delayed
PRJ-00272,2026-08-01,277.95,216.14,66.6,Delayed
PRJ-00273,2025-09-01,686.76,562.46,68.2,On Track
PRJ-00273,2025-10-01,686.76,584.02,71.1,On Track
PRJ-00273,2025-11-01,686.76,605.58,74.0,On Track
PRJ-00273,2025-12-01,686.76,627.14,76.9,On Track
PRJ-00273,2026-01-01,686.76,648.7,79.8,Delayed
PRJ-00273,2026-02-01,686.76,670.26,82.7,Delayed
PRJ-00273,2026-03-01,799.62,691.82,85.6,Delayed
PRJ-00273,2026-04-01,799.62,713.38,88.4,Delayed
PRJ-00273,2026-05-01,799.62,734.94,91.3,Delayed
PRJ-00273,2026-06-01,799.62,756.5,94.2,Delayed
PRJ-00273,2026-07-01,799.62,778.06,97.1,Delayed
PRJ-00273,2026-08-01,799.62,799.62,100.0,Completed
PRJ-00274,2025-09-01,588.65,213.07,0.0,On Track
PRJ-00274,2025-10-01,588.65,223.61,2.2,On Track
PRJ-00274,2025-11-01,588.65,234.16,4.5,On Track
PRJ-00274,2025-12-01,588.65,244.7,6.7,On Track
PRJ-00274,2026-01-01,588.65,255.24,9.0,Stalled
PRJ-00274,2026-02-01,588.65,265.79,11.2,Delayed
PRJ-00274,2026-03-01,588.65,276.33,13.5,Delayed
PRJ-00274,2026-04-01,723.62,286.87,15.7,Delayed
PRJ-00274,2026-05-01,723.62,297.42,18.0,Delayed
PRJ-00274,2026-06-01,723.62,307.96,20.2,Delayed
PRJ-00274,2026-07-01,723.62,318.51,22.5,Delayed
PRJ-00274,2026-08-01,723.62,329.05,24.7,Delayed
PRJ-00275,2025-09-01,348.81,192.5,63.9,On Track
PRJ-00275,2025-10-01,348.81,202.87,66.5,On Track
PRJ-00275,2025-11-01,348.81,213.25,69.1,On Track
PRJ-00275,2025-12-01,348.81,223.62,71.8,On Track
PRJ-00275,2026-01-01,348.81,233.99,74.4,On Track
PRJ-00275,2026-02-01,348.81,244.36,77.1,On Track
PRJ-00275,2026-03-01,348.81,254.74,79.7,On Track
PRJ-00275,2026-04-01,348.81,265.11,82.3,On Track
PRJ-00275,2026-05-01,348.81,275.48,85.0,On Track
PRJ-00275,2026-06-01,348.81,285.85,87.6,On Track
PRJ-00275,2026-07-01,348.81,296.23,90.3,On Track
PRJ-00275,2026-08-01,348.81,306.6,92.9,On Track
PRJ-00276,2025-09-01,668.47,69.35,0.0,On Track
PRJ-00276,2025-10-01,668.47,71.69,0.2,On Track
PRJ-00276,2025-11-01,668.47,74.03,0.4,On Track
PRJ-00276,2025-12-01,668.47,76.36,0.5,On Track
PRJ-00276,2026-01-01,668.47,78.7,0.7,Stalled
PRJ-00276,2026-02-01,668.47,81.04,0.9,Stalled
PRJ-00276,2026-03-01,668.47,83.37,1.1,Stalled
PRJ-00276,2026-04-01,668.47,85.71,1.3,Stalled
PRJ-00276,2026-05-01,855.51,88.05,1.5,Stalled
PRJ-00276,2026-06-01,855.51,90.39,1.6,Stalled
PRJ-00276,2026-07-01,855.51,92.72,1.8,Stalled
PRJ-00276,2026-08-01,855.51,95.06,2.0,Stalled
PRJ-00277,2025-09-01,196.22,28.2,0.0,On Track
PRJ-00277,2025-10-01,196.22,28.86,1.8,On Track
PRJ-00277,2025-11-01,196.22,29.52,3.6,On Track
PRJ-00277,2025-12-01,196.22,30.18,5.3,On Track
PRJ-00277,2026-01-01,196.22,30.84,7.1,On Track
PRJ-00277,2026-02-01,196.22,31.5,8.9,On Track
PRJ-00277,2026-03-01,196.22,32.16,10.7,On Track
PRJ-00277,2026-04-01,196.22,32.83,12.5,On Track
PRJ-00277,2026-05-01,196.22,33.49,14.3,On Track
PRJ-00277,2026-06-01,196.22,34.15,16.0,On Track
PRJ-00277,2026-07-01,196.22,34.81,17.8,On Track
PRJ-00277,2026-08-01,196.22,35.47,19.6,On Track
PRJ-00278,2025-09-01,638.11,474.58,33.5,On Track
PRJ-00278,2025-10-01,638.11,485.81,36.3,On Track
PRJ-00278,2025-11-01,638.11,497.03,39.0,On Track
PRJ-00278,2025-12-01,638.11,508.26,41.7,On Track
PRJ-00278,2026-01-01,817.69,519.48,44.5,Delayed
PRJ-00278,2026-02-01,817.69,530.71,47.2,Delayed
PRJ-00278,2026-03-01,817.69,541.93,49.9,Delayed
PRJ-00278,2026-04-01,817.69,553.16,52.7,Delayed
PRJ-00278,2026-05-01,817.69,564.38,55.4,Delayed
PRJ-00278,2026-06-01,817.69,575.61,58.1,Delayed
PRJ-00278,2026-07-01,817.69,586.83,60.9,Delayed
PRJ-00278,2026-08-01,817.69,598.06,63.6,Delayed
PRJ-00279,2025-09-01,492.27,178.78,38.3,On Track
PRJ-00279,2025-10-01,492.27,189.22,40.4,On Track
PRJ-00279,2025-11-01,492.27,199.67,42.5,On Track
PRJ-00279,2025-12-01,492.27,210.12,44.6,On Track
PRJ-00279,2026-01-01,492.27,220.57,46.6,On Track
PRJ-00279,2026-02-01,492.27,231.02,48.7,On Track
PRJ-00279,2026-03-01,492.27,241.47,50.8,On Track
PRJ-00279,2026-04-01,492.27,251.92,52.8,On Track
PRJ-00279,2026-05-01,492.27,262.37,54.9,On Track
PRJ-00279,2026-06-01,492.27,272.82,57.0,On Track
PRJ-00279,2026-07-01,492.27,283.27,59.0,On Track
PRJ-00279,2026-08-01,492.27,293.72,61.1,On Track
PRJ-00280,2025-09-01,876.32,506.22,67.9,On Track
PRJ-00280,2025-10-01,876.32,530.75,70.4,On Track
PRJ-00280,2025-11-01,876.32,555.28,72.8,On Track
PRJ-00280,2025-12-01,876.32,579.81,75.2,On Track
PRJ-00280,2026-01-01,876.32,604.34,77.7,On Track
PRJ-00280,2026-02-01,876.32,628.86,80.1,On Track
PRJ-00280,2026-03-01,876.32,653.39,82.5,On Track
PRJ-00280,2026-04-01,876.32,677.92,85.0,On Track
PRJ-00280,2026-05-01,876.32,702.45,87.4,On Track
PRJ-00280,2026-06-01,876.32,726.98,89.8,On Track
PRJ-00280,2026-07-01,876.32,751.51,92.3,On Track
PRJ-00280,2026-08-01,876.32,776.04,94.7,On Track
PRJ-00281,2025-09-01,620.22,331.58,35.4,On Track
PRJ-00281,2025-10-01,620.22,349.22,37.0,On Track
PRJ-00281,2025-11-01,620.22,366.86,38.7,On Track
PRJ-00281,2025-12-01,620.22,384.51,40.4,On Track
PRJ-00281,2026-01-01,711.42,402.15,42.0,Delayed
PRJ-00281,2026-02-01,711.42,419.79,43.7,Delayed
PRJ-00281,2026-03-01,711.42,437.44,45.3,Delayed
PRJ-00281,2026-04-01,711.42,455.08,47.0,Delayed
PRJ-00281,2026-05-01,711.42,472.72,48.6,Delayed
PRJ-00281,2026-06-01,711.42,490.36,50.3,Delayed
PRJ-00281,2026-07-01,711.42,508.01,51.9,Delayed
PRJ-00281,2026-08-01,711.42,525.65,53.6,Delayed
PRJ-00282,2025-09-01,861.84,200.01,0.0,On Track
PRJ-00282,2025-10-01,861.84,210.1,0.2,On Track
PRJ-00282,2025-11-01,861.84,220.19,0.4,On Track
PRJ-00282,2025-12-01,861.84,230.27,0.5,On Track
PRJ-00282,2026-01-01,861.84,240.36,0.7,Stalled
PRJ-00282,2026-02-01,861.84,250.45,0.9,Stalled
PRJ-00282,2026-03-01,861.84,260.54,1.1,Stalled
PRJ-00282,2026-04-01,1192.5,270.62,1.3,Stalled
PRJ-00282,2026-05-01,1192.5,280.71,1.5,Stalled
PRJ-00282,2026-06-01,1192.5,290.8,1.6,Stalled
PRJ-00282,2026-07-01,1192.5,300.88,1.8,Stalled
PRJ-00282,2026-08-01,1192.5,310.97,2.0,Stalled
PRJ-00283,2025-09-01,176.75,122.23,75.6,On Track
PRJ-00283,2025-10-01,176.75,125.79,77.3,On Track
PRJ-00283,2025-11-01,176.75,129.35,79.1,On Track
PRJ-00283,2025-12-01,176.75,132.91,80.9,On Track
PRJ-00283,2026-01-01,176.75,136.47,82.6,On Track
PRJ-00283,2026-02-01,176.75,140.03,84.4,On Track
PRJ-00283,2026-03-01,176.75,143.59,86.2,On Track
PRJ-00283,2026-04-01,176.75,147.15,87.9,On Track
PRJ-00283,2026-05-01,176.75,150.71,89.7,On Track
PRJ-00283,2026-06-01,176.75,154.27,91.5,On Track
PRJ-00283,2026-07-01,176.75,157.83,93.2,On Track
PRJ-00283,2026-08-01,176.75,161.39,95.0,On Track
PRJ-00284,2025-09-01,454.35,105.97,12.3,On Track
PRJ-00284,2025-10-01,454.35,112.18,14.8,On Track
PRJ-00284,2025-11-01,454.35,118.38,17.3,On Track
PRJ-00284,2025-12-01,454.35,124.59,19.8,On Track
PRJ-00284,2026-01-01,454.35,130.79,22.2,On Track
PRJ-00284,2026-02-01,454.35,137.0,24.7,On Track
PRJ-00284,2026-03-01,454.35,143.2,27.2,On Track
PRJ-00284,2026-04-01,454.35,149.41,29.7,On Track
PRJ-00284,2026-05-01,454.35,155.61,32.2,On Track
PRJ-00284,2026-06-01,454.35,161.82,34.7,On Track
PRJ-00284,2026-07-01,454.35,168.02,37.2,On Track
PRJ-00284,2026-08-01,454.35,174.23,39.7,On Track
PRJ-00285,2025-09-01,858.19,603.0,74.8,On Track
PRJ-00285,2025-10-01,858.19,626.2,77.1,On Track
PRJ-00285,2025-11-01,858.19,649.4,79.4,On Track
PRJ-00285,2025-12-01,858.19,672.6,81.7,On Track
PRJ-00285,2026-01-01,858.19,695.79,84.0,On Track
PRJ-00285,2026-02-01,858.19,718.99,86.3,On Track
PRJ-00285,2026-03-01,858.19,742.19,88.6,On Track
PRJ-00285,2026-04-01,858.19,765.39,90.8,On Track
PRJ-00285,2026-05-01,858.19,788.59,93.1,On Track
PRJ-00285,2026-06-01,858.19,811.79,95.4,On Track
PRJ-00285,2026-07-01,858.19,834.99,97.7,On Track
PRJ-00285,2026-08-01,858.19,858.19,100.0,Completed
PRJ-00286,2025-09-01,1440.42,1030.13,67.7,On Track
PRJ-00286,2025-10-01,1440.42,1067.43,70.6,On Track
PRJ-00286,2025-11-01,1440.42,1104.73,73.6,On Track
PRJ-00286,2025-12-01,1440.42,1142.03,76.5,On Track
PRJ-00286,2026-01-01,1440.42,1179.33,79.4,On Track
PRJ-00286,2026-02-01,1440.42,1216.62,82.4,On Track
PRJ-00286,2026-03-01,1440.42,1253.92,85.3,On Track
PRJ-00286,2026-04-01,1440.42,1291.22,88.3,On Track
PRJ-00286,2026-05-01,1440.42,1328.52,91.2,On Track
PRJ-00286,2026-06-01,1440.42,1365.82,94.1,On Track
PRJ-00286,2026-07-01,1440.42,1403.12,97.1,On Track
PRJ-00286,2026-08-01,1440.42,1440.42,100.0,Completed
PRJ-00287,2025-09-01,383.07,219.51,22.4,On Track
PRJ-00287,2025-10-01,383.07,226.18,24.1,On Track
PRJ-00287,2025-11-01,383.07,232.84,25.8,On Track
PRJ-00287,2025-12-01,471.36,239.51,27.5,On Track
PRJ-00287,2026-01-01,471.36,246.17,29.2,Delayed
PRJ-00287,2026-02-01,471.36,252.84,30.9,Delayed
PRJ-00287,2026-03-01,471.36,259.5,32.6,Delayed
PRJ-00287,2026-04-01,471.36,266.17,34.3,Delayed
PRJ-00287,2026-05-01,471.36,272.83,35.9,Delayed
PRJ-00287,2026-06-01,471.36,279.5,37.6,Delayed
PRJ-00287,2026-07-01,471.36,286.16,39.3,Delayed
PRJ-00287,2026-08-01,471.36,292.83,41.0,Delayed
PRJ-00288,2025-09-01,269.16,197.2,60.3,On Track
PRJ-00288,2025-10-01,269.16,206.61,61.7,On Track
PRJ-00288,2025-11-01,269.16,216.01,63.0,On Track
PRJ-00288,2025-12-01,269.16,225.41,64.4,On Track
PRJ-00288,2026-01-01,269.16,234.82,65.8,Delayed
PRJ-00288,2026-02-01,269.16,244.22,67.2,Delayed
PRJ-00288,2026-03-01,269.16,253.62,68.5,Delayed
PRJ-00288,2026-04-01,317.92,263.03,69.9,Delayed
PRJ-00288,2026-05-01,317.92,272.43,71.3,Delayed
PRJ-00288,2026-06-01,317.92,281.83,72.7,Delayed
PRJ-00288,2026-07-01,317.92,291.24,74.0,Delayed
PRJ-00288,2026-08-01,317.92,300.64,75.4,Delayed
PRJ-00289,2025-09-01,22451.7,4427.91,0.0,On Track
PRJ-00289,2025-10-01,22451.7,4628.1,0.2,On Track
PRJ-00289,2025-11-01,22451.7,4828.3,0.4,On Track
PRJ-00289,2025-12-01,22451.7,5028.49,0.5,On Track
PRJ-00289,2026-01-01,22451.7,5228.68,0.7,Stalled
PRJ-00289,2026-02-01,22451.7,5428.88,0.9,Stalled
PRJ-00289,2026-03-01,28238.75,5629.07,1.1,Stalled
PRJ-00289,2026-04-01,28238.75,5829.26,1.3,Stalled
PRJ-00289,2026-05-01,28238.75,6029.46,1.5,Stalled
PRJ-00289,2026-06-01,28238.75,6229.65,1.6,Stalled
PRJ-00289,2026-07-01,28238.75,6429.85,1.8,Stalled
PRJ-00289,2026-08-01,28238.75,6630.04,2.0,Stalled
PRJ-00290,2025-09-01,286.71,131.6,6.0,On Track
PRJ-00290,2025-10-01,286.71,139.35,8.9,On Track
PRJ-00290,2025-11-01,286.71,147.1,11.9,On Track
PRJ-00290,2025-12-01,286.71,154.84,14.9,On Track
PRJ-00290,2026-01-01,286.71,162.59,17.9,Delayed
PRJ-00290,2026-02-01,286.71,170.34,20.8,Delayed
PRJ-00290,2026-03-01,286.71,178.09,23.8,Delayed
PRJ-00290,2026-04-01,286.71,185.84,26.8,Delayed
PRJ-00290,2026-05-01,370.45,193.59,29.8,Delayed
PRJ-00290,2026-06-01,370.45,201.33,32.7,Delayed
PRJ-00290,2026-07-01,370.45,209.08,35.7,Delayed
PRJ-00290,2026-08-01,370.45,216.83,38.7,Delayed
PRJ-00291,2025-09-01,1849.43,1438.4,78.9,On Track
PRJ-00291,2025-10-01,1849.43,1508.7,80.8,On Track
PRJ-00291,2025-11-01,1849.43,1579.01,82.7,On Track
PRJ-00291,2025-12-01,2211.76,1649.31,84.7,On Track
PRJ-00291,2026-01-01,2211.76,1719.62,86.6,Delayed
PRJ-00291,2026-02-01,2211.76,1789.93,88.5,Delayed
PRJ-00291,2026-03-01,2211.76,1860.23,90.4,Delayed
PRJ-00291,2026-04-01,2211.76,1930.54,92.3,Delayed
PRJ-00291,2026-05-01,2211.76,2000.84,94.2,Delayed
PRJ-00291,2026-06-01,2211.76,2071.15,96.2,Delayed
PRJ-00291,2026-07-01,2211.76,2141.45,98.1,Delayed
PRJ-00291,2026-08-01,2211.76,2211.76,100.0,Completed
PRJ-00292,2025-09-01,576.66,497.39,40.4,On Track
PRJ-00292,2025-10-01,576.66,523.98,43.3,On Track
PRJ-00292,2025-11-01,576.66,550.57,46.2,On Track
PRJ-00292,2025-12-01,576.66,577.16,49.1,On Track
PRJ-00292,2026-01-01,576.66,603.74,52.0,Delayed
PRJ-00292,2026-02-01,576.66,630.33,54.9,Delayed
PRJ-00292,2026-03-01,576.66,656.92,57.8,Delayed
PRJ-00292,2026-04-01,827.94,683.51,60.7,Delayed
PRJ-00292,2026-05-01,827.94,710.1,63.7,Delayed
PRJ-00292,2026-06-01,827.94,736.68,66.6,Delayed
PRJ-00292,2026-07-01,827.94,763.27,69.5,Delayed
PRJ-00292,2026-08-01,827.94,789.86,72.4,Delayed
PRJ-00293,2025-09-01,355.56,267.77,71.6,On Track
PRJ-00293,2025-10-01,355.56,275.75,74.2,On Track
PRJ-00293,2025-11-01,355.56,283.73,76.7,On Track
PRJ-00293,2025-12-01,355.56,291.71,79.3,On Track
PRJ-00293,2026-01-01,355.56,299.69,81.9,On Track
PRJ-00293,2026-02-01,355.56,307.67,84.5,On Track
PRJ-00293,2026-03-01,355.56,315.66,87.1,On Track
PRJ-00293,2026-04-01,355.56,323.64,89.7,On Track
PRJ-00293,2026-05-01,355.56,331.62,92.2,On Track
PRJ-00293,2026-06-01,355.56,339.6,94.8,On Track
PRJ-00293,2026-07-01,355.56,347.58,97.4,On Track
PRJ-00293,2026-08-01,355.56,355.56,100.0,Completed
PRJ-00294,2025-09-01,819.41,604.2,81.6,On Track
PRJ-00294,2025-10-01,819.41,623.76,83.3,On Track
PRJ-00294,2025-11-01,819.41,643.33,85.0,On Track
PRJ-00294,2025-12-01,819.41,662.89,86.6,On Track
PRJ-00294,2026-01-01,819.41,682.46,88.3,On Track
PRJ-00294,2026-02-01,819.41,702.02,90.0,On Track
PRJ-00294,2026-03-01,819.41,721.59,91.6,On Track
PRJ-00294,2026-04-01,819.41,741.15,93.3,On Track
PRJ-00294,2026-05-01,819.41,760.72,95.0,On Track
PRJ-00294,2026-06-01,819.41,780.28,96.7,On Track
PRJ-00294,2026-07-01,819.41,799.85,98.3,On Track
PRJ-00294,2026-08-01,819.41,819.41,100.0,Completed
PRJ-00295,2025-09-01,1215.43,815.42,82.8,On Track
PRJ-00295,2025-10-01,1215.43,851.78,84.4,On Track
PRJ-00295,2025-11-01,1215.43,888.15,85.9,On Track
PRJ-00295,2025-12-01,1215.43,924.51,87.5,On Track
PRJ-00295,2026-01-01,1215.43,960.88,89.1,On Track
PRJ-00295,2026-02-01,1215.43,997.24,90.6,On Track
PRJ-00295,2026-03-01,1215.43,1033.61,92.2,On Track
PRJ-00295,2026-04-01,1215.43,1069.97,93.8,On Track
PRJ-00295,2026-05-01,1215.43,1106.34,95.3,On Track
PRJ-00295,2026-06-01,1215.43,1142.7,96.9,On Track
PRJ-00295,2026-07-01,1215.43,1179.07,98.4,On Track
PRJ-00295,2026-08-01,1215.43,1215.43,100.0,Completed
PRJ-00296,2025-09-01,652.31,487.85,84.3,On Track
PRJ-00296,2025-10-01,652.31,502.8,85.7,On Track
PRJ-00296,2025-11-01,652.31,517.75,87.1,On Track
PRJ-00296,2025-12-01,652.31,532.7,88.6,On Track
PRJ-00296,2026-01-01,652.31,547.65,90.0,On Track
PRJ-00296,2026-02-01,652.31,562.6,91.4,On Track
PRJ-00296,2026-03-01,652.31,577.55,92.8,On Track
PRJ-00296,2026-04-01,652.31,592.51,94.3,On Track
PRJ-00296,2026-05-01,652.31,607.46,95.7,On Track
PRJ-00296,2026-06-01,652.31,622.41,97.1,On Track
PRJ-00296,2026-07-01,652.31,637.36,98.6,On Track
PRJ-00296,2026-08-01,652.31,652.31,100.0,Completed
PRJ-00297,2025-09-01,11631.82,1617.0,0.0,On Track
PRJ-00297,2025-10-01,11631.82,1712.1,0.3,On Track
PRJ-00297,2025-11-01,11631.82,1807.19,0.6,On Track
PRJ-00297,2025-12-01,11631.82,1902.29,0.9,On Track
PRJ-00297,2026-01-01,11631.82,1997.38,1.2,Stalled
PRJ-00297,2026-02-01,11631.82,2092.48,1.5,Stalled
PRJ-00297,2026-03-01,11631.82,2187.57,1.9,Stalled
PRJ-00297,2026-04-01,11631.82,2282.67,2.2,Stalled
PRJ-00297,2026-05-01,15904.53,2377.76,2.5,Stalled
PRJ-00297,2026-06-01,15904.53,2472.86,2.8,Stalled
PRJ-00297,2026-07-01,15904.53,2567.95,3.1,Stalled
PRJ-00297,2026-08-01,15904.53,2663.05,3.4,Stalled
PRJ-00298,2025-09-01,2983.75,2067.03,27.1,On Track
PRJ-00298,2025-10-01,2983.75,2146.31,29.8,On Track
PRJ-00298,2025-11-01,2983.75,2225.58,32.5,On Track
PRJ-00298,2025-12-01,2983.75,2304.85,35.2,On Track
PRJ-00298,2026-01-01,4337.83,2384.13,37.9,Delayed
PRJ-00298,2026-02-01,4337.83,2463.4,40.6,Delayed
PRJ-00298,2026-03-01,4337.83,2542.68,43.3,Delayed
PRJ-00298,2026-04-01,4337.83,2621.95,46.0,Delayed
PRJ-00298,2026-05-01,4337.83,2701.23,48.7,Delayed
PRJ-00298,2026-06-01,4337.83,2780.5,51.4,Delayed
PRJ-00298,2026-07-01,4337.83,2859.78,54.1,Delayed
PRJ-00298,2026-08-01,4337.83,2939.05,56.8,Delayed
PRJ-00299,2025-09-01,798.62,566.28,75.6,On Track
PRJ-00299,2025-10-01,798.62,587.4,77.8,On Track
PRJ-00299,2025-11-01,798.62,608.52,80.0,On Track
PRJ-00299,2025-12-01,798.62,629.64,82.3,On Track
PRJ-00299,2026-01-01,798.62,650.77,84.5,On Track
PRJ-00299,2026-02-01,798.62,671.89,86.7,On Track
PRJ-00299,2026-03-01,798.62,693.01,88.9,On Track
PRJ-00299,2026-04-01,798.62,714.13,91.1,On Track
PRJ-00299,2026-05-01,798.62,735.25,93.3,On Track
PRJ-00299,2026-06-01,798.62,756.38,95.6,On Track
PRJ-00299,2026-07-01,798.62,777.5,97.8,On Track
PRJ-00299,2026-08-01,798.62,798.62,100.0,Completed
PRJ-00300,2025-09-01,573.36,200.69,8.6,On Track
PRJ-00300,2025-10-01,573.36,206.78,10.1,On Track
PRJ-00300,2025-11-01,573.36,212.87,11.7,On Track
PRJ-00300,2025-12-01,573.36,218.97,13.2,On Track
PRJ-00300,2026-01-01,573.36,225.06,14.7,Delayed
PRJ-00300,2026-02-01,573.36,231.15,16.2,Delayed
PRJ-00300,2026-03-01,573.36,237.24,17.7,Delayed
PRJ-00300,2026-04-01,573.36,243.33,19.2,Delayed
PRJ-00300,2026-05-01,573.36,249.42,20.7,Delayed
PRJ-00300,2026-06-01,649.56,255.52,22.2,Delayed
PRJ-00300,2026-07-01,649.56,261.61,23.7,Delayed
PRJ-00300,2026-08-01,649.56,267.7,25.2,Delayed
PRJ-00301,2025-09-01,2762.96,1405.72,54.3,On Track
PRJ-00301,2025-10-01,2762.96,1461.25,56.1,On Track
PRJ-00301,2025-11-01,2762.96,1516.78,57.9,On Track
PRJ-00301,2025-12-01,2762.96,1572.31,59.6,On Track
PRJ-00301,2026-01-01,2762.96,1627.84,61.4,On Track
PRJ-00301,2026-02-01,2762.96,1683.37,63.2,On Track
PRJ-00301,2026-03-01,2762.96,1738.9,65.0,On Track
PRJ-00301,2026-04-01,2762.96,1794.43,66.8,On Track
PRJ-00301,2026-05-01,2762.96,1849.96,68.6,On Track
PRJ-00301,2026-06-01,2762.96,1905.49,70.3,On Track
PRJ-00301,2026-07-01,2762.96,1961.02,72.1,On Track
PRJ-00301,2026-08-01,2762.96,2016.55,73.9,On Track
PRJ-00302,2025-09-01,548.98,239.96,14.0,On Track
PRJ-00302,2025-10-01,548.98,250.14,16.3,On Track
PRJ-00302,2025-11-01,548.98,260.32,18.5,On Track
PRJ-00302,2025-12-01,548.98,270.5,20.7,On Track
PRJ-00302,2026-01-01,548.98,280.68,23.0,Delayed
PRJ-00302,2026-02-01,548.98,290.86,25.2,Delayed
PRJ-00302,2026-03-01,685.38,301.03,27.4,Delayed
PRJ-00302,2026-04-01,685.38,311.21,29.7,Delayed
PRJ-00302,2026-05-01,685.38,321.39,31.9,Delayed
PRJ-00302,2026-06-01,685.38,331.57,34.1,Delayed
PRJ-00302,2026-07-01,685.38,341.75,36.4,Delayed
PRJ-00302,2026-08-01,685.38,351.93,38.6,Delayed
PRJ-00303,2025-09-01,914.34,643.45,81.7,On Track
PRJ-00303,2025-10-01,914.34,680.0,83.3,On Track
PRJ-00303,2025-11-01,914.34,716.54,85.0,On Track
PRJ-00303,2025-12-01,1045.4,753.08,86.7,On Track
PRJ-00303,2026-01-01,1045.4,789.62,88.3,Delayed
PRJ-00303,2026-02-01,1045.4,826.16,90.0,Delayed
PRJ-00303,2026-03-01,1045.4,862.7,91.7,Delayed
PRJ-00303,2026-04-01,1045.4,899.24,93.3,Delayed
PRJ-00303,2026-05-01,1045.4,935.78,95.0,Delayed
PRJ-00303,2026-06-01,1045.4,972.32,96.7,Delayed
PRJ-00303,2026-07-01,1045.4,1008.86,98.3,Delayed
PRJ-00303,2026-08-01,1045.4,1045.4,100.0,Completed
PRJ-00304,2025-09-01,1320.63,532.5,5.4,On Track
PRJ-00304,2025-10-01,1320.63,560.22,8.2,On Track
PRJ-00304,2025-11-01,1320.63,587.94,11.0,On Track
PRJ-00304,2025-12-01,1320.63,615.65,13.8,On Track
PRJ-00304,2026-01-01,1718.6,643.37,16.6,Delayed
PRJ-00304,2026-02-01,1718.6,671.09,19.4,Delayed
PRJ-00304,2026-03-01,1718.6,698.81,22.3,Delayed
PRJ-00304,2026-04-01,1718.6,726.52,25.1,Delayed
PRJ-00304,2026-05-01,1718.6,754.24,27.9,Delayed
PRJ-00304,2026-06-01,1718.6,781.96,30.7,Delayed
PRJ-00304,2026-07-01,1718.6,809.67,33.5,Delayed
PRJ-00304,2026-08-01,1718.6,837.39,36.3,Delayed
PRJ-00305,2025-09-01,1543.86,219.54,0.0,On Track
PRJ-00305,2025-10-01,1543.86,231.36,0.2,On Track
PRJ-00305,2025-11-01,1543.86,243.18,0.4,On Track
PRJ-00305,2025-12-01,1811.76,254.99,0.5,On Track
PRJ-00305,2026-01-01,1811.76,266.81,0.7,Stalled
PRJ-00305,2026-02-01,1811.76,278.63,0.9,Stalled
PRJ-00305,2026-03-01,1811.76,290.45,1.1,Stalled
PRJ-00305,2026-04-01,1811.76,302.27,1.3,Stalled
PRJ-00305,2026-05-01,1811.76,314.09,1.5,Stalled
PRJ-00305,2026-06-01,1811.76,325.9,1.6,Stalled
PRJ-00305,2026-07-01,1811.76,337.72,1.8,Stalled
PRJ-00305,2026-08-01,1811.76,349.54,2.0,Stalled
PRJ-00306,2025-09-01,519.13,150.31,3.9,On Track
PRJ-00306,2025-10-01,519.13,157.1,5.5,On Track
PRJ-00306,2025-11-01,519.13,163.89,7.0,On Track
PRJ-00306,2025-12-01,666.27,170.68,8.5,On Track
PRJ-00306,2026-01-01,666.27,177.47,10.1,Delayed
PRJ-00306,2026-02-01,666.27,184.25,11.6,Delayed
PRJ-00306,2026-03-01,666.27,191.04,13.1,Delayed
PRJ-00306,2026-04-01,666.27,197.83,14.7,Delayed
PRJ-00306,2026-05-01,666.27,204.62,16.2,Delayed
PRJ-00306,2026-06-01,666.27,211.4,17.7,Delayed
PRJ-00306,2026-07-01,666.27,218.19,19.3,Delayed
PRJ-00306,2026-08-01,666.27,224.98,20.8,Delayed
PRJ-00307,2025-09-01,1649.21,1503.68,69.6,On Track
PRJ-00307,2025-10-01,1649.21,1554.27,72.4,On Track
PRJ-00307,2025-11-01,1649.21,1604.85,75.1,On Track
PRJ-00307,2025-12-01,1649.21,1655.44,77.9,On Track
PRJ-00307,2026-01-01,1649.21,1706.03,80.7,Delayed
PRJ-00307,2026-02-01,1649.21,1756.61,83.4,Delayed
PRJ-00307,2026-03-01,1649.21,1807.2,86.2,Delayed
PRJ-00307,2026-04-01,1649.21,1857.79,89.0,Delayed
PRJ-00307,2026-05-01,1649.21,1908.37,91.7,Delayed
PRJ-00307,2026-06-01,2060.13,1958.96,94.5,Delayed
PRJ-00307,2026-07-01,2060.13,2009.54,97.2,Delayed
PRJ-00307,2026-08-01,2060.13,2060.13,100.0,Completed
PRJ-00308,2025-09-01,1146.27,565.13,21.5,On Track
PRJ-00308,2025-10-01,1146.27,593.76,24.2,On Track
PRJ-00308,2025-11-01,1146.27,622.39,26.8,On Track
PRJ-00308,2025-12-01,1379.01,651.03,29.5,On Track
PRJ-00308,2026-01-01,1379.01,679.66,32.1,Delayed
PRJ-00308,2026-02-01,1379.01,708.3,34.8,Delayed
PRJ-00308,2026-03-01,1379.01,736.93,37.4,Delayed
PRJ-00308,2026-04-01,1379.01,765.56,40.1,Delayed
PRJ-00308,2026-05-01,1379.01,794.2,42.7,Delayed
PRJ-00308,2026-06-01,1379.01,822.83,45.4,Delayed
PRJ-00308,2026-07-01,1379.01,851.47,48.0,Delayed
PRJ-00308,2026-08-01,1379.01,880.1,50.7,Delayed
PRJ-00309,2025-09-01,358.71,315.81,45.8,On Track
PRJ-00309,2025-10-01,358.71,325.49,48.2,On Track
PRJ-00309,2025-11-01,358.71,335.18,50.6,On Track
PRJ-00309,2025-12-01,358.71,344.86,53.1,On Track
PRJ-00309,2026-01-01,358.71,354.55,55.5,Delayed
PRJ-00309,2026-02-01,358.71,364.24,57.9,Delayed
PRJ-00309,2026-03-01,358.71,373.92,60.4,Delayed
PRJ-00309,2026-04-01,358.71,383.61,62.8,Delayed
PRJ-00309,2026-05-01,516.05,393.29,65.2,Delayed
PRJ-00309,2026-06-01,516.05,402.98,67.6,Delayed
PRJ-00309,2026-07-01,516.05,412.66,70.1,Delayed
PRJ-00309,2026-08-01,516.05,422.35,72.5,Delayed
PRJ-00310,2025-09-01,868.42,529.32,68.6,On Track
PRJ-00310,2025-10-01,868.42,547.01,70.5,On Track
PRJ-00310,2025-11-01,868.42,564.71,72.4,On Track
PRJ-00310,2025-12-01,868.42,582.4,74.3,On Track
PRJ-00310,2026-01-01,868.42,600.1,76.3,On Track
PRJ-00310,2026-02-01,868.42,617.79,78.2,On Track
PRJ-00310,2026-03-01,868.42,635.49,80.1,On Track
PRJ-00310,2026-04-01,868.42,653.19,82.0,On Track
PRJ-00310,2026-05-01,868.42,670.88,83.9,On Track
PRJ-00310,2026-06-01,868.42,688.58,85.9,On Track
PRJ-00310,2026-07-01,868.42,706.27,87.8,On Track
PRJ-00310,2026-08-01,868.42,723.97,89.7,On Track
PRJ-00311,2025-09-01,1014.55,717.75,39.7,On Track
PRJ-00311,2025-10-01,1014.55,750.9,42.2,On Track
PRJ-00311,2025-11-01,1014.55,784.05,44.7,On Track
PRJ-00311,2025-12-01,1014.55,817.2,47.2,On Track
PRJ-00311,2026-01-01,1014.55,850.36,49.6,Delayed
PRJ-00311,2026-02-01,1014.55,883.51,52.1,Delayed
PRJ-00311,2026-03-01,1014.55,916.66,54.6,Delayed
PRJ-00311,2026-04-01,1346.51,949.82,57.1,Delayed
PRJ-00311,2026-05-01,1346.51,982.97,59.6,Delayed
PRJ-00311,2026-06-01,1346.51,1016.12,62.0,Delayed
PRJ-00311,2026-07-01,1346.51,1049.28,64.5,Delayed
PRJ-00311,2026-08-01,1346.51,1082.43,67.0,Delayed
PRJ-00312,2025-09-01,12938.32,8637.85,23.4,On Track
PRJ-00312,2025-10-01,12938.32,8938.5,24.9,On Track
PRJ-00312,2025-11-01,12938.32,9239.15,26.3,On Track
PRJ-00312,2025-12-01,12938.32,9539.8,27.7,On Track
PRJ-00312,2026-01-01,12938.32,9840.46,29.2,Delayed
PRJ-00312,2026-02-01,12938.32,10141.11,30.6,Delayed
PRJ-00312,2026-03-01,12938.32,10441.76,32.0,Delayed
PRJ-00312,2026-04-01,20861.42,10742.41,33.5,Delayed
PRJ-00312,2026-05-01,20861.42,11043.06,34.9,Delayed
PRJ-00312,2026-06-01,20861.42,11343.71,36.3,Delayed
PRJ-00312,2026-07-01,20861.42,11644.36,37.8,Delayed
PRJ-00312,2026-08-01,20861.42,11945.01,39.2,Delayed
PRJ-00313,2025-09-01,345.52,298.88,74.6,On Track
PRJ-00313,2025-10-01,345.52,307.41,76.9,On Track
PRJ-00313,2025-11-01,345.52,315.94,79.2,On Track
PRJ-00313,2025-12-01,345.52,324.47,81.6,On Track
PRJ-00313,2026-01-01,345.52,333.0,83.9,Delayed
PRJ-00313,2026-02-01,345.52,341.53,86.2,Delayed
PRJ-00313,2026-03-01,345.52,350.07,88.5,Delayed
PRJ-00313,2026-04-01,345.52,358.6,90.8,Delayed
PRJ-00313,2026-05-01,345.52,367.13,93.1,Delayed
PRJ-00313,2026-06-01,392.72,375.66,95.4,Delayed
PRJ-00313,2026-07-01,392.72,384.19,97.7,Delayed
PRJ-00313,2026-08-01,392.72,392.72,100.0,Completed
PRJ-00314,2025-09-01,197.32,196.99,73.3,On Track
PRJ-00314,2025-10-01,197.32,204.8,75.7,On Track
PRJ-00314,2025-11-01,197.32,212.6,78.1,On Track
PRJ-00314,2025-12-01,197.32,220.41,80.6,On Track
PRJ-00314,2026-01-01,197.32,228.21,83.0,Delayed
PRJ-00314,2026-02-01,197.32,236.02,85.4,Delayed
PRJ-00314,2026-03-01,282.85,243.82,87.9,Delayed
PRJ-00314,2026-04-01,282.85,251.63,90.3,Delayed
PRJ-00314,2026-05-01,282.85,259.43,92.7,Delayed
PRJ-00314,2026-06-01,282.85,267.24,95.1,Delayed
PRJ-00314,2026-07-01,282.85,275.04,97.6,Delayed
PRJ-00314,2026-08-01,282.85,282.85,100.0,Completed
PRJ-00315,2025-09-01,898.26,543.73,45.1,On Track
PRJ-00315,2025-10-01,898.26,560.99,46.5,On Track
PRJ-00315,2025-11-01,898.26,578.26,48.0,On Track
PRJ-00315,2025-12-01,898.26,595.52,49.5,On Track
PRJ-00315,2026-01-01,898.26,612.78,51.0,Delayed
PRJ-00315,2026-02-01,898.26,630.05,52.5,Delayed
PRJ-00315,2026-03-01,898.26,647.31,54.0,Delayed
PRJ-00315,2026-04-01,1037.3,664.58,55.5,Delayed
PRJ-00315,2026-05-01,1037.3,681.84,57.0,Delayed
PRJ-00315,2026-06-01,1037.3,699.1,58.5,Delayed
PRJ-00315,2026-07-01,1037.3,716.37,60.0,Delayed
PRJ-00315,2026-08-01,1037.3,733.63,61.5,Delayed
PRJ-00316,2025-09-01,218.4,154.68,65.8,On Track
PRJ-00316,2025-10-01,218.4,160.47,68.9,On Track
PRJ-00316,2025-11-01,218.4,166.26,72.0,On Track
PRJ-00316,2025-12-01,218.4,172.06,75.1,On Track
PRJ-00316,2026-01-01,218.4,177.85,78.2,On Track
PRJ-00316,2026-02-01,218.4,183.64,81.3,On Track
PRJ-00316,2026-03-01,218.4,189.44,84.4,On Track
PRJ-00316,2026-04-01,218.4,195.23,87.6,On Track
PRJ-00316,2026-05-01,218.4,201.02,90.7,On Track
PRJ-00316,2026-06-01,218.4,206.81,93.8,On Track
PRJ-00316,2026-07-01,218.4,212.61,96.9,On Track
PRJ-00316,2026-08-01,218.4,218.4,100.0,Completed
PRJ-00317,2025-09-01,468.51,123.38,14.2,On Track
PRJ-00317,2025-10-01,468.51,129.16,16.5,On Track
PRJ-00317,2025-11-01,468.51,134.94,18.9,On Track
PRJ-00317,2025-12-01,468.51,140.72,21.2,On Track
PRJ-00317,2026-01-01,468.51,146.5,23.5,On Track
PRJ-00317,2026-02-01,468.51,152.29,25.9,On Track
PRJ-00317,2026-03-01,468.51,158.07,28.2,On Track
PRJ-00317,2026-04-01,468.51,163.85,30.5,On Track
PRJ-00317,2026-05-01,468.51,169.63,32.9,On Track
PRJ-00317,2026-06-01,468.51,175.42,35.2,On Track
PRJ-00317,2026-07-01,468.51,181.2,37.6,On Track
PRJ-00317,2026-08-01,468.51,186.98,39.9,On Track
PRJ-00318,2025-09-01,234.55,75.68,11.2,On Track
PRJ-00318,2025-10-01,234.55,80.07,13.1,On Track
PRJ-00318,2025-11-01,234.55,84.46,14.9,On Track
PRJ-00318,2025-12-01,234.55,88.85,16.8,On Track
PRJ-00318,2026-01-01,234.55,93.23,18.6,Delayed
PRJ-00318,2026-02-01,234.55,97.62,20.5,Delayed
PRJ-00318,2026-03-01,234.55,102.01,22.3,Delayed
PRJ-00318,2026-04-01,298.41,106.4,24.2,Delayed
PRJ-00318,2026-05-01,298.41,110.79,26.0,Delayed
PRJ-00318,2026-06-01,298.41,115.17,27.9,Delayed
PRJ-00318,2026-07-01,298.41,119.56,29.7,Delayed
PRJ-00318,2026-08-01,298.41,123.95,31.6,Delayed
PRJ-00319,2025-09-01,2322.44,2158.21,69.4,On Track
PRJ-00319,2025-10-01,2322.44,2214.84,72.2,On Track
PRJ-00319,2025-11-01,2322.44,2271.46,75.0,On Track
PRJ-00319,2025-12-01,2322.44,2328.09,77.8,On Track
PRJ-00319,2026-01-01,2781.11,2384.72,80.5,Delayed
PRJ-00319,2026-02-01,2781.11,2441.35,83.3,Delayed
PRJ-00319,2026-03-01,2781.11,2497.97,86.1,Delayed
PRJ-00319,2026-04-01,2781.11,2554.6,88.9,Delayed
PRJ-00319,2026-05-01,2781.11,2611.23,91.7,Delayed
PRJ-00319,2026-06-01,2781.11,2667.86,94.4,Delayed
PRJ-00319,2026-07-01,2781.11,2724.48,97.2,Delayed
PRJ-00319,2026-08-01,2781.11,2781.11,100.0,Completed
PRJ-00320,2025-09-01,275.83,188.85,80.6,On Track
PRJ-00320,2025-10-01,275.83,196.76,82.3,On Track
PRJ-00320,2025-11-01,275.83,204.67,84.1,On Track
PRJ-00320,2025-12-01,275.83,212.57,85.9,On Track
PRJ-00320,2026-01-01,275.83,220.48,87.6,On Track
PRJ-00320,2026-02-01,275.83,228.39,89.4,On Track
PRJ-00320,2026-03-01,275.83,236.29,91.2,On Track
PRJ-00320,2026-04-01,275.83,244.2,92.9,On Track
PRJ-00320,2026-05-01,275.83,252.11,94.7,On Track
PRJ-00320,2026-06-01,275.83,260.02,96.5,On Track
PRJ-00320,2026-07-01,275.83,267.92,98.2,On Track
PRJ-00320,2026-08-01,275.83,275.83,100.0,Completed
PRJ-00321,2025-09-01,694.78,609.87,51.1,On Track
PRJ-00321,2025-10-01,694.78,629.87,53.5,On Track
PRJ-00321,2025-11-01,694.78,649.86,55.9,On Track
PRJ-00321,2025-12-01,694.78,669.86,58.3,On Track
PRJ-00321,2026-01-01,694.78,689.86,60.8,Delayed
PRJ-00321,2026-02-01,694.78,709.86,63.2,Delayed
PRJ-00321,2026-03-01,928.71,729.86,65.6,Delayed
PRJ-00321,2026-04-01,928.71,749.86,68.0,Delayed
PRJ-00321,2026-05-01,928.71,769.85,70.4,Delayed
PRJ-00321,2026-06-01,928.71,789.85,72.9,Delayed
PRJ-00321,2026-07-01,928.71,809.85,75.3,Delayed
PRJ-00321,2026-08-01,928.71,829.85,77.7,Delayed
PRJ-00322,2025-09-01,488.24,394.87,77.0,On Track
PRJ-00322,2025-10-01,488.24,409.54,79.1,On Track
PRJ-00322,2025-11-01,488.24,424.22,81.2,On Track
PRJ-00322,2025-12-01,488.24,438.89,83.3,On Track
PRJ-00322,2026-01-01,488.24,453.56,85.4,Delayed
PRJ-00322,2026-02-01,488.24,468.23,87.4,Delayed
PRJ-00322,2026-03-01,488.24,482.91,89.5,Delayed
PRJ-00322,2026-04-01,488.24,497.58,91.6,Delayed
PRJ-00322,2026-05-01,488.24,512.25,93.7,Delayed
PRJ-00322,2026-06-01,556.27,526.92,95.8,Delayed
PRJ-00322,2026-07-01,556.27,541.6,97.9,Delayed
PRJ-00322,2026-08-01,556.27,556.27,100.0,Completed
PRJ-00323,2025-09-01,374.55,154.85,29.3,On Track
PRJ-00323,2025-10-01,374.55,162.81,30.9,On Track
PRJ-00323,2025-11-01,374.55,170.76,32.6,On Track
PRJ-00323,2025-12-01,374.55,178.72,34.2,On Track
PRJ-00323,2026-01-01,374.55,186.68,35.9,Delayed
PRJ-00323,2026-02-01,374.55,194.64,37.5,Delayed
PRJ-00323,2026-03-01,374.55,202.59,39.1,Delayed
PRJ-00323,2026-04-01,374.55,210.55,40.8,Delayed
PRJ-00323,2026-05-01,436.94,218.51,42.4,Delayed
PRJ-00323,2026-06-01,436.94,226.47,44.0,Delayed
PRJ-00323,2026-07-01,436.94,234.42,45.7,Delayed
PRJ-00323,2026-08-01,436.94,242.38,47.3,Delayed
PRJ-00324,2025-09-01,3290.15,343.28,0.0,On Track
PRJ-00324,2025-10-01,3290.15,356.35,0.2,On Track
PRJ-00324,2025-11-01,3290.15,369.43,0.4,On Track
PRJ-00324,2025-12-01,3290.15,382.51,0.5,On Track
PRJ-00324,2026-01-01,4376.9,395.59,0.7,Stalled
PRJ-00324,2026-02-01,4376.9,408.66,0.9,Stalled
PRJ-00324,2026-03-01,4376.9,421.74,1.1,Stalled
PRJ-00324,2026-04-01,4376.9,434.82,1.3,Stalled
PRJ-00324,2026-05-01,4376.9,447.9,1.5,Stalled
PRJ-00324,2026-06-01,4376.9,460.97,1.6,Stalled
PRJ-00324,2026-07-01,4376.9,474.05,1.8,Stalled
PRJ-00324,2026-08-01,4376.9,487.13,2.0,Stalled
PRJ-00325,2025-09-01,1139.95,600.47,37.1,On Track
PRJ-00325,2025-10-01,1139.95,628.08,39.1,On Track
PRJ-00325,2025-11-01,1139.95,655.7,41.1,On Track
PRJ-00325,2025-12-01,1330.41,683.31,43.1,On Track
PRJ-00325,2026-01-01,1330.41,710.92,45.1,Delayed
PRJ-00325,2026-02-01,1330.41,738.53,47.1,Delayed
PRJ-00325,2026-03-01,1330.41,766.15,49.1,Delayed
PRJ-00325,2026-04-01,1330.41,793.76,51.1,Delayed
PRJ-00325,2026-05-01,1330.41,821.37,53.1,Delayed
PRJ-00325,2026-06-01,1330.41,848.98,55.1,Delayed
PRJ-00325,2026-07-01,1330.41,876.6,57.1,Delayed
PRJ-00325,2026-08-01,1330.41,904.21,59.1,Delayed
PRJ-00326,2025-09-01,886.66,162.99,0.0,On Track
PRJ-00326,2025-10-01,886.66,169.12,0.2,On Track
PRJ-00326,2025-11-01,886.66,175.25,0.4,On Track
PRJ-00326,2025-12-01,886.66,181.39,0.5,On Track
PRJ-00326,2026-01-01,886.66,187.52,0.7,Stalled
PRJ-00326,2026-02-01,886.66,193.65,0.9,Stalled
PRJ-00326,2026-03-01,1074.86,199.78,1.1,Stalled
PRJ-00326,2026-04-01,1074.86,205.92,1.3,Stalled
PRJ-00326,2026-05-01,1074.86,212.05,1.5,Stalled
PRJ-00326,2026-06-01,1074.86,218.18,1.6,Stalled
PRJ-00326,2026-07-01,1074.86,224.32,1.8,Stalled
PRJ-00326,2026-08-01,1074.86,230.45,2.0,Stalled
PRJ-00327,2025-09-01,1836.08,454.44,12.9,On Track
PRJ-00327,2025-10-01,1836.08,469.16,14.9,On Track
PRJ-00327,2025-11-01,1836.08,483.88,16.9,On Track
PRJ-00327,2025-12-01,1836.08,498.6,18.9,On Track
PRJ-00327,2026-01-01,1836.08,513.32,20.9,On Track
PRJ-00327,2026-02-01,1836.08,528.04,22.9,On Track
PRJ-00327,2026-03-01,1836.08,542.76,24.9,On Track
PRJ-00327,2026-04-01,1836.08,557.48,26.8,On Track
PRJ-00327,2026-05-01,1836.08,572.2,28.8,On Track
PRJ-00327,2026-06-01,1836.08,586.92,30.8,On Track
PRJ-00327,2026-07-01,1836.08,601.64,32.8,On Track
PRJ-00327,2026-08-01,1836.08,616.36,34.8,On Track
PRJ-00328,2025-09-01,1063.76,846.09,81.3,On Track
PRJ-00328,2025-10-01,1063.76,865.88,83.0,On Track
PRJ-00328,2025-11-01,1063.76,885.67,84.7,On Track
PRJ-00328,2025-12-01,1063.76,905.46,86.4,On Track
PRJ-00328,2026-01-01,1063.76,925.24,88.1,On Track
PRJ-00328,2026-02-01,1063.76,945.03,89.8,On Track
PRJ-00328,2026-03-01,1063.76,964.82,91.5,On Track
PRJ-00328,2026-04-01,1063.76,984.61,93.2,On Track
PRJ-00328,2026-05-01,1063.76,1004.4,94.9,On Track
PRJ-00328,2026-06-01,1063.76,1024.18,96.6,On Track
PRJ-00328,2026-07-01,1063.76,1043.97,98.3,On Track
PRJ-00328,2026-08-01,1063.76,1063.76,100.0,Completed
PRJ-00329,2025-09-01,239.91,228.5,65.1,On Track
PRJ-00329,2025-10-01,239.91,234.38,68.3,On Track
PRJ-00329,2025-11-01,239.91,240.27,71.4,On Track
PRJ-00329,2025-12-01,239.91,246.15,74.6,On Track
PRJ-00329,2026-01-01,239.91,252.04,77.8,Delayed
PRJ-00329,2026-02-01,239.91,257.93,81.0,Delayed
PRJ-00329,2026-03-01,239.91,263.81,84.1,Delayed
PRJ-00329,2026-04-01,239.91,269.7,87.3,Delayed
PRJ-00329,2026-05-01,239.91,275.58,90.5,Delayed
PRJ-00329,2026-06-01,293.24,281.47,93.7,Delayed
PRJ-00329,2026-07-01,293.24,287.35,96.8,Delayed
PRJ-00329,2026-08-01,293.24,293.24,100.0,Completed
PRJ-00330,2025-09-01,374.65,295.76,52.1,On Track
PRJ-00330,2025-10-01,374.65,306.93,55.1,On Track
PRJ-00330,2025-11-01,374.65,318.09,58.0,On Track
PRJ-00330,2025-12-01,374.65,329.26,60.9,On Track
PRJ-00330,2026-01-01,374.65,340.43,63.9,Delayed
PRJ-00330,2026-02-01,431.27,351.59,66.8,Delayed
PRJ-00330,2026-03-01,431.27,362.76,69.7,Delayed
PRJ-00330,2026-04-01,431.27,373.92,72.7,Delayed
PRJ-00330,2026-05-01,431.27,385.09,75.6,Delayed
PRJ-00330,2026-06-01,431.27,396.26,78.5,Delayed
PRJ-00330,2026-07-01,431.27,407.42,81.5,Delayed
PRJ-00330,2026-08-01,431.27,418.59,84.4,Delayed
PRJ-00331,2025-09-01,2961.12,725.65,0.0,On Track
PRJ-00331,2025-10-01,2961.12,744.03,0.6,On Track
PRJ-00331,2025-11-01,2961.12,762.41,1.2,On Track
PRJ-00331,2025-12-01,2961.12,780.79,1.8,On Track
PRJ-00331,2026-01-01,2961.12,799.17,2.4,Stalled
PRJ-00331,2026-02-01,2961.12,817.55,3.0,Stalled
PRJ-00331,2026-03-01,2961.12,835.93,3.7,Stalled
PRJ-00331,2026-04-01,3539.86,854.31,4.3,Stalled
PRJ-00331,2026-05-01,3539.86,872.69,4.9,Stalled
PRJ-00331,2026-06-01,3539.86,891.07,5.5,Stalled
PRJ-00331,2026-07-01,3539.86,909.45,6.1,Stalled
PRJ-00331,2026-08-01,3539.86,927.83,6.7,Stalled
PRJ-00332,2025-09-01,321.09,222.51,79.3,On Track
PRJ-00332,2025-10-01,321.09,231.47,81.1,On Track
PRJ-00332,2025-11-01,321.09,240.43,83.0,On Track
PRJ-00332,2025-12-01,321.09,249.39,84.9,On Track
PRJ-00332,2026-01-01,321.09,258.36,86.8,On Track
PRJ-00332,2026-02-01,321.09,267.32,88.7,On Track
PRJ-00332,2026-03-01,321.09,276.28,90.6,On Track
PRJ-00332,2026-04-01,321.09,285.24,92.5,On Track
PRJ-00332,2026-05-01,321.09,294.2,94.3,On Track
PRJ-00332,2026-06-01,321.09,303.17,96.2,On Track
PRJ-00332,2026-07-01,321.09,312.13,98.1,On Track
PRJ-00332,2026-08-01,321.09,321.09,100.0,Completed
PRJ-00333,2025-09-01,5476.91,2645.46,16.6,On Track
PRJ-00333,2025-10-01,5476.91,2771.01,18.4,On Track
PRJ-00333,2025-11-01,5476.91,2896.56,20.2,On Track
PRJ-00333,2025-12-01,5476.91,3022.11,22.1,On Track
PRJ-00333,2026-01-01,5476.91,3147.66,23.9,Delayed
PRJ-00333,2026-02-01,5476.91,3273.21,25.7,Delayed
PRJ-00333,2026-03-01,6602.09,3398.75,27.5,Delayed
PRJ-00333,2026-04-01,6602.09,3524.3,29.3,Delayed
PRJ-00333,2026-05-01,6602.09,3649.85,31.1,Delayed
PRJ-00333,2026-06-01,6602.09,3775.4,33.0,Delayed
PRJ-00333,2026-07-01,6602.09,3900.95,34.8,Delayed
PRJ-00333,2026-08-01,6602.09,4026.5,36.6,Delayed
PRJ-00334,2025-09-01,348.75,167.26,8.9,On Track
PRJ-00334,2025-10-01,348.75,173.97,11.5,On Track
PRJ-00334,2025-11-01,348.75,180.69,14.0,On Track
PRJ-00334,2025-12-01,348.75,187.41,16.6,On Track
PRJ-00334,2026-01-01,348.75,194.12,19.1,Delayed
PRJ-00334,2026-02-01,394.33,200.84,21.6,Delayed
PRJ-00334,2026-03-01,394.33,207.56,24.2,Delayed
PRJ-00334,2026-04-01,394.33,214.27,26.7,Delayed
PRJ-00334,2026-05-01,394.33,220.99,29.3,Delayed
PRJ-00334,2026-06-01,394.33,227.71,31.8,Delayed
PRJ-00334,2026-07-01,394.33,234.42,34.4,Delayed
PRJ-00334,2026-08-01,394.33,241.14,36.9,Delayed
PRJ-00335,2025-09-01,1015.7,480.75,26.1,On Track
PRJ-00335,2025-10-01,1015.7,491.94,27.8,On Track
PRJ-00335,2025-11-01,1015.7,503.13,29.6,On Track
PRJ-00335,2025-12-01,1015.7,514.32,31.3,On Track
PRJ-00335,2026-01-01,1015.7,525.51,33.0,Delayed
PRJ-00335,2026-02-01,1015.7,536.71,34.7,Delayed
PRJ-00335,2026-03-01,1087.64,547.9,36.4,Delayed
PRJ-00335,2026-04-01,1087.64,559.09,38.1,Delayed
PRJ-00335,2026-05-01,1087.64,570.28,39.8,Delayed
PRJ-00335,2026-06-01,1087.64,581.48,41.5,Delayed
PRJ-00335,2026-07-01,1087.64,592.67,43.2,Delayed
PRJ-00335,2026-08-01,1087.64,603.86,44.9,Delayed
PRJ-00336,2025-09-01,3902.19,630.14,0.0,On Track
PRJ-00336,2025-10-01,3902.19,661.96,0.7,On Track
PRJ-00336,2025-11-01,3902.19,693.79,1.3,On Track
PRJ-00336,2025-12-01,3902.19,725.62,2.0,On Track
PRJ-00336,2026-01-01,3902.19,757.44,2.6,Stalled
PRJ-00336,2026-02-01,5296.04,789.27,3.3,Stalled
PRJ-00336,2026-03-01,5296.04,821.09,3.9,Stalled
PRJ-00336,2026-04-01,5296.04,852.92,4.6,Stalled
PRJ-00336,2026-05-01,5296.04,884.74,5.2,Stalled
PRJ-00336,2026-06-01,5296.04,916.57,5.9,Stalled
PRJ-00336,2026-07-01,5296.04,948.39,6.5,Stalled
PRJ-00336,2026-08-01,5296.04,980.22,7.2,Stalled
PRJ-00337,2025-09-01,316.07,255.09,81.2,On Track
PRJ-00337,2025-10-01,316.07,268.61,82.9,On Track
PRJ-00337,2025-11-01,316.07,282.13,84.6,On Track
PRJ-00337,2025-12-01,316.07,295.65,86.3,On Track
PRJ-00337,2026-01-01,403.82,309.17,88.0,Delayed
PRJ-00337,2026-02-01,403.82,322.69,89.7,Delayed
PRJ-00337,2026-03-01,403.82,336.22,91.4,Delayed
PRJ-00337,2026-04-01,403.82,349.74,93.1,Delayed
PRJ-00337,2026-05-01,403.82,363.26,94.9,Delayed
PRJ-00337,2026-06-01,403.82,376.78,96.6,Delayed
PRJ-00337,2026-07-01,403.82,390.3,98.3,Delayed
PRJ-00337,2026-08-01,403.82,403.82,100.0,Completed
PRJ-00338,2025-09-01,700.57,372.99,11.0,On Track
PRJ-00338,2025-10-01,700.57,390.17,13.3,On Track
PRJ-00338,2025-11-01,700.57,407.35,15.5,On Track
PRJ-00338,2025-12-01,700.57,424.53,17.7,On Track
PRJ-00338,2026-01-01,961.22,441.72,19.9,Delayed
PRJ-00338,2026-02-01,961.22,458.9,22.2,Delayed
PRJ-00338,2026-03-01,961.22,476.08,24.4,Delayed
PRJ-00338,2026-04-01,961.22,493.26,26.6,Delayed
PRJ-00338,2026-05-01,961.22,510.44,28.8,Delayed
PRJ-00338,2026-06-01,961.22,527.62,31.1,Delayed
PRJ-00338,2026-07-01,961.22,544.8,33.3,Delayed
PRJ-00338,2026-08-01,961.22,561.98,35.5,Delayed
PRJ-00339,2025-09-01,5898.88,2475.84,0.0,On Track
PRJ-00339,2025-10-01,5898.88,2548.31,2.8,On Track
PRJ-00339,2025-11-01,5898.88,2620.78,5.5,On Track
PRJ-00339,2025-12-01,6886.0,2693.25,8.3,On Track
PRJ-00339,2026-01-01,6886.0,2765.72,11.0,Delayed
PRJ-00339,2026-02-01,6886.0,2838.19,13.8,Delayed
PRJ-00339,2026-03-01,6886.0,2910.66,16.5,Delayed
PRJ-00339,2026-04-01,6886.0,2983.13,19.3,Delayed
PRJ-00339,2026-05-01,6886.0,3055.6,22.0,Delayed
PRJ-00339,2026-06-01,6886.0,3128.07,24.8,Delayed
PRJ-00339,2026-07-01,6886.0,3200.54,27.5,Delayed
PRJ-00339,2026-08-01,6886.0,3273.01,30.3,Delayed
PRJ-00340,2025-09-01,1041.12,635.9,79.2,On Track
PRJ-00340,2025-10-01,1041.12,667.95,80.6,On Track
PRJ-00340,2025-11-01,1041.12,700.01,82.0,On Track
PRJ-00340,2025-12-01,1041.12,732.06,83.5,On Track
PRJ-00340,2026-01-01,1041.12,764.11,84.9,On Track
PRJ-00340,2026-02-01,1041.12,796.17,86.4,On Track
PRJ-00340,2026-03-01,1041.12,828.22,87.8,On Track
PRJ-00340,2026-04-01,1041.12,860.28,89.2,On Track
PRJ-00340,2026-05-01,1041.12,892.33,90.7,On Track
PRJ-00340,2026-06-01,1041.12,924.38,92.1,On Track
PRJ-00340,2026-07-01,1041.12,956.44,93.6,On Track
PRJ-00340,2026-08-01,1041.12,988.49,95.0,On Track
PRJ-00341,2025-09-01,1055.18,845.92,56.9,On Track
PRJ-00341,2025-10-01,1055.18,871.08,58.5,On Track
PRJ-00341,2025-11-01,1055.18,896.24,60.1,On Track
PRJ-00341,2025-12-01,1312.18,921.4,61.7,On Track
PRJ-00341,2026-01-01,1312.18,946.56,63.3,Delayed
PRJ-00341,2026-02-01,1312.18,971.73,64.8,Delayed
PRJ-00341,2026-03-01,1312.18,996.89,66.4,Delayed
PRJ-00341,2026-04-01,1312.18,1022.05,68.0,Delayed
PRJ-00341,2026-05-01,1312.18,1047.21,69.6,Delayed
PRJ-00341,2026-06-01,1312.18,1072.38,71.2,Delayed
PRJ-00341,2026-07-01,1312.18,1097.54,72.8,Delayed
PRJ-00341,2026-08-01,1312.18,1122.7,74.4,Delayed
PRJ-00342,2025-09-01,778.58,576.97,76.2,On Track
PRJ-00342,2025-10-01,778.58,595.3,78.4,On Track
PRJ-00342,2025-11-01,778.58,613.63,80.6,On Track
PRJ-00342,2025-12-01,778.58,631.96,82.7,On Track
PRJ-00342,2026-01-01,778.58,650.28,84.9,On Track
PRJ-00342,2026-02-01,778.58,668.61,87.0,On Track
PRJ-00342,2026-03-01,778.58,686.94,89.2,On Track
PRJ-00342,2026-04-01,778.58,705.27,91.4,On Track
PRJ-00342,2026-05-01,778.58,723.6,93.5,On Track
PRJ-00342,2026-06-01,778.58,741.92,95.7,On Track
PRJ-00342,2026-07-01,778.58,760.25,97.8,On Track
PRJ-00342,2026-08-01,778.58,778.58,100.0,Completed
PRJ-00343,2025-09-01,474.04,163.31,2.1,On Track
PRJ-00343,2025-10-01,474.04,168.33,4.0,On Track
PRJ-00343,2025-11-01,474.04,173.35,5.9,On Track
PRJ-00343,2025-12-01,474.04,178.36,7.8,On Track
PRJ-00343,2026-01-01,474.04,183.38,9.7,Stalled
PRJ-00343,2026-02-01,474.04,188.4,11.6,Delayed
PRJ-00343,2026-03-01,576.13,193.42,13.5,Delayed
PRJ-00343,2026-04-01,576.13,198.44,15.4,Delayed
PRJ-00343,2026-05-01,576.13,203.46,17.3,Delayed
PRJ-00343,2026-06-01,576.13,208.48,19.2,Delayed
PRJ-00343,2026-07-01,576.13,213.5,21.1,Delayed
PRJ-00343,2026-08-01,576.13,218.52,23.0,Delayed
PRJ-00344,2025-09-01,1000.28,634.38,34.4,On Track
PRJ-00344,2025-10-01,1000.28,664.65,36.2,On Track
PRJ-00344,2025-11-01,1000.28,694.92,38.0,On Track
PRJ-00344,2025-12-01,1000.28,725.19,39.8,On Track
PRJ-00344,2026-01-01,1000.28,755.46,41.6,Delayed
PRJ-00344,2026-02-01,1000.28,785.73,43.4,Delayed
PRJ-00344,2026-03-01,1000.28,815.99,45.2,Delayed
PRJ-00344,2026-04-01,1388.55,846.26,47.0,Delayed
PRJ-00344,2026-05-01,1388.55,876.53,48.8,Delayed
PRJ-00344,2026-06-01,1388.55,906.8,50.6,Delayed
PRJ-00344,2026-07-01,1388.55,937.07,52.4,Delayed
PRJ-00344,2026-08-01,1388.55,967.34,54.2,Delayed
PRJ-00345,2025-09-01,713.18,391.02,64.0,On Track
PRJ-00345,2025-10-01,713.18,406.6,65.6,On Track
PRJ-00345,2025-11-01,713.18,422.17,67.1,On Track
PRJ-00345,2025-12-01,713.18,437.74,68.7,On Track
PRJ-00345,2026-01-01,713.18,453.32,70.2,On Track
PRJ-00345,2026-02-01,713.18,468.89,71.8,On Track
PRJ-00345,2026-03-01,713.18,484.46,73.4,On Track
PRJ-00345,2026-04-01,713.18,500.04,74.9,On Track
PRJ-00345,2026-05-01,713.18,515.61,76.5,On Track
PRJ-00345,2026-06-01,713.18,531.18,78.1,On Track
PRJ-00345,2026-07-01,713.18,546.76,79.6,On Track
PRJ-00345,2026-08-01,713.18,562.33,81.2,On Track
PRJ-00346,2025-09-01,5875.99,1108.09,0.0,On Track
PRJ-00346,2025-10-01,5875.99,1134.84,0.2,On Track
PRJ-00346,2025-11-01,5875.99,1161.59,0.4,On Track
PRJ-00346,2025-12-01,5875.99,1188.33,0.5,On Track
PRJ-00346,2026-01-01,5875.99,1215.08,0.7,Stalled
PRJ-00346,2026-02-01,5875.99,1241.83,0.9,Stalled
PRJ-00346,2026-03-01,5875.99,1268.58,1.1,Stalled
PRJ-00346,2026-04-01,5875.99,1295.33,1.3,Stalled
PRJ-00346,2026-05-01,8711.06,1322.08,1.5,Stalled
PRJ-00346,2026-06-01,8711.06,1348.82,1.6,Stalled
PRJ-00346,2026-07-01,8711.06,1375.57,1.8,Stalled
PRJ-00346,2026-08-01,8711.06,1402.32,2.0,Stalled
PRJ-00347,2025-09-01,398.69,268.98,39.1,On Track
PRJ-00347,2025-10-01,398.69,284.45,41.5,On Track
PRJ-00347,2025-11-01,398.69,299.93,43.9,On Track
PRJ-00347,2025-12-01,398.69,315.41,46.3,On Track
PRJ-00347,2026-01-01,398.69,330.89,48.7,Delayed
PRJ-00347,2026-02-01,502.11,346.37,51.0,Delayed
PRJ-00347,2026-03-01,502.11,361.85,53.4,Delayed
PRJ-00347,2026-04-01,502.11,377.33,55.8,Delayed
PRJ-00347,2026-05-01,502.11,392.81,58.2,Delayed
PRJ-00347,2026-06-01,502.11,408.29,60.5,Delayed
PRJ-00347,2026-07-01,502.11,423.77,62.9,Delayed
PRJ-00347,2026-08-01,502.11,439.25,65.3,Delayed
PRJ-00348,2025-09-01,1207.35,905.25,37.4,On Track
PRJ-00348,2025-10-01,1207.35,936.79,39.2,On Track
PRJ-00348,2025-11-01,1207.35,968.33,40.9,On Track
PRJ-00348,2025-12-01,1207.35,999.87,42.7,On Track
PRJ-00348,2026-01-01,1207.35,1031.41,44.5,Delayed
PRJ-00348,2026-02-01,1207.35,1062.95,46.3,Delayed
PRJ-00348,2026-03-01,1207.35,1094.49,48.1,Delayed
PRJ-00348,2026-04-01,1207.35,1126.03,49.9,Delayed
PRJ-00348,2026-05-01,1660.04,1157.57,51.6,Delayed
PRJ-00348,2026-06-01,1660.04,1189.11,53.4,Delayed
PRJ-00348,2026-07-01,1660.04,1220.65,55.2,Delayed
PRJ-00348,2026-08-01,1660.04,1252.19,57.0,Delayed
PRJ-00349,2025-09-01,419.81,82.3,0.0,On Track
PRJ-00349,2025-10-01,419.81,86.04,1.6,On Track
PRJ-00349,2025-11-01,419.81,89.77,3.3,On Track
PRJ-00349,2025-12-01,419.81,93.51,4.9,On Track
PRJ-00349,2026-01-01,419.81,97.25,6.5,Stalled
PRJ-00349,2026-02-01,419.81,100.98,8.2,Stalled
PRJ-00349,2026-03-01,419.81,104.72,9.8,Stalled
PRJ-00349,2026-04-01,419.81,108.46,11.5,Delayed
PRJ-00349,2026-05-01,442.5,112.19,13.1,Delayed
PRJ-00349,2026-06-01,442.5,115.93,14.7,Delayed
PRJ-00349,2026-07-01,442.5,119.66,16.4,Delayed
PRJ-00349,2026-08-01,442.5,123.4,18.0,Delayed
PRJ-00350,2025-09-01,837.6,132.37,0.0,On Track
PRJ-00350,2025-10-01,837.6,140.37,0.2,On Track
PRJ-00350,2025-11-01,837.6,148.37,0.4,On Track
PRJ-00350,2025-12-01,837.6,156.37,0.5,On Track
PRJ-00350,2026-01-01,837.6,164.37,0.7,Stalled
PRJ-00350,2026-02-01,1000.79,172.37,0.9,Stalled
PRJ-00350,2026-03-01,1000.79,180.37,1.1,Stalled
PRJ-00350,2026-04-01,1000.79,188.38,1.3,Stalled
PRJ-00350,2026-05-01,1000.79,196.38,1.5,Stalled
PRJ-00350,2026-06-01,1000.79,204.38,1.6,Stalled
PRJ-00350,2026-07-01,1000.79,212.38,1.8,Stalled
PRJ-00350,2026-08-01,1000.79,220.38,2.0,Stalled
PRJ-00351,2025-09-01,706.96,293.89,6.3,On Track
PRJ-00351,2025-10-01,706.96,308.21,8.7,On Track
PRJ-00351,2025-11-01,706.96,322.53,11.0,On Track
PRJ-00351,2025-12-01,706.96,336.85,13.4,On Track
PRJ-00351,2026-01-01,706.96,351.16,15.8,Delayed
PRJ-00351,2026-02-01,706.96,365.48,18.1,Delayed
PRJ-00351,2026-03-01,706.96,379.8,20.5,Delayed
PRJ-00351,2026-04-01,706.96,394.12,22.8,Delayed
PRJ-00351,2026-05-01,706.96,408.44,25.2,Delayed
PRJ-00351,2026-06-01,804.66,422.75,27.6,Delayed
PRJ-00351,2026-07-01,804.66,437.07,29.9,Delayed
PRJ-00351,2026-08-01,804.66,451.39,32.3,Delayed
PRJ-00352,2025-09-01,639.69,543.15,80.7,On Track
PRJ-00352,2025-10-01,639.69,560.76,82.5,On Track
PRJ-00352,2025-11-01,639.69,578.38,84.2,On Track
PRJ-00352,2025-12-01,639.69,596.0,86.0,On Track
PRJ-00352,2026-01-01,736.95,613.62,87.7,Delayed
PRJ-00352,2026-02-01,736.95,631.24,89.5,Delayed
PRJ-00352,2026-03-01,736.95,648.86,91.2,Delayed
PRJ-00352,2026-04-01,736.95,666.48,93.0,Delayed
PRJ-00352,2026-05-01,736.95,684.09,94.7,Delayed
PRJ-00352,2026-06-01,736.95,701.71,96.5,Delayed
PRJ-00352,2026-07-01,736.95,719.33,98.2,Delayed
PRJ-00352,2026-08-01,736.95,736.95,100.0,Completed
PRJ-00353,2025-09-01,257.96,201.63,68.8,On Track
PRJ-00353,2025-10-01,257.96,206.75,71.6,On Track
PRJ-00353,2025-11-01,257.96,211.87,74.5,On Track
PRJ-00353,2025-12-01,257.96,216.99,77.3,On Track
PRJ-00353,2026-01-01,257.96,222.11,80.1,On Track
PRJ-00353,2026-02-01,257.96,227.23,83.0,On Track
PRJ-00353,2026-03-01,257.96,232.35,85.8,On Track
PRJ-00353,2026-04-01,257.96,237.48,88.6,On Track
PRJ-00353,2026-05-01,257.96,242.6,91.5,On Track
PRJ-00353,2026-06-01,257.96,247.72,94.3,On Track
PRJ-00353,2026-07-01,257.96,252.84,97.2,On Track
PRJ-00353,2026-08-01,257.96,257.96,100.0,Completed
PRJ-00354,2025-09-01,174.01,39.83,9.5,On Track
PRJ-00354,2025-10-01,174.01,42.09,12.3,On Track
PRJ-00354,2025-11-01,174.01,44.35,15.1,On Track
PRJ-00354,2025-12-01,174.01,46.61,17.8,On Track
PRJ-00354,2026-01-01,174.01,48.87,20.6,On Track
PRJ-00354,2026-02-01,174.01,51.14,23.4,On Track
PRJ-00354,2026-03-01,174.01,53.4,26.2,On Track
PRJ-00354,2026-04-01,174.01,55.66,29.0,On Track
PRJ-00354,2026-05-01,174.01,57.92,31.8,On Track
PRJ-00354,2026-06-01,174.01,60.18,34.5,On Track
PRJ-00354,2026-07-01,174.01,62.44,37.3,On Track
PRJ-00354,2026-08-01,174.01,64.7,40.1,On Track
PRJ-00355,2025-09-01,2748.89,1604.63,34.2,On Track
PRJ-00355,2025-10-01,2748.89,1675.32,36.7,On Track
PRJ-00355,2025-11-01,2748.89,1746.02,39.3,On Track
PRJ-00355,2025-12-01,3293.71,1816.72,41.8,On Track
PRJ-00355,2026-01-01,3293.71,1887.42,44.3,Delayed
PRJ-00355,2026-02-01,3293.71,1958.11,46.8,Delayed
PRJ-00355,2026-03-01,3293.71,2028.81,49.3,Delayed
PRJ-00355,2026-04-01,3293.71,2099.51,51.8,Delayed
PRJ-00355,2026-05-01,3293.71,2170.21,54.4,Delayed
PRJ-00355,2026-06-01,3293.71,2240.9,56.9,Delayed
PRJ-00355,2026-07-01,3293.71,2311.6,59.4,Delayed
PRJ-00355,2026-08-01,3293.71,2382.3,61.9,Delayed
PRJ-00356,2025-09-01,3150.94,475.49,0.0,On Track
PRJ-00356,2025-10-01,3150.94,498.83,2.2,On Track
PRJ-00356,2025-11-01,3150.94,522.16,4.5,On Track
PRJ-00356,2025-12-01,3150.94,545.5,6.7,On Track
PRJ-00356,2026-01-01,3150.94,568.83,8.9,On Track
PRJ-00356,2026-02-01,3150.94,592.17,11.1,On Track
PRJ-00356,2026-03-01,3150.94,615.5,13.4,On Track
PRJ-00356,2026-04-01,3150.94,638.83,15.6,On Track
PRJ-00356,2026-05-01,3150.94,662.17,17.8,On Track
PRJ-00356,2026-06-01,3150.94,685.5,20.0,On Track
PRJ-00356,2026-07-01,3150.94,708.84,22.3,On Track
PRJ-00356,2026-08-01,3150.94,732.17,24.5,On Track
PRJ-00357,2025-09-01,523.72,461.41,83.3,On Track
PRJ-00357,2025-10-01,523.72,479.42,84.8,On Track
PRJ-00357,2025-11-01,523.72,497.43,86.3,On Track
PRJ-00357,2025-12-01,523.72,515.43,87.9,On Track
PRJ-00357,2026-01-01,523.72,533.44,89.4,Delayed
PRJ-00357,2026-02-01,659.5,551.45,90.9,Delayed
PRJ-00357,2026-03-01,659.5,569.46,92.4,Delayed
PRJ-00357,2026-04-01,659.5,587.47,93.9,Delayed
PRJ-00357,2026-05-01,659.5,605.48,95.4,Delayed
PRJ-00357,2026-06-01,659.5,623.48,97.0,Delayed
PRJ-00357,2026-07-01,659.5,641.49,98.5,Delayed
PRJ-00357,2026-08-01,659.5,659.5,100.0,Completed
PRJ-00358,2025-09-01,613.74,467.17,62.6,On Track
PRJ-00358,2025-10-01,613.74,490.59,64.1,On Track
PRJ-00358,2025-11-01,613.74,514.0,65.6,On Track
PRJ-00358,2025-12-01,613.74,537.41,67.0,On Track
PRJ-00358,2026-01-01,778.21,560.82,68.5,Delayed
PRJ-00358,2026-02-01,778.21,584.23,70.0,Delayed
PRJ-00358,2026-03-01,778.21,607.64,71.5,Delayed
PRJ-00358,2026-04-01,778.21,631.05,73.0,Delayed
PRJ-00358,2026-05-01,778.21,654.47,74.5,Delayed
PRJ-00358,2026-06-01,778.21,677.88,76.0,Delayed
PRJ-00358,2026-07-01,778.21,701.29,77.5,Delayed
PRJ-00358,2026-08-01,778.21,724.7,79.0,Delayed
PRJ-00359,2025-09-01,543.92,72.83,0.0,On Track
PRJ-00359,2025-10-01,543.92,76.56,0.2,On Track
PRJ-00359,2025-11-01,543.92,80.29,0.4,On Track
PRJ-00359,2025-12-01,543.92,84.03,0.5,On Track
PRJ-00359,2026-01-01,543.92,87.76,0.7,Stalled
PRJ-00359,2026-02-01,543.92,91.49,0.9,Stalled
PRJ-00359,2026-03-01,543.92,95.22,1.1,Stalled
PRJ-00359,2026-04-01,693.83,98.96,1.3,Stalled
PRJ-00359,2026-05-01,693.83,102.69,1.5,Stalled
PRJ-00359,2026-06-01,693.83,106.42,1.6,Stalled
PRJ-00359,2026-07-01,693.83,110.16,1.8,Stalled
PRJ-00359,2026-08-01,693.83,113.89,2.0,Stalled
PRJ-00360,2025-09-01,1040.6,73.18,0.0,On Track
PRJ-00360,2025-10-01,1040.6,77.43,0.2,On Track
PRJ-00360,2025-11-01,1040.6,81.68,0.4,On Track
PRJ-00360,2025-12-01,1040.6,85.92,0.5,On Track
PRJ-00360,2026-01-01,1040.6,90.17,0.7,Stalled
PRJ-00360,2026-02-01,1040.6,94.42,0.9,Stalled
PRJ-00360,2026-03-01,1040.6,98.67,1.1,Stalled
PRJ-00360,2026-04-01,1040.6,102.92,1.3,Stalled
PRJ-00360,2026-05-01,1190.39,107.17,1.5,Stalled
PRJ-00360,2026-06-01,1190.39,111.42,1.6,Stalled
PRJ-00360,2026-07-01,1190.39,115.67,1.8,Stalled
PRJ-00360,2026-08-01,1190.39,119.92,2.0,Stalled
PRJ-00361,2025-09-01,2073.57,1552.83,31.2,On Track
PRJ-00361,2025-10-01,2073.57,1597.59,33.6,On Track
PRJ-00361,2025-11-01,2073.57,1642.36,35.9,On Track
PRJ-00361,2025-12-01,2073.57,1687.12,38.3,On Track
PRJ-00361,2026-01-01,2073.57,1731.89,40.6,Delayed
PRJ-00361,2026-02-01,2073.57,1776.65,42.9,Delayed
PRJ-00361,2026-03-01,2073.57,1821.42,45.3,Delayed
PRJ-00361,2026-04-01,2073.57,1866.18,47.6,Delayed
PRJ-00361,2026-05-01,2612.36,1910.95,50.0,Delayed
PRJ-00361,2026-06-01,2612.36,1955.71,52.3,Delayed
PRJ-00361,2026-07-01,2612.36,2000.48,54.7,Delayed
PRJ-00361,2026-08-01,2612.36,2045.24,57.0,Delayed
PRJ-00362,2025-09-01,720.55,176.77,0.0,On Track
PRJ-00362,2025-10-01,720.55,185.72,1.7,On Track
PRJ-00362,2025-11-01,720.55,194.68,3.3,On Track
PRJ-00362,2025-12-01,925.24,203.63,5.0,On Track
PRJ-00362,2026-01-01,925.24,212.59,6.6,Stalled
PRJ-00362,2026-02-01,925.24,221.54,8.3,Stalled
PRJ-00362,2026-03-01,925.24,230.5,9.9,Stalled
PRJ-00362,2026-04-01,925.24,239.45,11.6,Delayed
PRJ-00362,2026-05-01,925.24,248.41,13.2,Delayed
PRJ-00362,2026-06-01,925.24,257.36,14.9,Delayed
PRJ-00362,2026-07-01,925.24,266.32,16.5,Delayed
PRJ-00362,2026-08-01,925.24,275.27,18.2,Delayed
PRJ-00363,2025-09-01,530.33,58.54,0.0,On Track
PRJ-00363,2025-10-01,530.33,61.71,0.2,On Track
PRJ-00363,2025-11-01,530.33,64.89,0.4,On Track
PRJ-00363,2025-12-01,686.86,68.06,0.5,On Track
PRJ-00363,2026-01-01,686.86,71.23,0.7,Stalled
PRJ-00363,2026-02-01,686.86,74.4,0.9,Stalled
PRJ-00363,2026-03-01,686.86,77.58,1.1,Stalled
PRJ-00363,2026-04-01,686.86,80.75,1.3,Stalled
PRJ-00363,2026-05-01,686.86,83.92,1.5,Stalled
PRJ-00363,2026-06-01,686.86,87.09,1.6,Stalled
PRJ-00363,2026-07-01,686.86,90.27,1.8,Stalled
PRJ-00363,2026-08-01,686.86,93.44,2.0,Stalled
PRJ-00364,2025-09-01,2236.04,765.03,0.0,On Track
PRJ-00364,2025-10-01,2236.04,796.59,2.7,On Track
PRJ-00364,2025-11-01,2236.04,828.15,5.4,On Track
PRJ-00364,2025-12-01,2236.04,859.71,8.1,On Track
PRJ-00364,2026-01-01,2236.04,891.26,10.8,Delayed
PRJ-00364,2026-02-01,2236.04,922.82,13.5,Delayed
PRJ-00364,2026-03-01,2236.04,954.38,16.3,Delayed
PRJ-00364,2026-04-01,2771.99,985.94,19.0,Delayed
PRJ-00364,2026-05-01,2771.99,1017.5,21.7,Delayed
PRJ-00364,2026-06-01,2771.99,1049.06,24.4,Delayed
PRJ-00364,2026-07-01,2771.99,1080.62,27.1,Delayed
PRJ-00364,2026-08-01,2771.99,1112.18,29.8,Delayed
PRJ-00365,2025-09-01,405.54,299.65,41.3,On Track
PRJ-00365,2025-10-01,405.54,312.77,43.3,On Track
PRJ-00365,2025-11-01,405.54,325.89,45.3,On Track
PRJ-00365,2025-12-01,405.54,339.01,47.3,On Track
PRJ-00365,2026-01-01,405.54,352.13,49.3,Delayed
PRJ-00365,2026-02-01,405.54,365.25,51.3,Delayed
PRJ-00365,2026-03-01,405.54,378.37,53.3,Delayed
PRJ-00365,2026-04-01,405.54,391.48,55.3,Delayed
PRJ-00365,2026-05-01,513.64,404.6,57.3,Delayed
PRJ-00365,2026-06-01,513.64,417.72,59.3,Delayed
PRJ-00365,2026-07-01,513.64,430.84,61.3,Delayed
PRJ-00365,2026-08-01,513.64,443.96,63.3,Delayed
PRJ-00366,2025-09-01,515.58,394.15,48.4,On Track
PRJ-00366,2025-10-01,515.58,411.2,51.5,On Track
PRJ-00366,2025-11-01,515.58,428.26,54.6,On Track
PRJ-00366,2025-12-01,515.58,445.32,57.7,On Track
PRJ-00366,2026-01-01,515.58,462.37,60.8,Delayed
PRJ-00366,2026-02-01,515.58,479.43,63.9,Delayed
PRJ-00366,2026-03-01,515.58,496.48,67.0,Delayed
PRJ-00366,2026-04-01,612.44,513.54,70.2,Delayed
PRJ-00366,2026-05-01,612.44,530.59,73.3,Delayed
PRJ-00366,2026-06-01,612.44,547.65,76.4,Delayed
PRJ-00366,2026-07-01,612.44,564.7,79.5,Delayed
PRJ-00366,2026-08-01,612.44,581.76,82.6,Delayed
PRJ-00367,2025-09-01,274.23,215.73,67.7,On Track
PRJ-00367,2025-10-01,274.23,222.69,70.7,On Track
PRJ-00367,2025-11-01,274.23,229.64,73.6,On Track
PRJ-00367,2025-12-01,274.23,236.6,76.5,On Track
PRJ-00367,2026-01-01,292.24,243.55,79.5,Delayed
PRJ-00367,2026-02-01,292.24,250.51,82.4,Delayed
PRJ-00367,2026-03-01,292.24,257.46,85.3,Delayed
PRJ-00367,2026-04-01,292.24,264.42,88.3,Delayed
PRJ-00367,2026-05-01,292.24,271.37,91.2,Delayed
PRJ-00367,2026-06-01,292.24,278.33,94.1,Delayed
PRJ-00367,2026-07-01,292.24,285.28,97.1,Delayed
PRJ-00367,2026-08-01,292.24,292.24,100.0,Completed
PRJ-00368,2025-09-01,760.87,93.39,0.0,On Track
PRJ-00368,2025-10-01,760.87,98.51,0.2,On Track
PRJ-00368,2025-11-01,760.87,103.62,0.4,On Track
PRJ-00368,2025-12-01,978.1,108.74,0.5,On Track
PRJ-00368,2026-01-01,978.1,113.86,0.7,Stalled
PRJ-00368,2026-02-01,978.1,118.97,0.9,Stalled
PRJ-00368,2026-03-01,978.1,124.09,1.1,Stalled
PRJ-00368,2026-04-01,978.1,129.2,1.3,Stalled
PRJ-00368,2026-05-01,978.1,134.32,1.5,Stalled
PRJ-00368,2026-06-01,978.1,139.44,1.6,Stalled
PRJ-00368,2026-07-01,978.1,144.55,1.8,Stalled
PRJ-00368,2026-08-01,978.1,149.67,2.0,Stalled
PRJ-00369,2025-09-01,909.63,771.65,79.7,On Track
PRJ-00369,2025-10-01,909.63,803.67,81.5,On Track
PRJ-00369,2025-11-01,909.63,835.69,83.4,On Track
PRJ-00369,2025-12-01,909.63,867.71,85.2,On Track
PRJ-00369,2026-01-01,909.63,899.73,87.1,Delayed
PRJ-00369,2026-02-01,909.63,931.75,88.9,Delayed
PRJ-00369,2026-03-01,909.63,963.77,90.8,Delayed
PRJ-00369,2026-04-01,1123.88,995.8,92.6,Delayed
PRJ-00369,2026-05-01,1123.88,1027.82,94.5,Delayed
PRJ-00369,2026-06-01,1123.88,1059.84,96.3,Delayed
PRJ-00369,2026-07-01,1123.88,1091.86,98.2,Delayed
PRJ-00369,2026-08-01,1123.88,1123.88,100.0,Completed
PRJ-00370,2025-09-01,2106.55,799.41,10.3,On Track
PRJ-00370,2025-10-01,2106.55,829.78,12.3,On Track
PRJ-00370,2025-11-01,2106.55,860.16,14.4,On Track
PRJ-00370,2025-12-01,2106.55,890.53,16.5,On Track
PRJ-00370,2026-01-01,2106.55,920.91,18.5,Delayed
PRJ-00370,2026-02-01,2106.55,951.29,20.6,Delayed
PRJ-00370,2026-03-01,2106.55,981.66,22.7,Delayed
PRJ-00370,2026-04-01,2106.55,1012.04,24.7,Delayed
PRJ-00370,2026-05-01,2106.55,1042.41,26.8,Delayed
PRJ-00370,2026-06-01,2459.05,1072.79,28.9,Delayed
PRJ-00370,2026-07-01,2459.05,1103.16,30.9,Delayed
PRJ-00370,2026-08-01,2459.05,1133.54,33.0,Delayed
PRJ-00371,2025-09-01,1540.25,691.75,60.6,On Track
PRJ-00371,2025-10-01,1540.25,731.19,62.1,On Track
PRJ-00371,2025-11-01,1540.25,770.63,63.5,On Track
PRJ-00371,2025-12-01,1540.25,810.07,65.0,On Track
PRJ-00371,2026-01-01,1540.25,849.5,66.5,On Track
PRJ-00371,2026-02-01,1540.25,888.94,68.0,On Track
PRJ-00371,2026-03-01,1540.25,928.38,69.5,On Track
PRJ-00371,2026-04-01,1540.25,967.82,71.0,On Track
PRJ-00371,2026-05-01,1540.25,1007.26,72.4,On Track
PRJ-00371,2026-06-01,1540.25,1046.69,73.9,On Track
PRJ-00371,2026-07-01,1540.25,1086.13,75.4,On Track
PRJ-00371,2026-08-01,1540.25,1125.57,76.9,On Track
PRJ-00372,2025-09-01,387.48,148.19,23.8,On Track
PRJ-00372,2025-10-01,387.48,154.37,26.9,On Track
PRJ-00372,2025-11-01,387.48,160.54,30.0,On Track
PRJ-00372,2025-12-01,387.48,166.72,33.0,On Track
PRJ-00372,2026-01-01,387.48,172.9,36.1,On Track
PRJ-00372,2026-02-01,387.48,179.08,39.2,On Track
PRJ-00372,2026-03-01,387.48,185.25,42.2,On Track
PRJ-00372,2026-04-01,387.48,191.43,45.3,On Track
PRJ-00372,2026-05-01,387.48,197.61,48.4,On Track
PRJ-00372,2026-06-01,387.48,203.79,51.5,On Track
PRJ-00372,2026-07-01,387.48,209.96,54.5,On Track
PRJ-00372,2026-08-01,387.48,216.14,57.6,On Track
PRJ-00373,2025-09-01,459.65,383.94,77.3,On Track
PRJ-00373,2025-10-01,459.65,402.99,79.3,On Track
PRJ-00373,2025-11-01,459.65,422.04,81.4,On Track
PRJ-00373,2025-12-01,459.65,441.08,83.5,On Track
PRJ-00373,2026-01-01,459.65,460.13,85.5,Delayed
PRJ-00373,2026-02-01,459.65,479.17,87.6,Delayed
PRJ-00373,2026-03-01,459.65,498.22,89.7,Delayed
PRJ-00373,2026-04-01,593.45,517.27,91.7,Delayed
PRJ-00373,2026-05-01,593.45,536.31,93.8,Delayed
PRJ-00373,2026-06-01,593.45,555.36,95.9,Delayed
PRJ-00373,2026-07-01,593.45,574.4,97.9,Delayed
PRJ-00373,2026-08-01,593.45,593.45,100.0,Completed
PRJ-00374,2025-09-01,471.07,101.61,0.0,On Track
PRJ-00374,2025-10-01,471.07,104.25,2.5,On Track
PRJ-00374,2025-11-01,471.07,106.9,5.1,On Track
PRJ-00374,2025-12-01,471.07,109.55,7.6,On Track
PRJ-00374,2026-01-01,471.07,112.19,10.1,On Track
PRJ-00374,2026-02-01,471.07,114.84,12.6,On Track
PRJ-00374,2026-03-01,471.07,117.48,15.2,On Track
PRJ-00374,2026-04-01,471.07,120.13,17.7,On Track
PRJ-00374,2026-05-01,471.07,122.77,20.2,On Track
PRJ-00374,2026-06-01,471.07,125.42,22.7,On Track
PRJ-00374,2026-07-01,471.07,128.06,25.3,On Track
PRJ-00374,2026-08-01,471.07,130.71,27.8,On Track
PRJ-00375,2025-09-01,372.83,359.3,83.2,On Track
PRJ-00375,2025-10-01,372.83,371.07,84.7,On Track
PRJ-00375,2025-11-01,372.83,382.83,86.3,On Track
PRJ-00375,2025-12-01,372.83,394.6,87.8,On Track
PRJ-00375,2026-01-01,372.83,406.36,89.3,Delayed
PRJ-00375,2026-02-01,372.83,418.13,90.8,Delayed
PRJ-00375,2026-03-01,488.72,429.89,92.4,Delayed
PRJ-00375,2026-04-01,488.72,441.66,93.9,Delayed
PRJ-00375,2026-05-01,488.72,453.42,95.4,Delayed
PRJ-00375,2026-06-01,488.72,465.19,96.9,Delayed
PRJ-00375,2026-07-01,488.72,476.95,98.5,Delayed
PRJ-00375,2026-08-01,488.72,488.72,100.0,Completed
PRJ-00376,2025-09-01,367.76,341.79,66.0,On Track
PRJ-00376,2025-10-01,367.76,353.62,69.1,On Track
PRJ-00376,2025-11-01,367.76,365.45,72.2,On Track
PRJ-00376,2025-12-01,367.76,377.28,75.3,On Track
PRJ-00376,2026-01-01,367.76,389.11,78.4,Delayed
PRJ-00376,2026-02-01,367.76,400.94,81.5,Delayed
PRJ-00376,2026-03-01,367.76,412.77,84.5,Delayed
PRJ-00376,2026-04-01,471.92,424.6,87.6,Delayed
PRJ-00376,2026-05-01,471.92,436.43,90.7,Delayed
PRJ-00376,2026-06-01,471.92,448.26,93.8,Delayed
PRJ-00376,2026-07-01,471.92,460.09,96.9,Delayed
PRJ-00376,2026-08-01,471.92,471.92,100.0,Completed
PRJ-00377,2025-09-01,761.83,227.67,0.0,On Track
PRJ-00377,2025-10-01,761.83,234.07,1.4,On Track
PRJ-00377,2025-11-01,761.83,240.47,2.7,On Track
PRJ-00377,2025-12-01,761.83,246.86,4.1,On Track
PRJ-00377,2026-01-01,761.83,253.26,5.4,Stalled
PRJ-00377,2026-02-01,761.83,259.66,6.8,Stalled
PRJ-00377,2026-03-01,865.09,266.06,8.1,Stalled
PRJ-00377,2026-04-01,865.09,272.46,9.5,Stalled
PRJ-00377,2026-05-01,865.09,278.86,10.8,Delayed
PRJ-00377,2026-06-01,865.09,285.25,12.2,Delayed
PRJ-00377,2026-07-01,865.09,291.65,13.5,Delayed
PRJ-00377,2026-08-01,865.09,298.05,14.9,Delayed
PRJ-00378,2025-09-01,965.02,428.04,30.3,On Track
PRJ-00378,2025-10-01,965.02,446.17,32.1,On Track
PRJ-00378,2025-11-01,965.02,464.29,33.9,On Track
PRJ-00378,2025-12-01,965.02,482.42,35.7,On Track
PRJ-00378,2026-01-01,965.02,500.54,37.5,Delayed
PRJ-00378,2026-02-01,965.02,518.67,39.3,Delayed
PRJ-00378,2026-03-01,1029.95,536.79,41.1,Delayed
PRJ-00378,2026-04-01,1029.95,554.92,42.9,Delayed
PRJ-00378,2026-05-01,1029.95,573.04,44.7,Delayed
PRJ-00378,2026-06-01,1029.95,591.17,46.5,Delayed
PRJ-00378,2026-07-01,1029.95,609.29,48.3,Delayed
PRJ-00378,2026-08-01,1029.95,627.42,50.1,Delayed
PRJ-00379,2025-09-01,3743.12,1132.61,25.6,On Track
PRJ-00379,2025-10-01,3743.12,1163.3,27.1,On Track
PRJ-00379,2025-11-01,3743.12,1194.0,28.5,On Track
PRJ-00379,2025-12-01,3743.12,1224.69,30.0,On Track
PRJ-00379,2026-01-01,3743.12,1255.39,31.4,On Track
PRJ-00379,2026-02-01,3743.12,1286.08,32.9,On Track
PRJ-00379,2026-03-01,3743.12,1316.78,34.3,On Track
PRJ-00379,2026-04-01,3743.12,1347.47,35.8,On Track
PRJ-00379,2026-05-01,3743.12,1378.17,37.2,On Track
PRJ-00379,2026-06-01,3743.12,1408.86,38.7,On Track
PRJ-00379,2026-07-01,3743.12,1439.56,40.1,On Track
PRJ-00379,2026-08-01,3743.12,1470.25,41.6,On Track
PRJ-00380,2025-09-01,851.18,365.31,8.3,On Track
PRJ-00380,2025-10-01,851.18,375.54,10.4,On Track
PRJ-00380,2025-11-01,851.18,385.78,12.5,On Track
PRJ-00380,2025-12-01,952.43,396.02,14.6,On Track
PRJ-00380,2026-01-01,952.43,406.26,16.7,Delayed
PRJ-00380,2026-02-01,952.43,416.5,18.9,Delayed
PRJ-00380,2026-03-01,952.43,426.74,21.0,Delayed
PRJ-00380,2026-04-01,952.43,436.98,23.1,Delayed
PRJ-00380,2026-05-01,952.43,447.21,25.2,Delayed
PRJ-00380,2026-06-01,952.43,457.45,27.4,Delayed
PRJ-00380,2026-07-01,952.43,467.69,29.5,Delayed
PRJ-00380,2026-08-01,952.43,477.93,31.6,Delayed
PRJ-00381,2025-09-01,1366.31,862.6,69.8,On Track
PRJ-00381,2025-10-01,1366.31,908.4,72.6,On Track
PRJ-00381,2025-11-01,1366.31,954.19,75.3,On Track
PRJ-00381,2025-12-01,1366.31,999.98,78.1,On Track
PRJ-00381,2026-01-01,1366.31,1045.77,80.8,On Track
PRJ-00381,2026-02-01,1366.31,1091.56,83.5,On Track
PRJ-00381,2026-03-01,1366.31,1137.35,86.3,On Track
PRJ-00381,2026-04-01,1366.31,1183.14,89.0,On Track
PRJ-00381,2026-05-01,1366.31,1228.94,91.8,On Track
PRJ-00381,2026-06-01,1366.31,1274.73,94.5,On Track
PRJ-00381,2026-07-01,1366.31,1320.52,97.3,On Track
PRJ-00381,2026-08-01,1366.31,1366.31,100.0,Completed
PRJ-00382,2025-09-01,1212.6,948.82,74.4,On Track
PRJ-00382,2025-10-01,1212.6,972.8,76.7,On Track
PRJ-00382,2025-11-01,1212.6,996.78,79.1,On Track
PRJ-00382,2025-12-01,1212.6,1020.76,81.4,On Track
PRJ-00382,2026-01-01,1212.6,1044.74,83.7,On Track
PRJ-00382,2026-02-01,1212.6,1068.72,86.0,On Track
PRJ-00382,2026-03-01,1212.6,1092.7,88.4,On Track
PRJ-00382,2026-04-01,1212.6,1116.68,90.7,On Track
PRJ-00382,2026-05-01,1212.6,1140.66,93.0,On Track
PRJ-00382,2026-06-01,1212.6,1164.64,95.3,On Track
PRJ-00382,2026-07-01,1212.6,1188.62,97.7,On Track
PRJ-00382,2026-08-01,1212.6,1212.6,100.0,Completed
PRJ-00383,2025-09-01,755.84,187.08,0.0,On Track
PRJ-00383,2025-10-01,755.84,196.08,1.8,On Track
PRJ-00383,2025-11-01,755.84,205.07,3.6,On Track
PRJ-00383,2025-12-01,755.84,214.06,5.4,On Track
PRJ-00383,2026-01-01,755.84,223.05,7.2,Stalled
PRJ-00383,2026-02-01,755.84,232.04,9.0,Stalled
PRJ-00383,2026-03-01,755.84,241.03,10.9,Delayed
PRJ-00383,2026-04-01,932.59,250.02,12.7,Delayed
PRJ-00383,2026-05-01,932.59,259.02,14.5,Delayed
PRJ-00383,2026-06-01,932.59,268.01,16.3,Delayed
PRJ-00383,2026-07-01,932.59,277.0,18.1,Delayed
PRJ-00383,2026-08-01,932.59,285.99,19.9,Delayed
PRJ-00384,2025-09-01,810.51,434.95,21.4,On Track
PRJ-00384,2025-10-01,810.51,456.01,24.2,On Track
PRJ-00384,2025-11-01,810.51,477.07,27.0,On Track
PRJ-00384,2025-12-01,810.51,498.13,29.8,On Track
PRJ-00384,2026-01-01,810.51,519.19,32.6,Delayed
PRJ-00384,2026-02-01,810.51,540.24,35.4,Delayed
PRJ-00384,2026-03-01,810.51,561.3,38.2,Delayed
PRJ-00384,2026-04-01,810.51,582.36,41.1,Delayed
PRJ-00384,2026-05-01,1040.33,603.42,43.9,Delayed
PRJ-00384,2026-06-01,1040.33,624.47,46.7,Delayed
PRJ-00384,2026-07-01,1040.33,645.53,49.5,Delayed
PRJ-00384,2026-08-01,1040.33,666.59,52.3,Delayed
PRJ-00385,2025-09-01,1264.91,894.46,45.8,On Track
PRJ-00385,2025-10-01,1264.91,923.75,48.1,On Track
PRJ-00385,2025-11-01,1264.91,953.03,50.3,On Track
PRJ-00385,2025-12-01,1264.91,982.32,52.6,On Track
PRJ-00385,2026-01-01,1264.91,1011.6,54.9,Delayed
PRJ-00385,2026-02-01,1492.12,1040.89,57.2,Delayed
PRJ-00385,2026-03-01,1492.12,1070.17,59.5,Delayed
PRJ-00385,2026-04-01,1492.12,1099.46,61.8,Delayed
PRJ-00385,2026-05-01,1492.12,1128.74,64.0,Delayed
PRJ-00385,2026-06-01,1492.12,1158.03,66.3,Delayed
PRJ-00385,2026-07-01,1492.12,1187.31,68.6,Delayed
PRJ-00385,2026-08-01,1492.12,1216.6,70.9,Delayed
PRJ-00386,2025-09-01,598.46,522.39,69.1,On Track
PRJ-00386,2025-10-01,598.46,545.68,71.9,On Track
PRJ-00386,2025-11-01,598.46,568.98,74.7,On Track
PRJ-00386,2025-12-01,598.46,592.28,77.5,On Track
PRJ-00386,2026-01-01,598.46,615.58,80.3,Delayed
PRJ-00386,2026-02-01,598.46,638.88,83.1,Delayed
PRJ-00386,2026-03-01,778.67,662.18,85.9,Delayed
PRJ-00386,2026-04-01,778.67,685.48,88.7,Delayed
PRJ-00386,2026-05-01,778.67,708.77,91.6,Delayed
PRJ-00386,2026-06-01,778.67,732.07,94.4,Delayed
PRJ-00386,2026-07-01,778.67,755.37,97.2,Delayed
PRJ-00386,2026-08-01,778.67,778.67,100.0,Completed
PRJ-00387,2025-09-01,475.61,183.25,8.3,On Track
PRJ-00387,2025-10-01,475.61,190.93,9.7,On Track
PRJ-00387,2025-11-01,475.61,198.61,11.1,On Track
PRJ-00387,2025-12-01,475.61,206.29,12.5,On Track
PRJ-00387,2026-01-01,475.61,213.96,13.9,Delayed
PRJ-00387,2026-02-01,475.61,221.64,15.3,Delayed
PRJ-00387,2026-03-01,475.61,229.32,16.7,Delayed
PRJ-00387,2026-04-01,644.92,237.0,18.1,Delayed
PRJ-00387,2026-05-01,644.92,244.68,19.5,Delayed
PRJ-00387,2026-06-01,644.92,252.35,20.9,Delayed
PRJ-00387,2026-07-01,644.92,260.03,22.3,Delayed
PRJ-00387,2026-08-01,644.92,267.71,23.7,Delayed
PRJ-00388,2025-09-01,463.22,52.67,0.0,On Track
PRJ-00388,2025-10-01,463.22,55.33,0.3,On Track
PRJ-00388,2025-11-01,463.22,57.98,0.6,On Track
PRJ-00388,2025-12-01,463.22,60.63,0.9,On Track
PRJ-00388,2026-01-01,463.22,63.28,1.2,Stalled
PRJ-00388,2026-02-01,463.22,65.94,1.5,Stalled
PRJ-00388,2026-03-01,463.22,68.59,1.9,Stalled
PRJ-00388,2026-04-01,558.44,71.24,2.2,Stalled
PRJ-00388,2026-05-01,558.44,73.89,2.5,Stalled
PRJ-00388,2026-06-01,558.44,76.55,2.8,Stalled
PRJ-00388,2026-07-01,558.44,79.2,3.1,Stalled
PRJ-00388,2026-08-01,558.44,81.85,3.4,Stalled
PRJ-00389,2025-09-01,825.67,794.08,74.5,On Track
PRJ-00389,2025-10-01,825.67,816.26,76.8,On Track
PRJ-00389,2025-11-01,825.67,838.43,79.1,On Track
PRJ-00389,2025-12-01,825.67,860.61,81.5,On Track
PRJ-00389,2026-01-01,1038.02,882.79,83.8,Delayed
PRJ-00389,2026-02-01,1038.02,904.96,86.1,Delayed
PRJ-00389,2026-03-01,1038.02,927.14,88.4,Delayed
PRJ-00389,2026-04-01,1038.02,949.32,90.7,Delayed
PRJ-00389,2026-05-01,1038.02,971.49,93.0,Delayed
PRJ-00389,2026-06-01,1038.02,993.67,95.4,Delayed
PRJ-00389,2026-07-01,1038.02,1015.84,97.7,Delayed
PRJ-00389,2026-08-01,1038.02,1038.02,100.0,Completed
PRJ-00390,2025-09-01,5999.34,3689.97,14.6,On Track
PRJ-00390,2025-10-01,5999.34,3874.68,16.9,On Track
PRJ-00390,2025-11-01,5999.34,4059.4,19.3,On Track
PRJ-00390,2025-12-01,5999.34,4244.11,21.6,On Track
PRJ-00390,2026-01-01,5999.34,4428.83,23.9,Delayed
PRJ-00390,2026-02-01,5999.34,4613.54,26.2,Delayed
PRJ-00390,2026-03-01,5999.34,4798.26,28.5,Delayed
PRJ-00390,2026-04-01,5999.34,4982.97,30.8,Delayed
PRJ-00390,2026-05-01,5999.34,5167.69,33.2,Delayed
PRJ-00390,2026-06-01,9039.29,5352.4,35.5,Delayed
PRJ-00390,2026-07-01,9039.29,5537.12,37.8,Delayed
PRJ-00390,2026-08-01,9039.29,5721.83,40.1,Delayed
PRJ-00391,2025-09-01,690.22,331.78,3.2,On Track
PRJ-00391,2025-10-01,690.22,347.14,6.2,On Track
PRJ-00391,2025-11-01,690.22,362.5,9.3,On Track
PRJ-00391,2025-12-01,690.22,377.86,12.3,On Track
PRJ-00391,2026-01-01,690.22,393.22,15.4,Delayed
PRJ-00391,2026-02-01,912.93,408.57,18.4,Delayed
PRJ-00391,2026-03-01,912.93,423.93,21.5,Delayed
PRJ-00391,2026-04-01,912.93,439.29,24.6,Delayed
PRJ-00391,2026-05-01,912.93,454.65,27.6,Delayed
PRJ-00391,2026-06-01,912.93,470.01,30.7,Delayed
PRJ-00391,2026-07-01,912.93,485.37,33.7,Delayed
PRJ-00391,2026-08-01,912.93,500.73,36.8,Delayed
PRJ-00392,2025-09-01,1914.42,316.02,2.5,On Track
PRJ-00392,2025-10-01,1914.42,325.1,4.2,On Track
PRJ-00392,2025-11-01,1914.42,334.18,6.0,On Track
PRJ-00392,2025-12-01,1914.42,343.26,7.7,On Track
PRJ-00392,2026-01-01,1914.42,352.33,9.5,On Track
PRJ-00392,2026-02-01,1914.42,361.41,11.2,On Track
PRJ-00392,2026-03-01,1914.42,370.49,13.0,On Track
PRJ-00392,2026-04-01,1914.42,379.57,14.7,On Track
PRJ-00392,2026-05-01,1914.42,388.65,16.5,On Track
PRJ-00392,2026-06-01,1914.42,397.72,18.2,On Track
PRJ-00392,2026-07-01,1914.42,406.8,20.0,On Track
PRJ-00392,2026-08-01,1914.42,415.88,21.7,On Track
PRJ-00393,2025-09-01,977.86,756.56,83.0,On Track
PRJ-00393,2025-10-01,977.86,787.25,84.5,On Track
PRJ-00393,2025-11-01,977.86,817.93,86.1,On Track
PRJ-00393,2025-12-01,977.86,848.62,87.6,On Track
PRJ-00393,2026-01-01,977.86,879.3,89.2,Delayed
PRJ-00393,2026-02-01,977.86,909.99,90.7,Delayed
PRJ-00393,2026-03-01,977.86,940.67,92.3,Delayed
PRJ-00393,2026-04-01,1094.1,971.36,93.8,Delayed
PRJ-00393,2026-05-01,1094.1,1002.04,95.4,Delayed
PRJ-00393,2026-06-01,1094.1,1032.73,96.9,Delayed
PRJ-00393,2026-07-01,1094.1,1063.41,98.5,Delayed
PRJ-00393,2026-08-01,1094.1,1094.1,100.0,Completed
PRJ-00394,2025-09-01,1208.83,623.28,10.1,On Track
PRJ-00394,2025-10-01,1208.83,651.84,12.3,On Track
PRJ-00394,2025-11-01,1208.83,680.4,14.5,On Track
PRJ-00394,2025-12-01,1587.69,708.96,16.7,On Track
PRJ-00394,2026-01-01,1587.69,737.51,19.0,Delayed
PRJ-00394,2026-02-01,1587.69,766.07,21.2,Delayed
PRJ-00394,2026-03-01,1587.69,794.63,23.4,Delayed
PRJ-00394,2026-04-01,1587.69,823.18,25.6,Delayed
PRJ-00394,2026-05-01,1587.69,851.74,27.8,Delayed
PRJ-00394,2026-06-01,1587.69,880.3,30.1,Delayed
PRJ-00394,2026-07-01,1587.69,908.85,32.3,Delayed
PRJ-00394,2026-08-01,1587.69,937.41,34.5,Delayed
PRJ-00395,2025-09-01,189.88,85.38,42.9,On Track
PRJ-00395,2025-10-01,189.88,88.2,44.9,On Track
PRJ-00395,2025-11-01,189.88,91.01,46.9,On Track
PRJ-00395,2025-12-01,189.88,93.83,48.9,On Track
PRJ-00395,2026-01-01,189.88,96.65,50.9,On Track
PRJ-00395,2026-02-01,189.88,99.47,52.9,On Track
PRJ-00395,2026-03-01,189.88,102.29,54.9,On Track
PRJ-00395,2026-04-01,189.88,105.11,57.0,On Track
PRJ-00395,2026-05-01,189.88,107.93,59.0,On Track
PRJ-00395,2026-06-01,189.88,110.75,61.0,On Track
PRJ-00395,2026-07-01,189.88,113.57,63.0,On Track
PRJ-00395,2026-08-01,189.88,116.39,65.0,On Track
PRJ-00396,2025-09-01,1554.32,948.93,75.6,On Track
PRJ-00396,2025-10-01,1554.32,1003.96,77.8,On Track
PRJ-00396,2025-11-01,1554.32,1059.0,80.0,On Track
PRJ-00396,2025-12-01,1554.32,1114.04,82.2,On Track
PRJ-00396,2026-01-01,1554.32,1169.07,84.5,On Track
PRJ-00396,2026-02-01,1554.32,1224.11,86.7,On Track
PRJ-00396,2026-03-01,1554.32,1279.14,88.9,On Track
PRJ-00396,2026-04-01,1554.32,1334.18,91.1,On Track
PRJ-00396,2026-05-01,1554.32,1389.21,93.3,On Track
PRJ-00396,2026-06-01,1554.32,1444.25,95.6,On Track
PRJ-00396,2026-07-01,1554.32,1499.28,97.8,On Track
PRJ-00396,2026-08-01,1554.32,1554.32,100.0,Completed
PRJ-00397,2025-09-01,654.26,335.45,31.9,On Track
PRJ-00397,2025-10-01,654.26,346.71,33.7,On Track
PRJ-00397,2025-11-01,654.26,357.97,35.6,On Track
PRJ-00397,2025-12-01,654.26,369.23,37.5,On Track
PRJ-00397,2026-01-01,722.37,380.5,39.4,Delayed
PRJ-00397,2026-02-01,722.37,391.76,41.2,Delayed
PRJ-00397,2026-03-01,722.37,403.02,43.1,Delayed
PRJ-00397,2026-04-01,722.37,414.29,45.0,Delayed
PRJ-00397,2026-05-01,722.37,425.55,46.9,Delayed
PRJ-00397,2026-06-01,722.37,436.81,48.7,Delayed
PRJ-00397,2026-07-01,722.37,448.08,50.6,Delayed
PRJ-00397,2026-08-01,722.37,459.34,52.5,Delayed
PRJ-00398,2025-09-01,3463.32,419.9,0.0,On Track
PRJ-00398,2025-10-01,3463.32,432.54,0.2,On Track
PRJ-00398,2025-11-01,3463.32,445.18,0.4,On Track
PRJ-00398,2025-12-01,3463.32,457.82,0.5,On Track
PRJ-00398,2026-01-01,3463.32,470.46,0.7,Stalled
PRJ-00398,2026-02-01,3463.32,483.1,0.9,Stalled
PRJ-00398,2026-03-01,4351.51,495.74,1.1,Stalled
PRJ-00398,2026-04-01,4351.51,508.37,1.3,Stalled
PRJ-00398,2026-05-01,4351.51,521.01,1.5,Stalled
PRJ-00398,2026-06-01,4351.51,533.65,1.6,Stalled
PRJ-00398,2026-07-01,4351.51,546.29,1.8,Stalled
PRJ-00398,2026-08-01,4351.51,558.93,2.0,Stalled
PRJ-00399,2025-09-01,1393.06,82.18,0.0,On Track
PRJ-00399,2025-10-01,1393.06,86.01,0.8,On Track
PRJ-00399,2025-11-01,1393.06,89.84,1.6,On Track
PRJ-00399,2025-12-01,1393.06,93.67,2.5,On Track
PRJ-00399,2026-01-01,1393.06,97.5,3.3,On Track
PRJ-00399,2026-02-01,1393.06,101.33,4.1,On Track
PRJ-00399,2026-03-01,1393.06,105.16,4.9,On Track
PRJ-00399,2026-04-01,1393.06,108.99,5.7,On Track
PRJ-00399,2026-05-01,1393.06,112.81,6.5,On Track
PRJ-00399,2026-06-01,1393.06,116.64,7.4,On Track
PRJ-00399,2026-07-01,1393.06,120.47,8.2,On Track
PRJ-00399,2026-08-01,1393.06,124.3,9.0,On Track
PRJ-00400,2025-09-01,1741.18,1016.01,30.4,On Track
PRJ-00400,2025-10-01,1741.18,1053.57,32.0,On Track
PRJ-00400,2025-11-01,1741.18,1091.12,33.5,On Track
PRJ-00400,2025-12-01,1741.18,1128.67,35.1,On Track
PRJ-00400,2026-01-01,1741.18,1166.22,36.6,Delayed
PRJ-00400,2026-02-01,1741.18,1203.77,38.2,Delayed
PRJ-00400,2026-03-01,1741.18,1241.32,39.7,Delayed
PRJ-00400,2026-04-01,2124.94,1278.87,41.2,Delayed
PRJ-00400,2026-05-01,2124.94,1316.43,42.8,Delayed
PRJ-00400,2026-06-01,2124.94,1353.98,44.3,Delayed
PRJ-00400,2026-07-01,2124.94,1391.53,45.9,Delayed
PRJ-00400,2026-08-01,2124.94,1429.08,47.4,Delayed
PRJ-00401,2025-09-01,693.75,382.07,23.4,On Track
PRJ-00401,2025-10-01,693.75,398.13,25.0,On Track
PRJ-00401,2025-11-01,693.75,414.19,26.7,On Track
PRJ-00401,2025-12-01,693.75,430.25,28.3,On Track
PRJ-00401,2026-01-01,693.75,446.3,29.9,Delayed
PRJ-00401,2026-02-01,693.75,462.36,31.5,Delayed
PRJ-00401,2026-03-01,693.75,478.42,33.1,Delayed
PRJ-00401,2026-04-01,693.75,494.48,34.7,Delayed
PRJ-00401,2026-05-01,693.75,510.54,36.4,Delayed
PRJ-00401,2026-06-01,887.97,526.59,38.0,Delayed
PRJ-00401,2026-07-01,887.97,542.65,39.6,Delayed
PRJ-00401,2026-08-01,887.97,558.71,41.2,Delayed
PRJ-00402,2025-09-01,1207.59,775.51,22.6,On Track
PRJ-00402,2025-10-01,1207.59,800.27,25.5,On Track
PRJ-00402,2025-11-01,1207.59,825.04,28.5,On Track
PRJ-00402,2025-12-01,1207.59,849.8,31.4,On Track
PRJ-00402,2026-01-01,1207.59,874.56,34.4,Delayed
PRJ-00402,2026-02-01,1207.59,899.33,37.3,Delayed
PRJ-00402,2026-03-01,1207.59,924.09,40.3,Delayed
PRJ-00402,2026-04-01,1207.59,948.86,43.3,Delayed
PRJ-00402,2026-05-01,1442.31,973.62,46.2,Delayed
PRJ-00402,2026-06-01,1442.31,998.38,49.2,Delayed
PRJ-00402,2026-07-01,1442.31,1023.15,52.1,Delayed
PRJ-00402,2026-08-01,1442.31,1047.91,55.1,Delayed
PRJ-00403,2025-09-01,1716.86,603.42,8.9,On Track
PRJ-00403,2025-10-01,1716.86,628.04,11.0,On Track
PRJ-00403,2025-11-01,1716.86,652.66,13.0,On Track
PRJ-00403,2025-12-01,2200.55,677.28,15.0,On Track
PRJ-00403,2026-01-01,2200.55,701.9,17.1,Delayed
PRJ-00403,2026-02-01,2200.55,726.52,19.1,Delayed
PRJ-00403,2026-03-01,2200.55,751.14,21.1,Delayed
PRJ-00403,2026-04-01,2200.55,775.76,23.2,Delayed
PRJ-00403,2026-05-01,2200.55,800.38,25.2,Delayed
PRJ-00403,2026-06-01,2200.55,825.0,27.2,Delayed
PRJ-00403,2026-07-01,2200.55,849.62,29.3,Delayed
PRJ-00403,2026-08-01,2200.55,874.24,31.3,Delayed
PRJ-00404,2025-09-01,1842.59,899.86,49.5,On Track
PRJ-00404,2025-10-01,1842.59,932.79,51.6,On Track
PRJ-00404,2025-11-01,1842.59,965.73,53.7,On Track
PRJ-00404,2025-12-01,1842.59,998.66,55.8,On Track
PRJ-00404,2026-01-01,1842.59,1031.6,57.9,On Track
PRJ-00404,2026-02-01,1842.59,1064.53,60.0,On Track
PRJ-00404,2026-03-01,1842.59,1097.47,62.1,On Track
PRJ-00404,2026-04-01,1842.59,1130.4,64.2,On Track
PRJ-00404,2026-05-01,1842.59,1163.34,66.3,On Track
PRJ-00404,2026-06-01,1842.59,1196.27,68.4,On Track
PRJ-00404,2026-07-01,1842.59,1229.21,70.5,On Track
PRJ-00404,2026-08-01,1842.59,1262.14,72.6,On Track
PRJ-00405,2025-09-01,972.65,707.39,74.3,On Track
PRJ-00405,2025-10-01,972.65,723.78,75.8,On Track
PRJ-00405,2025-11-01,972.65,740.17,77.3,On Track
PRJ-00405,2025-12-01,972.65,756.57,78.7,On Track
PRJ-00405,2026-01-01,972.65,772.96,80.2,On Track
PRJ-00405,2026-02-01,972.65,789.36,81.7,On Track
PRJ-00405,2026-03-01,972.65,805.75,83.2,On Track
PRJ-00405,2026-04-01,972.65,822.14,84.7,On Track
PRJ-00405,2026-05-01,972.65,838.54,86.2,On Track
PRJ-00405,2026-06-01,972.65,854.93,87.7,On Track
PRJ-00405,2026-07-01,972.65,871.33,89.2,On Track
PRJ-00405,2026-08-01,972.65,887.72,90.7,On Track
PRJ-00406,2025-09-01,845.01,205.48,0.0,On Track
PRJ-00406,2025-10-01,845.01,212.63,0.2,On Track
PRJ-00406,2025-11-01,845.01,219.79,0.4,On Track
PRJ-00406,2025-12-01,845.01,226.94,0.5,On Track
PRJ-00406,2026-01-01,845.01,234.1,0.7,Stalled
PRJ-00406,2026-02-01,845.01,241.25,0.9,Stalled
PRJ-00406,2026-03-01,845.01,248.41,1.1,Stalled
PRJ-00406,2026-04-01,1145.22,255.56,1.3,Stalled
PRJ-00406,2026-05-01,1145.22,262.72,1.5,Stalled
PRJ-00406,2026-06-01,1145.22,269.87,1.6,Stalled
PRJ-00406,2026-07-01,1145.22,277.03,1.8,Stalled
PRJ-00406,2026-08-01,1145.22,284.18,2.0,Stalled
PRJ-00407,2025-09-01,407.48,110.52,0.0,On Track
PRJ-00407,2025-10-01,407.48,115.15,1.9,On Track
PRJ-00407,2025-11-01,407.48,119.77,3.7,On Track
PRJ-00407,2025-12-01,407.48,124.4,5.6,On Track
PRJ-00407,2026-01-01,407.48,129.03,7.4,Stalled
PRJ-00407,2026-02-01,407.48,133.65,9.3,Stalled
PRJ-00407,2026-03-01,564.24,138.28,11.1,Delayed
PRJ-00407,2026-04-01,564.24,142.91,13.0,Delayed
PRJ-00407,2026-05-01,564.24,147.53,14.8,Delayed
PRJ-00407,2026-06-01,564.24,152.16,16.7,Delayed
PRJ-00407,2026-07-01,564.24,156.78,18.5,Delayed
PRJ-00407,2026-08-01,564.24,161.41,20.4,Delayed
PRJ-00408,2025-09-01,1036.58,257.75,0.0,On Track
PRJ-00408,2025-10-01,1036.58,271.63,1.9,On Track
PRJ-00408,2025-11-01,1036.58,285.5,3.8,On Track
PRJ-00408,2025-12-01,1036.58,299.37,5.8,On Track
PRJ-00408,2026-01-01,1036.58,313.24,7.7,Stalled
PRJ-00408,2026-02-01,1036.58,327.12,9.6,Stalled
PRJ-00408,2026-03-01,1036.58,340.99,11.5,Delayed
PRJ-00408,2026-04-01,1036.58,354.86,13.4,Delayed
PRJ-00408,2026-05-01,1179.87,368.73,15.3,Delayed
PRJ-00408,2026-06-01,1179.87,382.61,17.3,Delayed
PRJ-00408,2026-07-01,1179.87,396.48,19.2,Delayed
PRJ-00408,2026-08-01,1179.87,410.35,21.1,Delayed
PRJ-00409,2025-09-01,300.21,194.17,72.3,On Track
PRJ-00409,2025-10-01,300.21,204.08,74.8,On Track
PRJ-00409,2025-11-01,300.21,214.0,77.4,On Track
PRJ-00409,2025-12-01,300.21,223.91,79.9,On Track
PRJ-00409,2026-01-01,300.21,233.82,82.4,On Track
PRJ-00409,2026-02-01,300.21,243.73,84.9,On Track
PRJ-00409,2026-03-01,300.21,253.65,87.4,On Track
PRJ-00409,2026-04-01,300.21,263.56,89.9,On Track
PRJ-00409,2026-05-01,300.21,273.47,92.5,On Track
PRJ-00409,2026-06-01,300.21,283.38,95.0,On Track
PRJ-00409,2026-07-01,300.21,293.3,97.5,On Track
PRJ-00409,2026-08-01,300.21,303.21,100.0,Completed
PRJ-00410,2025-09-01,713.01,168.23,9.3,On Track
PRJ-00410,2025-10-01,713.01,172.22,11.2,On Track
PRJ-00410,2025-11-01,713.01,176.22,13.1,On Track
PRJ-00410,2025-12-01,713.01,180.21,15.0,On Track
PRJ-00410,2026-01-01,713.01,184.2,16.9,On Track
PRJ-00410,2026-02-01,713.01,188.2,18.8,On Track
PRJ-00410,2026-03-01,713.01,192.19,20.7,On Track
PRJ-00410,2026-04-01,713.01,196.19,22.5,On Track
PRJ-00410,2026-05-01,713.01,200.18,24.4,On Track
PRJ-00410,2026-06-01,713.01,204.17,26.3,On Track
PRJ-00410,2026-07-01,713.01,208.17,28.2,On Track
PRJ-00410,2026-08-01,713.01,212.16,30.1,On Track
PRJ-00411,2025-09-01,710.32,283.77,17.3,On Track
PRJ-00411,2025-10-01,710.32,294.67,18.7,On Track
PRJ-00411,2025-11-01,710.32,305.56,20.1,On Track
PRJ-00411,2025-12-01,710.32,316.46,21.5,On Track
PRJ-00411,2026-01-01,710.32,327.36,22.9,Delayed
PRJ-00411,2026-02-01,710.32,338.25,24.3,Delayed
PRJ-00411,2026-03-01,710.32,349.15,25.7,Delayed
PRJ-00411,2026-04-01,913.55,360.04,27.1,Delayed
PRJ-00411,2026-05-01,913.55,370.94,28.6,Delayed
PRJ-00411,2026-06-01,913.55,381.84,30.0,Delayed
PRJ-00411,2026-07-01,913.55,392.73,31.4,Delayed
PRJ-00411,2026-08-01,913.55,403.63,32.8,Delayed
PRJ-00412,2025-09-01,572.08,467.93,59.2,On Track
PRJ-00412,2025-10-01,572.08,483.98,61.8,On Track
PRJ-00412,2025-11-01,572.08,500.03,64.3,On Track
PRJ-00412,2025-12-01,572.08,516.08,66.9,On Track
PRJ-00412,2026-01-01,644.49,532.13,69.5,Delayed
PRJ-00412,2026-02-01,644.49,548.18,72.0,Delayed
PRJ-00412,2026-03-01,644.49,564.24,74.6,Delayed
PRJ-00412,2026-04-01,644.49,580.29,77.2,Delayed
PRJ-00412,2026-05-01,644.49,596.34,79.7,Delayed
PRJ-00412,2026-06-01,644.49,612.39,82.3,Delayed
PRJ-00412,2026-07-01,644.49,628.44,84.8,Delayed
PRJ-00412,2026-08-01,644.49,644.49,87.4,Delayed
PRJ-00413,2025-09-01,304.29,220.11,76.7,On Track
PRJ-00413,2025-10-01,304.29,227.77,78.9,On Track
PRJ-00413,2025-11-01,304.29,235.42,81.0,On Track
PRJ-00413,2025-12-01,304.29,243.07,83.1,On Track
PRJ-00413,2026-01-01,304.29,250.72,85.2,On Track
PRJ-00413,2026-02-01,304.29,258.38,87.3,On Track
PRJ-00413,2026-03-01,304.29,266.03,89.4,On Track
PRJ-00413,2026-04-01,304.29,273.68,91.5,On Track
PRJ-00413,2026-05-01,304.29,281.33,93.7,On Track
PRJ-00413,2026-06-01,304.29,288.99,95.8,On Track
PRJ-00413,2026-07-01,304.29,296.64,97.9,On Track
PRJ-00413,2026-08-01,304.29,304.29,100.0,Completed
PRJ-00414,2025-09-01,666.23,462.03,70.0,On Track
PRJ-00414,2025-10-01,666.23,480.59,72.7,On Track
PRJ-00414,2025-11-01,666.23,499.16,75.4,On Track
PRJ-00414,2025-12-01,666.23,517.72,78.1,On Track
PRJ-00414,2026-01-01,666.23,536.28,80.9,On Track
PRJ-00414,2026-02-01,666.23,554.85,83.6,On Track
PRJ-00414,2026-03-01,666.23,573.41,86.3,On Track
PRJ-00414,2026-04-01,666.23,591.97,89.1,On Track
PRJ-00414,2026-05-01,666.23,610.54,91.8,On Track
PRJ-00414,2026-06-01,666.23,629.1,94.5,On Track
PRJ-00414,2026-07-01,666.23,647.67,97.3,On Track
PRJ-00414,2026-08-01,666.23,666.23,100.0,Completed
PRJ-00415,2025-09-01,477.98,225.6,65.1,On Track
PRJ-00415,2025-10-01,477.98,238.37,66.5,On Track
PRJ-00415,2025-11-01,477.98,251.13,68.0,On Track
PRJ-00415,2025-12-01,477.98,263.89,69.4,On Track
PRJ-00415,2026-01-01,477.98,276.65,70.8,On Track
PRJ-00415,2026-02-01,477.98,289.41,72.3,On Track
PRJ-00415,2026-03-01,477.98,302.17,73.7,On Track
PRJ-00415,2026-04-01,477.98,314.93,75.1,On Track
PRJ-00415,2026-05-01,477.98,327.69,76.6,On Track
PRJ-00415,2026-06-01,477.98,340.45,78.0,On Track
PRJ-00415,2026-07-01,477.98,353.21,79.5,On Track
PRJ-00415,2026-08-01,477.98,365.97,80.9,On Track
PRJ-00416,2025-09-01,256.98,82.27,0.0,On Track
PRJ-00416,2025-10-01,256.98,85.76,2.6,On Track
PRJ-00416,2025-11-01,256.98,89.24,5.2,On Track
PRJ-00416,2025-12-01,256.98,92.72,7.7,On Track
PRJ-00416,2026-01-01,319.8,96.21,10.3,Delayed
PRJ-00416,2026-02-01,319.8,99.69,12.9,Delayed
PRJ-00416,2026-03-01,319.8,103.17,15.5,Delayed
PRJ-00416,2026-04-01,319.8,106.66,18.1,Delayed
PRJ-00416,2026-05-01,319.8,110.14,20.7,Delayed
PRJ-00416,2026-06-01,319.8,113.62,23.2,Delayed
PRJ-00416,2026-07-01,319.8,117.11,25.8,Delayed
PRJ-00416,2026-08-01,319.8,120.59,28.4,Delayed
PRJ-00417,2025-09-01,867.86,875.04,80.6,On Track
PRJ-00417,2025-10-01,867.86,902.5,82.4,On Track
PRJ-00417,2025-11-01,867.86,929.97,84.1,On Track
PRJ-00417,2025-12-01,867.86,957.44,85.9,On Track
PRJ-00417,2026-01-01,867.86,984.9,87.7,Delayed
PRJ-00417,2026-02-01,1177.17,1012.37,89.4,Delayed
PRJ-00417,2026-03-01,1177.17,1039.84,91.2,Delayed
PRJ-00417,2026-04-01,1177.17,1067.3,92.9,Delayed
PRJ-00417,2026-05-01,1177.17,1094.77,94.7,Delayed
PRJ-00417,2026-06-01,1177.17,1122.24,96.5,Delayed
PRJ-00417,2026-07-01,1177.17,1149.7,98.2,Delayed
PRJ-00417,2026-08-01,1177.17,1177.17,100.0,Completed
PRJ-00418,2025-09-01,3055.93,1100.3,17.0,On Track
PRJ-00418,2025-10-01,3055.93,1131.36,19.9,On Track
PRJ-00418,2025-11-01,3055.93,1162.42,22.7,On Track
PRJ-00418,2025-12-01,3055.93,1193.48,25.5,On Track
PRJ-00418,2026-01-01,3055.93,1224.55,28.3,On Track
PRJ-00418,2026-02-01,3055.93,1255.61,31.2,On Track
PRJ-00418,2026-03-01,3055.93,1286.67,34.0,On Track
PRJ-00418,2026-04-01,3055.93,1317.73,36.8,On Track
PRJ-00418,2026-05-01,3055.93,1348.79,39.6,On Track
PRJ-00418,2026-06-01,3055.93,1379.86,42.5,On Track
PRJ-00418,2026-07-01,3055.93,1410.92,45.3,On Track
PRJ-00418,2026-08-01,3055.93,1441.98,48.1,On Track
PRJ-00419,2025-09-01,1518.08,1293.32,48.4,On Track
PRJ-00419,2025-10-01,1518.08,1328.91,50.4,On Track
PRJ-00419,2025-11-01,1518.08,1364.51,52.3,On Track
PRJ-00419,2025-12-01,1518.08,1400.1,54.3,On Track
PRJ-00419,2026-01-01,1518.08,1435.7,56.2,Delayed
PRJ-00419,2026-02-01,1518.08,1471.3,58.2,Delayed
PRJ-00419,2026-03-01,1518.08,1506.89,60.1,Delayed
PRJ-00419,2026-04-01,1518.08,1542.49,62.1,Delayed
PRJ-00419,2026-05-01,1518.08,1578.08,64.0,Delayed
PRJ-00419,2026-06-01,1883.34,1613.68,66.0,Delayed
PRJ-00419,2026-07-01,1883.34,1649.27,67.9,Delayed
PRJ-00419,2026-08-01,1883.34,1684.87,69.9,Delayed
PRJ-00420,2025-09-01,847.96,568.9,77.1,On Track
PRJ-00420,2025-10-01,847.96,594.27,79.2,On Track
PRJ-00420,2025-11-01,847.96,619.64,81.3,On Track
PRJ-00420,2025-12-01,847.96,645.01,83.4,On Track
PRJ-00420,2026-01-01,847.96,670.38,85.5,On Track
PRJ-00420,2026-02-01,847.96,695.75,87.5,On Track
PRJ-00420,2026-03-01,847.96,721.11,89.6,On Track
PRJ-00420,2026-04-01,847.96,746.48,91.7,On Track
PRJ-00420,2026-05-01,847.96,771.85,93.8,On Track
PRJ-00420,2026-06-01,847.96,797.22,95.8,On Track
PRJ-00420,2026-07-01,847.96,822.59,97.9,On Track
PRJ-00420,2026-08-01,847.96,847.96,100.0,Completed
PRJ-00421,2025-09-01,1397.96,945.19,75.0,On Track
PRJ-00421,2025-10-01,1397.96,987.62,77.3,On Track
PRJ-00421,2025-11-01,1397.96,1030.05,79.6,On Track
PRJ-00421,2025-12-01,1397.96,1072.49,81.9,On Track
PRJ-00421,2026-01-01,1397.96,1114.92,84.1,On Track
PRJ-00421,2026-02-01,1397.96,1157.35,86.4,On Track
PRJ-00421,2026-03-01,1397.96,1199.78,88.7,On Track
PRJ-00421,2026-04-01,1397.96,1242.21,90.9,On Track
PRJ-00421,2026-05-01,1397.96,1284.64,93.2,On Track
PRJ-00421,2026-06-01,1397.96,1327.08,95.5,On Track
PRJ-00421,2026-07-01,1397.96,1369.51,97.7,On Track
PRJ-00421,2026-08-01,1397.96,1411.94,100.0,Completed
PRJ-00422,2025-09-01,585.32,363.45,59.5,On Track
PRJ-00422,2025-10-01,585.32,378.15,62.3,On Track
PRJ-00422,2025-11-01,585.32,392.86,65.1,On Track
PRJ-00422,2025-12-01,585.32,407.57,67.9,On Track
PRJ-00422,2026-01-01,585.32,422.28,70.7,On Track
PRJ-00422,2026-02-01,585.32,436.98,73.5,On Track
PRJ-00422,2026-03-01,585.32,451.69,76.2,On Track
PRJ-00422,2026-04-01,585.32,466.4,79.0,On Track
PRJ-00422,2026-05-01,585.32,481.11,81.8,On Track
PRJ-00422,2026-06-01,585.32,495.81,84.6,On Track
PRJ-00422,2026-07-01,585.32,510.52,87.4,On Track
PRJ-00422,2026-08-01,585.32,525.23,90.2,On Track
PRJ-00423,2025-09-01,719.63,673.1,83.4,On Track
PRJ-00423,2025-10-01,719.63,698.33,84.9,On Track
PRJ-00423,2025-11-01,719.63,723.56,86.4,On Track
PRJ-00423,2025-12-01,719.63,748.78,87.9,On Track
PRJ-00423,2026-01-01,719.63,774.01,89.4,Delayed
PRJ-00423,2026-02-01,950.61,799.24,90.9,Delayed
PRJ-00423,2026-03-01,950.61,824.47,92.5,Delayed
PRJ-00423,2026-04-01,950.61,849.7,94.0,Delayed
PRJ-00423,2026-05-01,950.61,874.93,95.5,Delayed
PRJ-00423,2026-06-01,950.61,900.15,97.0,Delayed
PRJ-00423,2026-07-01,950.61,925.38,98.5,Delayed
PRJ-00423,2026-08-01,950.61,950.61,100.0,Completed
PRJ-00424,2025-09-01,3189.96,1115.82,0.0,On Track
PRJ-00424,2025-10-01,3189.96,1156.77,2.8,On Track
PRJ-00424,2025-11-01,3189.96,1197.72,5.7,On Track
PRJ-00424,2025-12-01,3961.88,1238.67,8.5,On Track
PRJ-00424,2026-01-01,3961.88,1279.63,11.4,Delayed
PRJ-00424,2026-02-01,3961.88,1320.58,14.2,Delayed
PRJ-00424,2026-03-01,3961.88,1361.53,17.1,Delayed
PRJ-00424,2026-04-01,3961.88,1402.48,19.9,Delayed
PRJ-00424,2026-05-01,3961.88,1443.43,22.8,Delayed
PRJ-00424,2026-06-01,3961.88,1484.38,25.6,Delayed
PRJ-00424,2026-07-01,3961.88,1525.33,28.5,Delayed
PRJ-00424,2026-08-01,3961.88,1566.28,31.3,Delayed
PRJ-00425,2025-09-01,663.96,364.35,33.3,On Track
PRJ-00425,2025-10-01,663.96,385.8,35.6,On Track
PRJ-00425,2025-11-01,663.96,407.24,37.9,On Track
PRJ-00425,2025-12-01,663.96,428.68,40.1,On Track
PRJ-00425,2026-01-01,663.96,450.13,42.4,Delayed
PRJ-00425,2026-02-01,783.45,471.57,44.7,Delayed
PRJ-00425,2026-03-01,783.45,493.02,46.9,Delayed
PRJ-00425,2026-04-01,783.45,514.46,49.2,Delayed
PRJ-00425,2026-05-01,783.45,535.91,51.5,Delayed
PRJ-00425,2026-06-01,783.45,557.35,53.8,Delayed
PRJ-00425,2026-07-01,783.45,578.8,56.0,Delayed
PRJ-00425,2026-08-01,783.45,600.24,58.3,Delayed
PRJ-00426,2025-09-01,452.68,402.79,67.6,On Track
PRJ-00426,2025-10-01,452.68,419.04,70.5,On Track
PRJ-00426,2025-11-01,452.68,435.28,73.5,On Track
PRJ-00426,2025-12-01,452.68,451.53,76.4,On Track
PRJ-00426,2026-01-01,452.68,467.77,79.4,Delayed
PRJ-00426,2026-02-01,452.68,484.02,82.3,Delayed
PRJ-00426,2026-03-01,452.68,500.26,85.3,Delayed
PRJ-00426,2026-04-01,452.68,516.51,88.2,Delayed
PRJ-00426,2026-05-01,581.49,532.75,91.2,Delayed
PRJ-00426,2026-06-01,581.49,549.0,94.1,Delayed
PRJ-00426,2026-07-01,581.49,565.24,97.1,Delayed
PRJ-00426,2026-08-01,581.49,581.49,100.0,Completed
PRJ-00427,2025-09-01,1655.61,1231.56,40.4,On Track
PRJ-00427,2025-10-01,1655.61,1271.2,41.9,On Track
PRJ-00427,2025-11-01,1655.61,1310.84,43.3,On Track
PRJ-00427,2025-12-01,1655.61,1350.48,44.8,On Track
PRJ-00427,2026-01-01,1655.61,1390.11,46.2,Delayed
PRJ-00427,2026-02-01,1655.61,1429.75,47.7,Delayed
PRJ-00427,2026-03-01,1655.61,1469.39,49.1,Delayed
PRJ-00427,2026-04-01,1655.61,1509.03,50.6,Delayed
PRJ-00427,2026-05-01,2083.09,1548.67,52.0,Delayed
PRJ-00427,2026-06-01,2083.09,1588.3,53.5,Delayed
PRJ-00427,2026-07-01,2083.09,1627.94,54.9,Delayed
PRJ-00427,2026-08-01,2083.09,1667.58,56.4,Delayed
PRJ-00428,2025-09-01,843.49,415.34,17.6,On Track
PRJ-00428,2025-10-01,843.49,429.12,19.4,On Track
PRJ-00428,2025-11-01,843.49,442.91,21.1,On Track
PRJ-00428,2025-12-01,843.49,456.7,22.8,On Track
PRJ-00428,2026-01-01,843.49,470.48,24.6,Delayed
PRJ-00428,2026-02-01,843.49,484.27,26.3,Delayed
PRJ-00428,2026-03-01,843.49,498.06,28.0,Delayed
PRJ-00428,2026-04-01,843.49,511.84,29.8,Delayed
PRJ-00428,2026-05-01,843.49,525.63,31.5,Delayed
PRJ-00428,2026-06-01,1081.55,539.42,33.2,Delayed
PRJ-00428,2026-07-01,1081.55,553.2,35.0,Delayed
PRJ-00428,2026-08-01,1081.55,566.99,36.7,Delayed
PRJ-00429,2025-09-01,1621.03,1506.2,67.5,On Track
PRJ-00429,2025-10-01,1621.03,1557.87,69.2,On Track
PRJ-00429,2025-11-01,1621.03,1609.54,70.9,On Track
PRJ-00429,2025-12-01,1621.03,1661.22,72.5,On Track
PRJ-00429,2026-01-01,1621.03,1712.89,74.2,Delayed
PRJ-00429,2026-02-01,1621.03,1764.57,75.9,Delayed
PRJ-00429,2026-03-01,2100.13,1816.24,77.6,Delayed
PRJ-00429,2026-04-01,2100.13,1867.91,79.2,Delayed
PRJ-00429,2026-05-01,2100.13,1919.59,80.9,Delayed
PRJ-00429,2026-06-01,2100.13,1971.26,82.6,Delayed
PRJ-00429,2026-07-01,2100.13,2022.94,84.2,Delayed
PRJ-00429,2026-08-01,2100.13,2074.61,85.9,Delayed
PRJ-00430,2025-09-01,436.2,339.41,44.3,On Track
PRJ-00430,2025-10-01,436.2,350.07,46.8,On Track
PRJ-00430,2025-11-01,436.2,360.73,49.2,On Track
PRJ-00430,2025-12-01,436.2,371.39,51.7,On Track
PRJ-00430,2026-01-01,436.2,382.05,54.1,Delayed
PRJ-00430,2026-02-01,436.2,392.71,56.5,Delayed
PRJ-00430,2026-03-01,436.2,403.37,59.0,Delayed
PRJ-00430,2026-04-01,436.2,414.03,61.4,Delayed
PRJ-00430,2026-05-01,557.72,424.68,63.9,Delayed
PRJ-00430,2026-06-01,557.72,435.34,66.3,Delayed
PRJ-00430,2026-07-01,557.72,446.0,68.8,Delayed
PRJ-00430,2026-08-01,557.72,456.66,71.2,Delayed
PRJ-00431,2025-09-01,818.14,445.08,35.9,On Track
PRJ-00431,2025-10-01,818.14,457.57,37.4,On Track
PRJ-00431,2025-11-01,818.14,470.07,38.8,On Track
PRJ-00431,2025-12-01,818.14,482.57,40.2,On Track
PRJ-00431,2026-01-01,818.14,495.07,41.7,Delayed
PRJ-00431,2026-02-01,818.14,507.57,43.1,Delayed
PRJ-00431,2026-03-01,818.14,520.07,44.5,Delayed
PRJ-00431,2026-04-01,818.14,532.57,46.0,Delayed
PRJ-00431,2026-05-01,933.18,545.06,47.4,Delayed
PRJ-00431,2026-06-01,933.18,557.56,48.8,Delayed
PRJ-00431,2026-07-01,933.18,570.06,50.3,Delayed
PRJ-00431,2026-08-01,933.18,582.56,51.7,Delayed
PRJ-00432,2025-09-01,1777.05,1520.85,74.8,On Track
PRJ-00432,2025-10-01,1777.05,1578.1,77.1,On Track
PRJ-00432,2025-11-01,1777.05,1635.36,79.4,On Track
PRJ-00432,2025-12-01,1777.05,1692.61,81.7,On Track
PRJ-00432,2026-01-01,1777.05,1749.87,84.0,Delayed
PRJ-00432,2026-02-01,1777.05,1807.12,86.3,Delayed
PRJ-00432,2026-03-01,1777.05,1864.38,88.6,Delayed
PRJ-00432,2026-04-01,2150.65,1921.63,90.9,Delayed
PRJ-00432,2026-05-01,2150.65,1978.89,93.1,Delayed
PRJ-00432,2026-06-01,2150.65,2036.14,95.4,Delayed
PRJ-00432,2026-07-01,2150.65,2093.4,97.7,Delayed
PRJ-00432,2026-08-01,2150.65,2150.65,100.0,Completed
PRJ-00433,2025-09-01,2079.47,1344.27,39.5,On Track
PRJ-00433,2025-10-01,2079.47,1418.54,41.9,On Track
PRJ-00433,2025-11-01,2079.47,1492.81,44.4,On Track
PRJ-00433,2025-12-01,2079.47,1567.08,46.9,On Track
PRJ-00433,2026-01-01,2079.47,1641.36,49.4,Delayed
PRJ-00433,2026-02-01,2813.41,1715.63,51.9,Delayed
PRJ-00433,2026-03-01,2813.41,1789.9,54.4,Delayed
PRJ-00433,2026-04-01,2813.41,1864.17,56.9,Delayed
PRJ-00433,2026-05-01,2813.41,1938.44,59.3,Delayed
PRJ-00433,2026-06-01,2813.41,2012.72,61.8,Delayed
PRJ-00433,2026-07-01,2813.41,2086.99,64.3,Delayed
PRJ-00433,2026-08-01,2813.41,2161.26,66.8,Delayed
PRJ-00434,2025-09-01,2765.34,2240.92,81.0,On Track
PRJ-00434,2025-10-01,2765.34,2343.72,82.7,On Track
PRJ-00434,2025-11-01,2765.34,2446.52,84.5,On Track
PRJ-00434,2025-12-01,2765.34,2549.32,86.2,On Track
PRJ-00434,2026-01-01,2765.34,2652.11,87.9,Delayed
PRJ-00434,2026-02-01,2765.34,2754.91,89.6,Delayed
PRJ-00434,2026-03-01,3371.69,2857.71,91.4,Delayed
PRJ-00434,2026-04-01,3371.69,2960.5,93.1,Delayed
PRJ-00434,2026-05-01,3371.69,3063.3,94.8,Delayed
PRJ-00434,2026-06-01,3371.69,3166.1,96.5,Delayed
PRJ-00434,2026-07-01,3371.69,3268.89,98.3,Delayed
PRJ-00434,2026-08-01,3371.69,3371.69,100.0,Completed
PRJ-00435,2025-09-01,298.46,183.38,82.1,On Track
PRJ-00435,2025-10-01,298.46,193.84,83.7,On Track
PRJ-00435,2025-11-01,298.46,204.3,85.4,On Track
PRJ-00435,2025-12-01,298.46,214.77,87.0,On Track
PRJ-00435,2026-01-01,298.46,225.23,88.6,On Track
PRJ-00435,2026-02-01,298.46,235.69,90.2,On Track
PRJ-00435,2026-03-01,298.46,246.15,91.9,On Track
PRJ-00435,2026-04-01,298.46,256.61,93.5,On Track
PRJ-00435,2026-05-01,298.46,267.07,95.1,On Track
PRJ-00435,2026-06-01,298.46,277.54,96.7,On Track
PRJ-00435,2026-07-01,298.46,288.0,98.4,On Track
PRJ-00435,2026-08-01,298.46,298.46,100.0,Completed
PRJ-00436,2025-09-01,410.72,392.67,59.1,On Track
PRJ-00436,2025-10-01,410.72,403.59,61.3,On Track
PRJ-00436,2025-11-01,410.72,414.51,63.5,On Track
PRJ-00436,2025-12-01,410.72,425.42,65.7,On Track
PRJ-00436,2026-01-01,410.72,436.34,67.9,Delayed
PRJ-00436,2026-02-01,410.72,447.26,70.1,Delayed
PRJ-00436,2026-03-01,535.29,458.18,72.3,Delayed
PRJ-00436,2026-04-01,535.29,469.1,74.5,Delayed
PRJ-00436,2026-05-01,535.29,480.02,76.7,Delayed
PRJ-00436,2026-06-01,535.29,490.94,78.9,Delayed
PRJ-00436,2026-07-01,535.29,501.86,81.1,Delayed
PRJ-00436,2026-08-01,535.29,512.78,83.3,Delayed
PRJ-00437,2025-09-01,1281.11,533.64,28.1,On Track
PRJ-00437,2025-10-01,1281.11,550.32,30.9,On Track
PRJ-00437,2025-11-01,1281.11,567.0,33.8,On Track
PRJ-00437,2025-12-01,1281.11,583.68,36.7,On Track
PRJ-00437,2026-01-01,1281.11,600.35,39.6,On Track
PRJ-00437,2026-02-01,1281.11,617.03,42.5,On Track
PRJ-00437,2026-03-01,1281.11,633.71,45.4,On Track
PRJ-00437,2026-04-01,1281.11,650.39,48.3,On Track
PRJ-00437,2026-05-01,1281.11,667.07,51.1,On Track
PRJ-00437,2026-06-01,1281.11,683.74,54.0,On Track
PRJ-00437,2026-07-01,1281.11,700.42,56.9,On Track
PRJ-00437,2026-08-01,1281.11,717.1,59.8,On Track
PRJ-00438,2025-09-01,1375.45,897.81,75.6,On Track
PRJ-00438,2025-10-01,1375.45,942.48,77.8,On Track
PRJ-00438,2025-11-01,1375.45,987.15,80.0,On Track
PRJ-00438,2025-12-01,1375.45,1031.83,82.2,On Track
PRJ-00438,2026-01-01,1375.45,1076.5,84.5,On Track
PRJ-00438,2026-02-01,1375.45,1121.17,86.7,On Track
PRJ-00438,2026-03-01,1375.45,1165.84,88.9,On Track
PRJ-00438,2026-04-01,1375.45,1210.51,91.1,On Track
PRJ-00438,2026-05-01,1375.45,1255.18,93.3,On Track
PRJ-00438,2026-06-01,1375.45,1299.86,95.6,On Track
PRJ-00438,2026-07-01,1375.45,1344.53,97.8,On Track
PRJ-00438,2026-08-01,1375.45,1389.2,100.0,Completed
PRJ-00439,2025-09-01,902.44,123.81,0.0,On Track
PRJ-00439,2025-10-01,902.44,126.68,0.2,On Track
PRJ-00439,2025-11-01,902.44,129.55,0.4,On Track
PRJ-00439,2025-12-01,902.44,132.42,0.5,On Track
PRJ-00439,2026-01-01,902.44,135.29,0.7,Stalled
PRJ-00439,2026-02-01,902.44,138.16,0.9,Stalled
PRJ-00439,2026-03-01,902.44,141.03,1.1,Stalled
PRJ-00439,2026-04-01,902.44,143.9,1.3,Stalled
PRJ-00439,2026-05-01,1127.6,146.77,1.5,Stalled
PRJ-00439,2026-06-01,1127.6,149.64,1.6,Stalled
PRJ-00439,2026-07-01,1127.6,152.51,1.8,Stalled
PRJ-00439,2026-08-01,1127.6,155.38,2.0,Stalled
PRJ-00440,2025-09-01,289.86,97.73,36.4,On Track
PRJ-00440,2025-10-01,289.86,102.32,38.0,On Track
PRJ-00440,2025-11-01,289.86,106.91,39.7,On Track
PRJ-00440,2025-12-01,289.86,111.5,41.3,On Track
PRJ-00440,2026-01-01,289.86,116.09,42.9,On Track
PRJ-00440,2026-02-01,289.86,120.68,44.5,On Track
PRJ-00440,2026-03-01,289.86,125.27,46.1,On Track
PRJ-00440,2026-04-01,289.86,129.86,47.7,On Track
PRJ-00440,2026-05-01,289.86,134.45,49.4,On Track
PRJ-00440,2026-06-01,289.86,139.04,51.0,On Track
PRJ-00440,2026-07-01,289.86,143.63,52.6,On Track
PRJ-00440,2026-08-01,289.86,148.22,54.2,On Track
PRJ-00441,2025-09-01,496.46,322.96,32.2,On Track
PRJ-00441,2025-10-01,496.46,336.94,34.9,On Track
PRJ-00441,2025-11-01,496.46,350.92,37.5,On Track
PRJ-00441,2025-12-01,496.46,364.89,40.1,On Track
PRJ-00441,2026-01-01,496.46,378.87,42.8,Delayed
PRJ-00441,2026-02-01,588.23,392.84,45.4,Delayed
PRJ-00441,2026-03-01,588.23,406.82,48.0,Delayed
PRJ-00441,2026-04-01,588.23,420.8,50.7,Delayed
PRJ-00441,2026-05-01,588.23,434.77,53.3,Delayed
PRJ-00441,2026-06-01,588.23,448.75,55.9,Delayed
PRJ-00441,2026-07-01,588.23,462.72,58.6,Delayed
PRJ-00441,2026-08-01,588.23,476.7,61.2,Delayed
PRJ-00442,2025-09-01,234.11,42.67,0.0,On Track
PRJ-00442,2025-10-01,234.11,43.86,0.9,On Track
PRJ-00442,2025-11-01,234.11,45.05,1.8,On Track
PRJ-00442,2025-12-01,278.05,46.24,2.8,On Track
PRJ-00442,2026-01-01,278.05,47.44,3.7,Stalled
PRJ-00442,2026-02-01,278.05,48.63,4.6,Stalled
PRJ-00442,2026-03-01,278.05,49.82,5.5,Stalled
PRJ-00442,2026-04-01,278.05,51.01,6.4,Stalled
PRJ-00442,2026-05-01,278.05,52.2,7.3,Stalled
PRJ-00442,2026-06-01,278.05,53.4,8.3,Stalled
PRJ-00442,2026-07-01,278.05,54.59,9.2,Stalled
PRJ-00442,2026-08-01,278.05,55.78,10.1,Delayed
PRJ-00443,2025-09-01,1988.49,1507.36,65.8,On Track
PRJ-00443,2025-10-01,1988.49,1551.1,68.9,On Track
PRJ-00443,2025-11-01,1988.49,1594.84,72.0,On Track
PRJ-00443,2025-12-01,1988.49,1638.58,75.1,On Track
PRJ-00443,2026-01-01,1988.49,1682.31,78.2,On Track
PRJ-00443,2026-02-01,1988.49,1726.05,81.4,On Track
PRJ-00443,2026-03-01,1988.49,1769.79,84.5,On Track
PRJ-00443,2026-04-01,1988.49,1813.53,87.6,On Track
PRJ-00443,2026-05-01,1988.49,1857.27,90.7,On Track
PRJ-00443,2026-06-01,1988.49,1901.01,93.8,On Track
PRJ-00443,2026-07-01,1988.49,1944.75,96.9,On Track
PRJ-00443,2026-08-01,1988.49,1988.49,100.0,Completed
PRJ-00444,2025-09-01,429.11,184.78,11.6,On Track
PRJ-00444,2025-10-01,429.11,194.44,13.9,On Track
PRJ-00444,2025-11-01,429.11,204.1,16.2,On Track
PRJ-00444,2025-12-01,429.11,213.76,18.6,On Track
PRJ-00444,2026-01-01,429.11,223.42,20.9,Delayed
PRJ-00444,2026-02-01,429.11,233.08,23.2,Delayed
PRJ-00444,2026-03-01,429.11,242.74,25.5,Delayed
PRJ-00444,2026-04-01,429.11,252.39,27.9,Delayed
PRJ-00444,2026-05-01,556.16,262.05,30.2,Delayed
PRJ-00444,2026-06-01,556.16,271.71,32.5,Delayed
PRJ-00444,2026-07-01,556.16,281.37,34.9,Delayed
PRJ-00444,2026-08-01,556.16,291.03,37.2,Delayed
PRJ-00445,2025-09-01,957.89,470.62,22.8,On Track
PRJ-00445,2025-10-01,957.89,489.32,25.8,On Track
PRJ-00445,2025-11-01,957.89,508.02,28.7,On Track
PRJ-00445,2025-12-01,957.89,526.72,31.7,On Track
PRJ-00445,2026-01-01,1063.46,545.42,34.6,Delayed
PRJ-00445,2026-02-01,1063.46,564.11,37.6,Delayed
PRJ-00445,2026-03-01,1063.46,582.81,40.5,Delayed
PRJ-00445,2026-04-01,1063.46,601.51,43.5,Delayed
PRJ-00445,2026-05-01,1063.46,620.21,46.4,Delayed
PRJ-00445,2026-06-01,1063.46,638.91,49.4,Delayed
PRJ-00445,2026-07-01,1063.46,657.61,52.3,Delayed
PRJ-00445,2026-08-01,1063.46,676.31,55.3,Delayed
PRJ-00446,2025-09-01,1822.48,729.34,13.3,On Track
PRJ-00446,2025-10-01,1822.48,769.01,14.8,On Track
PRJ-00446,2025-11-01,1822.48,808.68,16.3,On Track
PRJ-00446,2025-12-01,1822.48,848.35,17.8,On Track
PRJ-00446,2026-01-01,2283.23,888.03,19.3,Delayed
PRJ-00446,2026-02-01,2283.23,927.7,20.7,Delayed
PRJ-00446,2026-03-01,2283.23,967.37,22.2,Delayed
PRJ-00446,2026-04-01,2283.23,1007.05,23.7,Delayed
PRJ-00446,2026-05-01,2283.23,1046.72,25.2,Delayed
PRJ-00446,2026-06-01,2283.23,1086.39,26.6,Delayed
PRJ-00446,2026-07-01,2283.23,1126.07,28.1,Delayed
PRJ-00446,2026-08-01,2283.23,1165.74,29.6,Delayed
PRJ-00447,2025-09-01,2705.3,556.41,0.0,On Track
PRJ-00447,2025-10-01,2705.3,574.25,0.2,On Track
PRJ-00447,2025-11-01,2705.3,592.1,0.4,On Track
PRJ-00447,2025-12-01,2705.3,609.95,0.5,On Track
PRJ-00447,2026-01-01,2705.3,627.8,0.7,Stalled
PRJ-00447,2026-02-01,2705.3,645.64,0.9,Stalled
PRJ-00447,2026-03-01,2705.3,663.49,1.1,Stalled
PRJ-00447,2026-04-01,3181.43,681.34,1.3,Stalled
PRJ-00447,2026-05-01,3181.43,699.19,1.5,Stalled
PRJ-00447,2026-06-01,3181.43,717.03,1.6,Stalled
PRJ-00447,2026-07-01,3181.43,734.88,1.8,Stalled
PRJ-00447,2026-08-01,3181.43,752.73,2.0,Stalled
PRJ-00448,2025-09-01,770.25,468.9,79.3,On Track
PRJ-00448,2025-10-01,770.25,496.29,81.2,On Track
PRJ-00448,2025-11-01,770.25,523.69,83.1,On Track
PRJ-00448,2025-12-01,770.25,551.08,85.0,On Track
PRJ-00448,2026-01-01,770.25,578.48,86.8,On Track
PRJ-00448,2026-02-01,770.25,605.87,88.7,On Track
PRJ-00448,2026-03-01,770.25,633.27,90.6,On Track
PRJ-00448,2026-04-01,770.25,660.67,92.5,On Track
PRJ-00448,2026-05-01,770.25,688.06,94.4,On Track
PRJ-00448,2026-06-01,770.25,715.46,96.2,On Track
PRJ-00448,2026-07-01,770.25,742.85,98.1,On Track
PRJ-00448,2026-08-01,770.25,770.25,100.0,Completed
PRJ-00449,2025-09-01,2022.01,1534.64,77.6,On Track
PRJ-00449,2025-10-01,2022.01,1578.95,79.6,On Track
PRJ-00449,2025-11-01,2022.01,1623.25,81.7,On Track
PRJ-00449,2025-12-01,2022.01,1667.56,83.7,On Track
PRJ-00449,2026-01-01,2022.01,1711.87,85.7,On Track
PRJ-00449,2026-02-01,2022.01,1756.17,87.8,On Track
PRJ-00449,2026-03-01,2022.01,1800.48,89.8,On Track
PRJ-00449,2026-04-01,2022.01,1844.79,91.9,On Track
PRJ-00449,2026-05-01,2022.01,1889.09,93.9,On Track
PRJ-00449,2026-06-01,2022.01,1933.4,95.9,On Track
PRJ-00449,2026-07-01,2022.01,1977.7,98.0,On Track
PRJ-00449,2026-08-01,2022.01,2022.01,100.0,Completed
PRJ-00450,2025-09-01,989.17,545.94,48.5,On Track
PRJ-00450,2025-10-01,989.17,578.21,50.1,On Track
PRJ-00450,2025-11-01,989.17,610.48,51.8,On Track
PRJ-00450,2025-12-01,989.17,642.75,53.4,On Track
PRJ-00450,2026-01-01,989.17,675.03,55.1,Delayed
PRJ-00450,2026-02-01,1176.3,707.3,56.7,Delayed
PRJ-00450,2026-03-01,1176.3,739.57,58.4,Delayed
PRJ-00450,2026-04-01,1176.3,771.84,60.0,Delayed
PRJ-00450,2026-05-01,1176.3,804.11,61.7,Delayed
PRJ-00450,2026-06-01,1176.3,836.39,63.3,Delayed
PRJ-00450,2026-07-01,1176.3,868.66,65.0,Delayed
PRJ-00450,2026-08-01,1176.3,900.93,66.6,Delayed
PRJ-00451,2025-09-01,691.61,487.03,82.8,On Track
PRJ-00451,2025-10-01,691.61,505.63,84.3,On Track
PRJ-00451,2025-11-01,691.61,524.23,85.9,On Track
PRJ-00451,2025-12-01,691.61,542.83,87.5,On Track
PRJ-00451,2026-01-01,691.61,561.43,89.0,On Track
PRJ-00451,2026-02-01,691.61,580.02,90.6,On Track
PRJ-00451,2026-03-01,691.61,598.62,92.2,On Track
PRJ-00451,2026-04-01,691.61,617.22,93.7,On Track
PRJ-00451,2026-05-01,691.61,635.82,95.3,On Track
PRJ-00451,2026-06-01,691.61,654.41,96.9,On Track
PRJ-00451,2026-07-01,691.61,673.01,98.4,On Track
PRJ-00451,2026-08-01,691.61,691.61,100.0,Completed
PRJ-00452,2025-09-01,1934.28,1245.18,74.5,On Track
PRJ-00452,2025-10-01,1934.28,1307.83,76.8,On Track
PRJ-00452,2025-11-01,1934.28,1370.47,79.1,On Track
PRJ-00452,2025-12-01,1934.28,1433.12,81.4,On Track
PRJ-00452,2026-01-01,1934.28,1495.76,83.8,On Track
PRJ-00452,2026-02-01,1934.28,1558.41,86.1,On Track
PRJ-00452,2026-03-01,1934.28,1621.05,88.4,On Track
PRJ-00452,2026-04-01,1934.28,1683.7,90.7,On Track
PRJ-00452,2026-05-01,1934.28,1746.34,93.0,On Track
PRJ-00452,2026-06-01,1934.28,1808.99,95.4,On Track
PRJ-00452,2026-07-01,1934.28,1871.63,97.7,On Track
PRJ-00452,2026-08-01,1934.28,1934.28,100.0,Completed
PRJ-00453,2025-09-01,678.56,349.74,48.9,On Track
PRJ-00453,2025-10-01,678.56,362.07,51.4,On Track
PRJ-00453,2025-11-01,678.56,374.41,54.0,On Track
PRJ-00453,2025-12-01,678.56,386.74,56.6,On Track
PRJ-00453,2026-01-01,678.56,399.08,59.2,On Track
PRJ-00453,2026-02-01,678.56,411.41,61.7,On Track
PRJ-00453,2026-03-01,678.56,423.75,64.3,On Track
PRJ-00453,2026-04-01,678.56,436.08,66.9,On Track
PRJ-00453,2026-05-01,678.56,448.42,69.5,On Track
PRJ-00453,2026-06-01,678.56,460.75,72.0,On Track
PRJ-00453,2026-07-01,678.56,473.09,74.6,On Track
PRJ-00453,2026-08-01,678.56,485.42,77.2,On Track
PRJ-00454,2025-09-01,3663.3,1144.28,0.0,On Track
PRJ-00454,2025-10-01,3663.3,1202.98,1.5,On Track
PRJ-00454,2025-11-01,3663.3,1261.68,3.1,On Track
PRJ-00454,2025-12-01,3663.3,1320.39,4.6,On Track
PRJ-00454,2026-01-01,3663.3,1379.09,6.2,Stalled
PRJ-00454,2026-02-01,3663.3,1437.79,7.7,Stalled
PRJ-00454,2026-03-01,3663.3,1496.49,9.3,Stalled
PRJ-00454,2026-04-01,3663.3,1555.19,10.8,Delayed
PRJ-00454,2026-05-01,4916.28,1613.89,12.4,Delayed
PRJ-00454,2026-06-01,4916.28,1672.6,13.9,Delayed
PRJ-00454,2026-07-01,4916.28,1731.3,15.5,Delayed
PRJ-00454,2026-08-01,4916.28,1790.0,17.0,Delayed
PRJ-00455,2025-09-01,3288.52,754.41,0.0,On Track
PRJ-00455,2025-10-01,3288.52,779.41,0.2,On Track
PRJ-00455,2025-11-01,3288.52,804.4,0.4,On Track
PRJ-00455,2025-12-01,3288.52,829.39,0.5,On Track
PRJ-00455,2026-01-01,3288.52,854.38,0.7,Stalled
PRJ-00455,2026-02-01,3288.52,879.38,0.9,Stalled
PRJ-00455,2026-03-01,3288.52,904.37,1.1,Stalled
PRJ-00455,2026-04-01,3288.52,929.36,1.3,Stalled
PRJ-00455,2026-05-01,3288.52,954.35,1.5,Stalled
PRJ-00455,2026-06-01,4495.25,979.35,1.6,Stalled
PRJ-00455,2026-07-01,4495.25,1004.34,1.8,Stalled
PRJ-00455,2026-08-01,4495.25,1029.33,2.0,Stalled
PRJ-00456,2025-09-01,1257.1,796.43,81.0,On Track
PRJ-00456,2025-10-01,1257.1,838.31,82.7,On Track
PRJ-00456,2025-11-01,1257.1,880.19,84.5,On Track
PRJ-00456,2025-12-01,1257.1,922.07,86.2,On Track
PRJ-00456,2026-01-01,1257.1,963.94,87.9,On Track
PRJ-00456,2026-02-01,1257.1,1005.82,89.6,On Track
PRJ-00456,2026-03-01,1257.1,1047.7,91.4,On Track
PRJ-00456,2026-04-01,1257.1,1089.58,93.1,On Track
PRJ-00456,2026-05-01,1257.1,1131.46,94.8,On Track
PRJ-00456,2026-06-01,1257.1,1173.34,96.5,On Track
PRJ-00456,2026-07-01,1257.1,1215.22,98.3,On Track
PRJ-00456,2026-08-01,1257.1,1257.1,100.0,Completed
PRJ-00457,2025-09-01,1086.03,887.24,75.5,On Track
PRJ-00457,2025-10-01,1086.03,927.11,77.8,On Track
PRJ-00457,2025-11-01,1086.03,966.97,80.0,On Track
PRJ-00457,2025-12-01,1086.03,1006.83,82.2,On Track
PRJ-00457,2026-01-01,1086.03,1046.7,84.4,Delayed
PRJ-00457,2026-02-01,1086.03,1086.56,86.7,Delayed
PRJ-00457,2026-03-01,1086.03,1126.43,88.9,Delayed
PRJ-00457,2026-04-01,1086.03,1166.29,91.1,Delayed
PRJ-00457,2026-05-01,1325.75,1206.16,93.3,Delayed
PRJ-00457,2026-06-01,1325.75,1246.02,95.6,Delayed
PRJ-00457,2026-07-01,1325.75,1285.89,97.8,Delayed
PRJ-00457,2026-08-01,1325.75,1325.75,100.0,Completed
PRJ-00458,2025-09-01,2006.7,409.53,0.0,On Track
PRJ-00458,2025-10-01,2006.7,425.12,1.1,On Track
PRJ-00458,2025-11-01,2006.7,440.71,2.2,On Track
PRJ-00458,2025-12-01,2006.7,456.31,3.3,On Track
PRJ-00458,2026-01-01,2006.7,471.9,4.4,Stalled
PRJ-00458,2026-02-01,2494.41,487.5,5.5,Stalled
PRJ-00458,2026-03-01,2494.41,503.09,6.6,Stalled
PRJ-00458,2026-04-01,2494.41,518.68,7.7,Stalled
PRJ-00458,2026-05-01,2494.41,534.28,8.8,Stalled
PRJ-00458,2026-06-01,2494.41,549.87,9.9,Stalled
PRJ-00458,2026-07-01,2494.41,565.47,11.0,Delayed
PRJ-00458,2026-08-01,2494.41,581.06,12.1,Delayed
PRJ-00459,2025-09-01,709.8,655.45,29.1,On Track
PRJ-00459,2025-10-01,709.8,672.96,32.1,On Track
PRJ-00459,2025-11-01,709.8,690.47,35.1,On Track
PRJ-00459,2025-12-01,709.8,707.97,38.0,On Track
PRJ-00459,2026-01-01,709.8,725.48,41.0,Delayed
PRJ-00459,2026-02-01,709.8,742.99,43.9,Delayed
PRJ-00459,2026-03-01,1040.92,760.5,46.9,Delayed
PRJ-00459,2026-04-01,1040.92,778.01,49.9,Delayed
PRJ-00459,2026-05-01,1040.92,795.52,52.8,Delayed
PRJ-00459,2026-06-01,1040.92,813.02,55.8,Delayed
PRJ-00459,2026-07-01,1040.92,830.53,58.7,Delayed
PRJ-00459,2026-08-01,1040.92,848.04,61.7,Delayed
PRJ-00460,2025-09-01,1432.36,1234.65,69.9,On Track
PRJ-00460,2025-10-01,1432.36,1284.78,72.7,On Track
PRJ-00460,2025-11-01,1432.36,1334.91,75.4,On Track
PRJ-00460,2025-12-01,1432.36,1385.04,78.1,On Track
PRJ-00460,2026-01-01,1432.36,1435.17,80.9,Delayed
PRJ-00460,2026-02-01,1432.36,1485.3,83.6,Delayed
PRJ-00460,2026-03-01,1432.36,1535.43,86.3,Delayed
PRJ-00460,2026-04-01,1786.09,1585.57,89.1,Delayed
PRJ-00460,2026-05-01,1786.09,1635.7,91.8,Delayed
PRJ-00460,2026-06-01,1786.09,1685.83,94.5,Delayed
PRJ-00460,2026-07-01,1786.09,1735.96,97.3,Delayed
PRJ-00460,2026-08-01,1786.09,1786.09,100.0,Completed
PRJ-00461,2025-09-01,490.18,370.29,78.2,On Track
PRJ-00461,2025-10-01,490.18,391.11,80.2,On Track
PRJ-00461,2025-11-01,490.18,411.93,82.2,On Track
PRJ-00461,2025-12-01,490.18,432.76,84.1,On Track
PRJ-00461,2026-01-01,490.18,453.58,86.1,Delayed
PRJ-00461,2026-02-01,490.18,474.4,88.1,Delayed
PRJ-00461,2026-03-01,599.33,495.22,90.1,Delayed
PRJ-00461,2026-04-01,599.33,516.04,92.1,Delayed
PRJ-00461,2026-05-01,599.33,536.86,94.1,Delayed
PRJ-00461,2026-06-01,599.33,557.69,96.0,Delayed
PRJ-00461,2026-07-01,599.33,578.51,98.0,Delayed
PRJ-00461,2026-08-01,599.33,599.33,100.0,Completed
PRJ-00462,2025-09-01,1350.98,808.39,43.8,On Track
PRJ-00462,2025-10-01,1350.98,856.17,46.2,On Track
PRJ-00462,2025-11-01,1350.98,903.96,48.5,On Track
PRJ-00462,2025-12-01,1350.98,951.74,50.8,On Track
PRJ-00462,2026-01-01,1350.98,999.53,53.1,Delayed
PRJ-00462,2026-02-01,1350.98,1047.31,55.4,Delayed
PRJ-00462,2026-03-01,1350.98,1095.1,57.7,Delayed
PRJ-00462,2026-04-01,1673.91,1142.88,60.0,Delayed
PRJ-00462,2026-05-01,1673.91,1190.67,62.4,Delayed
PRJ-00462,2026-06-01,1673.91,1238.45,64.7,Delayed
PRJ-00462,2026-07-01,1673.91,1286.24,67.0,Delayed
PRJ-00462,2026-08-01,1673.91,1334.02,69.3,Delayed
PRJ-00463,2025-09-01,3373.45,2689.8,44.3,On Track
PRJ-00463,2025-10-01,3373.45,2822.98,46.4,On Track
PRJ-00463,2025-11-01,3373.45,2956.16,48.6,On Track
PRJ-00463,2025-12-01,4562.47,3089.34,50.7,On Track
PRJ-00463,2026-01-01,4562.47,3222.53,52.8,Delayed
PRJ-00463,2026-02-01,4562.47,3355.71,55.0,Delayed
PRJ-00463,2026-03-01,4562.47,3488.89,57.1,Delayed
PRJ-00463,2026-04-01,4562.47,3622.07,59.3,Delayed
PRJ-00463,2026-05-01,4562.47,3755.25,61.4,Delayed
PRJ-00463,2026-06-01,4562.47,3888.44,63.5,Delayed
PRJ-00463,2026-07-01,4562.47,4021.62,65.7,Delayed
PRJ-00463,2026-08-01,4562.47,4154.8,67.8,Delayed
PRJ-00464,2025-09-01,647.8,106.38,0.0,On Track
PRJ-00464,2025-10-01,647.8,111.22,0.2,On Track
PRJ-00464,2025-11-01,647.8,116.06,0.4,On Track
PRJ-00464,2025-12-01,805.93,120.9,0.5,On Track
PRJ-00464,2026-01-01,805.93,125.73,0.7,Stalled
PRJ-00464,2026-02-01,805.93,130.57,0.9,Stalled
PRJ-00464,2026-03-01,805.93,135.41,1.1,Stalled
PRJ-00464,2026-04-01,805.93,140.25,1.3,Stalled
PRJ-00464,2026-05-01,805.93,145.09,1.5,Stalled
PRJ-00464,2026-06-01,805.93,149.93,1.6,Stalled
PRJ-00464,2026-07-01,805.93,154.77,1.8,Stalled
PRJ-00464,2026-08-01,805.93,159.61,2.0,Stalled
PRJ-00465,2025-09-01,1091.78,577.74,21.7,On Track
PRJ-00465,2025-10-01,1091.78,597.12,24.8,On Track
PRJ-00465,2025-11-01,1091.78,616.5,27.9,On Track
PRJ-00465,2025-12-01,1091.78,635.89,31.0,On Track
PRJ-00465,2026-01-01,1091.78,655.27,34.1,Delayed
PRJ-00465,2026-02-01,1234.8,674.65,37.2,Delayed
PRJ-00465,2026-03-01,1234.8,694.03,40.3,Delayed
PRJ-00465,2026-04-01,1234.8,713.42,43.3,Delayed
PRJ-00465,2026-05-01,1234.8,732.8,46.4,Delayed
PRJ-00465,2026-06-01,1234.8,752.18,49.5,Delayed
PRJ-00465,2026-07-01,1234.8,771.57,52.6,Delayed
PRJ-00465,2026-08-01,1234.8,790.95,55.7,Delayed
PRJ-00466,2025-09-01,658.52,564.28,66.1,On Track
PRJ-00466,2025-10-01,658.52,591.99,67.7,On Track
PRJ-00466,2025-11-01,658.52,619.71,69.4,On Track
PRJ-00466,2025-12-01,658.52,647.43,71.1,On Track
PRJ-00466,2026-01-01,658.52,675.15,72.8,Delayed
PRJ-00466,2026-02-01,869.19,702.87,74.4,Delayed
PRJ-00466,2026-03-01,869.19,730.59,76.1,Delayed
PRJ-00466,2026-04-01,869.19,758.31,77.8,Delayed
PRJ-00466,2026-05-01,869.19,786.03,79.5,Delayed
PRJ-00466,2026-06-01,869.19,813.75,81.1,Delayed
PRJ-00466,2026-07-01,869.19,841.47,82.8,Delayed
PRJ-00466,2026-08-01,869.19,869.19,84.5,Delayed
PRJ-00467,2025-09-01,1573.78,316.89,0.0,On Track
PRJ-00467,2025-10-01,1573.78,328.18,0.2,On Track
PRJ-00467,2025-11-01,1573.78,339.47,0.4,On Track
PRJ-00467,2025-12-01,1573.78,350.76,0.5,On Track
PRJ-00467,2026-01-01,2219.04,362.05,0.7,Stalled
PRJ-00467,2026-02-01,2219.04,373.33,0.9,Stalled
PRJ-00467,2026-03-01,2219.04,384.62,1.1,Stalled
PRJ-00467,2026-04-01,2219.04,395.91,1.3,Stalled
PRJ-00467,2026-05-01,2219.04,407.2,1.5,Stalled
PRJ-00467,2026-06-01,2219.04,418.48,1.6,Stalled
PRJ-00467,2026-07-01,2219.04,429.77,1.8,Stalled
PRJ-00467,2026-08-01,2219.04,441.06,2.0,Stalled
PRJ-00468,2025-09-01,1106.83,636.34,10.4,On Track
PRJ-00468,2025-10-01,1106.83,652.95,12.4,On Track
PRJ-00468,2025-11-01,1106.83,669.57,14.4,On Track
PRJ-00468,2025-12-01,1468.5,686.19,16.3,On Track
PRJ-00468,2026-01-01,1468.5,702.8,18.3,Delayed
PRJ-00468,2026-02-01,1468.5,719.42,20.2,Delayed
PRJ-00468,2026-03-01,1468.5,736.04,22.2,Delayed
PRJ-00468,2026-04-01,1468.5,752.65,24.2,Delayed
PRJ-00468,2026-05-01,1468.5,769.27,26.1,Delayed
PRJ-00468,2026-06-01,1468.5,785.89,28.1,Delayed
PRJ-00468,2026-07-01,1468.5,802.5,30.0,Delayed
PRJ-00468,2026-08-01,1468.5,819.12,32.0,Delayed
PRJ-00469,2025-09-01,511.94,371.93,66.2,On Track
PRJ-00469,2025-10-01,511.94,384.66,69.3,On Track
PRJ-00469,2025-11-01,511.94,397.39,72.4,On Track
PRJ-00469,2025-12-01,511.94,410.11,75.4,On Track
PRJ-00469,2026-01-01,511.94,422.84,78.5,On Track
PRJ-00469,2026-02-01,511.94,435.57,81.6,On Track
PRJ-00469,2026-03-01,511.94,448.3,84.6,On Track
PRJ-00469,2026-04-01,511.94,461.03,87.7,On Track
PRJ-00469,2026-05-01,511.94,473.76,90.8,On Track
PRJ-00469,2026-06-01,511.94,486.48,93.9,On Track
PRJ-00469,2026-07-01,511.94,499.21,96.9,On Track
PRJ-00469,2026-08-01,511.94,511.94,100.0,Completed
PRJ-00470,2025-09-01,216.02,111.37,46.1,On Track
PRJ-00470,2025-10-01,216.02,114.56,48.2,On Track
PRJ-00470,2025-11-01,216.02,117.75,50.2,On Track
PRJ-00470,2025-12-01,216.02,120.95,52.2,On Track
PRJ-00470,2026-01-01,216.02,124.14,54.2,On Track
PRJ-00470,2026-02-01,216.02,127.34,56.3,On Track
PRJ-00470,2026-03-01,216.02,130.53,58.3,On Track
PRJ-00470,2026-04-01,216.02,133.72,60.3,On Track
PRJ-00470,2026-05-01,216.02,136.92,62.3,On Track
PRJ-00470,2026-06-01,216.02,140.11,64.4,On Track
PRJ-00470,2026-07-01,216.02,143.31,66.4,On Track
PRJ-00470,2026-08-01,216.02,146.5,68.4,On Track
PRJ-00471,2025-09-01,768.47,146.9,0.0,On Track
PRJ-00471,2025-10-01,768.47,151.87,2.5,On Track
PRJ-00471,2025-11-01,768.47,156.84,5.0,On Track
PRJ-00471,2025-12-01,768.47,161.81,7.5,On Track
PRJ-00471,2026-01-01,768.47,166.78,10.0,On Track
PRJ-00471,2026-02-01,768.47,171.75,12.5,On Track
PRJ-00471,2026-03-01,768.47,176.72,14.9,On Track
PRJ-00471,2026-04-01,768.47,181.69,17.4,On Track
PRJ-00471,2026-05-01,768.47,186.66,19.9,On Track
PRJ-00471,2026-06-01,768.47,191.63,22.4,On Track
PRJ-00471,2026-07-01,768.47,196.6,24.9,On Track
PRJ-00471,2026-08-01,768.47,201.57,27.4,On Track
PRJ-00472,2025-09-01,2562.05,1668.38,30.3,On Track
PRJ-00472,2025-10-01,2562.05,1712.9,32.8,On Track
PRJ-00472,2025-11-01,2562.05,1757.42,35.3,On Track
PRJ-00472,2025-12-01,2562.05,1801.94,37.9,On Track
PRJ-00472,2026-01-01,3147.96,1846.46,40.4,Delayed
PRJ-00472,2026-02-01,3147.96,1890.98,42.9,Delayed
PRJ-00472,2026-03-01,3147.96,1935.5,45.4,Delayed
PRJ-00472,2026-04-01,3147.96,1980.02,47.9,Delayed
PRJ-00472,2026-05-01,3147.96,2024.54,50.4,Delayed
PRJ-00472,2026-06-01,3147.96,2069.06,52.9,Delayed
PRJ-00472,2026-07-01,3147.96,2113.58,55.4,Delayed
PRJ-00472,2026-08-01,3147.96,2158.1,57.9,Delayed
PRJ-00473,2025-09-01,3059.17,376.32,0.0,On Track
PRJ-00473,2025-10-01,3059.17,394.77,0.2,On Track
PRJ-00473,2025-11-01,3059.17,413.21,0.4,On Track
PRJ-00473,2025-12-01,3059.17,431.66,0.5,On Track
PRJ-00473,2026-01-01,3059.17,450.11,0.7,Stalled
PRJ-00473,2026-02-01,3059.17,468.56,0.9,Stalled
PRJ-00473,2026-03-01,3059.17,487.0,1.1,Stalled
PRJ-00473,2026-04-01,3059.17,505.45,1.3,Stalled
PRJ-00473,2026-05-01,3059.17,523.9,1.5,Stalled
PRJ-00473,2026-06-01,4495.35,542.35,1.6,Stalled
PRJ-00473,2026-07-01,4495.35,560.79,1.8,Stalled
PRJ-00473,2026-08-01,4495.35,579.24,2.0,Stalled
PRJ-00474,2025-09-01,520.9,239.63,56.4,On Track
PRJ-00474,2025-10-01,520.9,251.5,57.8,On Track
PRJ-00474,2025-11-01,520.9,263.38,59.2,On Track
PRJ-00474,2025-12-01,520.9,275.25,60.6,On Track
PRJ-00474,2026-01-01,520.9,287.13,62.0,On Track
PRJ-00474,2026-02-01,520.9,299.0,63.4,On Track
PRJ-00474,2026-03-01,520.9,310.88,64.8,On Track
PRJ-00474,2026-04-01,520.9,322.75,66.2,On Track
PRJ-00474,2026-05-01,520.9,334.63,67.6,On Track
PRJ-00474,2026-06-01,520.9,346.5,69.0,On Track
PRJ-00474,2026-07-01,520.9,358.38,70.4,On Track
PRJ-00474,2026-08-01,520.9,370.25,71.8,On Track
PRJ-00475,2025-09-01,376.27,268.61,81.7,On Track
PRJ-00475,2025-10-01,376.27,278.39,83.4,On Track
PRJ-00475,2025-11-01,376.27,288.18,85.0,On Track
PRJ-00475,2025-12-01,376.27,297.97,86.7,On Track
PRJ-00475,2026-01-01,376.27,307.76,88.4,On Track
PRJ-00475,2026-02-01,376.27,317.54,90.0,On Track
PRJ-00475,2026-03-01,376.27,327.33,91.7,On Track
PRJ-00475,2026-04-01,376.27,337.12,93.4,On Track
PRJ-00475,2026-05-01,376.27,346.91,95.0,On Track
PRJ-00475,2026-06-01,376.27,356.69,96.7,On Track
PRJ-00475,2026-07-01,376.27,366.48,98.3,On Track
PRJ-00475,2026-08-01,376.27,376.27,100.0,Completed
PRJ-00476,2025-09-01,1017.36,465.47,18.6,On Track
PRJ-00476,2025-10-01,1017.36,485.22,20.5,On Track
PRJ-00476,2025-11-01,1017.36,504.96,22.3,On Track
PRJ-00476,2025-12-01,1017.36,524.71,24.2,On Track
PRJ-00476,2026-01-01,1017.36,544.46,26.0,Delayed
PRJ-00476,2026-02-01,1017.36,564.21,27.8,Delayed
PRJ-00476,2026-03-01,1289.74,583.96,29.7,Delayed
PRJ-00476,2026-04-01,1289.74,603.71,31.5,Delayed
PRJ-00476,2026-05-01,1289.74,623.46,33.4,Delayed
PRJ-00476,2026-06-01,1289.74,643.21,35.2,Delayed
PRJ-00476,2026-07-01,1289.74,662.96,37.1,Delayed
PRJ-00476,2026-08-01,1289.74,682.71,38.9,Delayed
PRJ-00477,2025-09-01,763.18,638.28,61.5,On Track
PRJ-00477,2025-10-01,763.18,661.48,63.5,On Track
PRJ-00477,2025-11-01,763.18,684.68,65.6,On Track
PRJ-00477,2025-12-01,763.18,707.88,67.7,On Track
PRJ-00477,2026-01-01,763.18,731.08,69.7,Delayed
PRJ-00477,2026-02-01,923.83,754.28,71.8,Delayed
PRJ-00477,2026-03-01,923.83,777.48,73.8,Delayed
PRJ-00477,2026-04-01,923.83,800.68,75.9,Delayed
PRJ-00477,2026-05-01,923.83,823.88,77.9,Delayed
PRJ-00477,2026-06-01,923.83,847.08,80.0,Delayed
PRJ-00477,2026-07-01,923.83,870.28,82.0,Delayed
PRJ-00477,2026-08-01,923.83,893.48,84.1,Delayed
PRJ-00478,2025-09-01,1216.0,1199.54,74.2,On Track
PRJ-00478,2025-10-01,1216.0,1228.09,76.6,On Track
PRJ-00478,2025-11-01,1216.0,1256.64,78.9,On Track
PRJ-00478,2025-12-01,1513.57,1285.19,81.3,On Track
PRJ-00478,2026-01-01,1513.57,1313.73,83.6,Delayed
PRJ-00478,2026-02-01,1513.57,1342.28,85.9,Delayed
PRJ-00478,2026-03-01,1513.57,1370.83,88.3,Delayed
PRJ-00478,2026-04-01,1513.57,1399.38,90.6,Delayed
PRJ-00478,2026-05-01,1513.57,1427.93,93.0,Delayed
PRJ-00478,2026-06-01,1513.57,1456.47,95.3,Delayed
PRJ-00478,2026-07-01,1513.57,1485.02,97.7,Delayed
PRJ-00478,2026-08-01,1513.57,1513.57,100.0,Completed
PRJ-00479,2025-09-01,1063.72,685.91,66.5,On Track
PRJ-00479,2025-10-01,1063.72,708.64,69.1,On Track
PRJ-00479,2025-11-01,1063.72,731.38,71.7,On Track
PRJ-00479,2025-12-01,1063.72,754.11,74.3,On Track
PRJ-00479,2026-01-01,1063.72,776.85,76.9,On Track
PRJ-00479,2026-02-01,1063.72,799.59,79.5,On Track
PRJ-00479,2026-03-01,1063.72,822.32,82.0,On Track
PRJ-00479,2026-04-01,1063.72,845.06,84.6,On Track
PRJ-00479,2026-05-01,1063.72,867.79,87.2,On Track
PRJ-00479,2026-06-01,1063.72,890.53,89.8,On Track
PRJ-00479,2026-07-01,1063.72,913.26,92.4,On Track
PRJ-00479,2026-08-01,1063.72,936.0,95.0,On Track
PRJ-00480,2025-09-01,732.82,314.83,10.6,On Track
PRJ-00480,2025-10-01,732.82,324.13,12.7,On Track
PRJ-00480,2025-11-01,732.82,333.42,14.7,On Track
PRJ-00480,2025-12-01,732.82,342.72,16.8,On Track
PRJ-00480,2026-01-01,732.82,352.01,18.9,Delayed
PRJ-00480,2026-02-01,732.82,361.31,21.0,Delayed
PRJ-00480,2026-03-01,732.82,370.61,23.1,Delayed
PRJ-00480,2026-04-01,923.1,379.9,25.2,Delayed
PRJ-00480,2026-05-01,923.1,389.2,27.3,Delayed
PRJ-00480,2026-06-01,923.1,398.5,29.4,Delayed
PRJ-00480,2026-07-01,923.1,407.79,31.5,Delayed
PRJ-00480,2026-08-01,923.1,417.09,33.6,Delayed
PRJ-00481,2025-09-01,442.59,182.43,0.0,On Track
PRJ-00481,2025-10-01,442.59,188.27,2.3,On Track
PRJ-00481,2025-11-01,442.59,194.11,4.6,On Track
PRJ-00481,2025-12-01,534.93,199.94,6.9,On Track
PRJ-00481,2026-01-01,534.93,205.78,9.2,Stalled
PRJ-00481,2026-02-01,534.93,211.62,11.5,Delayed
PRJ-00481,2026-03-01,534.93,217.46,13.7,Delayed
PRJ-00481,2026-04-01,534.93,223.3,16.0,Delayed
PRJ-00481,2026-05-01,534.93,229.14,18.3,Delayed
PRJ-00481,2026-06-01,534.93,234.97,20.6,Delayed
PRJ-00481,2026-07-01,534.93,240.81,22.9,Delayed
PRJ-00481,2026-08-01,534.93,246.65,25.2,Delayed
PRJ-00482,2025-09-01,659.97,494.76,45.9,On Track
PRJ-00482,2025-10-01,659.97,508.66,48.7,On Track
PRJ-00482,2025-11-01,659.97,522.56,51.4,On Track
PRJ-00482,2025-12-01,659.97,536.47,54.2,On Track
PRJ-00482,2026-01-01,659.97,550.37,56.9,Delayed
PRJ-00482,2026-02-01,659.97,564.27,59.7,Delayed
PRJ-00482,2026-03-01,659.97,578.18,62.4,Delayed
PRJ-00482,2026-04-01,659.97,592.08,65.2,Delayed
PRJ-00482,2026-05-01,749.6,605.98,67.9,Delayed
PRJ-00482,2026-06-01,749.6,619.88,70.7,Delayed
PRJ-00482,2026-07-01,749.6,633.79,73.4,Delayed
PRJ-00482,2026-08-01,749.6,647.69,76.2,Delayed
PRJ-00483,2025-09-01,361.4,106.83,11.0,On Track
PRJ-00483,2025-10-01,361.4,109.44,13.7,On Track
PRJ-00483,2025-11-01,361.4,112.06,16.3,On Track
PRJ-00483,2025-12-01,361.4,114.67,19.0,On Track
PRJ-00483,2026-01-01,361.4,117.28,21.7,On Track
PRJ-00483,2026-02-01,361.4,119.89,24.4,On Track
PRJ-00483,2026-03-01,361.4,122.51,27.1,On Track
PRJ-00483,2026-04-01,361.4,125.12,29.8,On Track
PRJ-00483,2026-05-01,361.4,127.73,32.4,On Track
PRJ-00483,2026-06-01,361.4,130.34,35.1,On Track
PRJ-00483,2026-07-01,361.4,132.96,37.8,On Track
PRJ-00483,2026-08-01,361.4,135.57,40.5,On Track
PRJ-00484,2025-09-01,588.19,269.92,11.8,On Track
PRJ-00484,2025-10-01,588.19,284.28,14.3,On Track
PRJ-00484,2025-11-01,588.19,298.64,16.9,On Track
PRJ-00484,2025-12-01,767.7,313.0,19.4,On Track
PRJ-00484,2026-01-01,767.7,327.36,21.9,Delayed
PRJ-00484,2026-02-01,767.7,341.72,24.4,Delayed
PRJ-00484,2026-03-01,767.7,356.08,26.9,Delayed
PRJ-00484,2026-04-01,767.7,370.44,29.4,Delayed
PRJ-00484,2026-05-01,767.7,384.81,32.0,Delayed
PRJ-00484,2026-06-01,767.7,399.17,34.5,Delayed
PRJ-00484,2026-07-01,767.7,413.53,37.0,Delayed
PRJ-00484,2026-08-01,767.7,427.89,39.5,Delayed
PRJ-00485,2025-09-01,3093.14,1664.73,9.3,On Track
PRJ-00485,2025-10-01,3093.14,1718.49,12.1,On Track
PRJ-00485,2025-11-01,3093.14,1772.24,14.9,On Track
PRJ-00485,2025-12-01,3093.14,1826.0,17.7,On Track
PRJ-00485,2026-01-01,3836.31,1879.76,20.5,Delayed
PRJ-00485,2026-02-01,3836.31,1933.52,23.3,Delayed
PRJ-00485,2026-03-01,3836.31,1987.27,26.1,Delayed
PRJ-00485,2026-04-01,3836.31,2041.03,28.9,Delayed
PRJ-00485,2026-05-01,3836.31,2094.79,31.8,Delayed
PRJ-00485,2026-06-01,3836.31,2148.55,34.6,Delayed
PRJ-00485,2026-07-01,3836.31,2202.3,37.4,Delayed
PRJ-00485,2026-08-01,3836.31,2256.06,40.2,Delayed
PRJ-00486,2025-09-01,412.09,259.41,81.5,On Track
PRJ-00486,2025-10-01,412.09,273.29,83.2,On Track
PRJ-00486,2025-11-01,412.09,287.17,84.8,On Track
PRJ-00486,2025-12-01,412.09,301.05,86.5,On Track
PRJ-00486,2026-01-01,412.09,314.93,88.2,On Track
PRJ-00486,2026-02-01,412.09,328.81,89.9,On Track
PRJ-00486,2026-03-01,412.09,342.69,91.6,On Track
PRJ-00486,2026-04-01,412.09,356.57,93.3,On Track
PRJ-00486,2026-05-01,412.09,370.45,94.9,On Track
PRJ-00486,2026-06-01,412.09,384.33,96.6,On Track
PRJ-00486,2026-07-01,412.09,398.21,98.3,On Track
PRJ-00486,2026-08-01,412.09,412.09,100.0,Completed
PRJ-00487,2025-09-01,1970.61,1152.48,16.2,On Track
PRJ-00487,2025-10-01,1970.61,1183.44,18.9,On Track
PRJ-00487,2025-11-01,1970.61,1214.4,21.6,On Track
PRJ-00487,2025-12-01,1970.61,1245.36,24.3,On Track
PRJ-00487,2026-01-01,1970.61,1276.32,26.9,Delayed
PRJ-00487,2026-02-01,1970.61,1307.29,29.6,Delayed
PRJ-00487,2026-03-01,1970.61,1338.25,32.3,Delayed
PRJ-00487,2026-04-01,1970.61,1369.21,35.0,Delayed
PRJ-00487,2026-05-01,1970.61,1400.17,37.7,Delayed
PRJ-00487,2026-06-01,2352.65,1431.14,40.3,Delayed
PRJ-00487,2026-07-01,2352.65,1462.1,43.0,Delayed
PRJ-00487,2026-08-01,2352.65,1493.06,45.7,Delayed
PRJ-00488,2025-09-01,1280.34,835.49,68.4,On Track
PRJ-00488,2025-10-01,1280.34,875.93,71.2,On Track
PRJ-00488,2025-11-01,1280.34,916.37,74.1,On Track
PRJ-00488,2025-12-01,1280.34,956.81,77.0,On Track
PRJ-00488,2026-01-01,1280.34,997.25,79.9,On Track
PRJ-00488,2026-02-01,1280.34,1037.69,82.7,On Track
PRJ-00488,2026-03-01,1280.34,1078.14,85.6,On Track
PRJ-00488,2026-04-01,1280.34,1118.58,88.5,On Track
PRJ-00488,2026-05-01,1280.34,1159.02,91.4,On Track
PRJ-00488,2026-06-01,1280.34,1199.46,94.2,On Track
PRJ-00488,2026-07-01,1280.34,1239.9,97.1,On Track
PRJ-00488,2026-08-01,1280.34,1280.34,100.0,Completed
PRJ-00489,2025-09-01,2706.1,1542.17,17.6,On Track
PRJ-00489,2025-10-01,2706.1,1592.27,20.7,On Track
PRJ-00489,2025-11-01,2706.1,1642.38,23.8,On Track
PRJ-00489,2025-12-01,2706.1,1692.49,26.9,On Track
PRJ-00489,2026-01-01,2706.1,1742.59,30.0,Delayed
PRJ-00489,2026-02-01,2706.1,1792.7,33.1,Delayed
PRJ-00489,2026-03-01,2706.1,1842.81,36.2,Delayed
PRJ-00489,2026-04-01,2706.1,1892.91,39.2,Delayed
PRJ-00489,2026-05-01,3079.64,1943.02,42.3,Delayed
PRJ-00489,2026-06-01,3079.64,1993.13,45.4,Delayed
PRJ-00489,2026-07-01,3079.64,2043.23,48.5,Delayed
PRJ-00489,2026-08-01,3079.64,2093.34,51.6,Delayed
PRJ-00490,2025-09-01,567.01,307.63,38.7,On Track
PRJ-00490,2025-10-01,567.01,314.93,41.7,On Track
PRJ-00490,2025-11-01,567.01,322.22,44.7,On Track
PRJ-00490,2025-12-01,567.01,329.52,47.7,On Track
PRJ-00490,2026-01-01,567.01,336.82,50.7,On Track
PRJ-00490,2026-02-01,567.01,344.12,53.7,On Track
PRJ-00490,2026-03-01,567.01,351.42,56.8,On Track
PRJ-00490,2026-04-01,567.01,358.72,59.8,On Track
PRJ-00490,2026-05-01,567.01,366.01,62.8,On Track
PRJ-00490,2026-06-01,567.01,373.31,65.8,On Track
PRJ-00490,2026-07-01,567.01,380.61,68.8,On Track
PRJ-00490,2026-08-01,567.01,387.91,71.8,On Track
PRJ-00491,2025-09-01,2271.49,469.62,0.0,On Track
PRJ-00491,2025-10-01,2271.49,486.93,0.2,On Track
PRJ-00491,2025-11-01,2271.49,504.24,0.4,On Track
PRJ-00491,2025-12-01,2271.49,521.55,0.5,On Track
PRJ-00491,2026-01-01,2271.49,538.85,0.7,Stalled
PRJ-00491,2026-02-01,2271.49,556.16,0.9,Stalled
PRJ-00491,2026-03-01,2271.49,573.47,1.1,Stalled
PRJ-00491,2026-04-01,2271.49,590.78,1.3,Stalled
PRJ-00491,2026-05-01,2271.49,608.09,1.5,Stalled
PRJ-00491,2026-06-01,3148.85,625.4,1.6,Stalled
PRJ-00491,2026-07-01,3148.85,642.71,1.8,Stalled
PRJ-00491,2026-08-01,3148.85,660.02,2.0,Stalled
PRJ-00492,2025-09-01,4128.08,2216.02,20.7,On Track
PRJ-00492,2025-10-01,4128.08,2337.36,23.2,On Track
PRJ-00492,2025-11-01,4128.08,2458.69,25.7,On Track
PRJ-00492,2025-12-01,4128.08,2580.03,28.2,On Track
PRJ-00492,2026-01-01,4128.08,2701.36,30.7,Delayed
PRJ-00492,2026-02-01,4128.08,2822.7,33.2,Delayed
PRJ-00492,2026-03-01,5817.32,2944.03,35.7,Delayed
PRJ-00492,2026-04-01,5817.32,3065.37,38.3,Delayed
PRJ-00492,2026-05-01,5817.32,3186.7,40.8,Delayed
PRJ-00492,2026-06-01,5817.32,3308.04,43.3,Delayed
PRJ-00492,2026-07-01,5817.32,3429.37,45.8,Delayed
PRJ-00492,2026-08-01,5817.32,3550.71,48.3,Delayed
PRJ-00493,2025-09-01,348.93,260.93,81.8,On Track
PRJ-00493,2025-10-01,348.93,268.93,83.4,On Track
PRJ-00493,2025-11-01,348.93,276.93,85.1,On Track
PRJ-00493,2025-12-01,348.93,284.93,86.8,On Track
PRJ-00493,2026-01-01,348.93,292.93,88.4,On Track
PRJ-00493,2026-02-01,348.93,300.93,90.1,On Track
PRJ-00493,2026-03-01,348.93,308.93,91.7,On Track
PRJ-00493,2026-04-01,348.93,316.93,93.4,On Track
PRJ-00493,2026-05-01,348.93,324.93,95.0,On Track
PRJ-00493,2026-06-01,348.93,332.93,96.7,On Track
PRJ-00493,2026-07-01,348.93,340.93,98.3,On Track
PRJ-00493,2026-08-01,348.93,348.93,100.0,Completed
PRJ-00494,2025-09-01,564.29,421.12,81.0,On Track
PRJ-00494,2025-10-01,564.29,434.64,82.7,On Track
PRJ-00494,2025-11-01,564.29,448.17,84.5,On Track
PRJ-00494,2025-12-01,564.29,461.7,86.2,On Track
PRJ-00494,2026-01-01,564.29,475.23,87.9,On Track
PRJ-00494,2026-02-01,564.29,488.76,89.6,On Track
PRJ-00494,2026-03-01,564.29,502.29,91.4,On Track
PRJ-00494,2026-04-01,564.29,515.82,93.1,On Track
PRJ-00494,2026-05-01,564.29,529.34,94.8,On Track
PRJ-00494,2026-06-01,564.29,542.87,96.5,On Track
PRJ-00494,2026-07-01,564.29,556.4,98.3,On Track
PRJ-00494,2026-08-01,564.29,569.93,100.0,Completed
PRJ-00495,2025-09-01,997.76,350.83,18.8,On Track
PRJ-00495,2025-10-01,997.76,360.89,21.6,On Track
PRJ-00495,2025-11-01,997.76,370.95,24.4,On Track
PRJ-00495,2025-12-01,997.76,381.0,27.3,On Track
PRJ-00495,2026-01-01,997.76,391.06,30.1,On Track
PRJ-00495,2026-02-01,997.76,401.12,32.9,On Track
PRJ-00495,2026-03-01,997.76,411.17,35.7,On Track
PRJ-00495,2026-04-01,997.76,421.23,38.5,On Track
PRJ-00495,2026-05-01,997.76,431.29,41.3,On Track
PRJ-00495,2026-06-01,997.76,441.35,44.2,On Track
PRJ-00495,2026-07-01,997.76,451.4,47.0,On Track
PRJ-00495,2026-08-01,997.76,461.46,49.8,On Track
PRJ-00496,2025-09-01,1184.54,900.66,65.5,On Track
PRJ-00496,2025-10-01,1184.54,926.47,68.7,On Track
PRJ-00496,2025-11-01,1184.54,952.28,71.8,On Track
PRJ-00496,2025-12-01,1184.54,978.08,74.9,On Track
PRJ-00496,2026-01-01,1184.54,1003.89,78.1,On Track
PRJ-00496,2026-02-01,1184.54,1029.7,81.2,On Track
PRJ-00496,2026-03-01,1184.54,1055.5,84.3,On Track
PRJ-00496,2026-04-01,1184.54,1081.31,87.5,On Track
PRJ-00496,2026-05-01,1184.54,1107.12,90.6,On Track
PRJ-00496,2026-06-01,1184.54,1132.93,93.7,On Track
PRJ-00496,2026-07-01,1184.54,1158.73,96.9,On Track
PRJ-00496,2026-08-01,1184.54,1184.54,100.0,Completed
PRJ-00497,2025-09-01,347.84,307.68,68.5,On Track
PRJ-00497,2025-10-01,347.84,319.6,71.3,On Track
PRJ-00497,2025-11-01,347.84,331.52,74.2,On Track
PRJ-00497,2025-12-01,347.84,343.44,77.1,On Track
PRJ-00497,2026-01-01,347.84,355.36,79.9,Delayed
PRJ-00497,2026-02-01,347.84,367.28,82.8,Delayed
PRJ-00497,2026-03-01,438.81,379.21,85.7,Delayed
PRJ-00497,2026-04-01,438.81,391.13,88.5,Delayed
PRJ-00497,2026-05-01,438.81,403.05,91.4,Delayed
PRJ-00497,2026-06-01,438.81,414.97,94.3,Delayed
PRJ-00497,2026-07-01,438.81,426.89,97.1,Delayed
PRJ-00497,2026-08-01,438.81,438.81,100.0,Completed
PRJ-00498,2025-09-01,1347.87,1105.86,59.1,On Track
PRJ-00498,2025-10-01,1347.87,1136.93,60.8,On Track
PRJ-00498,2025-11-01,1347.87,1167.99,62.5,On Track
PRJ-00498,2025-12-01,1347.87,1199.06,64.2,On Track
PRJ-00498,2026-01-01,1347.87,1230.13,65.9,Delayed
PRJ-00498,2026-02-01,1347.87,1261.2,67.7,Delayed
PRJ-00498,2026-03-01,1347.87,1292.26,69.4,Delayed
PRJ-00498,2026-04-01,1347.87,1323.33,71.1,Delayed
PRJ-00498,2026-05-01,1654.51,1354.4,72.8,Delayed
PRJ-00498,2026-06-01,1654.51,1385.47,74.5,Delayed
PRJ-00498,2026-07-01,1654.51,1416.53,76.2,Delayed
PRJ-00498,2026-08-01,1654.51,1447.6,77.9,Delayed
PRJ-00499,2025-09-01,387.42,105.25,4.5,On Track
PRJ-00499,2025-10-01,387.42,108.96,7.6,On Track
PRJ-00499,2025-11-01,387.42,112.67,10.8,On Track
PRJ-00499,2025-12-01,387.42,116.38,13.9,On Track
PRJ-00499,2026-01-01,387.42,120.1,17.1,On Track
PRJ-00499,2026-02-01,387.42,123.81,20.2,On Track
PRJ-00499,2026-03-01,387.42,127.52,23.3,On Track
PRJ-00499,2026-04-01,387.42,131.23,26.5,On Track
PRJ-00499,2026-05-01,387.42,134.94,29.6,On Track
PRJ-00499,2026-06-01,387.42,138.66,32.7,On Track
PRJ-00499,2026-07-01,387.42,142.37,35.9,On Track
PRJ-00499,2026-08-01,387.42,146.08,39.0,On Track
PRJ-00500,2025-09-01,691.28,585.49,54.2,On Track
PRJ-00500,2025-10-01,691.28,620.02,57.3,On Track
PRJ-00500,2025-11-01,691.28,654.54,60.4,On Track
PRJ-00500,2025-12-01,691.28,689.07,63.4,On Track
PRJ-00500,2026-01-01,691.28,723.59,66.5,Delayed
PRJ-00500,2026-02-01,691.28,758.12,69.6,Delayed
PRJ-00500,2026-03-01,691.28,792.64,72.6,Delayed
PRJ-00500,2026-04-01,965.27,827.17,75.7,Delayed
PRJ-00500,2026-05-01,965.27,861.69,78.8,Delayed
PRJ-00500,2026-06-01,965.27,896.22,81.9,Delayed
PRJ-00500,2026-07-01,965.27,930.74,84.9,Delayed
PRJ-00500,2026-08-01,965.27,965.27,88.0,Delayed
PRJ-00501,2025-09-01,292.44,172.58,57.6,On Track
PRJ-00501,2025-10-01,292.44,177.87,60.0,On Track
PRJ-00501,2025-11-01,292.44,183.15,62.4,On Track
PRJ-00501,2025-12-01,292.44,188.44,64.8,On Track
PRJ-00501,2026-01-01,292.44,193.73,67.3,On Track
PRJ-00501,2026-02-01,292.44,199.02,69.7,On Track
PRJ-00501,2026-03-01,292.44,204.3,72.1,On Track
PRJ-00501,2026-04-01,292.44,209.59,74.5,On Track
PRJ-00501,2026-05-01,292.44,214.88,76.9,On Track
PRJ-00501,2026-06-01,292.44,220.17,79.4,On Track
PRJ-00501,2026-07-01,292.44,225.45,81.8,On Track
PRJ-00501,2026-08-01,292.44,230.74,84.2,On Track
PRJ-00502,2025-09-01,494.02,473.87,47.5,On Track
PRJ-00502,2025-10-01,494.02,489.97,49.4,On Track
PRJ-00502,2025-11-01,494.02,506.08,51.2,On Track
PRJ-00502,2025-12-01,494.02,522.18,53.1,On Track
PRJ-00502,2026-01-01,494.02,538.29,55.0,Delayed
PRJ-00502,2026-02-01,494.02,554.39,56.9,Delayed
PRJ-00502,2026-03-01,494.02,570.5,58.7,Delayed
PRJ-00502,2026-04-01,494.02,586.6,60.6,Delayed
PRJ-00502,2026-05-01,494.02,602.71,62.5,Delayed
PRJ-00502,2026-06-01,769.33,618.81,64.4,Delayed
PRJ-00502,2026-07-01,769.33,634.92,66.2,Delayed
PRJ-00502,2026-08-01,769.33,651.02,68.1,Delayed
PRJ-00503,2025-09-01,857.66,781.29,49.3,On Track
PRJ-00503,2025-10-01,857.66,803.44,51.5,On Track
PRJ-00503,2025-11-01,857.66,825.6,53.6,On Track
PRJ-00503,2025-12-01,857.66,847.76,55.8,On Track
PRJ-00503,2026-01-01,857.66,869.92,58.0,Delayed
PRJ-00503,2026-02-01,857.66,892.07,60.1,Delayed
PRJ-00503,2026-03-01,857.66,914.23,62.3,Delayed
PRJ-00503,2026-04-01,857.66,936.39,64.4,Delayed
PRJ-00503,2026-05-01,857.66,958.55,66.6,Delayed
PRJ-00503,2026-06-01,1155.17,980.7,68.8,Delayed
PRJ-00503,2026-07-01,1155.17,1002.86,70.9,Delayed
PRJ-00503,2026-08-01,1155.17,1025.02,73.1,Delayed
PRJ-00504,2025-09-01,1024.89,796.85,75.8,On Track
PRJ-00504,2025-10-01,1024.89,817.58,78.0,On Track
PRJ-00504,2025-11-01,1024.89,838.31,80.2,On Track
PRJ-00504,2025-12-01,1024.89,859.05,82.4,On Track
PRJ-00504,2026-01-01,1024.89,879.78,84.6,On Track
PRJ-00504,2026-02-01,1024.89,900.51,86.8,On Track
PRJ-00504,2026-03-01,1024.89,921.24,89.0,On Track
PRJ-00504,2026-04-01,1024.89,941.97,91.2,On Track
PRJ-00504,2026-05-01,1024.89,962.7,93.4,On Track
PRJ-00504,2026-06-01,1024.89,983.43,95.6,On Track
PRJ-00504,2026-07-01,1024.89,1004.16,97.8,On Track
PRJ-00504,2026-08-01,1024.89,1024.89,100.0,Completed
PRJ-00505,2025-09-01,570.81,502.44,74.5,On Track
PRJ-00505,2025-10-01,570.81,523.36,76.8,On Track
PRJ-00505,2025-11-01,570.81,544.29,79.1,On Track
PRJ-00505,2025-12-01,732.59,565.21,81.4,On Track
PRJ-00505,2026-01-01,732.59,586.13,83.8,Delayed
PRJ-00505,2026-02-01,732.59,607.05,86.1,Delayed
PRJ-00505,2026-03-01,732.59,627.98,88.4,Delayed
PRJ-00505,2026-04-01,732.59,648.9,90.7,Delayed
PRJ-00505,2026-05-01,732.59,669.82,93.0,Delayed
PRJ-00505,2026-06-01,732.59,690.74,95.4,Delayed
PRJ-00505,2026-07-01,732.59,711.67,97.7,Delayed
PRJ-00505,2026-08-01,732.59,732.59,100.0,Completed
PRJ-00506,2025-09-01,447.66,333.37,75.7,On Track
PRJ-00506,2025-10-01,447.66,341.73,77.4,On Track
PRJ-00506,2025-11-01,447.66,350.09,79.0,On Track
PRJ-00506,2025-12-01,447.66,358.45,80.7,On Track
PRJ-00506,2026-01-01,447.66,366.81,82.3,On Track
PRJ-00506,2026-02-01,447.66,375.17,83.9,On Track
PRJ-00506,2026-03-01,447.66,383.53,85.6,On Track
PRJ-00506,2026-04-01,447.66,391.89,87.2,On Track
PRJ-00506,2026-05-01,447.66,400.25,88.9,On Track
PRJ-00506,2026-06-01,447.66,408.61,90.5,On Track
PRJ-00506,2026-07-01,447.66,416.97,92.2,On Track
PRJ-00506,2026-08-01,447.66,425.33,93.8,On Track
PRJ-00507,2025-09-01,5232.05,2635.53,44.7,On Track
PRJ-00507,2025-10-01,5232.05,2699.12,46.4,On Track
PRJ-00507,2025-11-01,5232.05,2762.71,48.2,On Track
PRJ-00507,2025-12-01,5232.05,2826.29,49.9,On Track
PRJ-00507,2026-01-01,5232.05,2889.88,51.7,On Track
PRJ-00507,2026-02-01,5232.05,2953.47,53.4,On Track
PRJ-00507,2026-03-01,5232.05,3017.06,55.2,On Track
PRJ-00507,2026-04-01,5232.05,3080.65,56.9,On Track
PRJ-00507,2026-05-01,5232.05,3144.24,58.7,On Track
PRJ-00507,2026-06-01,5232.05,3207.82,60.4,On Track
PRJ-00507,2026-07-01,5232.05,3271.41,62.2,On Track
PRJ-00507,2026-08-01,5232.05,3335.0,63.9,On Track
PRJ-00508,2025-09-01,686.91,532.42,68.0,On Track
PRJ-00508,2025-10-01,686.91,547.08,70.9,On Track
PRJ-00508,2025-11-01,686.91,561.75,73.8,On Track
PRJ-00508,2025-12-01,686.91,576.42,76.7,On Track
PRJ-00508,2026-01-01,686.91,591.09,79.6,On Track
PRJ-00508,2026-02-01,686.91,605.76,82.5,On Track
PRJ-00508,2026-03-01,686.91,620.43,85.4,On Track
PRJ-00508,2026-04-01,686.91,635.1,88.3,On Track
PRJ-00508,2026-05-01,686.91,649.77,91.3,On Track
PRJ-00508,2026-06-01,686.91,664.44,94.2,On Track
PRJ-00508,2026-07-01,686.91,679.11,97.1,On Track
PRJ-00508,2026-08-01,686.91,693.78,100.0,Completed
PRJ-00509,2025-09-01,1309.73,813.49,19.2,On Track
PRJ-00509,2025-10-01,1309.73,845.57,22.0,On Track
PRJ-00509,2025-11-01,1309.73,877.65,24.9,On Track
PRJ-00509,2025-12-01,1592.98,909.73,27.8,On Track
PRJ-00509,2026-01-01,1592.98,941.8,30.7,Delayed
PRJ-00509,2026-02-01,1592.98,973.88,33.5,Delayed
PRJ-00509,2026-03-01,1592.98,1005.96,36.4,Delayed
PRJ-00509,2026-04-01,1592.98,1038.04,39.3,Delayed
PRJ-00509,2026-05-01,1592.98,1070.12,42.2,Delayed
PRJ-00509,2026-06-01,1592.98,1102.19,45.0,Delayed
PRJ-00509,2026-07-01,1592.98,1134.27,47.9,Delayed
PRJ-00509,2026-08-01,1592.98,1166.35,50.8,Delayed
PRJ-00510,2025-09-01,1107.64,723.68,46.2,On Track
PRJ-00510,2025-10-01,1107.64,752.24,47.8,On Track
PRJ-00510,2025-11-01,1107.64,780.79,49.3,On Track
PRJ-00510,2025-12-01,1107.64,809.35,50.8,On Track
PRJ-00510,2026-01-01,1107.64,837.9,52.4,Delayed
PRJ-00510,2026-02-01,1107.64,866.46,53.9,Delayed
PRJ-00510,2026-03-01,1246.25,895.01,55.4,Delayed
PRJ-00510,2026-04-01,1246.25,923.57,57.0,Delayed
PRJ-00510,2026-05-01,1246.25,952.12,58.5,Delayed
PRJ-00510,2026-06-01,1246.25,980.68,60.0,Delayed
PRJ-00510,2026-07-01,1246.25,1009.23,61.6,Delayed
PRJ-00510,2026-08-01,1246.25,1037.79,63.1,Delayed
PRJ-00511,2025-09-01,350.91,232.7,65.3,On Track
PRJ-00511,2025-10-01,350.91,243.45,68.5,On Track
PRJ-00511,2025-11-01,350.91,254.19,71.6,On Track
PRJ-00511,2025-12-01,350.91,264.94,74.8,On Track
PRJ-00511,2026-01-01,350.91,275.69,77.9,On Track
PRJ-00511,2026-02-01,350.91,286.43,81.1,On Track
PRJ-00511,2026-03-01,350.91,297.18,84.2,On Track
PRJ-00511,2026-04-01,350.91,307.93,87.4,On Track
PRJ-00511,2026-05-01,350.91,318.67,90.5,On Track
PRJ-00511,2026-06-01,350.91,329.42,93.7,On Track
PRJ-00511,2026-07-01,350.91,340.16,96.8,On Track
PRJ-00511,2026-08-01,350.91,350.91,100.0,Completed
PRJ-00512,2025-09-01,259.57,161.28,52.8,On Track
PRJ-00512,2025-10-01,259.57,166.73,55.7,On Track
PRJ-00512,2025-11-01,259.57,172.18,58.5,On Track
PRJ-00512,2025-12-01,259.57,177.64,61.4,On Track
PRJ-00512,2026-01-01,259.57,183.09,64.2,On Track
PRJ-00512,2026-02-01,259.57,188.54,67.1,On Track
PRJ-00512,2026-03-01,259.57,194.0,69.9,On Track
PRJ-00512,2026-04-01,259.57,199.45,72.7,On Track
PRJ-00512,2026-05-01,259.57,204.9,75.6,On Track
PRJ-00512,2026-06-01,259.57,210.35,78.4,On Track
PRJ-00512,2026-07-01,259.57,215.81,81.3,On Track
PRJ-00512,2026-08-01,259.57,221.26,84.1,On Track
PRJ-00513,2025-09-01,548.16,388.65,73.3,On Track
PRJ-00513,2025-10-01,548.16,403.15,75.7,On Track
PRJ-00513,2025-11-01,548.16,417.65,78.1,On Track
PRJ-00513,2025-12-01,548.16,432.15,80.5,On Track
PRJ-00513,2026-01-01,548.16,446.65,83.0,On Track
PRJ-00513,2026-02-01,548.16,461.15,85.4,On Track
PRJ-00513,2026-03-01,548.16,475.65,87.8,On Track
PRJ-00513,2026-04-01,548.16,490.15,90.3,On Track
PRJ-00513,2026-05-01,548.16,504.66,92.7,On Track
PRJ-00513,2026-06-01,548.16,519.16,95.1,On Track
PRJ-00513,2026-07-01,548.16,533.66,97.6,On Track
PRJ-00513,2026-08-01,548.16,548.16,100.0,Completed
PRJ-00514,2025-09-01,689.39,176.83,0.0,On Track
PRJ-00514,2025-10-01,689.39,183.57,1.1,On Track
PRJ-00514,2025-11-01,689.39,190.32,2.3,On Track
PRJ-00514,2025-12-01,880.43,197.06,3.4,On Track
PRJ-00514,2026-01-01,880.43,203.8,4.5,Stalled
PRJ-00514,2026-02-01,880.43,210.54,5.7,Stalled
PRJ-00514,2026-03-01,880.43,217.28,6.8,Stalled
PRJ-00514,2026-04-01,880.43,224.02,8.0,Stalled
PRJ-00514,2026-05-01,880.43,230.76,9.1,Stalled
PRJ-00514,2026-06-01,880.43,237.5,10.2,Delayed
PRJ-00514,2026-07-01,880.43,244.24,11.4,Delayed
PRJ-00514,2026-08-01,880.43,250.98,12.5,Delayed
PRJ-00515,2025-09-01,174.77,68.11,31.0,On Track
PRJ-00515,2025-10-01,174.77,70.29,33.1,On Track
PRJ-00515,2025-11-01,174.77,72.48,35.2,On Track
PRJ-00515,2025-12-01,174.77,74.66,37.2,On Track
PRJ-00515,2026-01-01,174.77,76.84,39.3,On Track
PRJ-00515,2026-02-01,174.77,79.02,41.4,On Track
PRJ-00515,2026-03-01,174.77,81.2,43.5,On Track
PRJ-00515,2026-04-01,174.77,83.38,45.6,On Track
PRJ-00515,2026-05-01,174.77,85.57,47.7,On Track
PRJ-00515,2026-06-01,174.77,87.75,49.7,On Track
PRJ-00515,2026-07-01,174.77,89.93,51.8,On Track
PRJ-00515,2026-08-01,174.77,92.11,53.9,On Track
PRJ-00516,2025-09-01,1389.79,1028.66,37.5,On Track
PRJ-00516,2025-10-01,1389.79,1057.9,40.3,On Track
PRJ-00516,2025-11-01,1389.79,1087.13,43.1,On Track
PRJ-00516,2025-12-01,1389.79,1116.37,45.9,On Track
PRJ-00516,2026-01-01,1389.79,1145.61,48.7,Delayed
PRJ-00516,2026-02-01,1389.79,1174.85,51.5,Delayed
PRJ-00516,2026-03-01,1389.79,1204.08,54.3,Delayed
PRJ-00516,2026-04-01,1389.79,1233.32,57.1,Delayed
PRJ-00516,2026-05-01,1389.79,1262.56,59.9,Delayed
PRJ-00516,2026-06-01,1719.11,1291.8,62.7,Delayed
PRJ-00516,2026-07-01,1719.11,1321.03,65.5,Delayed
PRJ-00516,2026-08-01,1719.11,1350.27,68.3,Delayed
PRJ-00517,2025-09-01,2469.67,366.03,0.0,On Track
PRJ-00517,2025-10-01,2469.67,377.66,0.2,On Track
PRJ-00517,2025-11-01,2469.67,389.29,0.4,On Track
PRJ-00517,2025-12-01,2469.67,400.92,0.5,On Track
PRJ-00517,2026-01-01,2469.67,412.55,0.7,Stalled
PRJ-00517,2026-02-01,2469.67,424.18,0.9,Stalled
PRJ-00517,2026-03-01,2469.67,435.81,1.1,Stalled
PRJ-00517,2026-04-01,2853.67,447.43,1.3,Stalled
PRJ-00517,2026-05-01,2853.67,459.06,1.5,Stalled
PRJ-00517,2026-06-01,2853.67,470.69,1.6,Stalled
PRJ-00517,2026-07-01,2853.67,482.32,1.8,Stalled
PRJ-00517,2026-08-01,2853.67,493.95,2.0,Stalled
PRJ-00518,2025-09-01,1130.2,203.07,0.0,On Track
PRJ-00518,2025-10-01,1130.2,209.5,0.2,On Track
PRJ-00518,2025-11-01,1130.2,215.92,0.5,On Track
PRJ-00518,2025-12-01,1130.2,222.35,0.7,On Track
PRJ-00518,2026-01-01,1130.2,228.77,0.9,Stalled
PRJ-00518,2026-02-01,1130.2,235.19,1.2,Stalled
PRJ-00518,2026-03-01,1130.2,241.62,1.4,Stalled
PRJ-00518,2026-04-01,1130.2,248.04,1.7,Stalled
PRJ-00518,2026-05-01,1320.3,254.47,1.9,Stalled
PRJ-00518,2026-06-01,1320.3,260.89,2.1,Stalled
PRJ-00518,2026-07-01,1320.3,267.32,2.4,Stalled
PRJ-00518,2026-08-01,1320.3,273.74,2.6,Stalled
PRJ-00519,2025-09-01,1962.57,424.05,0.0,On Track
PRJ-00519,2025-10-01,1962.57,441.8,0.2,On Track
PRJ-00519,2025-11-01,1962.57,459.55,0.4,On Track
PRJ-00519,2025-12-01,1962.57,477.31,0.5,On Track
PRJ-00519,2026-01-01,1962.57,495.06,0.7,Stalled
PRJ-00519,2026-02-01,1962.57,512.81,0.9,Stalled
PRJ-00519,2026-03-01,1962.57,530.56,1.1,Stalled
PRJ-00519,2026-04-01,2585.14,548.31,1.3,Stalled
PRJ-00519,2026-05-01,2585.14,566.06,1.5,Stalled
PRJ-00519,2026-06-01,2585.14,583.81,1.6,Stalled
PRJ-00519,2026-07-01,2585.14,601.56,1.8,Stalled
PRJ-00519,2026-08-01,2585.14,619.31,2.0,Stalled
PRJ-00520,2025-09-01,1638.82,1331.51,84.6,On Track
PRJ-00520,2025-10-01,1638.82,1373.51,86.0,On Track
PRJ-00520,2025-11-01,1638.82,1415.51,87.4,On Track
PRJ-00520,2025-12-01,1638.82,1457.51,88.8,On Track
PRJ-00520,2026-01-01,1638.82,1499.51,90.2,Delayed
PRJ-00520,2026-02-01,1638.82,1541.51,91.6,Delayed
PRJ-00520,2026-03-01,1793.52,1583.51,93.0,Delayed
PRJ-00520,2026-04-01,1793.52,1625.51,94.4,Delayed
PRJ-00520,2026-05-01,1793.52,1667.52,95.8,Delayed
PRJ-00520,2026-06-01,1793.52,1709.52,97.2,Delayed
PRJ-00520,2026-07-01,1793.52,1751.52,98.6,Delayed
PRJ-00520,2026-08-01,1793.52,1793.52,100.0,Completed
PRJ-00521,2025-09-01,731.16,82.52,0.0,On Track
PRJ-00521,2025-10-01,731.16,85.49,1.5,On Track
PRJ-00521,2025-11-01,731.16,88.45,3.1,On Track
PRJ-00521,2025-12-01,731.16,91.42,4.6,On Track
PRJ-00521,2026-01-01,731.16,94.39,6.1,On Track
PRJ-00521,2026-02-01,731.16,97.35,7.7,On Track
PRJ-00521,2026-03-01,731.16,100.32,9.2,On Track
PRJ-00521,2026-04-01,731.16,103.28,10.8,On Track
PRJ-00521,2026-05-01,731.16,106.25,12.3,On Track
PRJ-00521,2026-06-01,731.16,109.22,13.8,On Track
PRJ-00521,2026-07-01,731.16,112.18,15.4,On Track
PRJ-00521,2026-08-01,731.16,115.15,16.9,On Track
PRJ-00522,2025-09-01,9591.26,5276.61,23.7,On Track
PRJ-00522,2025-10-01,9591.26,5428.01,25.3,On Track
PRJ-00522,2025-11-01,9591.26,5579.41,26.9,On Track
PRJ-00522,2025-12-01,9591.26,5730.8,28.5,On Track
PRJ-00522,2026-01-01,9591.26,5882.2,30.1,Delayed
PRJ-00522,2026-02-01,9591.26,6033.59,31.7,Delayed
PRJ-00522,2026-03-01,13290.42,6184.99,33.3,Delayed
PRJ-00522,2026-04-01,13290.42,6336.39,34.9,Delayed
PRJ-00522,2026-05-01,13290.42,6487.78,36.5,Delayed
PRJ-00522,2026-06-01,13290.42,6639.18,38.1,Delayed
PRJ-00522,2026-07-01,13290.42,6790.57,39.7,Delayed
PRJ-00522,2026-08-01,13290.42,6941.97,41.3,Delayed
PRJ-00523,2025-09-01,6710.63,1603.74,19.4,On Track
PRJ-00523,2025-10-01,6710.63,1687.76,21.1,On Track
PRJ-00523,2025-11-01,6710.63,1771.78,22.7,On Track
PRJ-00523,2025-12-01,6710.63,1855.8,24.4,On Track
PRJ-00523,2026-01-01,6710.63,1939.81,26.0,On Track
PRJ-00523,2026-02-01,6710.63,2023.83,27.7,On Track
PRJ-00523,2026-03-01,6710.63,2107.85,29.3,On Track
PRJ-00523,2026-04-01,6710.63,2191.86,31.0,On Track
PRJ-00523,2026-05-01,6710.63,2275.88,32.6,On Track
PRJ-00523,2026-06-01,6710.63,2359.9,34.3,On Track
PRJ-00523,2026-07-01,6710.63,2443.91,35.9,On Track
PRJ-00523,2026-08-01,6710.63,2527.93,37.6,On Track
PRJ-00524,2025-09-01,231.57,132.98,63.9,On Track
PRJ-00524,2025-10-01,231.57,139.6,66.7,On Track
PRJ-00524,2025-11-01,231.57,146.23,69.4,On Track
PRJ-00524,2025-12-01,231.57,152.85,72.2,On Track
PRJ-00524,2026-01-01,231.57,159.48,75.0,On Track
PRJ-00524,2026-02-01,231.57,166.1,77.7,On Track
PRJ-00524,2026-03-01,231.57,172.73,80.5,On Track
PRJ-00524,2026-04-01,231.57,179.35,83.3,On Track
PRJ-00524,2026-05-01,231.57,185.98,86.0,On Track
PRJ-00524,2026-06-01,231.57,192.6,88.8,On Track
PRJ-00524,2026-07-01,231.57,199.23,91.5,On Track
PRJ-00524,2026-08-01,231.57,205.85,94.3,On Track
PRJ-00525,2025-09-01,5455.27,5281.13,68.5,On Track
PRJ-00525,2025-10-01,5455.27,5407.52,71.4,On Track
PRJ-00525,2025-11-01,5455.27,5533.91,74.3,On Track
PRJ-00525,2025-12-01,6671.41,5660.3,77.1,On Track
PRJ-00525,2026-01-01,6671.41,5786.69,80.0,Delayed
PRJ-00525,2026-02-01,6671.41,5913.07,82.8,Delayed
PRJ-00525,2026-03-01,6671.41,6039.46,85.7,Delayed
PRJ-00525,2026-04-01,6671.41,6165.85,88.6,Delayed
PRJ-00525,2026-05-01,6671.41,6292.24,91.4,Delayed
PRJ-00525,2026-06-01,6671.41,6418.63,94.3,Delayed
PRJ-00525,2026-07-01,6671.41,6545.02,97.1,Delayed
PRJ-00525,2026-08-01,6671.41,6671.41,100.0,Completed
PRJ-00526,2025-09-01,1221.41,885.97,48.1,On Track
PRJ-00526,2025-10-01,1221.41,909.7,50.1,On Track
PRJ-00526,2025-11-01,1221.41,933.43,52.1,On Track
PRJ-00526,2025-12-01,1221.41,957.15,54.0,On Track
PRJ-00526,2026-01-01,1221.41,980.88,56.0,Delayed
PRJ-00526,2026-02-01,1337.83,1004.61,58.0,Delayed
PRJ-00526,2026-03-01,1337.83,1028.33,59.9,Delayed
PRJ-00526,2026-04-01,1337.83,1052.06,61.9,Delayed
PRJ-00526,2026-05-01,1337.83,1075.79,63.9,Delayed
PRJ-00526,2026-06-01,1337.83,1099.52,65.9,Delayed
PRJ-00526,2026-07-01,1337.83,1123.24,67.8,Delayed
PRJ-00526,2026-08-01,1337.83,1146.97,69.8,Delayed
PRJ-00527,2025-09-01,480.19,283.54,70.2,On Track
PRJ-00527,2025-10-01,480.19,296.41,72.2,On Track
PRJ-00527,2025-11-01,480.19,309.28,74.2,On Track
PRJ-00527,2025-12-01,480.19,322.15,76.2,On Track
PRJ-00527,2026-01-01,480.19,335.02,78.3,On Track
PRJ-00527,2026-02-01,480.19,347.89,80.3,On Track
PRJ-00527,2026-03-01,480.19,360.76,82.3,On Track
PRJ-00527,2026-04-01,480.19,373.62,84.3,On Track
PRJ-00527,2026-05-01,480.19,386.49,86.3,On Track
PRJ-00527,2026-06-01,480.19,399.36,88.4,On Track
PRJ-00527,2026-07-01,480.19,412.23,90.4,On Track
PRJ-00527,2026-08-01,480.19,425.1,92.4,On Track
PRJ-00528,2025-09-01,573.02,337.05,32.9,On Track
PRJ-00528,2025-10-01,573.02,353.84,35.1,On Track
PRJ-00528,2025-11-01,573.02,370.63,37.3,On Track
PRJ-00528,2025-12-01,646.76,387.43,39.5,On Track
PRJ-00528,2026-01-01,646.76,404.22,41.6,Delayed
PRJ-00528,2026-02-01,646.76,421.01,43.8,Delayed
PRJ-00528,2026-03-01,646.76,437.81,46.0,Delayed
PRJ-00528,2026-04-01,646.76,454.6,48.1,Delayed
PRJ-00528,2026-05-01,646.76,471.39,50.3,Delayed
PRJ-00528,2026-06-01,646.76,488.18,52.5,Delayed
PRJ-00528,2026-07-01,646.76,504.98,54.6,Delayed
PRJ-00528,2026-08-01,646.76,521.77,56.8,Delayed
PRJ-00529,2025-09-01,529.64,403.67,82.0,On Track
PRJ-00529,2025-10-01,529.64,420.54,83.6,On Track
PRJ-00529,2025-11-01,529.64,437.41,85.3,On Track
PRJ-00529,2025-12-01,529.64,454.28,86.9,On Track
PRJ-00529,2026-01-01,529.64,471.15,88.5,Delayed
PRJ-00529,2026-02-01,529.64,488.02,90.2,Delayed
PRJ-00529,2026-03-01,529.64,504.89,91.8,Delayed
PRJ-00529,2026-04-01,529.64,521.76,93.4,Delayed
PRJ-00529,2026-05-01,589.23,538.62,95.1,Delayed
PRJ-00529,2026-06-01,589.23,555.49,96.7,Delayed
PRJ-00529,2026-07-01,589.23,572.36,98.4,Delayed
PRJ-00529,2026-08-01,589.23,589.23,100.0,Completed
PRJ-00530,2025-09-01,859.73,214.1,6.4,On Track
PRJ-00530,2025-10-01,859.73,219.89,8.9,On Track
PRJ-00530,2025-11-01,859.73,225.68,11.3,On Track
PRJ-00530,2025-12-01,859.73,231.48,13.8,On Track
PRJ-00530,2026-01-01,859.73,237.27,16.3,On Track
PRJ-00530,2026-02-01,859.73,243.06,18.8,On Track
PRJ-00530,2026-03-01,859.73,248.85,21.2,On Track
PRJ-00530,2026-04-01,859.73,254.65,23.7,On Track
PRJ-00530,2026-05-01,859.73,260.44,26.2,On Track
PRJ-00530,2026-06-01,859.73,266.23,28.7,On Track
PRJ-00530,2026-07-01,859.73,272.03,31.1,On Track
PRJ-00530,2026-08-01,859.73,277.82,33.6,On Track
PRJ-00531,2025-09-01,952.32,606.13,37.8,On Track
PRJ-00531,2025-10-01,952.32,639.33,40.5,On Track
PRJ-00531,2025-11-01,952.32,672.53,43.2,On Track
PRJ-00531,2025-12-01,952.32,705.73,45.8,On Track
PRJ-00531,2026-01-01,952.32,738.92,48.5,Delayed
PRJ-00531,2026-02-01,952.32,772.12,51.2,Delayed
PRJ-00531,2026-03-01,952.32,805.32,53.8,Delayed
PRJ-00531,2026-04-01,952.32,838.52,56.5,Delayed
PRJ-00531,2026-05-01,1183.75,871.72,59.2,Delayed
PRJ-00531,2026-06-01,1183.75,904.92,61.9,Delayed
PRJ-00531,2026-07-01,1183.75,938.12,64.5,Delayed
PRJ-00531,2026-08-01,1183.75,971.32,67.2,Delayed
PRJ-00532,2025-09-01,482.51,145.74,29.6,On Track
PRJ-00532,2025-10-01,482.51,153.41,31.5,On Track
PRJ-00532,2025-11-01,482.51,161.07,33.3,On Track
PRJ-00532,2025-12-01,482.51,168.73,35.1,On Track
PRJ-00532,2026-01-01,482.51,176.4,37.0,On Track
PRJ-00532,2026-02-01,482.51,184.06,38.8,On Track
PRJ-00532,2026-03-01,482.51,191.72,40.6,On Track
PRJ-00532,2026-04-01,482.51,199.39,42.5,On Track
PRJ-00532,2026-05-01,482.51,207.05,44.3,On Track
PRJ-00532,2026-06-01,482.51,214.71,46.1,On Track
PRJ-00532,2026-07-01,482.51,222.38,48.0,On Track
PRJ-00532,2026-08-01,482.51,230.04,49.8,On Track
PRJ-00533,2025-09-01,634.25,446.11,35.6,On Track
PRJ-00533,2025-10-01,634.25,464.72,37.8,On Track
PRJ-00533,2025-11-01,634.25,483.32,40.0,On Track
PRJ-00533,2025-12-01,875.64,501.93,42.2,On Track
PRJ-00533,2026-01-01,875.64,520.53,44.3,Delayed
PRJ-00533,2026-02-01,875.64,539.14,46.5,Delayed
PRJ-00533,2026-03-01,875.64,557.74,48.7,Delayed
PRJ-00533,2026-04-01,875.64,576.35,50.9,Delayed
PRJ-00533,2026-05-01,875.64,594.95,53.1,Delayed
PRJ-00533,2026-06-01,875.64,613.56,55.2,Delayed
PRJ-00533,2026-07-01,875.64,632.16,57.4,Delayed
PRJ-00533,2026-08-01,875.64,650.77,59.6,Delayed
PRJ-00534,2025-09-01,1093.12,195.82,0.0,On Track
PRJ-00534,2025-10-01,1093.12,201.39,0.2,On Track
PRJ-00534,2025-11-01,1093.12,206.97,0.4,On Track
PRJ-00534,2025-12-01,1093.12,212.54,0.5,On Track
PRJ-00534,2026-01-01,1093.12,218.12,0.7,Stalled
PRJ-00534,2026-02-01,1320.75,223.7,0.9,Stalled
PRJ-00534,2026-03-01,1320.75,229.27,1.1,Stalled
PRJ-00534,2026-04-01,1320.75,234.85,1.3,Stalled
PRJ-00534,2026-05-01,1320.75,240.42,1.5,Stalled
PRJ-00534,2026-06-01,1320.75,246.0,1.6,Stalled
PRJ-00534,2026-07-01,1320.75,251.57,1.8,Stalled
PRJ-00534,2026-08-01,1320.75,257.15,2.0,Stalled
PRJ-00535,2025-09-01,4734.45,3437.88,76.1,On Track
PRJ-00535,2025-10-01,4734.45,3555.75,78.3,On Track
PRJ-00535,2025-11-01,4734.45,3673.62,80.4,On Track
PRJ-00535,2025-12-01,4734.45,3791.49,82.6,On Track
PRJ-00535,2026-01-01,4734.45,3909.36,84.8,On Track
PRJ-00535,2026-02-01,4734.45,4027.23,87.0,On Track
PRJ-00535,2026-03-01,4734.45,4145.1,89.1,On Track
PRJ-00535,2026-04-01,4734.45,4262.97,91.3,On Track
PRJ-00535,2026-05-01,4734.45,4380.84,93.5,On Track
PRJ-00535,2026-06-01,4734.45,4498.71,95.7,On Track
PRJ-00535,2026-07-01,4734.45,4616.58,97.8,On Track
PRJ-00535,2026-08-01,4734.45,4734.45,100.0,Completed
PRJ-00536,2025-09-01,1131.32,685.84,63.6,On Track
PRJ-00536,2025-10-01,1131.32,703.99,65.2,On Track
PRJ-00536,2025-11-01,1131.32,722.13,66.9,On Track
PRJ-00536,2025-12-01,1131.32,740.28,68.5,On Track
PRJ-00536,2026-01-01,1131.32,758.42,70.1,On Track
PRJ-00536,2026-02-01,1131.32,776.57,71.7,On Track
PRJ-00536,2026-03-01,1131.32,794.71,73.4,On Track
PRJ-00536,2026-04-01,1131.32,812.86,75.0,On Track
PRJ-00536,2026-05-01,1131.32,831.0,76.6,On Track
PRJ-00536,2026-06-01,1131.32,849.15,78.2,On Track
PRJ-00536,2026-07-01,1131.32,867.29,79.9,On Track
PRJ-00536,2026-08-01,1131.32,885.44,81.5,On Track
PRJ-00537,2025-09-01,3354.8,872.76,0.0,On Track
PRJ-00537,2025-10-01,3354.8,895.68,0.2,On Track
PRJ-00537,2025-11-01,3354.8,918.61,0.4,On Track
PRJ-00537,2025-12-01,3354.8,941.54,0.6,On Track
PRJ-00537,2026-01-01,3354.8,964.46,0.8,Stalled
PRJ-00537,2026-02-01,3354.8,987.39,1.0,Stalled
PRJ-00537,2026-03-01,3354.8,1010.31,1.1,Stalled
PRJ-00537,2026-04-01,3354.8,1033.24,1.3,Stalled
PRJ-00537,2026-05-01,3354.8,1056.16,1.5,Stalled
PRJ-00537,2026-06-01,4637.04,1079.09,1.7,Stalled
PRJ-00537,2026-07-01,4637.04,1102.01,1.9,Stalled
PRJ-00537,2026-08-01,4637.04,1124.94,2.1,Stalled
PRJ-00538,2025-09-01,1372.12,830.08,11.1,On Track
PRJ-00538,2025-10-01,1372.12,852.42,13.9,On Track
PRJ-00538,2025-11-01,1372.12,874.76,16.7,On Track
PRJ-00538,2025-12-01,1850.78,897.1,19.5,On Track
PRJ-00538,2026-01-01,1850.78,919.44,22.3,Delayed
PRJ-00538,2026-02-01,1850.78,941.78,25.1,Delayed
PRJ-00538,2026-03-01,1850.78,964.13,27.9,Delayed
PRJ-00538,2026-04-01,1850.78,986.47,30.7,Delayed
PRJ-00538,2026-05-01,1850.78,1008.81,33.5,Delayed
PRJ-00538,2026-06-01,1850.78,1031.15,36.3,Delayed
PRJ-00538,2026-07-01,1850.78,1053.49,39.1,Delayed
PRJ-00538,2026-08-01,1850.78,1075.83,41.9,Delayed
PRJ-00539,2025-09-01,1085.42,155.71,5.5,On Track
PRJ-00539,2025-10-01,1085.42,161.67,7.0,On Track
PRJ-00539,2025-11-01,1085.42,167.62,8.4,On Track
PRJ-00539,2025-12-01,1085.42,173.58,9.8,On Track
PRJ-00539,2026-01-01,1085.42,179.54,11.3,On Track
PRJ-00539,2026-02-01,1085.42,185.5,12.7,On Track
PRJ-00539,2026-03-01,1085.42,191.46,14.2,On Track
PRJ-00539,2026-04-01,1085.42,197.42,15.6,On Track
PRJ-00539,2026-05-01,1085.42,203.37,17.1,On Track
PRJ-00539,2026-06-01,1085.42,209.33,18.5,On Track
PRJ-00539,2026-07-01,1085.42,215.29,20.0,On Track
PRJ-00539,2026-08-01,1085.42,221.25,21.4,On Track
PRJ-00540,2025-09-01,3642.58,2158.26,13.2,On Track
PRJ-00540,2025-10-01,3642.58,2216.8,15.7,On Track
PRJ-00540,2025-11-01,3642.58,2275.34,18.3,On Track
PRJ-00540,2025-12-01,3642.58,2333.88,20.9,On Track
PRJ-00540,2026-01-01,3642.58,2392.42,23.5,Delayed
PRJ-00540,2026-02-01,3642.58,2450.96,26.0,Delayed
PRJ-00540,2026-03-01,4976.95,2509.5,28.6,Delayed
PRJ-00540,2026-04-01,4976.95,2568.04,31.2,Delayed
PRJ-00540,2026-05-01,4976.95,2626.58,33.8,Delayed
PRJ-00540,2026-06-01,4976.95,2685.12,36.3,Delayed
PRJ-00540,2026-07-01,4976.95,2743.66,38.9,Delayed
PRJ-00540,2026-08-01,4976.95,2802.2,41.5,Delayed
PRJ-00541,2025-09-01,871.1,539.14,21.9,On Track
PRJ-00541,2025-10-01,871.1,565.2,24.9,On Track
PRJ-00541,2025-11-01,871.1,591.27,27.9,On Track
PRJ-00541,2025-12-01,871.1,617.33,30.8,On Track
PRJ-00541,2026-01-01,871.1,643.4,33.8,Delayed
PRJ-00541,2026-02-01,871.1,669.46,36.8,Delayed
PRJ-00541,2026-03-01,871.1,695.53,39.8,Delayed
PRJ-00541,2026-04-01,871.1,721.6,42.8,Delayed
PRJ-00541,2026-05-01,1255.49,747.66,45.8,Delayed
PRJ-00541,2026-06-01,1255.49,773.73,48.7,Delayed
PRJ-00541,2026-07-01,1255.49,799.79,51.7,Delayed
PRJ-00541,2026-08-01,1255.49,825.86,54.7,Delayed
PRJ-00542,2025-09-01,452.92,269.26,57.2,On Track
PRJ-00542,2025-10-01,452.92,279.97,60.3,On Track
PRJ-00542,2025-11-01,452.92,290.68,63.4,On Track
PRJ-00542,2025-12-01,452.92,301.39,66.5,On Track
PRJ-00542,2026-01-01,452.92,312.1,69.6,On Track
PRJ-00542,2026-02-01,452.92,322.8,72.7,On Track
PRJ-00542,2026-03-01,452.92,333.51,75.8,On Track
PRJ-00542,2026-04-01,452.92,344.22,78.9,On Track
PRJ-00542,2026-05-01,452.92,354.93,82.0,On Track
PRJ-00542,2026-06-01,452.92,365.64,85.1,On Track
PRJ-00542,2026-07-01,452.92,376.35,88.2,On Track
PRJ-00542,2026-08-01,452.92,387.06,91.3,On Track
PRJ-00543,2025-09-01,2813.64,242.86,0.0,On Track
PRJ-00543,2025-10-01,2813.64,252.25,0.2,On Track
PRJ-00543,2025-11-01,2813.64,261.63,0.4,On Track
PRJ-00543,2025-12-01,2813.64,271.02,0.5,On Track
PRJ-00543,2026-01-01,2813.64,280.4,0.7,Stalled
PRJ-00543,2026-02-01,2813.64,289.79,0.9,Stalled
PRJ-00543,2026-03-01,3366.08,299.17,1.1,Stalled
PRJ-00543,2026-04-01,3366.08,308.56,1.3,Stalled
PRJ-00543,2026-05-01,3366.08,317.94,1.5,Stalled
PRJ-00543,2026-06-01,3366.08,327.33,1.6,Stalled
PRJ-00543,2026-07-01,3366.08,336.71,1.8,Stalled
PRJ-00543,2026-08-01,3366.08,346.1,2.0,Stalled
PRJ-00544,2025-09-01,439.64,143.4,0.0,On Track
PRJ-00544,2025-10-01,439.64,147.91,1.7,On Track
PRJ-00544,2025-11-01,439.64,152.42,3.4,On Track
PRJ-00544,2025-12-01,572.18,156.93,5.1,On Track
PRJ-00544,2026-01-01,572.18,161.44,6.8,Stalled
PRJ-00544,2026-02-01,572.18,165.95,8.5,Stalled
PRJ-00544,2026-03-01,572.18,170.47,10.1,Delayed
PRJ-00544,2026-04-01,572.18,174.98,11.8,Delayed
PRJ-00544,2026-05-01,572.18,179.49,13.5,Delayed
PRJ-00544,2026-06-01,572.18,184.0,15.2,Delayed
PRJ-00544,2026-07-01,572.18,188.51,16.9,Delayed
PRJ-00544,2026-08-01,572.18,193.02,18.6,Delayed
PRJ-00545,2025-09-01,598.62,287.32,37.6,On Track
PRJ-00545,2025-10-01,598.62,303.23,39.2,On Track
PRJ-00545,2025-11-01,598.62,319.14,40.8,On Track
PRJ-00545,2025-12-01,598.62,335.06,42.4,On Track
PRJ-00545,2026-01-01,598.62,350.97,44.0,Delayed
PRJ-00545,2026-02-01,725.74,366.89,45.7,Delayed
PRJ-00545,2026-03-01,725.74,382.8,47.3,Delayed
PRJ-00545,2026-04-01,725.74,398.71,48.9,Delayed
PRJ-00545,2026-05-01,725.74,414.63,50.5,Delayed
PRJ-00545,2026-06-01,725.74,430.54,52.2,Delayed
PRJ-00545,2026-07-01,725.74,446.46,53.8,Delayed
PRJ-00545,2026-08-01,725.74,462.37,55.4,Delayed
PRJ-00546,2025-09-01,572.99,510.73,83.8,On Track
PRJ-00546,2025-10-01,572.99,529.97,85.3,On Track
PRJ-00546,2025-11-01,572.99,549.2,86.7,On Track
PRJ-00546,2025-12-01,572.99,568.44,88.2,On Track
PRJ-00546,2026-01-01,572.99,587.68,89.7,Delayed
PRJ-00546,2026-02-01,722.35,606.92,91.2,Delayed
PRJ-00546,2026-03-01,722.35,626.16,92.6,Delayed
PRJ-00546,2026-04-01,722.35,645.4,94.1,Delayed
PRJ-00546,2026-05-01,722.35,664.63,95.6,Delayed
PRJ-00546,2026-06-01,722.35,683.87,97.1,Delayed
PRJ-00546,2026-07-01,722.35,703.11,98.5,Delayed
PRJ-00546,2026-08-01,722.35,722.35,100.0,Completed
PRJ-00547,2025-09-01,762.9,596.2,83.3,On Track
PRJ-00547,2025-10-01,762.9,622.56,84.8,On Track
PRJ-00547,2025-11-01,762.9,648.91,86.4,On Track
PRJ-00547,2025-12-01,762.9,675.27,87.9,On Track
PRJ-00547,2026-01-01,762.9,701.62,89.4,Delayed
PRJ-00547,2026-02-01,762.9,727.97,90.9,Delayed
PRJ-00547,2026-03-01,886.1,754.33,92.4,Delayed
PRJ-00547,2026-04-01,886.1,780.68,93.9,Delayed
PRJ-00547,2026-05-01,886.1,807.04,95.5,Delayed
PRJ-00547,2026-06-01,886.1,833.39,97.0,Delayed
PRJ-00547,2026-07-01,886.1,859.75,98.5,Delayed
PRJ-00547,2026-08-01,886.1,886.1,100.0,Completed
PRJ-00548,2025-09-01,1718.82,1232.29,83.8,On Track
PRJ-00548,2025-10-01,1718.82,1302.23,85.3,On Track
PRJ-00548,2025-11-01,1718.82,1372.17,86.7,On Track
PRJ-00548,2025-12-01,2001.65,1442.12,88.2,On Track
PRJ-00548,2026-01-01,2001.65,1512.06,89.7,Delayed
PRJ-00548,2026-02-01,2001.65,1582.0,91.2,Delayed
PRJ-00548,2026-03-01,2001.65,1651.94,92.6,Delayed
PRJ-00548,2026-04-01,2001.65,1721.88,94.1,Delayed
PRJ-00548,2026-05-01,2001.65,1791.82,95.6,Delayed
PRJ-00548,2026-06-01,2001.65,1861.77,97.1,Delayed
PRJ-00548,2026-07-01,2001.65,1931.71,98.5,Delayed
PRJ-00548,2026-08-01,2001.65,2001.65,100.0,Completed
PRJ-00549,2025-09-01,1517.23,1382.6,73.9,On Track
PRJ-00549,2025-10-01,1517.23,1425.82,76.2,On Track
PRJ-00549,2025-11-01,1517.23,1469.05,78.6,On Track
PRJ-00549,2025-12-01,1517.23,1512.27,81.0,On Track
PRJ-00549,2026-01-01,1517.23,1555.49,83.4,Delayed
PRJ-00549,2026-02-01,1517.23,1598.72,85.7,Delayed
PRJ-00549,2026-03-01,1517.23,1641.94,88.1,Delayed
PRJ-00549,2026-04-01,1517.23,1685.16,90.5,Delayed
PRJ-00549,2026-05-01,1858.06,1728.39,92.9,Delayed
PRJ-00549,2026-06-01,1858.06,1771.61,95.2,Delayed
PRJ-00549,2026-07-01,1858.06,1814.84,97.6,Delayed
PRJ-00549,2026-08-01,1858.06,1858.06,100.0,Completed
PRJ-00550,2025-09-01,433.57,118.76,0.0,On Track
PRJ-00550,2025-10-01,433.57,125.46,1.6,On Track
PRJ-00550,2025-11-01,433.57,132.15,3.2,On Track
PRJ-00550,2025-12-01,433.57,138.85,4.8,On Track
PRJ-00550,2026-01-01,433.57,145.55,6.4,Stalled
PRJ-00550,2026-02-01,433.57,152.24,8.0,Stalled
PRJ-00550,2026-03-01,433.57,158.94,9.6,Stalled
PRJ-00550,2026-04-01,544.73,165.63,11.2,Delayed
PRJ-00550,2026-05-01,544.73,172.33,12.8,Delayed
PRJ-00550,2026-06-01,544.73,179.03,14.4,Delayed
PRJ-00550,2026-07-01,544.73,185.72,16.0,Delayed
PRJ-00550,2026-08-01,544.73,192.42,17.6,Delayed
PRJ-00551,2025-09-01,199.04,98.06,16.9,On Track
PRJ-00551,2025-10-01,199.04,103.02,19.3,On Track
PRJ-00551,2025-11-01,199.04,107.98,21.6,On Track
PRJ-00551,2025-12-01,199.04,112.94,24.0,On Track
PRJ-00551,2026-01-01,199.04,117.9,26.3,Delayed
PRJ-00551,2026-02-01,199.04,122.85,28.6,Delayed
PRJ-00551,2026-03-01,245.14,127.81,31.0,Delayed
PRJ-00551,2026-04-01,245.14,132.77,33.3,Delayed
PRJ-00551,2026-05-01,245.14,137.73,35.7,Delayed
PRJ-00551,2026-06-01,245.14,142.69,38.0,Delayed
PRJ-00551,2026-07-01,245.14,147.65,40.4,Delayed
PRJ-00551,2026-08-01,245.14,152.61,42.7,Delayed
PRJ-00552,2025-09-01,301.39,194.82,81.5,On Track
PRJ-00552,2025-10-01,301.39,204.51,83.1,On Track
PRJ-00552,2025-11-01,301.39,214.2,84.8,On Track
PRJ-00552,2025-12-01,301.39,223.88,86.5,On Track
PRJ-00552,2026-01-01,301.39,233.57,88.2,On Track
PRJ-00552,2026-02-01,301.39,243.26,89.9,On Track
PRJ-00552,2026-03-01,301.39,252.95,91.6,On Track
PRJ-00552,2026-04-01,301.39,262.64,93.3,On Track
PRJ-00552,2026-05-01,301.39,272.33,94.9,On Track
PRJ-00552,2026-06-01,301.39,282.01,96.6,On Track
PRJ-00552,2026-07-01,301.39,291.7,98.3,On Track
PRJ-00552,2026-08-01,301.39,301.39,100.0,Completed
PRJ-00553,2025-09-01,570.92,417.28,49.2,On Track
PRJ-00553,2025-10-01,570.92,430.65,51.7,On Track
PRJ-00553,2025-11-01,570.92,444.02,54.2,On Track
PRJ-00553,2025-12-01,570.92,457.39,56.7,On Track
PRJ-00553,2026-01-01,570.92,470.76,59.1,Delayed
PRJ-00553,2026-02-01,570.92,484.14,61.6,Delayed
PRJ-00553,2026-03-01,570.92,497.51,64.1,Delayed
PRJ-00553,2026-04-01,570.92,510.88,66.6,Delayed
PRJ-00553,2026-05-01,570.92,524.25,69.1,Delayed
PRJ-00553,2026-06-01,637.07,537.63,71.5,Delayed
PRJ-00553,2026-07-01,637.07,551.0,74.0,Delayed
PRJ-00553,2026-08-01,637.07,564.37,76.5,Delayed
PRJ-00554,2025-09-01,440.71,303.93,75.1,On Track
PRJ-00554,2025-10-01,440.71,316.37,77.4,On Track
PRJ-00554,2025-11-01,440.71,328.8,79.6,On Track
PRJ-00554,2025-12-01,440.71,341.24,81.9,On Track
PRJ-00554,2026-01-01,440.71,353.67,84.2,On Track
PRJ-00554,2026-02-01,440.71,366.1,86.4,On Track
PRJ-00554,2026-03-01,440.71,378.54,88.7,On Track
PRJ-00554,2026-04-01,440.71,390.97,91.0,On Track
PRJ-00554,2026-05-01,440.71,403.41,93.2,On Track
PRJ-00554,2026-06-01,440.71,415.84,95.5,On Track
PRJ-00554,2026-07-01,440.71,428.28,97.7,On Track
PRJ-00554,2026-08-01,440.71,440.71,100.0,Completed
PRJ-00555,2025-09-01,2089.71,1712.85,79.5,On Track
PRJ-00555,2025-10-01,2089.71,1804.12,81.4,On Track
PRJ-00555,2025-11-01,2089.71,1895.39,83.2,On Track
PRJ-00555,2025-12-01,2089.71,1986.66,85.1,On Track
PRJ-00555,2026-01-01,2089.71,2077.92,87.0,Delayed
PRJ-00555,2026-02-01,2089.71,2169.19,88.8,Delayed
PRJ-00555,2026-03-01,2089.71,2260.46,90.7,Delayed
PRJ-00555,2026-04-01,2089.71,2351.73,92.6,Delayed
PRJ-00555,2026-05-01,2089.71,2443.0,94.4,Delayed
PRJ-00555,2026-06-01,2716.8,2534.26,96.3,Delayed
PRJ-00555,2026-07-01,2716.8,2625.53,98.1,Delayed
PRJ-00555,2026-08-01,2716.8,2716.8,100.0,Completed
PRJ-00556,2025-09-01,339.46,119.08,0.0,On Track
PRJ-00556,2025-10-01,339.46,123.8,1.8,On Track
PRJ-00556,2025-11-01,339.46,128.51,3.7,On Track
PRJ-00556,2025-12-01,339.46,133.23,5.5,On Track
PRJ-00556,2026-01-01,339.46,137.95,7.3,Stalled
PRJ-00556,2026-02-01,339.46,142.66,9.2,Stalled
PRJ-00556,2026-03-01,485.83,147.38,11.0,Delayed
PRJ-00556,2026-04-01,485.83,152.1,12.9,Delayed
PRJ-00556,2026-05-01,485.83,156.81,14.7,Delayed
PRJ-00556,2026-06-01,485.83,161.53,16.5,Delayed
PRJ-00556,2026-07-01,485.83,166.24,18.4,Delayed
PRJ-00556,2026-08-01,485.83,170.96,20.2,Delayed
PRJ-00557,2025-09-01,239.25,188.54,84.5,On Track
PRJ-00557,2025-10-01,239.25,197.66,85.9,On Track
PRJ-00557,2025-11-01,239.25,206.79,87.3,On Track
PRJ-00557,2025-12-01,239.25,215.92,88.7,On Track
PRJ-00557,2026-01-01,239.25,225.05,90.1,Delayed
PRJ-00557,2026-02-01,239.25,234.17,91.5,Delayed
PRJ-00557,2026-03-01,239.25,243.3,93.0,Delayed
PRJ-00557,2026-04-01,239.25,252.43,94.4,Delayed
PRJ-00557,2026-05-01,239.25,261.56,95.8,Delayed
PRJ-00557,2026-06-01,288.94,270.68,97.2,Delayed
PRJ-00557,2026-07-01,288.94,279.81,98.6,Delayed
PRJ-00557,2026-08-01,288.94,288.94,100.0,Completed
PRJ-00558,2025-09-01,1358.47,813.68,32.9,On Track
PRJ-00558,2025-10-01,1358.47,856.77,36.0,On Track
PRJ-00558,2025-11-01,1358.47,899.86,39.0,On Track
PRJ-00558,2025-12-01,1358.47,942.95,42.1,On Track
PRJ-00558,2026-01-01,1358.47,986.05,45.2,Delayed
PRJ-00558,2026-02-01,1358.47,1029.14,48.2,Delayed
PRJ-00558,2026-03-01,1358.47,1072.23,51.3,Delayed
PRJ-00558,2026-04-01,1358.47,1115.32,54.3,Delayed
PRJ-00558,2026-05-01,1677.95,1158.41,57.4,Delayed
PRJ-00558,2026-06-01,1677.95,1201.5,60.5,Delayed
PRJ-00558,2026-07-01,1677.95,1244.59,63.5,Delayed
PRJ-00558,2026-08-01,1677.95,1287.68,66.6,Delayed
PRJ-00559,2025-09-01,580.2,396.98,72.5,On Track
PRJ-00559,2025-10-01,580.2,413.64,75.0,On Track
PRJ-00559,2025-11-01,580.2,430.29,77.5,On Track
PRJ-00559,2025-12-01,580.2,446.95,80.0,On Track
PRJ-00559,2026-01-01,580.2,463.61,82.5,On Track
PRJ-00559,2026-02-01,580.2,480.26,85.0,On Track
PRJ-00559,2026-03-01,580.2,496.92,87.5,On Track
PRJ-00559,2026-04-01,580.2,513.57,90.0,On Track
PRJ-00559,2026-05-01,580.2,530.23,92.5,On Track
PRJ-00559,2026-06-01,580.2,546.89,95.0,On Track
PRJ-00559,2026-07-01,580.2,563.54,97.5,On Track
PRJ-00559,2026-08-01,580.2,580.2,100.0,Completed
PRJ-00560,2025-09-01,1242.64,201.89,0.0,On Track
PRJ-00560,2025-10-01,1242.64,208.89,0.2,On Track
PRJ-00560,2025-11-01,1242.64,215.9,0.5,On Track
PRJ-00560,2025-12-01,1824.37,222.91,0.7,On Track
PRJ-00560,2026-01-01,1824.37,229.91,0.9,Stalled
PRJ-00560,2026-02-01,1824.37,236.92,1.2,Stalled
PRJ-00560,2026-03-01,1824.37,243.93,1.4,Stalled
PRJ-00560,2026-04-01,1824.37,250.93,1.7,Stalled
PRJ-00560,2026-05-01,1824.37,257.94,1.9,Stalled
PRJ-00560,2026-06-01,1824.37,264.95,2.1,Stalled
PRJ-00560,2026-07-01,1824.37,271.95,2.4,Stalled
PRJ-00560,2026-08-01,1824.37,278.96,2.6,Stalled
PRJ-00561,2025-09-01,4871.96,812.04,0.0,On Track
PRJ-00561,2025-10-01,4871.96,847.4,0.9,On Track
PRJ-00561,2025-11-01,4871.96,882.75,1.8,On Track
PRJ-00561,2025-12-01,4871.96,918.11,2.7,On Track
PRJ-00561,2026-01-01,4871.96,953.47,3.6,Stalled
PRJ-00561,2026-02-01,4871.96,988.83,4.5,Stalled
PRJ-00561,2026-03-01,6381.68,1024.18,5.3,Stalled
PRJ-00561,2026-04-01,6381.68,1059.54,6.2,Stalled
PRJ-00561,2026-05-01,6381.68,1094.9,7.1,Stalled
PRJ-00561,2026-06-01,6381.68,1130.26,8.0,Stalled
PRJ-00561,2026-07-01,6381.68,1165.61,8.9,Stalled
PRJ-00561,2026-08-01,6381.68,1200.97,9.8,Stalled
PRJ-00562,2025-09-01,1578.99,1321.54,81.1,On Track
PRJ-00562,2025-10-01,1578.99,1376.7,82.8,On Track
PRJ-00562,2025-11-01,1578.99,1431.85,84.6,On Track
PRJ-00562,2025-12-01,1578.99,1487.01,86.3,On Track
PRJ-00562,2026-01-01,1578.99,1542.16,88.0,Delayed
PRJ-00562,2026-02-01,1578.99,1597.32,89.7,Delayed
PRJ-00562,2026-03-01,1578.99,1652.47,91.4,Delayed
PRJ-00562,2026-04-01,1578.99,1707.63,93.1,Delayed
PRJ-00562,2026-05-01,1578.99,1762.78,94.9,Delayed
PRJ-00562,2026-06-01,1928.25,1817.94,96.6,Delayed
PRJ-00562,2026-07-01,1928.25,1873.09,98.3,Delayed
PRJ-00562,2026-08-01,1928.25,1928.25,100.0,Completed
PRJ-00563,2025-09-01,2779.58,2509.51,69.9,On Track
PRJ-00563,2025-10-01,2779.58,2590.6,72.6,On Track
PRJ-00563,2025-11-01,2779.58,2671.69,75.4,On Track
PRJ-00563,2025-12-01,2779.58,2752.78,78.1,On Track
PRJ-00563,2026-01-01,2779.58,2833.87,80.9,Delayed
PRJ-00563,2026-02-01,2779.58,2914.96,83.6,Delayed
PRJ-00563,2026-03-01,2779.58,2996.05,86.3,Delayed
PRJ-00563,2026-04-01,2779.58,3077.14,89.1,Delayed
PRJ-00563,2026-05-01,3401.51,3158.24,91.8,Delayed
PRJ-00563,2026-06-01,3401.51,3239.33,94.5,Delayed
PRJ-00563,2026-07-01,3401.51,3320.42,97.3,Delayed
PRJ-00563,2026-08-01,3401.51,3401.51,100.0,Completed
PRJ-00564,2025-09-01,5595.59,1008.32,0.0,On Track
PRJ-00564,2025-10-01,5595.59,1032.83,0.2,On Track
PRJ-00564,2025-11-01,5595.59,1057.33,0.4,On Track
PRJ-00564,2025-12-01,5595.59,1081.83,0.5,On Track
PRJ-00564,2026-01-01,5595.59,1106.33,0.7,Stalled
PRJ-00564,2026-02-01,5595.59,1130.84,0.9,Stalled
PRJ-00564,2026-03-01,5595.59,1155.34,1.1,Stalled
PRJ-00564,2026-04-01,5595.59,1179.84,1.3,Stalled
PRJ-00564,2026-05-01,5595.59,1204.34,1.5,Stalled
PRJ-00564,2026-06-01,6905.51,1228.85,1.6,Stalled
PRJ-00564,2026-07-01,6905.51,1253.35,1.8,Stalled
PRJ-00564,2026-08-01,6905.51,1277.85,2.0,Stalled
PRJ-00565,2025-09-01,2016.29,1748.22,73.0,On Track
PRJ-00565,2025-10-01,2016.29,1805.88,75.5,On Track
PRJ-00565,2025-11-01,2016.29,1863.54,77.9,On Track
PRJ-00565,2025-12-01,2016.29,1921.21,80.4,On Track
PRJ-00565,2026-01-01,2016.29,1978.87,82.8,Delayed
PRJ-00565,2026-02-01,2016.29,2036.53,85.3,Delayed
PRJ-00565,2026-03-01,2382.51,2094.19,87.7,Delayed
PRJ-00565,2026-04-01,2382.51,2151.86,90.2,Delayed
PRJ-00565,2026-05-01,2382.51,2209.52,92.6,Delayed
PRJ-00565,2026-06-01,2382.51,2267.18,95.1,Delayed
PRJ-00565,2026-07-01,2382.51,2324.85,97.5,Delayed
PRJ-00565,2026-08-01,2382.51,2382.51,100.0,Completed
PRJ-00566,2025-09-01,1704.82,1520.8,75.4,On Track
PRJ-00566,2025-10-01,1704.82,1596.45,77.6,On Track
PRJ-00566,2025-11-01,1704.82,1672.11,79.9,On Track
PRJ-00566,2025-12-01,1704.82,1747.76,82.1,On Track
PRJ-00566,2026-01-01,2352.98,1823.41,84.3,Delayed
PRJ-00566,2026-02-01,2352.98,1899.06,86.6,Delayed
PRJ-00566,2026-03-01,2352.98,1974.72,88.8,Delayed
PRJ-00566,2026-04-01,2352.98,2050.37,91.0,Delayed
PRJ-00566,2026-05-01,2352.98,2126.02,93.3,Delayed
PRJ-00566,2026-06-01,2352.98,2201.67,95.5,Delayed
PRJ-00566,2026-07-01,2352.98,2277.33,97.8,Delayed
PRJ-00566,2026-08-01,2352.98,2352.98,100.0,Completed
PRJ-00567,2025-09-01,1073.32,254.39,0.0,On Track
PRJ-00567,2025-10-01,1073.32,269.49,1.0,On Track
PRJ-00567,2025-11-01,1073.32,284.59,2.0,On Track
PRJ-00567,2025-12-01,1073.32,299.7,3.1,On Track
PRJ-00567,2026-01-01,1073.32,314.8,4.1,Stalled
PRJ-00567,2026-02-01,1073.32,329.9,5.1,Stalled
PRJ-00567,2026-03-01,1073.32,345.01,6.1,Stalled
PRJ-00567,2026-04-01,1073.32,360.11,7.1,Stalled
PRJ-00567,2026-05-01,1073.32,375.21,8.1,Stalled
PRJ-00567,2026-06-01,1402.98,390.31,9.2,Stalled
PRJ-00567,2026-07-01,1402.98,405.42,10.2,Delayed
PRJ-00567,2026-08-01,1402.98,420.52,11.2,Delayed
PRJ-00568,2025-09-01,453.86,80.25,13.3,On Track
PRJ-00568,2025-10-01,453.86,84.51,14.7,On Track
PRJ-00568,2025-11-01,453.86,88.76,16.1,On Track
PRJ-00568,2025-12-01,453.86,93.02,17.5,On Track
PRJ-00568,2026-01-01,453.86,97.28,18.9,On Track
PRJ-00568,2026-02-01,453.86,101.54,20.3,On Track
PRJ-00568,2026-03-01,453.86,105.8,21.7,On Track
PRJ-00568,2026-04-01,453.86,110.06,23.1,On Track
PRJ-00568,2026-05-01,453.86,114.31,24.5,On Track
PRJ-00568,2026-06-01,453.86,118.57,25.9,On Track
PRJ-00568,2026-07-01,453.86,122.83,27.3,On Track
PRJ-00568,2026-08-01,453.86,127.09,28.7,On Track
PRJ-00569,2025-09-01,438.24,245.39,32.5,On Track
PRJ-00569,2025-10-01,438.24,255.19,34.1,On Track
PRJ-00569,2025-11-01,438.24,265.0,35.8,On Track
PRJ-00569,2025-12-01,438.24,274.81,37.5,On Track
PRJ-00569,2026-01-01,438.24,284.62,39.2,Delayed
PRJ-00569,2026-02-01,438.24,294.42,40.8,Delayed
PRJ-00569,2026-03-01,438.24,304.23,42.5,Delayed
PRJ-00569,2026-04-01,438.24,314.04,44.2,Delayed
PRJ-00569,2026-05-01,599.77,323.85,45.9,Delayed
PRJ-00569,2026-06-01,599.77,333.65,47.5,Delayed
PRJ-00569,2026-07-01,599.77,343.46,49.2,Delayed
PRJ-00569,2026-08-01,599.77,353.27,50.9,Delayed
PRJ-00570,2025-09-01,309.61,96.44,0.0,On Track
PRJ-00570,2025-10-01,309.61,99.35,1.5,On Track
PRJ-00570,2025-11-01,309.61,102.25,2.9,On Track
PRJ-00570,2025-12-01,309.61,105.16,4.4,On Track
PRJ-00570,2026-01-01,309.61,108.06,5.9,Stalled
PRJ-00570,2026-02-01,309.61,110.97,7.3,Stalled
PRJ-00570,2026-03-01,380.81,113.87,8.8,Stalled
PRJ-00570,2026-04-01,380.81,116.78,10.2,Delayed
PRJ-00570,2026-05-01,380.81,119.68,11.7,Delayed
PRJ-00570,2026-06-01,380.81,122.59,13.2,Delayed
PRJ-00570,2026-07-01,380.81,125.49,14.6,Delayed
PRJ-00570,2026-08-01,380.81,128.4,16.1,Delayed
PRJ-00571,2025-09-01,891.78,630.69,44.5,On Track
PRJ-00571,2025-10-01,891.78,664.4,47.5,On Track
PRJ-00571,2025-11-01,891.78,698.12,50.4,On Track
PRJ-00571,2025-12-01,891.78,731.84,53.4,On Track
PRJ-00571,2026-01-01,891.78,765.55,56.3,Delayed
PRJ-00571,2026-02-01,1156.35,799.27,59.3,Delayed
PRJ-00571,2026-03-01,1156.35,832.99,62.2,Delayed
PRJ-00571,2026-04-01,1156.35,866.7,65.2,Delayed
PRJ-00571,2026-05-01,1156.35,900.42,68.1,Delayed
PRJ-00571,2026-06-01,1156.35,934.14,71.1,Delayed
PRJ-00571,2026-07-01,1156.35,967.85,74.0,Delayed
PRJ-00571,2026-08-01,1156.35,1001.57,77.0,Delayed
PRJ-00572,2025-09-01,792.48,168.35,0.0,On Track
PRJ-00572,2025-10-01,792.48,176.19,0.2,On Track
PRJ-00572,2025-11-01,792.48,184.04,0.4,On Track
PRJ-00572,2025-12-01,792.48,191.89,0.5,On Track
PRJ-00572,2026-01-01,792.48,199.73,0.7,Stalled
PRJ-00572,2026-02-01,792.48,207.58,0.9,Stalled
PRJ-00572,2026-03-01,792.48,215.42,1.1,Stalled
PRJ-00572,2026-04-01,792.48,223.27,1.3,Stalled
PRJ-00572,2026-05-01,1069.43,231.11,1.5,Stalled
PRJ-00572,2026-06-01,1069.43,238.96,1.6,Stalled
PRJ-00572,2026-07-01,1069.43,246.8,1.8,Stalled
PRJ-00572,2026-08-01,1069.43,254.65,2.0,Stalled
PRJ-00573,2025-09-01,420.57,226.69,55.2,On Track
PRJ-00573,2025-10-01,420.57,233.33,57.0,On Track
PRJ-00573,2025-11-01,420.57,239.97,58.8,On Track
PRJ-00573,2025-12-01,420.57,246.61,60.6,On Track
PRJ-00573,2026-01-01,420.57,253.25,62.4,On Track
PRJ-00573,2026-02-01,420.57,259.89,64.2,On Track
PRJ-00573,2026-03-01,420.57,266.53,66.0,On Track
PRJ-00573,2026-04-01,420.57,273.18,67.7,On Track
PRJ-00573,2026-05-01,420.57,279.82,69.5,On Track
PRJ-00573,2026-06-01,420.57,286.46,71.3,On Track
PRJ-00573,2026-07-01,420.57,293.1,73.1,On Track
PRJ-00573,2026-08-01,420.57,299.74,74.9,On Track
PRJ-00574,2025-09-01,2485.63,2436.97,74.8,On Track
PRJ-00574,2025-10-01,2485.63,2517.78,77.0,On Track
PRJ-00574,2025-11-01,2485.63,2598.59,79.3,On Track
PRJ-00574,2025-12-01,2485.63,2679.41,81.6,On Track
PRJ-00574,2026-01-01,2485.63,2760.22,83.9,Delayed
PRJ-00574,2026-02-01,2485.63,2841.03,86.2,Delayed
PRJ-00574,2026-03-01,3325.9,2921.84,88.5,Delayed
PRJ-00574,2026-04-01,3325.9,3002.65,90.8,Delayed
PRJ-00574,2026-05-01,3325.9,3083.46,93.1,Delayed
PRJ-00574,2026-06-01,3325.9,3164.28,95.4,Delayed
PRJ-00574,2026-07-01,3325.9,3245.09,97.7,Delayed
PRJ-00574,2026-08-01,3325.9,3325.9,100.0,Completed
PRJ-00575,2025-09-01,2287.75,1019.88,16.0,On Track
PRJ-00575,2025-10-01,2287.75,1059.68,17.9,On Track
PRJ-00575,2025-11-01,2287.75,1099.48,19.8,On Track
PRJ-00575,2025-12-01,2930.81,1139.28,21.7,On Track
PRJ-00575,2026-01-01,2930.81,1179.08,23.6,Delayed
PRJ-00575,2026-02-01,2930.81,1218.89,25.5,Delayed
PRJ-00575,2026-03-01,2930.81,1258.69,27.4,Delayed
PRJ-00575,2026-04-01,2930.81,1298.49,29.3,Delayed
PRJ-00575,2026-05-01,2930.81,1338.29,31.2,Delayed
PRJ-00575,2026-06-01,2930.81,1378.1,33.1,Delayed
PRJ-00575,2026-07-01,2930.81,1417.9,35.0,Delayed
PRJ-00575,2026-08-01,2930.81,1457.7,36.9,Delayed
PRJ-00576,2025-09-01,1240.53,869.18,44.4,On Track
PRJ-00576,2025-10-01,1240.53,912.42,47.1,On Track
PRJ-00576,2025-11-01,1240.53,955.67,49.8,On Track
PRJ-00576,2025-12-01,1240.53,998.91,52.6,On Track
PRJ-00576,2026-01-01,1240.53,1042.15,55.3,Delayed
PRJ-00576,2026-02-01,1573.94,1085.39,58.0,Delayed
PRJ-00576,2026-03-01,1573.94,1128.64,60.7,Delayed
PRJ-00576,2026-04-01,1573.94,1171.88,63.4,Delayed
PRJ-00576,2026-05-01,1573.94,1215.12,66.1,Delayed
PRJ-00576,2026-06-01,1573.94,1258.36,68.9,Delayed
PRJ-00576,2026-07-01,1573.94,1301.61,71.6,Delayed
PRJ-00576,2026-08-01,1573.94,1344.85,74.3,Delayed
PRJ-00577,2025-09-01,375.76,299.71,69.8,On Track
PRJ-00577,2025-10-01,375.76,306.63,72.6,On Track
PRJ-00577,2025-11-01,375.76,313.54,75.3,On Track
PRJ-00577,2025-12-01,375.76,320.45,78.1,On Track
PRJ-00577,2026-01-01,375.76,327.37,80.8,On Track
PRJ-00577,2026-02-01,375.76,334.28,83.6,On Track
PRJ-00577,2026-03-01,375.76,341.19,86.3,On Track
PRJ-00577,2026-04-01,375.76,348.11,89.0,On Track
PRJ-00577,2026-05-01,375.76,355.02,91.8,On Track
PRJ-00577,2026-06-01,375.76,361.93,94.5,On Track
PRJ-00577,2026-07-01,375.76,368.85,97.3,On Track
PRJ-00577,2026-08-01,375.76,375.76,100.0,Completed
PRJ-00578,2025-09-01,396.05,152.17,21.2,On Track
PRJ-00578,2025-10-01,396.05,157.09,24.0,On Track
PRJ-00578,2025-11-01,396.05,162.02,26.8,On Track
PRJ-00578,2025-12-01,396.05,166.95,29.6,On Track
PRJ-00578,2026-01-01,396.05,171.87,32.4,On Track
PRJ-00578,2026-02-01,396.05,176.8,35.2,On Track
PRJ-00578,2026-03-01,396.05,181.73,38.0,On Track
PRJ-00578,2026-04-01,396.05,186.65,40.8,On Track
PRJ-00578,2026-05-01,396.05,191.58,43.6,On Track
PRJ-00578,2026-06-01,396.05,196.51,46.4,On Track
PRJ-00578,2026-07-01,396.05,201.43,49.2,On Track
PRJ-00578,2026-08-01,396.05,206.36,52.0,On Track
PRJ-00579,2025-09-01,5963.57,2248.2,14.3,On Track
PRJ-00579,2025-10-01,5963.57,2364.21,15.7,On Track
PRJ-00579,2025-11-01,5963.57,2480.21,17.1,On Track
PRJ-00579,2025-12-01,5963.57,2596.22,18.5,On Track
PRJ-00579,2026-01-01,5963.57,2712.23,19.8,Delayed
PRJ-00579,2026-02-01,5963.57,2828.23,21.2,Delayed
PRJ-00579,2026-03-01,5963.57,2944.24,22.6,Delayed
PRJ-00579,2026-04-01,5963.57,3060.25,24.0,Delayed
PRJ-00579,2026-05-01,6874.11,3176.25,25.4,Delayed
PRJ-00579,2026-06-01,6874.11,3292.26,26.7,Delayed
PRJ-00579,2026-07-01,6874.11,3408.26,28.1,Delayed
PRJ-00579,2026-08-01,6874.11,3524.27,29.5,Delayed
PRJ-00580,2025-09-01,425.24,62.28,4.6,On Track
PRJ-00580,2025-10-01,425.24,63.95,6.0,On Track
PRJ-00580,2025-11-01,425.24,65.62,7.4,On Track
PRJ-00580,2025-12-01,425.24,67.3,8.8,On Track
PRJ-00580,2026-01-01,425.24,68.97,10.2,On Track
PRJ-00580,2026-02-01,425.24,70.64,11.7,On Track
PRJ-00580,2026-03-01,425.24,72.31,13.1,On Track
PRJ-00580,2026-04-01,425.24,73.98,14.5,On Track
PRJ-00580,2026-05-01,425.24,75.65,15.9,On Track
PRJ-00580,2026-06-01,425.24,77.32,17.4,On Track
PRJ-00580,2026-07-01,425.24,78.99,18.8,On Track
PRJ-00580,2026-08-01,425.24,80.66,20.2,On Track
PRJ-00581,2025-09-01,7339.72,2158.64,0.0,On Track
PRJ-00581,2025-10-01,7339.72,2213.55,1.3,On Track
PRJ-00581,2025-11-01,7339.72,2268.47,2.5,On Track
PRJ-00581,2025-12-01,7339.72,2323.38,3.8,On Track
PRJ-00581,2026-01-01,7339.72,2378.3,5.1,Stalled
PRJ-00581,2026-02-01,7339.72,2433.21,6.4,Stalled
PRJ-00581,2026-03-01,7339.72,2488.13,7.6,Stalled
PRJ-00581,2026-04-01,7339.72,2543.04,8.9,Stalled
PRJ-00581,2026-05-01,9615.78,2597.96,10.2,Delayed
PRJ-00581,2026-06-01,9615.78,2652.87,11.5,Delayed
PRJ-00581,2026-07-01,9615.78,2707.79,12.7,Delayed
PRJ-00581,2026-08-01,9615.78,2762.7,14.0,Delayed
PRJ-00582,2025-09-01,2723.44,1209.22,6.3,On Track
PRJ-00582,2025-10-01,2723.44,1245.21,8.2,On Track
PRJ-00582,2025-11-01,2723.44,1281.19,10.1,On Track
PRJ-00582,2025-12-01,2723.44,1317.17,12.0,On Track
PRJ-00582,2026-01-01,2723.44,1353.16,13.8,Delayed
PRJ-00582,2026-02-01,2723.44,1389.14,15.7,Delayed
PRJ-00582,2026-03-01,3117.89,1425.12,17.6,Delayed
PRJ-00582,2026-04-01,3117.89,1461.11,19.5,Delayed
PRJ-00582,2026-05-01,3117.89,1497.09,21.4,Delayed
PRJ-00582,2026-06-01,3117.89,1533.07,23.2,Delayed
PRJ-00582,2026-07-01,3117.89,1569.06,25.1,Delayed
PRJ-00582,2026-08-01,3117.89,1605.04,27.0,Delayed
PRJ-00583,2025-09-01,607.15,488.61,64.5,On Track
PRJ-00583,2025-10-01,607.15,512.39,66.7,On Track
PRJ-00583,2025-11-01,607.15,536.16,68.8,On Track
PRJ-00583,2025-12-01,607.15,559.94,70.9,On Track
PRJ-00583,2026-01-01,607.15,583.71,73.0,Delayed
PRJ-00583,2026-02-01,607.15,607.48,75.2,Delayed
PRJ-00583,2026-03-01,607.15,631.26,77.3,Delayed
PRJ-00583,2026-04-01,750.13,655.03,79.4,Delayed
PRJ-00583,2026-05-01,750.13,678.81,81.5,Delayed
PRJ-00583,2026-06-01,750.13,702.58,83.7,Delayed
PRJ-00583,2026-07-01,750.13,726.36,85.8,Delayed
PRJ-00583,2026-08-01,750.13,750.13,87.9,Delayed
PRJ-00584,2025-09-01,376.4,254.78,70.5,On Track
PRJ-00584,2025-10-01,376.4,260.63,72.4,On Track
PRJ-00584,2025-11-01,376.4,266.47,74.2,On Track
PRJ-00584,2025-12-01,376.4,272.31,76.1,On Track
PRJ-00584,2026-01-01,376.4,278.16,77.9,On Track
PRJ-00584,2026-02-01,376.4,284.0,79.8,On Track
PRJ-00584,2026-03-01,376.4,289.85,81.7,On Track
PRJ-00584,2026-04-01,376.4,295.69,83.5,On Track
PRJ-00584,2026-05-01,376.4,301.54,85.4,On Track
PRJ-00584,2026-06-01,376.4,307.38,87.3,On Track
PRJ-00584,2026-07-01,376.4,313.23,89.1,On Track
PRJ-00584,2026-08-01,376.4,319.07,91.0,On Track
PRJ-00585,2025-09-01,242.45,220.98,43.2,On Track
PRJ-00585,2025-10-01,242.45,229.23,46.1,On Track
PRJ-00585,2025-11-01,242.45,237.49,49.1,On Track
PRJ-00585,2025-12-01,242.45,245.74,52.1,On Track
PRJ-00585,2026-01-01,242.45,254.0,55.0,Delayed
PRJ-00585,2026-02-01,242.45,262.26,58.0,Delayed
PRJ-00585,2026-03-01,242.45,270.51,61.0,Delayed
PRJ-00585,2026-04-01,242.45,278.77,63.9,Delayed
PRJ-00585,2026-05-01,319.35,287.02,66.9,Delayed
PRJ-00585,2026-06-01,319.35,295.28,69.9,Delayed
PRJ-00585,2026-07-01,319.35,303.53,72.8,Delayed
PRJ-00585,2026-08-01,319.35,311.79,75.8,Delayed
PRJ-00586,2025-09-01,1183.32,220.03,0.0,On Track
PRJ-00586,2025-10-01,1183.32,227.76,2.4,On Track
PRJ-00586,2025-11-01,1183.32,235.49,4.8,On Track
PRJ-00586,2025-12-01,1183.32,243.22,7.2,On Track
PRJ-00586,2026-01-01,1183.32,250.95,9.6,On Track
PRJ-00586,2026-02-01,1183.32,258.68,12.0,On Track
PRJ-00586,2026-03-01,1183.32,266.4,14.3,On Track
PRJ-00586,2026-04-01,1183.32,274.13,16.7,On Track
PRJ-00586,2026-05-01,1183.32,281.86,19.1,On Track
PRJ-00586,2026-06-01,1183.32,289.59,21.5,On Track
PRJ-00586,2026-07-01,1183.32,297.32,23.9,On Track
PRJ-00586,2026-08-01,1183.32,305.05,26.3,On Track
PRJ-00587,2025-09-01,328.61,97.34,27.9,On Track
PRJ-00587,2025-10-01,328.61,103.21,30.2,On Track
PRJ-00587,2025-11-01,328.61,109.07,32.5,On Track
PRJ-00587,2025-12-01,328.61,114.93,34.7,On Track
PRJ-00587,2026-01-01,328.61,120.79,37.0,On Track
PRJ-00587,2026-02-01,328.61,126.66,39.2,On Track
PRJ-00587,2026-03-01,328.61,132.52,41.5,On Track
PRJ-00587,2026-04-01,328.61,138.38,43.8,On Track
PRJ-00587,2026-05-01,328.61,144.24,46.0,On Track
PRJ-00587,2026-06-01,328.61,150.11,48.3,On Track
PRJ-00587,2026-07-01,328.61,155.97,50.5,On Track
PRJ-00587,2026-08-01,328.61,161.83,52.8,On Track
PRJ-00588,2025-09-01,1310.45,848.34,32.1,On Track
PRJ-00588,2025-10-01,1310.45,887.87,33.6,On Track
PRJ-00588,2025-11-01,1310.45,927.41,35.1,On Track
PRJ-00588,2025-12-01,2054.04,966.94,36.6,On Track
PRJ-00588,2026-01-01,2054.04,1006.48,38.1,Delayed
PRJ-00588,2026-02-01,2054.04,1046.01,39.6,Delayed
PRJ-00588,2026-03-01,2054.04,1085.55,41.1,Delayed
PRJ-00588,2026-04-01,2054.04,1125.08,42.6,Delayed
PRJ-00588,2026-05-01,2054.04,1164.62,44.1,Delayed
PRJ-00588,2026-06-01,2054.04,1204.15,45.6,Delayed
PRJ-00588,2026-07-01,2054.04,1243.69,47.1,Delayed
PRJ-00588,2026-08-01,2054.04,1283.22,48.6,Delayed
PRJ-00589,2025-09-01,421.01,297.72,71.6,On Track
PRJ-00589,2025-10-01,421.01,308.93,74.2,On Track
PRJ-00589,2025-11-01,421.01,320.13,76.8,On Track
PRJ-00589,2025-12-01,421.01,331.34,79.3,On Track
PRJ-00589,2026-01-01,421.01,342.55,81.9,On Track
PRJ-00589,2026-02-01,421.01,353.76,84.5,On Track
PRJ-00589,2026-03-01,421.01,364.97,87.1,On Track
PRJ-00589,2026-04-01,421.01,376.18,89.7,On Track
PRJ-00589,2026-05-01,421.01,387.38,92.3,On Track
PRJ-00589,2026-06-01,421.01,398.59,94.8,On Track
PRJ-00589,2026-07-01,421.01,409.8,97.4,On Track
PRJ-00589,2026-08-01,421.01,421.01,100.0,Completed
PRJ-00590,2025-09-01,681.27,496.45,46.5,On Track
PRJ-00590,2025-10-01,681.27,508.85,48.6,On Track
PRJ-00590,2025-11-01,681.27,521.25,50.6,On Track
PRJ-00590,2025-12-01,681.27,533.65,52.7,On Track
PRJ-00590,2026-01-01,681.27,546.05,54.8,Delayed
PRJ-00590,2026-02-01,681.27,558.45,56.9,Delayed
PRJ-00590,2026-03-01,681.27,570.85,58.9,Delayed
PRJ-00590,2026-04-01,681.27,583.24,61.0,Delayed
PRJ-00590,2026-05-01,794.08,595.64,63.1,Delayed
PRJ-00590,2026-06-01,794.08,608.04,65.2,Delayed
PRJ-00590,2026-07-01,794.08,620.44,67.2,Delayed
PRJ-00590,2026-08-01,794.08,632.84,69.3,Delayed
PRJ-00591,2025-09-01,1309.97,662.36,8.6,On Track
PRJ-00591,2025-10-01,1309.97,696.57,11.5,On Track
PRJ-00591,2025-11-01,1309.97,730.78,14.3,On Track
PRJ-00591,2025-12-01,1959.37,764.99,17.2,On Track
PRJ-00591,2026-01-01,1959.37,799.2,20.1,Delayed
PRJ-00591,2026-02-01,1959.37,833.41,23.0,Delayed
PRJ-00591,2026-03-01,1959.37,867.62,25.9,Delayed
PRJ-00591,2026-04-01,1959.37,901.83,28.8,Delayed
PRJ-00591,2026-05-01,1959.37,936.04,31.6,Delayed
PRJ-00591,2026-06-01,1959.37,970.25,34.5,Delayed
PRJ-00591,2026-07-01,1959.37,1004.46,37.4,Delayed
PRJ-00591,2026-08-01,1959.37,1038.67,40.3,Delayed
PRJ-00592,2025-09-01,1224.46,643.52,0.0,On Track
PRJ-00592,2025-10-01,1224.46,665.7,3.0,On Track
PRJ-00592,2025-11-01,1224.46,687.89,6.1,On Track
PRJ-00592,2025-12-01,1224.46,710.07,9.1,On Track
PRJ-00592,2026-01-01,1605.97,732.25,12.2,Delayed
PRJ-00592,2026-02-01,1605.97,754.43,15.2,Delayed
PRJ-00592,2026-03-01,1605.97,776.62,18.3,Delayed
PRJ-00592,2026-04-01,1605.97,798.8,21.3,Delayed
PRJ-00592,2026-05-01,1605.97,820.98,24.4,Delayed
PRJ-00592,2026-06-01,1605.97,843.16,27.4,Delayed
PRJ-00592,2026-07-01,1605.97,865.35,30.5,Delayed
PRJ-00592,2026-08-01,1605.97,887.53,33.5,Delayed
PRJ-00593,2025-09-01,466.58,333.92,30.3,On Track
PRJ-00593,2025-10-01,466.58,351.46,33.1,On Track
PRJ-00593,2025-11-01,466.58,368.99,35.9,On Track
PRJ-00593,2025-12-01,663.51,386.52,38.7,On Track
PRJ-00593,2026-01-01,663.51,404.05,41.5,Delayed
PRJ-00593,2026-02-01,663.51,421.58,44.3,Delayed
PRJ-00593,2026-03-01,663.51,439.11,47.1,Delayed
PRJ-00593,2026-04-01,663.51,456.64,49.9,Delayed
PRJ-00593,2026-05-01,663.51,474.18,52.8,Delayed
PRJ-00593,2026-06-01,663.51,491.71,55.6,Delayed
PRJ-00593,2026-07-01,663.51,509.24,58.4,Delayed
PRJ-00593,2026-08-01,663.51,526.77,61.2,Delayed
PRJ-00594,2025-09-01,310.47,140.71,24.5,On Track
PRJ-00594,2025-10-01,310.47,144.41,27.6,On Track
PRJ-00594,2025-11-01,310.47,148.11,30.7,On Track
PRJ-00594,2025-12-01,310.47,151.8,33.7,On Track
PRJ-00594,2026-01-01,310.47,155.5,36.8,On Track
PRJ-00594,2026-02-01,310.47,159.19,39.9,On Track
PRJ-00594,2026-03-01,310.47,162.89,42.9,On Track
PRJ-00594,2026-04-01,310.47,166.59,46.0,On Track
PRJ-00594,2026-05-01,310.47,170.28,49.1,On Track
PRJ-00594,2026-06-01,310.47,173.98,52.2,On Track
PRJ-00594,2026-07-01,310.47,177.67,55.2,On Track
PRJ-00594,2026-08-01,310.47,181.37,58.3,On Track
PRJ-00595,2025-09-01,760.98,478.22,23.6,On Track
PRJ-00595,2025-10-01,760.98,499.13,25.5,On Track
PRJ-00595,2025-11-01,760.98,520.04,27.4,On Track
PRJ-00595,2025-12-01,760.98,540.95,29.2,On Track
PRJ-00595,2026-01-01,760.98,561.86,31.1,Delayed
PRJ-00595,2026-02-01,760.98,582.77,33.0,Delayed
PRJ-00595,2026-03-01,760.98,603.68,34.9,Delayed
PRJ-00595,2026-04-01,760.98,624.6,36.7,Delayed
PRJ-00595,2026-05-01,760.98,645.51,38.6,Delayed
PRJ-00595,2026-06-01,1080.71,666.42,40.5,Delayed
PRJ-00595,2026-07-01,1080.71,687.33,42.3,Delayed
PRJ-00595,2026-08-01,1080.71,708.24,44.2,Delayed
PRJ-00596,2025-09-01,990.71,602.54,81.6,On Track
PRJ-00596,2025-10-01,990.71,637.83,83.2,On Track
PRJ-00596,2025-11-01,990.71,673.12,84.9,On Track
PRJ-00596,2025-12-01,990.71,708.41,86.6,On Track
PRJ-00596,2026-01-01,990.71,743.69,88.3,On Track
PRJ-00596,2026-02-01,990.71,778.98,89.9,On Track
PRJ-00596,2026-03-01,990.71,814.27,91.6,On Track
PRJ-00596,2026-04-01,990.71,849.56,93.3,On Track
PRJ-00596,2026-05-01,990.71,884.85,95.0,On Track
PRJ-00596,2026-06-01,990.71,920.13,96.6,On Track
PRJ-00596,2026-07-01,990.71,955.42,98.3,On Track
PRJ-00596,2026-08-01,990.71,990.71,100.0,Completed
PRJ-00597,2025-09-01,747.22,155.32,0.0,On Track
PRJ-00597,2025-10-01,747.22,161.08,0.5,On Track
PRJ-00597,2025-11-01,747.22,166.84,1.1,On Track
PRJ-00597,2025-12-01,747.22,172.6,1.6,On Track
PRJ-00597,2026-01-01,747.22,178.36,2.1,Stalled
PRJ-00597,2026-02-01,747.22,184.12,2.7,Stalled
PRJ-00597,2026-03-01,747.22,189.88,3.2,Stalled
PRJ-00597,2026-04-01,904.66,195.65,3.8,Stalled
PRJ-00597,2026-05-01,904.66,201.41,4.3,Stalled
PRJ-00597,2026-06-01,904.66,207.17,4.8,Stalled
PRJ-00597,2026-07-01,904.66,212.93,5.4,Stalled
PRJ-00597,2026-08-01,904.66,218.69,5.9,Stalled
PRJ-00598,2025-09-01,1067.81,788.71,67.6,On Track
PRJ-00598,2025-10-01,1067.81,808.0,70.1,On Track
PRJ-00598,2025-11-01,1067.81,827.29,72.6,On Track
PRJ-00598,2025-12-01,1067.81,846.57,75.1,On Track
PRJ-00598,2026-01-01,1067.81,865.86,77.6,On Track
PRJ-00598,2026-02-01,1067.81,885.15,80.1,On Track
PRJ-00598,2026-03-01,1067.81,904.44,82.5,On Track
PRJ-00598,2026-04-01,1067.81,923.73,85.0,On Track
PRJ-00598,2026-05-01,1067.81,943.02,87.5,On Track
PRJ-00598,2026-06-01,1067.81,962.3,90.0,On Track
PRJ-00598,2026-07-01,1067.81,981.59,92.5,On Track
PRJ-00598,2026-08-01,1067.81,1000.88,95.0,On Track
PRJ-00599,2025-09-01,324.52,79.51,0.0,On Track
PRJ-00599,2025-10-01,324.52,82.66,1.4,On Track
PRJ-00599,2025-11-01,324.52,85.82,2.8,On Track
PRJ-00599,2025-12-01,324.52,88.98,4.1,On Track
PRJ-00599,2026-01-01,324.52,92.14,5.5,Stalled
PRJ-00599,2026-02-01,324.52,95.3,6.9,Stalled
PRJ-00599,2026-03-01,324.52,98.46,8.3,Stalled
PRJ-00599,2026-04-01,324.52,101.62,9.7,Stalled
PRJ-00599,2026-05-01,324.52,104.78,11.1,Delayed
PRJ-00599,2026-06-01,381.35,107.94,12.4,Delayed
PRJ-00599,2026-07-01,381.35,111.1,13.8,Delayed
PRJ-00599,2026-08-01,381.35,114.26,15.2,Delayed
PRJ-00600,2025-09-01,198.71,36.84,0.0,On Track
PRJ-00600,2025-10-01,198.71,38.73,1.3,On Track
PRJ-00600,2025-11-01,198.71,40.61,2.6,On Track
PRJ-00600,2025-12-01,198.71,42.5,3.8,On Track
PRJ-00600,2026-01-01,198.71,44.39,5.1,Stalled
PRJ-00600,2026-02-01,198.71,46.27,6.4,Stalled
PRJ-00600,2026-03-01,198.71,48.16,7.7,Stalled
PRJ-00600,2026-04-01,198.71,50.04,9.0,Stalled
PRJ-00600,2026-05-01,247.07,51.93,10.3,Delayed
PRJ-00600,2026-06-01,247.07,53.82,11.5,Delayed
PRJ-00600,2026-07-01,247.07,55.7,12.8,Delayed
PRJ-00600,2026-08-01,247.07,57.59,14.1,Delayed
PRJ-00601,2025-09-01,2177.99,1195.94,36.2,On Track
PRJ-00601,2025-10-01,2177.99,1265.66,38.4,On Track
PRJ-00601,2025-11-01,2177.99,1335.39,40.7,On Track
PRJ-00601,2025-12-01,2177.99,1405.11,42.9,On Track
PRJ-00601,2026-01-01,2177.99,1474.84,45.2,Delayed
PRJ-00601,2026-02-01,2177.99,1544.56,47.5,Delayed
PRJ-00601,2026-03-01,2177.99,1614.29,49.7,Delayed
PRJ-00601,2026-04-01,2177.99,1684.01,52.0,Delayed
PRJ-00601,2026-05-01,2177.99,1753.74,54.2,Delayed
PRJ-00601,2026-06-01,2814.25,1823.46,56.5,Delayed
PRJ-00601,2026-07-01,2814.25,1893.19,58.7,Delayed
PRJ-00601,2026-08-01,2814.25,1962.91,61.0,Delayed
PRJ-00602,2025-09-01,6878.05,3845.56,33.8,On Track
PRJ-00602,2025-10-01,6878.05,4029.15,35.7,On Track
PRJ-00602,2025-11-01,6878.05,4212.75,37.6,On Track
PRJ-00602,2025-12-01,6878.05,4396.35,39.6,On Track
PRJ-00602,2026-01-01,6878.05,4579.94,41.5,Delayed
PRJ-00602,2026-02-01,6878.05,4763.54,43.4,Delayed
PRJ-00602,2026-03-01,9001.37,4947.14,45.4,Delayed
PRJ-00602,2026-04-01,9001.37,5130.73,47.3,Delayed
PRJ-00602,2026-05-01,9001.37,5314.33,49.2,Delayed
PRJ-00602,2026-06-01,9001.37,5497.93,51.1,Delayed
PRJ-00602,2026-07-01,9001.37,5681.52,53.1,Delayed
PRJ-00602,2026-08-01,9001.37,5865.12,55.0,Delayed
PRJ-00603,2025-09-01,259.8,207.04,45.2,On Track
PRJ-00603,2025-10-01,259.8,214.53,47.4,On Track
PRJ-00603,2025-11-01,259.8,222.01,49.6,On Track
PRJ-00603,2025-12-01,259.8,229.5,51.8,On Track
PRJ-00603,2026-01-01,332.51,236.98,54.1,Delayed
PRJ-00603,2026-02-01,332.51,244.47,56.3,Delayed
PRJ-00603,2026-03-01,332.51,251.95,58.5,Delayed
PRJ-00603,2026-04-01,332.51,259.44,60.7,Delayed
PRJ-00603,2026-05-01,332.51,266.92,62.9,Delayed
PRJ-00603,2026-06-01,332.51,274.41,65.2,Delayed
PRJ-00603,2026-07-01,332.51,281.89,67.4,Delayed
PRJ-00603,2026-08-01,332.51,289.38,69.6,Delayed
PRJ-00604,2025-09-01,345.42,247.12,58.2,On Track
PRJ-00604,2025-10-01,345.42,256.42,60.0,On Track
PRJ-00604,2025-11-01,345.42,265.72,61.8,On Track
PRJ-00604,2025-12-01,345.42,275.01,63.6,On Track
PRJ-00604,2026-01-01,391.22,284.31,65.5,Delayed
PRJ-00604,2026-02-01,391.22,293.61,67.3,Delayed
PRJ-00604,2026-03-01,391.22,302.91,69.1,Delayed
PRJ-00604,2026-04-01,391.22,312.21,71.0,Delayed
PRJ-00604,2026-05-01,391.22,321.51,72.8,Delayed
PRJ-00604,2026-06-01,391.22,330.8,74.6,Delayed
PRJ-00604,2026-07-01,391.22,340.1,76.5,Delayed
PRJ-00604,2026-08-01,391.22,349.4,78.3,Delayed
PRJ-00605,2025-09-01,901.02,647.91,77.5,On Track
PRJ-00605,2025-10-01,901.02,670.92,79.6,On Track
PRJ-00605,2025-11-01,901.02,693.93,81.6,On Track
PRJ-00605,2025-12-01,901.02,716.94,83.6,On Track
PRJ-00605,2026-01-01,901.02,739.95,85.7,On Track
PRJ-00605,2026-02-01,901.02,762.96,87.7,On Track
PRJ-00605,2026-03-01,901.02,785.97,89.8,On Track
PRJ-00605,2026-04-01,901.02,808.98,91.8,On Track
PRJ-00605,2026-05-01,901.02,831.99,93.9,On Track
PRJ-00605,2026-06-01,901.02,855.0,95.9,On Track
PRJ-00605,2026-07-01,901.02,878.01,98.0,On Track
PRJ-00605,2026-08-01,901.02,901.02,100.0,Completed
PRJ-00606,2025-09-01,390.56,307.33,69.6,On Track
PRJ-00606,2025-10-01,390.56,322.39,72.3,On Track
PRJ-00606,2025-11-01,390.56,337.46,75.1,On Track
PRJ-00606,2025-12-01,390.56,352.52,77.9,On Track
PRJ-00606,2026-01-01,390.56,367.59,80.6,Delayed
PRJ-00606,2026-02-01,473.04,382.65,83.4,Delayed
PRJ-00606,2026-03-01,473.04,397.72,86.2,Delayed
PRJ-00606,2026-04-01,473.04,412.78,88.9,Delayed
PRJ-00606,2026-05-01,473.04,427.85,91.7,Delayed
PRJ-00606,2026-06-01,473.04,442.91,94.5,Delayed
PRJ-00606,2026-07-01,473.04,457.98,97.2,Delayed
PRJ-00606,2026-08-01,473.04,473.04,100.0,Completed
PRJ-00607,2025-09-01,1317.53,219.85,0.0,On Track
PRJ-00607,2025-10-01,1317.53,225.03,0.2,On Track
PRJ-00607,2025-11-01,1317.53,230.2,0.4,On Track
PRJ-00607,2025-12-01,1317.53,235.38,0.5,On Track
PRJ-00607,2026-01-01,1317.53,240.55,0.7,Stalled
PRJ-00607,2026-02-01,1317.53,245.72,0.9,Stalled
PRJ-00607,2026-03-01,1317.53,250.9,1.1,Stalled
PRJ-00607,2026-04-01,1317.53,256.07,1.3,Stalled
PRJ-00607,2026-05-01,1735.34,261.25,1.5,Stalled
PRJ-00607,2026-06-01,1735.34,266.42,1.6,Stalled
PRJ-00607,2026-07-01,1735.34,271.6,1.8,Stalled
PRJ-00607,2026-08-01,1735.34,276.77,2.0,Stalled
PRJ-00608,2025-09-01,849.07,575.53,69.6,On Track
PRJ-00608,2025-10-01,849.07,601.17,72.3,On Track
PRJ-00608,2025-11-01,849.07,626.81,75.1,On Track
PRJ-00608,2025-12-01,849.07,652.44,77.9,On Track
PRJ-00608,2026-01-01,849.07,678.08,80.6,On Track
PRJ-00608,2026-02-01,849.07,703.72,83.4,On Track
PRJ-00608,2026-03-01,849.07,729.36,86.2,On Track
PRJ-00608,2026-04-01,849.07,755.0,88.9,On Track
PRJ-00608,2026-05-01,849.07,780.64,91.7,On Track
PRJ-00608,2026-06-01,849.07,806.28,94.5,On Track
PRJ-00608,2026-07-01,849.07,831.92,97.2,On Track
PRJ-00608,2026-08-01,849.07,857.56,100.0,Completed
PRJ-00609,2025-09-01,273.96,177.94,70.3,On Track
PRJ-00609,2025-10-01,273.96,186.67,73.0,On Track
PRJ-00609,2025-11-01,273.96,195.4,75.7,On Track
PRJ-00609,2025-12-01,273.96,204.13,78.4,On Track
PRJ-00609,2026-01-01,273.96,212.86,81.1,On Track
PRJ-00609,2026-02-01,273.96,221.58,83.8,On Track
PRJ-00609,2026-03-01,273.96,230.31,86.5,On Track
PRJ-00609,2026-04-01,273.96,239.04,89.2,On Track
PRJ-00609,2026-05-01,273.96,247.77,91.9,On Track
PRJ-00609,2026-06-01,273.96,256.5,94.6,On Track
PRJ-00609,2026-07-01,273.96,265.23,97.3,On Track
PRJ-00609,2026-08-01,273.96,273.96,100.0,Completed
PRJ-00610,2025-09-01,1303.16,888.83,75.2,On Track
PRJ-00610,2025-10-01,1303.16,910.82,76.5,On Track
PRJ-00610,2025-11-01,1303.16,932.82,77.9,On Track
PRJ-00610,2025-12-01,1303.16,954.82,79.3,On Track
PRJ-00610,2026-01-01,1303.16,976.81,80.6,On Track
PRJ-00610,2026-02-01,1303.16,998.81,82.0,On Track
PRJ-00610,2026-03-01,1303.16,1020.8,83.4,On Track
PRJ-00610,2026-04-01,1303.16,1042.8,84.7,On Track
PRJ-00610,2026-05-01,1303.16,1064.79,86.1,On Track
PRJ-00610,2026-06-01,1303.16,1086.79,87.5,On Track
PRJ-00610,2026-07-01,1303.16,1108.78,88.8,On Track
PRJ-00610,2026-08-01,1303.16,1130.78,90.2,On Track
PRJ-00611,2025-09-01,403.55,363.79,48.8,On Track
PRJ-00611,2025-10-01,403.55,377.31,51.9,On Track
PRJ-00611,2025-11-01,403.55,390.83,55.0,On Track
PRJ-00611,2025-12-01,403.55,404.34,58.1,On Track
PRJ-00611,2026-01-01,403.55,417.86,61.2,Delayed
PRJ-00611,2026-02-01,403.55,431.38,64.3,Delayed
PRJ-00611,2026-03-01,403.55,444.9,67.4,Delayed
PRJ-00611,2026-04-01,523.64,458.41,70.4,Delayed
PRJ-00611,2026-05-01,523.64,471.93,73.5,Delayed
PRJ-00611,2026-06-01,523.64,485.45,76.6,Delayed
PRJ-00611,2026-07-01,523.64,498.96,79.7,Delayed
PRJ-00611,2026-08-01,523.64,512.48,82.8,Delayed
PRJ-00612,2025-09-01,594.58,236.42,14.3,On Track
PRJ-00612,2025-10-01,594.58,242.66,15.8,On Track
PRJ-00612,2025-11-01,594.58,248.89,17.3,On Track
PRJ-00612,2025-12-01,594.58,255.13,18.8,On Track
PRJ-00612,2026-01-01,594.58,261.37,20.4,Delayed
PRJ-00612,2026-02-01,731.51,267.61,21.9,Delayed
PRJ-00612,2026-03-01,731.51,273.84,23.4,Delayed
PRJ-00612,2026-04-01,731.51,280.08,24.9,Delayed
PRJ-00612,2026-05-01,731.51,286.32,26.4,Delayed
PRJ-00612,2026-06-01,731.51,292.56,28.0,Delayed
PRJ-00612,2026-07-01,731.51,298.79,29.5,Delayed
PRJ-00612,2026-08-01,731.51,305.03,31.0,Delayed
PRJ-00613,2025-09-01,3145.63,2148.89,57.7,On Track
PRJ-00613,2025-10-01,3145.63,2234.41,59.2,On Track
PRJ-00613,2025-11-01,3145.63,2319.92,60.7,On Track
PRJ-00613,2025-12-01,3601.3,2405.44,62.3,On Track
PRJ-00613,2026-01-01,3601.3,2490.95,63.8,Delayed
PRJ-00613,2026-02-01,3601.3,2576.47,65.4,Delayed
PRJ-00613,2026-03-01,3601.3,2661.98,66.9,Delayed
PRJ-00613,2026-04-01,3601.3,2747.5,68.4,Delayed
PRJ-00613,2026-05-01,3601.3,2833.01,70.0,Delayed
PRJ-00613,2026-06-01,3601.3,2918.53,71.5,Delayed
PRJ-00613,2026-07-01,3601.3,3004.04,73.1,Delayed
PRJ-00613,2026-08-01,3601.3,3089.56,74.6,Delayed
PRJ-00614,2025-09-01,743.61,454.94,68.7,On Track
PRJ-00614,2025-10-01,743.61,481.18,71.5,On Track
PRJ-00614,2025-11-01,743.61,507.43,74.4,On Track
PRJ-00614,2025-12-01,743.61,533.67,77.2,On Track
PRJ-00614,2026-01-01,743.61,559.91,80.1,On Track
PRJ-00614,2026-02-01,743.61,586.15,82.9,On Track
PRJ-00614,2026-03-01,743.61,612.4,85.8,On Track
PRJ-00614,2026-04-01,743.61,638.64,88.6,On Track
PRJ-00614,2026-05-01,743.61,664.88,91.5,On Track
PRJ-00614,2026-06-01,743.61,691.12,94.3,On Track
PRJ-00614,2026-07-01,743.61,717.37,97.2,On Track
PRJ-00614,2026-08-01,743.61,743.61,100.0,Completed
PRJ-00615,2025-09-01,293.08,186.69,71.0,On Track
PRJ-00615,2025-10-01,293.08,196.36,73.6,On Track
PRJ-00615,2025-11-01,293.08,206.03,76.3,On Track
PRJ-00615,2025-12-01,293.08,215.7,78.9,On Track
PRJ-00615,2026-01-01,293.08,225.38,81.6,On Track
PRJ-00615,2026-02-01,293.08,235.05,84.2,On Track
PRJ-00615,2026-03-01,293.08,244.72,86.8,On Track
PRJ-00615,2026-04-01,293.08,254.39,89.5,On Track
PRJ-00615,2026-05-01,293.08,264.06,92.1,On Track
PRJ-00615,2026-06-01,293.08,273.74,94.7,On Track
PRJ-00615,2026-07-01,293.08,283.41,97.4,On Track
PRJ-00615,2026-08-01,293.08,293.08,100.0,Completed
PRJ-00616,2025-09-01,780.22,204.07,8.1,On Track
PRJ-00616,2025-10-01,780.22,210.15,10.7,On Track
PRJ-00616,2025-11-01,780.22,216.23,13.3,On Track
PRJ-00616,2025-12-01,780.22,222.3,15.9,On Track
PRJ-00616,2026-01-01,780.22,228.38,18.5,On Track
PRJ-00616,2026-02-01,780.22,234.45,21.1,On Track
PRJ-00616,2026-03-01,780.22,240.53,23.7,On Track
PRJ-00616,2026-04-01,780.22,246.61,26.3,On Track
PRJ-00616,2026-05-01,780.22,252.68,28.9,On Track
PRJ-00616,2026-06-01,780.22,258.76,31.5,On Track
PRJ-00616,2026-07-01,780.22,264.83,34.1,On Track
PRJ-00616,2026-08-01,780.22,270.91,36.7,On Track
PRJ-00617,2025-09-01,3431.65,1385.68,7.2,On Track
PRJ-00617,2025-10-01,3431.65,1443.44,9.5,On Track
PRJ-00617,2025-11-01,3431.65,1501.2,11.8,On Track
PRJ-00617,2025-12-01,3431.65,1558.96,14.1,On Track
PRJ-00617,2026-01-01,3431.65,1616.72,16.4,Delayed
PRJ-00617,2026-02-01,3431.65,1674.48,18.7,Delayed
PRJ-00617,2026-03-01,3431.65,1732.24,21.1,Delayed
PRJ-00617,2026-04-01,3431.65,1790.0,23.4,Delayed
PRJ-00617,2026-05-01,3431.65,1847.77,25.7,Delayed
PRJ-00617,2026-06-01,4486.97,1905.53,28.0,Delayed
PRJ-00617,2026-07-01,4486.97,1963.29,30.3,Delayed
PRJ-00617,2026-08-01,4486.97,2021.05,32.6,Delayed
PRJ-00618,2025-09-01,9906.17,2798.32,0.0,On Track
PRJ-00618,2025-10-01,9906.17,2882.51,0.2,On Track
PRJ-00618,2025-11-01,9906.17,2966.71,0.4,On Track
PRJ-00618,2025-12-01,9906.17,3050.91,0.5,On Track
PRJ-00618,2026-01-01,9906.17,3135.11,0.7,Stalled
PRJ-00618,2026-02-01,9906.17,3219.3,0.9,Stalled
PRJ-00618,2026-03-01,9906.17,3303.5,1.1,Stalled
PRJ-00618,2026-04-01,9906.17,3387.7,1.3,Stalled
PRJ-00618,2026-05-01,16561.88,3471.9,1.5,Stalled
PRJ-00618,2026-06-01,16561.88,3556.09,1.6,Stalled
PRJ-00618,2026-07-01,16561.88,3640.29,1.8,Stalled
PRJ-00618,2026-08-01,16561.88,3724.49,2.0,Stalled
PRJ-00619,2025-09-01,667.66,379.67,31.9,On Track
PRJ-00619,2025-10-01,667.66,401.76,34.5,On Track
PRJ-00619,2025-11-01,667.66,423.86,37.0,On Track
PRJ-00619,2025-12-01,667.66,445.95,39.6,On Track
PRJ-00619,2026-01-01,667.66,468.05,42.2,Delayed
PRJ-00619,2026-02-01,802.88,490.14,44.8,Delayed
PRJ-00619,2026-03-01,802.88,512.24,47.3,Delayed
PRJ-00619,2026-04-01,802.88,534.33,49.9,Delayed
PRJ-00619,2026-05-01,802.88,556.43,52.5,Delayed
PRJ-00619,2026-06-01,802.88,578.52,55.1,Delayed
PRJ-00619,2026-07-01,802.88,600.62,57.6,Delayed
PRJ-00619,2026-08-01,802.88,622.71,60.2,Delayed
PRJ-00620,2025-09-01,771.4,481.46,78.1,On Track
PRJ-00620,2025-10-01,771.4,508.52,80.1,On Track
PRJ-00620,2025-11-01,771.4,535.58,82.1,On Track
PRJ-00620,2025-12-01,771.4,562.64,84.1,On Track
PRJ-00620,2026-01-01,771.4,589.7,86.1,On Track
PRJ-00620,2026-02-01,771.4,616.76,88.1,On Track
PRJ-00620,2026-03-01,771.4,643.82,90.1,On Track
PRJ-00620,2026-04-01,771.4,670.88,92.0,On Track
PRJ-00620,2026-05-01,771.4,697.93,94.0,On Track
PRJ-00620,2026-06-01,771.4,724.99,96.0,On Track
PRJ-00620,2026-07-01,771.4,752.05,98.0,On Track
PRJ-00620,2026-08-01,771.4,779.11,100.0,Completed
PRJ-00621,2025-09-01,854.03,609.94,57.3,On Track
PRJ-00621,2025-10-01,854.03,642.6,59.4,On Track
PRJ-00621,2025-11-01,854.03,675.25,61.4,On Track
PRJ-00621,2025-12-01,854.03,707.91,63.4,On Track
PRJ-00621,2026-01-01,854.03,740.57,65.5,Delayed
PRJ-00621,2026-02-01,854.03,773.23,67.5,Delayed
PRJ-00621,2026-03-01,854.03,805.89,69.5,Delayed
PRJ-00621,2026-04-01,1057.42,838.55,71.6,Delayed
PRJ-00621,2026-05-01,1057.42,871.2,73.6,Delayed
PRJ-00621,2026-06-01,1057.42,903.86,75.6,Delayed
PRJ-00621,2026-07-01,1057.42,936.52,77.7,Delayed
PRJ-00621,2026-08-01,1057.42,969.18,79.7,Delayed
PRJ-00622,2025-09-01,2966.31,1963.89,25.1,On Track
PRJ-00622,2025-10-01,2966.31,2014.64,27.5,On Track
PRJ-00622,2025-11-01,2966.31,2065.38,30.0,On Track
PRJ-00622,2025-12-01,2966.31,2116.12,32.4,On Track
PRJ-00622,2026-01-01,2966.31,2166.87,34.8,Delayed
PRJ-00622,2026-02-01,2966.31,2217.61,37.3,Delayed
PRJ-00622,2026-03-01,2966.31,2268.35,39.7,Delayed
PRJ-00622,2026-04-01,3637.4,2319.1,42.1,Delayed
PRJ-00622,2026-05-01,3637.4,2369.84,44.6,Delayed
PRJ-00622,2026-06-01,3637.4,2420.58,47.0,Delayed
PRJ-00622,2026-07-01,3637.4,2471.33,49.5,Delayed
PRJ-00622,2026-08-01,3637.4,2522.07,51.9,Delayed
PRJ-00623,2025-09-01,441.74,52.8,0.0,On Track
PRJ-00623,2025-10-01,441.74,55.28,0.2,On Track
PRJ-00623,2025-11-01,441.74,57.76,0.4,On Track
PRJ-00623,2025-12-01,441.74,60.24,0.5,On Track
PRJ-00623,2026-01-01,441.74,62.72,0.7,Stalled
PRJ-00623,2026-02-01,441.74,65.19,0.9,Stalled
PRJ-00623,2026-03-01,441.74,67.67,1.1,Stalled
PRJ-00623,2026-04-01,441.74,70.15,1.3,Stalled
PRJ-00623,2026-05-01,441.74,72.63,1.5,Stalled
PRJ-00623,2026-06-01,476.48,75.11,1.6,Stalled
PRJ-00623,2026-07-01,476.48,77.59,1.8,Stalled
PRJ-00623,2026-08-01,476.48,80.07,2.0,Stalled
PRJ-00624,2025-09-01,887.7,106.9,0.0,On Track
PRJ-00624,2025-10-01,887.7,110.59,1.5,On Track
PRJ-00624,2025-11-01,887.7,114.29,3.0,On Track
PRJ-00624,2025-12-01,887.7,117.98,4.5,On Track
PRJ-00624,2026-01-01,887.7,121.67,6.0,On Track
PRJ-00624,2026-02-01,887.7,125.36,7.5,On Track
PRJ-00624,2026-03-01,887.7,129.06,8.9,On Track
PRJ-00624,2026-04-01,887.7,132.75,10.4,On Track
PRJ-00624,2026-05-01,887.7,136.44,11.9,On Track
PRJ-00624,2026-06-01,887.7,140.13,13.4,On Track
PRJ-00624,2026-07-01,887.7,143.83,14.9,On Track
PRJ-00624,2026-08-01,887.7,147.52,16.4,On Track
PRJ-00625,2025-09-01,8533.35,1893.46,0.0,On Track
PRJ-00625,2025-10-01,8533.35,1984.31,0.2,On Track
PRJ-00625,2025-11-01,8533.35,2075.17,0.4,On Track
PRJ-00625,2025-12-01,8533.35,2166.03,0.5,On Track
PRJ-00625,2026-01-01,13006.05,2256.89,0.7,Stalled
PRJ-00625,2026-02-01,13006.05,2347.74,0.9,Stalled
PRJ-00625,2026-03-01,13006.05,2438.6,1.1,Stalled
PRJ-00625,2026-04-01,13006.05,2529.46,1.3,Stalled
PRJ-00625,2026-05-01,13006.05,2620.32,1.5,Stalled
PRJ-00625,2026-06-01,13006.05,2711.17,1.6,Stalled
PRJ-00625,2026-07-01,13006.05,2802.03,1.8,Stalled
PRJ-00625,2026-08-01,13006.05,2892.89,2.0,Stalled
PRJ-00626,2025-09-01,1112.72,156.27,0.0,On Track
PRJ-00626,2025-10-01,1112.72,163.56,0.2,On Track
PRJ-00626,2025-11-01,1112.72,170.86,0.4,On Track
PRJ-00626,2025-12-01,1112.72,178.15,0.5,On Track
PRJ-00626,2026-01-01,1112.72,185.45,0.7,Stalled
PRJ-00626,2026-02-01,1112.72,192.74,0.9,Stalled
PRJ-00626,2026-03-01,1112.72,200.04,1.1,Stalled
PRJ-00626,2026-04-01,1112.72,207.33,1.3,Stalled
PRJ-00626,2026-05-01,1278.35,214.63,1.5,Stalled
PRJ-00626,2026-06-01,1278.35,221.92,1.6,Stalled
PRJ-00626,2026-07-01,1278.35,229.22,1.8,Stalled
PRJ-00626,2026-08-01,1278.35,236.51,2.0,Stalled
PRJ-00627,2025-09-01,1722.38,1600.25,66.3,On Track
PRJ-00627,2025-10-01,1722.38,1651.59,69.4,On Track
PRJ-00627,2025-11-01,1722.38,1702.92,72.4,On Track
PRJ-00627,2025-12-01,1722.38,1754.25,75.5,On Track
PRJ-00627,2026-01-01,1722.38,1805.58,78.6,Delayed
PRJ-00627,2026-02-01,1722.38,1856.91,81.6,Delayed
PRJ-00627,2026-03-01,1722.38,1908.24,84.7,Delayed
PRJ-00627,2026-04-01,1722.38,1959.57,87.7,Delayed
PRJ-00627,2026-05-01,1722.38,2010.9,90.8,Delayed
PRJ-00627,2026-06-01,2164.89,2062.23,93.9,Delayed
PRJ-00627,2026-07-01,2164.89,2113.56,96.9,Delayed
PRJ-00627,2026-08-01,2164.89,2164.89,100.0,Completed
PRJ-00628,2025-09-01,840.51,147.64,0.0,On Track
PRJ-00628,2025-10-01,840.51,155.1,0.2,On Track
PRJ-00628,2025-11-01,840.51,162.55,0.4,On Track
PRJ-00628,2025-12-01,840.51,170.01,0.5,On Track
PRJ-00628,2026-01-01,840.51,177.46,0.7,Stalled
PRJ-00628,2026-02-01,840.51,184.92,0.9,Stalled
PRJ-00628,2026-03-01,840.51,192.37,1.1,Stalled
PRJ-00628,2026-04-01,1055.47,199.83,1.3,Stalled
PRJ-00628,2026-05-01,1055.47,207.28,1.5,Stalled
PRJ-00628,2026-06-01,1055.47,214.74,1.6,Stalled
PRJ-00628,2026-07-01,1055.47,222.19,1.8,Stalled
PRJ-00628,2026-08-01,1055.47,229.65,2.0,Stalled
PRJ-00629,2025-09-01,374.89,226.41,84.0,On Track
PRJ-00629,2025-10-01,374.89,239.91,85.4,On Track
PRJ-00629,2025-11-01,374.89,253.41,86.9,On Track
PRJ-00629,2025-12-01,374.89,266.91,88.3,On Track
PRJ-00629,2026-01-01,374.89,280.4,89.8,On Track
PRJ-00629,2026-02-01,374.89,293.9,91.2,On Track
PRJ-00629,2026-03-01,374.89,307.4,92.7,On Track
PRJ-00629,2026-04-01,374.89,320.9,94.2,On Track
PRJ-00629,2026-05-01,374.89,334.4,95.6,On Track
PRJ-00629,2026-06-01,374.89,347.89,97.1,On Track
PRJ-00629,2026-07-01,374.89,361.39,98.5,On Track
PRJ-00629,2026-08-01,374.89,374.89,100.0,Completed
PRJ-00630,2025-09-01,1342.98,635.61,52.7,On Track
PRJ-00630,2025-10-01,1342.98,665.16,54.7,On Track
PRJ-00630,2025-11-01,1342.98,694.71,56.8,On Track
PRJ-00630,2025-12-01,1342.98,724.26,58.8,On Track
PRJ-00630,2026-01-01,1342.98,753.81,60.9,On Track
PRJ-00630,2026-02-01,1342.98,783.36,62.9,On Track
PRJ-00630,2026-03-01,1342.98,812.91,65.0,On Track
PRJ-00630,2026-04-01,1342.98,842.46,67.0,On Track
PRJ-00630,2026-05-01,1342.98,872.01,69.1,On Track
PRJ-00630,2026-06-01,1342.98,901.56,71.1,On Track
PRJ-00630,2026-07-01,1342.98,931.11,73.2,On Track
PRJ-00630,2026-08-01,1342.98,960.66,75.2,On Track
PRJ-00631,2025-09-01,283.35,235.87,80.5,On Track
PRJ-00631,2025-10-01,283.35,245.84,82.3,On Track
PRJ-00631,2025-11-01,283.35,255.81,84.0,On Track
PRJ-00631,2025-12-01,283.35,265.78,85.8,On Track
PRJ-00631,2026-01-01,283.35,275.75,87.6,Delayed
PRJ-00631,2026-02-01,283.35,285.71,89.4,Delayed
PRJ-00631,2026-03-01,283.35,295.68,91.1,Delayed
PRJ-00631,2026-04-01,345.53,305.65,92.9,Delayed
PRJ-00631,2026-05-01,345.53,315.62,94.7,Delayed
PRJ-00631,2026-06-01,345.53,325.59,96.5,Delayed
PRJ-00631,2026-07-01,345.53,335.56,98.2,Delayed
PRJ-00631,2026-08-01,345.53,345.53,100.0,Completed
PRJ-00632,2025-09-01,481.61,162.4,0.0,On Track
PRJ-00632,2025-10-01,481.61,166.99,2.1,On Track
PRJ-00632,2025-11-01,481.61,171.57,4.3,On Track
PRJ-00632,2025-12-01,481.61,176.16,6.4,On Track
PRJ-00632,2026-01-01,481.61,180.74,8.6,Stalled
PRJ-00632,2026-02-01,481.61,185.33,10.7,Delayed
PRJ-00632,2026-03-01,481.61,189.91,12.9,Delayed
PRJ-00632,2026-04-01,481.61,194.5,15.0,Delayed
PRJ-00632,2026-05-01,481.61,199.08,17.2,Delayed
PRJ-00632,2026-06-01,613.23,203.67,19.3,Delayed
PRJ-00632,2026-07-01,613.23,208.25,21.5,Delayed
PRJ-00632,2026-08-01,613.23,212.84,23.6,Delayed
PRJ-00633,2025-09-01,1042.03,447.27,37.8,On Track
PRJ-00633,2025-10-01,1042.03,467.32,40.7,On Track
PRJ-00633,2025-11-01,1042.03,487.38,43.5,On Track
PRJ-00633,2025-12-01,1042.03,507.44,46.4,On Track
PRJ-00633,2026-01-01,1042.03,527.5,49.2,On Track
PRJ-00633,2026-02-01,1042.03,547.55,52.1,On Track
PRJ-00633,2026-03-01,1042.03,567.61,54.9,On Track
PRJ-00633,2026-04-01,1042.03,587.67,57.8,On Track
PRJ-00633,2026-05-01,1042.03,607.73,60.6,On Track
PRJ-00633,2026-06-01,1042.03,627.78,63.5,On Track
PRJ-00633,2026-07-01,1042.03,647.84,66.3,On Track
PRJ-00633,2026-08-01,1042.03,667.9,69.2,On Track
PRJ-00634,2025-09-01,632.41,348.8,52.2,On Track
PRJ-00634,2025-10-01,632.41,358.39,53.9,On Track
PRJ-00634,2025-11-01,632.41,367.98,55.7,On Track
PRJ-00634,2025-12-01,632.41,377.58,57.4,On Track
PRJ-00634,2026-01-01,632.41,387.17,59.1,On Track
PRJ-00634,2026-02-01,632.41,396.76,60.9,On Track
PRJ-00634,2026-03-01,632.41,406.35,62.6,On Track
PRJ-00634,2026-04-01,632.41,415.94,64.3,On Track
PRJ-00634,2026-05-01,632.41,425.53,66.1,On Track
PRJ-00634,2026-06-01,632.41,435.13,67.8,On Track
PRJ-00634,2026-07-01,632.41,444.72,69.6,On Track
PRJ-00634,2026-08-01,632.41,454.31,71.3,On Track
PRJ-00635,2025-09-01,498.74,284.56,10.1,On Track
PRJ-00635,2025-10-01,498.74,293.58,13.1,On Track
PRJ-00635,2025-11-01,498.74,302.61,16.1,On Track
PRJ-00635,2025-12-01,498.74,311.64,19.1,On Track
PRJ-00635,2026-01-01,498.74,320.66,22.1,Delayed
PRJ-00635,2026-02-01,498.74,329.69,25.1,Delayed
PRJ-00635,2026-03-01,498.74,338.72,28.2,Delayed
PRJ-00635,2026-04-01,642.86,347.74,31.2,Delayed
PRJ-00635,2026-05-01,642.86,356.77,34.2,Delayed
PRJ-00635,2026-06-01,642.86,365.8,37.2,Delayed
PRJ-00635,2026-07-01,642.86,374.82,40.2,Delayed
PRJ-00635,2026-08-01,642.86,383.85,43.2,Delayed
PRJ-00636,2025-09-01,1142.82,563.53,49.5,On Track
PRJ-00636,2025-10-01,1142.82,576.93,51.0,On Track
PRJ-00636,2025-11-01,1142.82,590.33,52.4,On Track
PRJ-00636,2025-12-01,1142.82,603.73,53.8,On Track
PRJ-00636,2026-01-01,1142.82,617.13,55.3,On Track
PRJ-00636,2026-02-01,1142.82,630.53,56.7,On Track
PRJ-00636,2026-03-01,1142.82,643.93,58.2,On Track
PRJ-00636,2026-04-01,1142.82,657.34,59.6,On Track
PRJ-00636,2026-05-01,1142.82,670.74,61.1,On Track
PRJ-00636,2026-06-01,1142.82,684.14,62.5,On Track
PRJ-00636,2026-07-01,1142.82,697.54,64.0,On Track
PRJ-00636,2026-08-01,1142.82,710.94,65.4,On Track
PRJ-00637,2025-09-01,727.21,122.75,0.0,On Track
PRJ-00637,2025-10-01,727.21,125.84,0.2,On Track
PRJ-00637,2025-11-01,727.21,128.92,0.4,On Track
PRJ-00637,2025-12-01,727.21,132.01,0.5,On Track
PRJ-00637,2026-01-01,1022.84,135.1,0.7,Stalled
PRJ-00637,2026-02-01,1022.84,138.18,0.9,Stalled
PRJ-00637,2026-03-01,1022.84,141.27,1.1,Stalled
PRJ-00637,2026-04-01,1022.84,144.35,1.3,Stalled
PRJ-00637,2026-05-01,1022.84,147.44,1.5,Stalled
PRJ-00637,2026-06-01,1022.84,150.53,1.6,Stalled
PRJ-00637,2026-07-01,1022.84,153.61,1.8,Stalled
PRJ-00637,2026-08-01,1022.84,156.7,2.0,Stalled
PRJ-00638,2025-09-01,1184.95,1194.28,81.1,On Track
PRJ-00638,2025-10-01,1184.95,1235.34,82.9,On Track
PRJ-00638,2025-11-01,1184.95,1276.4,84.6,On Track
PRJ-00638,2025-12-01,1184.95,1317.47,86.3,On Track
PRJ-00638,2026-01-01,1184.95,1358.53,88.0,Delayed
PRJ-00638,2026-02-01,1184.95,1399.6,89.7,Delayed
PRJ-00638,2026-03-01,1184.95,1440.66,91.4,Delayed
PRJ-00638,2026-04-01,1184.95,1481.72,93.1,Delayed
PRJ-00638,2026-05-01,1645.98,1522.79,94.9,Delayed
PRJ-00638,2026-06-01,1645.98,1563.85,96.6,Delayed
PRJ-00638,2026-07-01,1645.98,1604.92,98.3,Delayed
PRJ-00638,2026-08-01,1645.98,1645.98,100.0,Completed
PRJ-00639,2025-09-01,681.6,685.92,74.0,On Track
PRJ-00639,2025-10-01,681.6,702.81,76.4,On Track
PRJ-00639,2025-11-01,681.6,719.71,78.8,On Track
PRJ-00639,2025-12-01,681.6,736.6,81.1,On Track
PRJ-00639,2026-01-01,681.6,753.5,83.5,Delayed
PRJ-00639,2026-02-01,681.6,770.39,85.8,Delayed
PRJ-00639,2026-03-01,681.6,787.29,88.2,Delayed
PRJ-00639,2026-04-01,681.6,804.19,90.6,Delayed
PRJ-00639,2026-05-01,871.77,821.08,92.9,Delayed
PRJ-00639,2026-06-01,871.77,837.98,95.3,Delayed
PRJ-00639,2026-07-01,871.77,854.87,97.6,Delayed
PRJ-00639,2026-08-01,871.77,871.77,100.0,Completed
PRJ-00640,2025-09-01,301.55,222.75,70.4,On Track
PRJ-00640,2025-10-01,301.55,229.92,73.1,On Track
PRJ-00640,2025-11-01,301.55,237.08,75.8,On Track
PRJ-00640,2025-12-01,301.55,244.24,78.5,On Track
PRJ-00640,2026-01-01,301.55,251.41,81.2,On Track
PRJ-00640,2026-02-01,301.55,258.57,83.9,On Track
PRJ-00640,2026-03-01,301.55,265.73,86.6,On Track
PRJ-00640,2026-04-01,301.55,272.9,89.2,On Track
PRJ-00640,2026-05-01,301.55,280.06,91.9,On Track
PRJ-00640,2026-06-01,301.55,287.22,94.6,On Track
PRJ-00640,2026-07-01,301.55,294.39,97.3,On Track
PRJ-00640,2026-08-01,301.55,301.55,100.0,Completed
PRJ-00641,2025-09-01,10386.44,2965.59,0.0,On Track
PRJ-00641,2025-10-01,10386.44,3140.58,2.1,On Track
PRJ-00641,2025-11-01,10386.44,3315.57,4.2,On Track
PRJ-00641,2025-12-01,10386.44,3490.56,6.2,On Track
PRJ-00641,2026-01-01,10386.44,3665.55,8.3,Stalled
PRJ-00641,2026-02-01,10386.44,3840.54,10.4,Delayed
PRJ-00641,2026-03-01,10386.44,4015.53,12.5,Delayed
PRJ-00641,2026-04-01,10386.44,4190.52,14.6,Delayed
PRJ-00641,2026-05-01,10386.44,4365.51,16.7,Delayed
PRJ-00641,2026-06-01,14959.35,4540.5,18.7,Delayed
PRJ-00641,2026-07-01,14959.35,4715.49,20.8,Delayed
PRJ-00641,2026-08-01,14959.35,4890.48,22.9,Delayed
PRJ-00642,2025-09-01,2690.24,382.72,0.0,On Track
PRJ-00642,2025-10-01,2690.24,394.53,1.7,On Track
PRJ-00642,2025-11-01,2690.24,406.35,3.5,On Track
PRJ-00642,2025-12-01,2690.24,418.16,5.2,On Track
PRJ-00642,2026-01-01,2690.24,429.98,7.0,On Track
PRJ-00642,2026-02-01,2690.24,441.79,8.7,On Track
PRJ-00642,2026-03-01,2690.24,453.6,10.5,On Track
PRJ-00642,2026-04-01,2690.24,465.42,12.2,On Track
PRJ-00642,2026-05-01,2690.24,477.23,14.0,On Track
PRJ-00642,2026-06-01,2690.24,489.04,15.7,On Track
PRJ-00642,2026-07-01,2690.24,500.86,17.5,On Track
PRJ-00642,2026-08-01,2690.24,512.67,19.2,On Track
PRJ-00643,2025-09-01,620.32,414.29,42.0,On Track
PRJ-00643,2025-10-01,620.32,437.01,45.0,On Track
PRJ-00643,2025-11-01,620.32,459.73,48.1,On Track
PRJ-00643,2025-12-01,620.32,482.45,51.2,On Track
PRJ-00643,2026-01-01,620.32,505.17,54.3,Delayed
PRJ-00643,2026-02-01,620.32,527.89,57.3,Delayed
PRJ-00643,2026-03-01,620.32,550.61,60.4,Delayed
PRJ-00643,2026-04-01,761.98,573.34,63.5,Delayed
PRJ-00643,2026-05-01,761.98,596.06,66.6,Delayed
PRJ-00643,2026-06-01,761.98,618.78,69.6,Delayed
PRJ-00643,2026-07-01,761.98,641.5,72.7,Delayed
PRJ-00643,2026-08-01,761.98,664.22,75.8,Delayed
PRJ-00644,2025-09-01,967.32,811.61,70.1,On Track
PRJ-00644,2025-10-01,967.32,844.88,72.8,On Track
PRJ-00644,2025-11-01,967.32,878.16,75.6,On Track
PRJ-00644,2025-12-01,1177.66,911.44,78.3,On Track
PRJ-00644,2026-01-01,1177.66,944.72,81.0,Delayed
PRJ-00644,2026-02-01,1177.66,977.99,83.7,Delayed
PRJ-00644,2026-03-01,1177.66,1011.27,86.4,Delayed
PRJ-00644,2026-04-01,1177.66,1044.55,89.1,Delayed
PRJ-00644,2026-05-01,1177.66,1077.83,91.9,Delayed
PRJ-00644,2026-06-01,1177.66,1111.1,94.6,Delayed
PRJ-00644,2026-07-01,1177.66,1144.38,97.3,Delayed
PRJ-00644,2026-08-01,1177.66,1177.66,100.0,Completed
PRJ-00645,2025-09-01,844.64,684.45,70.7,On Track
PRJ-00645,2025-10-01,844.64,716.58,73.4,On Track
PRJ-00645,2025-11-01,844.64,748.71,76.0,On Track
PRJ-00645,2025-12-01,1037.86,780.83,78.7,On Track
PRJ-00645,2026-01-01,1037.86,812.96,81.4,Delayed
PRJ-00645,2026-02-01,1037.86,845.09,84.0,Delayed
PRJ-00645,2026-03-01,1037.86,877.22,86.7,Delayed
PRJ-00645,2026-04-01,1037.86,909.35,89.4,Delayed
PRJ-00645,2026-05-01,1037.86,941.48,92.0,Delayed
PRJ-00645,2026-06-01,1037.86,973.6,94.7,Delayed
PRJ-00645,2026-07-01,1037.86,1005.73,97.3,Delayed
PRJ-00645,2026-08-01,1037.86,1037.86,100.0,Completed
PRJ-00646,2025-09-01,708.93,271.13,7.3,On Track
PRJ-00646,2025-10-01,708.93,286.92,9.6,On Track
PRJ-00646,2025-11-01,708.93,302.71,11.9,On Track
PRJ-00646,2025-12-01,708.93,318.51,14.2,On Track
PRJ-00646,2026-01-01,877.03,334.3,16.5,Delayed
PRJ-00646,2026-02-01,877.03,350.09,18.8,Delayed
PRJ-00646,2026-03-01,877.03,365.88,21.1,Delayed
PRJ-00646,2026-04-01,877.03,381.67,23.4,Delayed
PRJ-00646,2026-05-01,877.03,397.46,25.7,Delayed
PRJ-00646,2026-06-01,877.03,413.26,28.0,Delayed
PRJ-00646,2026-07-01,877.03,429.05,30.3,Delayed
PRJ-00646,2026-08-01,877.03,444.84,32.6,Delayed
PRJ-00647,2025-09-01,741.72,281.44,11.6,On Track
PRJ-00647,2025-10-01,741.72,295.08,13.4,On Track
PRJ-00647,2025-11-01,741.72,308.71,15.1,On Track
PRJ-00647,2025-12-01,741.72,322.34,16.9,On Track
PRJ-00647,2026-01-01,741.72,335.97,18.6,Delayed
PRJ-00647,2026-02-01,924.04,349.61,20.4,Delayed
PRJ-00647,2026-03-01,924.04,363.24,22.1,Delayed
PRJ-00647,2026-04-01,924.04,376.87,23.9,Delayed
PRJ-00647,2026-05-01,924.04,390.5,25.6,Delayed
PRJ-00647,2026-06-01,924.04,404.14,27.4,Delayed
PRJ-00647,2026-07-01,924.04,417.77,29.1,Delayed
PRJ-00647,2026-08-01,924.04,431.4,30.9,Delayed
PRJ-00648,2025-09-01,2307.59,1700.37,46.7,On Track
PRJ-00648,2025-10-01,2307.59,1764.14,48.1,On Track
PRJ-00648,2025-11-01,2307.59,1827.92,49.4,On Track
PRJ-00648,2025-12-01,2307.59,1891.69,50.8,On Track
PRJ-00648,2026-01-01,2307.59,1955.47,52.2,Delayed
PRJ-00648,2026-02-01,3395.83,2019.24,53.6,Delayed
PRJ-00648,2026-03-01,3395.83,2083.02,54.9,Delayed
PRJ-00648,2026-04-01,3395.83,2146.79,56.3,Delayed
PRJ-00648,2026-05-01,3395.83,2210.57,57.7,Delayed
PRJ-00648,2026-06-01,3395.83,2274.34,59.1,Delayed
PRJ-00648,2026-07-01,3395.83,2338.12,60.4,Delayed
PRJ-00648,2026-08-01,3395.83,2401.89,61.8,Delayed
PRJ-00649,2025-09-01,731.57,477.12,57.7,On Track
PRJ-00649,2025-10-01,731.57,504.0,59.8,On Track
PRJ-00649,2025-11-01,731.57,530.89,61.9,On Track
PRJ-00649,2025-12-01,731.57,557.77,64.0,On Track
PRJ-00649,2026-01-01,858.22,584.65,66.1,Delayed
PRJ-00649,2026-02-01,858.22,611.53,68.2,Delayed
PRJ-00649,2026-03-01,858.22,638.41,70.3,Delayed
PRJ-00649,2026-04-01,858.22,665.29,72.5,Delayed
PRJ-00649,2026-05-01,858.22,692.18,74.6,Delayed
PRJ-00649,2026-06-01,858.22,719.06,76.7,Delayed
PRJ-00649,2026-07-01,858.22,745.94,78.8,Delayed
PRJ-00649,2026-08-01,858.22,772.82,80.9,Delayed
PRJ-00650,2025-09-01,1330.16,638.56,10.4,On Track
PRJ-00650,2025-10-01,1330.16,662.03,12.9,On Track
PRJ-00650,2025-11-01,1330.16,685.49,15.5,On Track
PRJ-00650,2025-12-01,1330.16,708.96,18.0,On Track
PRJ-00650,2026-01-01,1330.16,732.42,20.6,Delayed
PRJ-00650,2026-02-01,1330.16,755.89,23.2,Delayed
PRJ-00650,2026-03-01,1571.42,779.36,25.7,Delayed
PRJ-00650,2026-04-01,1571.42,802.82,28.3,Delayed
PRJ-00650,2026-05-01,1571.42,826.29,30.8,Delayed
PRJ-00650,2026-06-01,1571.42,849.76,33.4,Delayed
PRJ-00650,2026-07-01,1571.42,873.22,35.9,Delayed
PRJ-00650,2026-08-01,1571.42,896.69,38.5,Delayed
PRJ-00651,2025-09-01,959.43,850.77,81.8,On Track
PRJ-00651,2025-10-01,959.43,875.17,83.4,On Track
PRJ-00651,2025-11-01,959.43,899.57,85.1,On Track
PRJ-00651,2025-12-01,1119.14,923.96,86.8,On Track
PRJ-00651,2026-01-01,1119.14,948.36,88.4,Delayed
PRJ-00651,2026-02-01,1119.14,972.76,90.1,Delayed
PRJ-00651,2026-03-01,1119.14,997.15,91.7,Delayed
PRJ-00651,2026-04-01,1119.14,1021.55,93.4,Delayed
PRJ-00651,2026-05-01,1119.14,1045.95,95.0,Delayed
PRJ-00651,2026-06-01,1119.14,1070.35,96.7,Delayed
PRJ-00651,2026-07-01,1119.14,1094.74,98.3,Delayed
PRJ-00651,2026-08-01,1119.14,1119.14,100.0,Completed
PRJ-00652,2025-09-01,226.26,111.7,63.0,On Track
PRJ-00652,2025-10-01,226.26,118.23,64.6,On Track
PRJ-00652,2025-11-01,226.26,124.76,66.2,On Track
PRJ-00652,2025-12-01,226.26,131.3,67.8,On Track
PRJ-00652,2026-01-01,226.26,137.83,69.4,On Track
PRJ-00652,2026-02-01,226.26,144.37,71.0,On Track
PRJ-00652,2026-03-01,226.26,150.9,72.6,On Track
PRJ-00652,2026-04-01,226.26,157.43,74.2,On Track
PRJ-00652,2026-05-01,226.26,163.97,75.8,On Track
PRJ-00652,2026-06-01,226.26,170.5,77.4,On Track
PRJ-00652,2026-07-01,226.26,177.04,79.0,On Track
PRJ-00652,2026-08-01,226.26,183.57,80.6,On Track
PRJ-00653,2025-09-01,676.54,81.89,0.0,On Track
PRJ-00653,2025-10-01,676.54,85.45,0.2,On Track
PRJ-00653,2025-11-01,676.54,89.02,0.4,On Track
PRJ-00653,2025-12-01,676.54,92.58,0.5,On Track
PRJ-00653,2026-01-01,676.54,96.14,0.7,Stalled
PRJ-00653,2026-02-01,676.54,99.7,0.9,Stalled
PRJ-00653,2026-03-01,676.54,103.26,1.1,Stalled
PRJ-00653,2026-04-01,676.54,106.82,1.3,Stalled
PRJ-00653,2026-05-01,676.54,110.38,1.5,Stalled
PRJ-00653,2026-06-01,850.94,113.94,1.6,Stalled
PRJ-00653,2026-07-01,850.94,117.5,1.8,Stalled
PRJ-00653,2026-08-01,850.94,121.06,2.0,Stalled
PRJ-00654,2025-09-01,1063.47,596.8,49.0,On Track
PRJ-00654,2025-10-01,1063.47,625.51,50.6,On Track
PRJ-00654,2025-11-01,1063.47,654.23,52.1,On Track
PRJ-00654,2025-12-01,1063.47,682.94,53.7,On Track
PRJ-00654,2026-01-01,1063.47,711.66,55.2,Delayed
PRJ-00654,2026-02-01,1063.47,740.37,56.8,Delayed
PRJ-00654,2026-03-01,1063.47,769.09,58.3,Delayed
PRJ-00654,2026-04-01,1063.47,797.8,59.9,Delayed
PRJ-00654,2026-05-01,1063.47,826.52,61.4,Delayed
PRJ-00654,2026-06-01,1200.63,855.23,63.0,Delayed
PRJ-00654,2026-07-01,1200.63,883.95,64.5,Delayed
PRJ-00654,2026-08-01,1200.63,912.66,66.1,Delayed
PRJ-00655,2025-09-01,431.41,291.55,44.3,On Track
PRJ-00655,2025-10-01,431.41,300.92,46.4,On Track
PRJ-00655,2025-11-01,431.41,310.3,48.5,On Track
PRJ-00655,2025-12-01,431.41,319.67,50.6,On Track
PRJ-00655,2026-01-01,431.41,329.05,52.7,Delayed
PRJ-00655,2026-02-01,431.41,338.42,54.8,Delayed
PRJ-00655,2026-03-01,509.19,347.8,56.9,Delayed
PRJ-00655,2026-04-01,509.19,357.17,59.0,Delayed
PRJ-00655,2026-05-01,509.19,366.55,61.1,Delayed
PRJ-00655,2026-06-01,509.19,375.92,63.2,Delayed
PRJ-00655,2026-07-01,509.19,385.3,65.3,Delayed
PRJ-00655,2026-08-01,509.19,394.67,67.4,Delayed
PRJ-00656,2025-09-01,803.6,693.97,76.6,On Track
PRJ-00656,2025-10-01,803.6,716.59,78.8,On Track
PRJ-00656,2025-11-01,803.6,739.22,80.9,On Track
PRJ-00656,2025-12-01,803.6,761.84,83.0,On Track
PRJ-00656,2026-01-01,803.6,784.47,85.1,Delayed
PRJ-00656,2026-02-01,803.6,807.1,87.3,Delayed
PRJ-00656,2026-03-01,803.6,829.72,89.4,Delayed
PRJ-00656,2026-04-01,803.6,852.35,91.5,Delayed
PRJ-00656,2026-05-01,942.85,874.97,93.6,Delayed
PRJ-00656,2026-06-01,942.85,897.6,95.8,Delayed
PRJ-00656,2026-07-01,942.85,920.22,97.9,Delayed
PRJ-00656,2026-08-01,942.85,942.85,100.0,Completed
PRJ-00657,2025-09-01,358.1,274.26,71.6,On Track
PRJ-00657,2025-10-01,358.1,286.91,74.2,On Track
PRJ-00657,2025-11-01,358.1,299.56,76.8,On Track
PRJ-00657,2025-12-01,413.41,312.21,79.4,On Track
PRJ-00657,2026-01-01,413.41,324.86,81.9,Delayed
PRJ-00657,2026-02-01,413.41,337.51,84.5,Delayed
PRJ-00657,2026-03-01,413.41,350.16,87.1,Delayed
PRJ-00657,2026-04-01,413.41,362.81,89.7,Delayed
PRJ-00657,2026-05-01,413.41,375.46,92.3,Delayed
PRJ-00657,2026-06-01,413.41,388.11,94.8,Delayed
PRJ-00657,2026-07-01,413.41,400.76,97.4,Delayed
PRJ-00657,2026-08-01,413.41,413.41,100.0,Completed
PRJ-00658,2025-09-01,399.55,291.58,43.2,On Track
PRJ-00658,2025-10-01,399.55,303.9,44.8,On Track
PRJ-00658,2025-11-01,399.55,316.22,46.4,On Track
PRJ-00658,2025-12-01,399.55,328.54,47.9,On Track
PRJ-00658,2026-01-01,399.55,340.87,49.5,Delayed
PRJ-00658,2026-02-01,399.55,353.19,51.1,Delayed
PRJ-00658,2026-03-01,399.55,365.51,52.7,Delayed
PRJ-00658,2026-04-01,503.41,377.83,54.3,Delayed
PRJ-00658,2026-05-01,503.41,390.15,55.9,Delayed
PRJ-00658,2026-06-01,503.41,402.47,57.4,Delayed
PRJ-00658,2026-07-01,503.41,414.79,59.0,Delayed
PRJ-00658,2026-08-01,503.41,427.11,60.6,Delayed
PRJ-00659,2025-09-01,682.08,539.69,70.6,On Track
PRJ-00659,2025-10-01,682.08,552.63,73.3,On Track
PRJ-00659,2025-11-01,682.08,565.58,75.9,On Track
PRJ-00659,2025-12-01,682.08,578.52,78.6,On Track
PRJ-00659,2026-01-01,682.08,591.47,81.3,On Track
PRJ-00659,2026-02-01,682.08,604.41,84.0,On Track
PRJ-00659,2026-03-01,682.08,617.36,86.6,On Track
PRJ-00659,2026-04-01,682.08,630.3,89.3,On Track
PRJ-00659,2026-05-01,682.08,643.25,92.0,On Track
PRJ-00659,2026-06-01,682.08,656.19,94.7,On Track
PRJ-00659,2026-07-01,682.08,669.14,97.3,On Track
PRJ-00659,2026-08-01,682.08,682.08,100.0,Completed
PRJ-00660,2025-09-01,820.93,558.37,84.6,On Track
PRJ-00660,2025-10-01,820.93,582.24,86.0,On Track
PRJ-00660,2025-11-01,820.93,606.11,87.4,On Track
PRJ-00660,2025-12-01,820.93,629.98,88.8,On Track
PRJ-00660,2026-01-01,820.93,653.85,90.2,On Track
PRJ-00660,2026-02-01,820.93,677.72,91.6,On Track
PRJ-00660,2026-03-01,820.93,701.59,93.0,On Track
PRJ-00660,2026-04-01,820.93,725.45,94.4,On Track
PRJ-00660,2026-05-01,820.93,749.32,95.8,On Track
PRJ-00660,2026-06-01,820.93,773.19,97.2,On Track
PRJ-00660,2026-07-01,820.93,797.06,98.6,On Track
PRJ-00660,2026-08-01,820.93,820.93,100.0,Completed
PRJ-00661,2025-09-01,479.26,151.41,11.0,On Track
PRJ-00661,2025-10-01,479.26,159.02,13.1,On Track
PRJ-00661,2025-11-01,479.26,166.62,15.1,On Track
PRJ-00661,2025-12-01,479.26,174.23,17.2,On Track
PRJ-00661,2026-01-01,479.26,181.83,19.3,Delayed
PRJ-00661,2026-02-01,479.26,189.44,21.3,Delayed
PRJ-00661,2026-03-01,479.26,197.04,23.4,Delayed
PRJ-00661,2026-04-01,529.22,204.65,25.5,Delayed
PRJ-00661,2026-05-01,529.22,212.25,27.5,Delayed
PRJ-00661,2026-06-01,529.22,219.86,29.6,Delayed
PRJ-00661,2026-07-01,529.22,227.46,31.6,Delayed
PRJ-00661,2026-08-01,529.22,235.07,33.7,Delayed
PRJ-00662,2025-09-01,528.55,348.02,75.9,On Track
PRJ-00662,2025-10-01,528.55,364.43,78.1,On Track
PRJ-00662,2025-11-01,528.55,380.85,80.3,On Track
PRJ-00662,2025-12-01,528.55,397.26,82.5,On Track
PRJ-00662,2026-01-01,528.55,413.67,84.7,On Track
PRJ-00662,2026-02-01,528.55,430.08,86.8,On Track
PRJ-00662,2026-03-01,528.55,446.49,89.0,On Track
PRJ-00662,2026-04-01,528.55,462.9,91.2,On Track
PRJ-00662,2026-05-01,528.55,479.32,93.4,On Track
PRJ-00662,2026-06-01,528.55,495.73,95.6,On Track
PRJ-00662,2026-07-01,528.55,512.14,97.8,On Track
PRJ-00662,2026-08-01,528.55,528.55,100.0,Completed
PRJ-00663,2025-09-01,1517.14,714.52,4.3,On Track
PRJ-00663,2025-10-01,1517.14,736.64,7.3,On Track
PRJ-00663,2025-11-01,1517.14,758.77,10.4,On Track
PRJ-00663,2025-12-01,1517.14,780.9,13.4,On Track
PRJ-00663,2026-01-01,1517.14,803.02,16.5,Delayed
PRJ-00663,2026-02-01,1834.54,825.15,19.5,Delayed
PRJ-00663,2026-03-01,1834.54,847.28,22.6,Delayed
PRJ-00663,2026-04-01,1834.54,869.4,25.6,Delayed
PRJ-00663,2026-05-01,1834.54,891.53,28.7,Delayed
PRJ-00663,2026-06-01,1834.54,913.66,31.7,Delayed
PRJ-00663,2026-07-01,1834.54,935.78,34.8,Delayed
PRJ-00663,2026-08-01,1834.54,957.91,37.8,Delayed
PRJ-00664,2025-09-01,586.55,119.34,0.0,On Track
PRJ-00664,2025-10-01,586.55,122.52,0.2,On Track
PRJ-00664,2025-11-01,586.55,125.7,0.4,On Track
PRJ-00664,2025-12-01,586.55,128.88,0.5,On Track
PRJ-00664,2026-01-01,586.55,132.06,0.7,Stalled
PRJ-00664,2026-02-01,586.55,135.24,0.9,Stalled
PRJ-00664,2026-03-01,586.55,138.43,1.1,Stalled
PRJ-00664,2026-04-01,671.58,141.61,1.3,Stalled
PRJ-00664,2026-05-01,671.58,144.79,1.5,Stalled
PRJ-00664,2026-06-01,671.58,147.97,1.6,Stalled
PRJ-00664,2026-07-01,671.58,151.15,1.8,Stalled
PRJ-00664,2026-08-01,671.58,154.33,2.0,Stalled
PRJ-00665,2025-09-01,783.09,451.54,30.7,On Track
PRJ-00665,2025-10-01,783.09,474.24,33.5,On Track
PRJ-00665,2025-11-01,783.09,496.94,36.3,On Track
PRJ-00665,2025-12-01,783.09,519.65,39.1,On Track
PRJ-00665,2026-01-01,783.09,542.35,41.9,Delayed
PRJ-00665,2026-02-01,783.09,565.05,44.6,Delayed
PRJ-00665,2026-03-01,783.09,587.75,47.4,Delayed
PRJ-00665,2026-04-01,783.09,610.45,50.2,Delayed
PRJ-00665,2026-05-01,783.09,633.15,53.0,Delayed
PRJ-00665,2026-06-01,994.76,655.86,55.7,Delayed
PRJ-00665,2026-07-01,994.76,678.56,58.5,Delayed
PRJ-00665,2026-08-01,994.76,701.26,61.3,Delayed
PRJ-00666,2025-09-01,1054.06,837.02,67.8,On Track
PRJ-00666,2025-10-01,1054.06,866.48,70.8,On Track
PRJ-00666,2025-11-01,1054.06,895.94,73.7,On Track
PRJ-00666,2025-12-01,1054.06,925.4,76.6,On Track
PRJ-00666,2026-01-01,1054.06,954.86,79.5,Delayed
PRJ-00666,2026-02-01,1054.06,984.32,82.5,Delayed
PRJ-00666,2026-03-01,1054.06,1013.78,85.4,Delayed
PRJ-00666,2026-04-01,1054.06,1043.24,88.3,Delayed
PRJ-00666,2026-05-01,1054.06,1072.69,91.2,Delayed
PRJ-00666,2026-06-01,1161.07,1102.15,94.2,Delayed
PRJ-00666,2026-07-01,1161.07,1131.61,97.1,Delayed
PRJ-00666,2026-08-01,1161.07,1161.07,100.0,Completed
PRJ-00667,2025-09-01,1072.76,791.66,79.4,On Track
PRJ-00667,2025-10-01,1072.76,817.22,81.2,On Track
PRJ-00667,2025-11-01,1072.76,842.77,83.1,On Track
PRJ-00667,2025-12-01,1072.76,868.33,85.0,On Track
PRJ-00667,2026-01-01,1072.76,893.88,86.9,On Track
PRJ-00667,2026-02-01,1072.76,919.43,88.7,On Track
PRJ-00667,2026-03-01,1072.76,944.99,90.6,On Track
PRJ-00667,2026-04-01,1072.76,970.54,92.5,On Track
PRJ-00667,2026-05-01,1072.76,996.1,94.4,On Track
PRJ-00667,2026-06-01,1072.76,1021.65,96.2,On Track
PRJ-00667,2026-07-01,1072.76,1047.21,98.1,On Track
PRJ-00667,2026-08-01,1072.76,1072.76,100.0,Completed
PRJ-00668,2025-09-01,379.33,261.92,38.4,On Track
PRJ-00668,2025-10-01,379.33,273.16,41.3,On Track
PRJ-00668,2025-11-01,379.33,284.4,44.1,On Track
PRJ-00668,2025-12-01,379.33,295.64,46.9,On Track
PRJ-00668,2026-01-01,379.33,306.88,49.8,Delayed
PRJ-00668,2026-02-01,379.33,318.12,52.6,Delayed
PRJ-00668,2026-03-01,379.33,329.35,55.4,Delayed
PRJ-00668,2026-04-01,379.33,340.59,58.3,Delayed
PRJ-00668,2026-05-01,379.33,351.83,61.1,Delayed
PRJ-00668,2026-06-01,439.04,363.07,63.9,Delayed
PRJ-00668,2026-07-01,439.04,374.31,66.8,Delayed
PRJ-00668,2026-08-01,439.04,385.55,69.6,Delayed
PRJ-00669,2025-09-01,2358.23,1235.53,43.8,On Track
PRJ-00669,2025-10-01,2358.23,1295.28,45.3,On Track
PRJ-00669,2025-11-01,2358.23,1355.02,46.9,On Track
PRJ-00669,2025-12-01,2358.23,1414.77,48.4,On Track
PRJ-00669,2026-01-01,2358.23,1474.52,50.0,Delayed
PRJ-00669,2026-02-01,2358.23,1534.26,51.6,Delayed
PRJ-00669,2026-03-01,2358.23,1594.01,53.1,Delayed
PRJ-00669,2026-04-01,2358.23,1653.75,54.7,Delayed
PRJ-00669,2026-05-01,2358.23,1713.5,56.2,Delayed
PRJ-00669,2026-06-01,2702.56,1773.25,57.8,Delayed
PRJ-00669,2026-07-01,2702.56,1832.99,59.3,Delayed
PRJ-00669,2026-08-01,2702.56,1892.74,60.9,Delayed
PRJ-00670,2025-09-01,613.71,525.03,49.2,On Track
PRJ-00670,2025-10-01,613.71,537.28,51.6,On Track
PRJ-00670,2025-11-01,613.71,549.53,53.9,On Track
PRJ-00670,2025-12-01,613.71,561.79,56.3,On Track
PRJ-00670,2026-01-01,613.71,574.04,58.6,Delayed
PRJ-00670,2026-02-01,613.71,586.29,61.0,Delayed
PRJ-00670,2026-03-01,613.71,598.54,63.3,Delayed
PRJ-00670,2026-04-01,613.71,610.79,65.7,Delayed
PRJ-00670,2026-05-01,763.96,623.04,68.0,Delayed
PRJ-00670,2026-06-01,763.96,635.29,70.4,Delayed
PRJ-00670,2026-07-01,763.96,647.54,72.7,Delayed
PRJ-00670,2026-08-01,763.96,659.79,75.1,Delayed
PRJ-00671,2025-09-01,449.95,325.98,80.5,On Track
PRJ-00671,2025-10-01,449.95,343.82,82.3,On Track
PRJ-00671,2025-11-01,449.95,361.66,84.0,On Track
PRJ-00671,2025-12-01,449.95,379.5,85.8,On Track
PRJ-00671,2026-01-01,449.95,397.34,87.6,Delayed
PRJ-00671,2026-02-01,522.23,415.18,89.4,Delayed
PRJ-00671,2026-03-01,522.23,433.02,91.1,Delayed
PRJ-00671,2026-04-01,522.23,450.87,92.9,Delayed
PRJ-00671,2026-05-01,522.23,468.71,94.7,Delayed
PRJ-00671,2026-06-01,522.23,486.55,96.5,Delayed
PRJ-00671,2026-07-01,522.23,504.39,98.2,Delayed
PRJ-00671,2026-08-01,522.23,522.23,100.0,Completed
PRJ-00672,2025-09-01,810.01,644.85,67.1,On Track
PRJ-00672,2025-10-01,810.01,672.55,70.1,On Track
PRJ-00672,2025-11-01,810.01,700.26,73.1,On Track
PRJ-00672,2025-12-01,949.57,727.96,76.1,On Track
PRJ-00672,2026-01-01,949.57,755.66,79.1,Delayed
PRJ-00672,2026-02-01,949.57,783.36,82.0,Delayed
PRJ-00672,2026-03-01,949.57,811.06,85.0,Delayed
PRJ-00672,2026-04-01,949.57,838.76,88.0,Delayed
PRJ-00672,2026-05-01,949.57,866.47,91.0,Delayed
PRJ-00672,2026-06-01,949.57,894.17,94.0,Delayed
PRJ-00672,2026-07-01,949.57,921.87,97.0,Delayed
PRJ-00672,2026-08-01,949.57,949.57,100.0,Completed
PRJ-00673,2025-09-01,1095.28,698.63,66.3,On Track
PRJ-00673,2025-10-01,1095.28,734.69,69.4,On Track
PRJ-00673,2025-11-01,1095.28,770.75,72.5,On Track
PRJ-00673,2025-12-01,1095.28,806.81,75.5,On Track
PRJ-00673,2026-01-01,1095.28,842.87,78.6,On Track
PRJ-00673,2026-02-01,1095.28,878.93,81.6,On Track
PRJ-00673,2026-03-01,1095.28,914.99,84.7,On Track
PRJ-00673,2026-04-01,1095.28,951.04,87.8,On Track
PRJ-00673,2026-05-01,1095.28,987.1,90.8,On Track
PRJ-00673,2026-06-01,1095.28,1023.16,93.9,On Track
PRJ-00673,2026-07-01,1095.28,1059.22,96.9,On Track
PRJ-00673,2026-08-01,1095.28,1095.28,100.0,Completed
PRJ-00674,2025-09-01,3790.16,1618.97,9.9,On Track
PRJ-00674,2025-10-01,3790.16,1660.02,11.8,On Track
PRJ-00674,2025-11-01,3790.16,1701.07,13.7,On Track
PRJ-00674,2025-12-01,3790.16,1742.12,15.5,On Track
PRJ-00674,2026-01-01,3790.16,1783.17,17.4,Delayed
PRJ-00674,2026-02-01,3790.16,1824.22,19.3,Delayed
PRJ-00674,2026-03-01,3790.16,1865.28,21.2,Delayed
PRJ-00674,2026-04-01,3790.16,1906.33,23.0,Delayed
PRJ-00674,2026-05-01,4619.1,1947.38,24.9,Delayed
PRJ-00674,2026-06-01,4619.1,1988.43,26.8,Delayed
PRJ-00674,2026-07-01,4619.1,2029.48,28.6,Delayed
PRJ-00674,2026-08-01,4619.1,2070.53,30.5,Delayed
PRJ-00675,2025-09-01,1161.68,467.33,17.3,On Track
PRJ-00675,2025-10-01,1161.68,494.36,19.0,On Track
PRJ-00675,2025-11-01,1161.68,521.38,20.6,On Track
PRJ-00675,2025-12-01,1161.68,548.41,22.2,On Track
PRJ-00675,2026-01-01,1161.68,575.44,23.8,Delayed
PRJ-00675,2026-02-01,1610.75,602.46,25.4,Delayed
PRJ-00675,2026-03-01,1610.75,629.49,27.0,Delayed
PRJ-00675,2026-04-01,1610.75,656.51,28.6,Delayed
PRJ-00675,2026-05-01,1610.75,683.54,30.3,Delayed
PRJ-00675,2026-06-01,1610.75,710.57,31.9,Delayed
PRJ-00675,2026-07-01,1610.75,737.59,33.5,Delayed
PRJ-00675,2026-08-01,1610.75,764.62,35.1,Delayed
PRJ-00676,2025-09-01,1657.63,475.21,0.0,On Track
PRJ-00676,2025-10-01,1657.63,499.02,1.7,On Track
PRJ-00676,2025-11-01,1657.63,522.84,3.5,On Track
PRJ-00676,2025-12-01,1657.63,546.65,5.2,On Track
PRJ-00676,2026-01-01,1657.63,570.46,7.0,Stalled
PRJ-00676,2026-02-01,1657.63,594.27,8.7,Stalled
PRJ-00676,2026-03-01,2120.48,618.08,10.5,Delayed
PRJ-00676,2026-04-01,2120.48,641.89,12.2,Delayed
PRJ-00676,2026-05-01,2120.48,665.7,14.0,Delayed
PRJ-00676,2026-06-01,2120.48,689.51,15.7,Delayed
PRJ-00676,2026-07-01,2120.48,713.32,17.5,Delayed
PRJ-00676,2026-08-01,2120.48,737.13,19.2,Delayed
PRJ-00677,2025-09-01,1583.9,1777.36,66.6,On Track
PRJ-00677,2025-10-01,1583.9,1820.81,69.6,On Track
PRJ-00677,2025-11-01,1583.9,1864.26,72.7,On Track
PRJ-00677,2025-12-01,1583.9,1907.7,75.7,On Track
PRJ-00677,2026-01-01,2255.29,1951.15,78.7,Delayed
PRJ-00677,2026-02-01,2255.29,1994.6,81.8,Delayed
PRJ-00677,2026-03-01,2255.29,2038.05,84.8,Delayed
PRJ-00677,2026-04-01,2255.29,2081.5,87.8,Delayed
PRJ-00677,2026-05-01,2255.29,2124.95,90.9,Delayed
PRJ-00677,2026-06-01,2255.29,2168.39,93.9,Delayed
PRJ-00677,2026-07-01,2255.29,2211.84,97.0,Delayed
PRJ-00677,2026-08-01,2255.29,2255.29,100.0,Completed
PRJ-00678,2025-09-01,2509.59,1696.55,39.2,On Track
PRJ-00678,2025-10-01,2509.59,1775.71,40.7,On Track
PRJ-00678,2025-11-01,2509.59,1854.86,42.3,On Track
PRJ-00678,2025-12-01,2509.59,1934.01,43.9,On Track
PRJ-00678,2026-01-01,3329.43,2013.17,45.5,Delayed
PRJ-00678,2026-02-01,3329.43,2092.32,47.0,Delayed
PRJ-00678,2026-03-01,3329.43,2171.48,48.6,Delayed
PRJ-00678,2026-04-01,3329.43,2250.63,50.2,Delayed
PRJ-00678,2026-05-01,3329.43,2329.79,51.8,Delayed
PRJ-00678,2026-06-01,3329.43,2408.94,53.3,Delayed
PRJ-00678,2026-07-01,3329.43,2488.1,54.9,Delayed
PRJ-00678,2026-08-01,3329.43,2567.25,56.5,Delayed
PRJ-00679,2025-09-01,611.31,140.13,0.0,On Track
PRJ-00679,2025-10-01,611.31,143.92,0.4,On Track
PRJ-00679,2025-11-01,611.31,147.71,0.7,On Track
PRJ-00679,2025-12-01,611.31,151.51,1.1,On Track
PRJ-00679,2026-01-01,611.31,155.3,1.5,Stalled
PRJ-00679,2026-02-01,611.31,159.09,1.9,Stalled
PRJ-00679,2026-03-01,611.31,162.88,2.2,Stalled
PRJ-00679,2026-04-01,611.31,166.67,2.6,Stalled
PRJ-00679,2026-05-01,611.31,170.46,3.0,Stalled
PRJ-00679,2026-06-01,732.26,174.26,3.4,Stalled
PRJ-00679,2026-07-01,732.26,178.05,3.7,Stalled
PRJ-00679,2026-08-01,732.26,181.84,4.1,Stalled
PRJ-00680,2025-09-01,340.75,305.84,75.6,On Track
PRJ-00680,2025-10-01,340.75,320.45,77.8,On Track
PRJ-00680,2025-11-01,340.75,335.06,80.0,On Track
PRJ-00680,2025-12-01,340.75,349.68,82.3,On Track
PRJ-00680,2026-01-01,340.75,364.29,84.5,Delayed
PRJ-00680,2026-02-01,466.58,378.9,86.7,Delayed
PRJ-00680,2026-03-01,466.58,393.52,88.9,Delayed
PRJ-00680,2026-04-01,466.58,408.13,91.1,Delayed
PRJ-00680,2026-05-01,466.58,422.74,93.3,Delayed
PRJ-00680,2026-06-01,466.58,437.35,95.6,Delayed
PRJ-00680,2026-07-01,466.58,451.97,97.8,Delayed
PRJ-00680,2026-08-01,466.58,466.58,100.0,Completed
PRJ-00681,2025-09-01,735.13,265.06,0.0,On Track
PRJ-00681,2025-10-01,735.13,274.95,2.6,On Track
PRJ-00681,2025-11-01,735.13,284.83,5.2,On Track
PRJ-00681,2025-12-01,735.13,294.71,7.7,On Track
PRJ-00681,2026-01-01,735.13,304.6,10.3,Delayed
PRJ-00681,2026-02-01,735.13,314.48,12.9,Delayed
PRJ-00681,2026-03-01,735.13,324.36,15.5,Delayed
PRJ-00681,2026-04-01,735.13,334.25,18.1,Delayed
PRJ-00681,2026-05-01,771.89,344.13,20.7,Delayed
PRJ-00681,2026-06-01,771.89,354.01,23.2,Delayed
PRJ-00681,2026-07-01,771.89,363.9,25.8,Delayed
PRJ-00681,2026-08-01,771.89,373.78,28.4,Delayed
PRJ-00682,2025-09-01,362.83,245.34,80.8,On Track
PRJ-00682,2025-10-01,362.83,256.02,82.5,On Track
PRJ-00682,2025-11-01,362.83,266.7,84.3,On Track
PRJ-00682,2025-12-01,362.83,277.38,86.0,On Track
PRJ-00682,2026-01-01,362.83,288.07,87.8,On Track
PRJ-00682,2026-02-01,362.83,298.75,89.5,On Track
PRJ-00682,2026-03-01,362.83,309.43,91.3,On Track
PRJ-00682,2026-04-01,362.83,320.11,93.0,On Track
PRJ-00682,2026-05-01,362.83,330.79,94.8,On Track
PRJ-00682,2026-06-01,362.83,341.47,96.5,On Track
PRJ-00682,2026-07-01,362.83,352.15,98.3,On Track
PRJ-00682,2026-08-01,362.83,362.83,100.0,Completed
PRJ-00683,2025-09-01,2062.82,1234.84,25.5,On Track
PRJ-00683,2025-10-01,2062.82,1266.82,27.2,On Track
PRJ-00683,2025-11-01,2062.82,1298.79,28.9,On Track
PRJ-00683,2025-12-01,2062.82,1330.76,30.7,On Track
PRJ-00683,2026-01-01,2062.82,1362.74,32.4,Delayed
PRJ-00683,2026-02-01,2062.82,1394.71,34.1,Delayed
PRJ-00683,2026-03-01,2447.2,1426.68,35.8,Delayed
PRJ-00683,2026-04-01,2447.2,1458.66,37.5,Delayed
PRJ-00683,2026-05-01,2447.2,1490.63,39.2,Delayed
PRJ-00683,2026-06-01,2447.2,1522.6,41.0,Delayed
PRJ-00683,2026-07-01,2447.2,1554.58,42.7,Delayed
PRJ-00683,2026-08-01,2447.2,1586.55,44.4,Delayed
PRJ-00684,2025-09-01,860.59,745.25,74.0,On Track
PRJ-00684,2025-10-01,860.59,778.27,76.3,On Track
PRJ-00684,2025-11-01,860.59,811.29,78.7,On Track
PRJ-00684,2025-12-01,860.59,844.31,81.1,On Track
PRJ-00684,2026-01-01,1108.47,877.33,83.4,Delayed
PRJ-00684,2026-02-01,1108.47,910.35,85.8,Delayed
PRJ-00684,2026-03-01,1108.47,943.37,88.2,Delayed
PRJ-00684,2026-04-01,1108.47,976.39,90.5,Delayed
PRJ-00684,2026-05-01,1108.47,1009.41,92.9,Delayed
PRJ-00684,2026-06-01,1108.47,1042.43,95.3,Delayed
PRJ-00684,2026-07-01,1108.47,1075.45,97.6,Delayed
PRJ-00684,2026-08-01,1108.47,1108.47,100.0,Completed
PRJ-00685,2025-09-01,602.88,421.99,65.8,On Track
PRJ-00685,2025-10-01,602.88,438.43,68.9,On Track
PRJ-00685,2025-11-01,602.88,454.88,72.0,On Track
PRJ-00685,2025-12-01,602.88,471.32,75.1,On Track
PRJ-00685,2026-01-01,602.88,487.77,78.3,On Track
PRJ-00685,2026-02-01,602.88,504.21,81.4,On Track
PRJ-00685,2026-03-01,602.88,520.66,84.5,On Track
PRJ-00685,2026-04-01,602.88,537.1,87.6,On Track
PRJ-00685,2026-05-01,602.88,553.55,90.7,On Track
PRJ-00685,2026-06-01,602.88,569.99,93.8,On Track
PRJ-00685,2026-07-01,602.88,586.44,96.9,On Track
PRJ-00685,2026-08-01,602.88,602.88,100.0,Completed
PRJ-00686,2025-09-01,258.84,136.99,37.6,On Track
PRJ-00686,2025-10-01,258.84,140.25,40.6,On Track
PRJ-00686,2025-11-01,258.84,143.51,43.5,On Track
PRJ-00686,2025-12-01,258.84,146.77,46.5,On Track
PRJ-00686,2026-01-01,258.84,150.03,49.4,On Track
PRJ-00686,2026-02-01,258.84,153.29,52.3,On Track
PRJ-00686,2026-03-01,258.84,156.55,55.3,On Track
PRJ-00686,2026-04-01,258.84,159.81,58.2,On Track
PRJ-00686,2026-05-01,258.84,163.07,61.2,On Track
PRJ-00686,2026-06-01,258.84,166.33,64.1,On Track
PRJ-00686,2026-07-01,258.84,169.59,67.1,On Track
PRJ-00686,2026-08-01,258.84,172.85,70.0,On Track
PRJ-00687,2025-09-01,754.27,59.26,0.0,On Track
PRJ-00687,2025-10-01,754.27,62.83,1.2,On Track
PRJ-00687,2025-11-01,754.27,66.4,2.4,On Track
PRJ-00687,2025-12-01,754.27,69.97,3.5,On Track
PRJ-00687,2026-01-01,754.27,73.54,4.7,On Track
PRJ-00687,2026-02-01,754.27,77.11,5.9,On Track
PRJ-00687,2026-03-01,754.27,80.68,7.1,On Track
PRJ-00687,2026-04-01,754.27,84.25,8.3,On Track
PRJ-00687,2026-05-01,754.27,87.81,9.5,On Track
PRJ-00687,2026-06-01,754.27,91.38,10.6,On Track
PRJ-00687,2026-07-01,754.27,94.95,11.8,On Track
PRJ-00687,2026-08-01,754.27,98.52,13.0,On Track
PRJ-00688,2025-09-01,326.09,133.68,49.6,On Track
PRJ-00688,2025-10-01,326.09,141.76,51.4,On Track
PRJ-00688,2025-11-01,326.09,149.84,53.2,On Track
PRJ-00688,2025-12-01,326.09,157.93,55.0,On Track
PRJ-00688,2026-01-01,326.09,166.01,56.8,On Track
PRJ-00688,2026-02-01,326.09,174.09,58.6,On Track
PRJ-00688,2026-03-01,326.09,182.17,60.4,On Track
PRJ-00688,2026-04-01,326.09,190.25,62.2,On Track
PRJ-00688,2026-05-01,326.09,198.33,64.0,On Track
PRJ-00688,2026-06-01,326.09,206.42,65.8,On Track
PRJ-00688,2026-07-01,326.09,214.5,67.6,On Track
PRJ-00688,2026-08-01,326.09,222.58,69.4,On Track
PRJ-00689,2025-09-01,5173.64,1903.3,0.7,On Track
PRJ-00689,2025-10-01,5173.64,1974.3,3.0,On Track
PRJ-00689,2025-11-01,5173.64,2045.31,5.3,On Track
PRJ-00689,2025-12-01,5844.78,2116.31,7.5,On Track
PRJ-00689,2026-01-01,5844.78,2187.31,9.8,Stalled
PRJ-00689,2026-02-01,5844.78,2258.32,12.1,Delayed
PRJ-00689,2026-03-01,5844.78,2329.32,14.3,Delayed
PRJ-00689,2026-04-01,5844.78,2400.33,16.6,Delayed
PRJ-00689,2026-05-01,5844.78,2471.33,18.9,Delayed
PRJ-00689,2026-06-01,5844.78,2542.33,21.2,Delayed
PRJ-00689,2026-07-01,5844.78,2613.34,23.4,Delayed
PRJ-00689,2026-08-01,5844.78,2684.34,25.7,Delayed
PRJ-00690,2025-09-01,5471.36,4012.36,44.3,On Track
PRJ-00690,2025-10-01,5471.36,4251.21,47.4,On Track
PRJ-00690,2025-11-01,5471.36,4490.05,50.6,On Track
PRJ-00690,2025-12-01,5471.36,4728.9,53.7,On Track
PRJ-00690,2026-01-01,5471.36,4967.74,56.9,Delayed
PRJ-00690,2026-02-01,6912.56,5206.58,60.1,Delayed
PRJ-00690,2026-03-01,6912.56,5445.43,63.2,Delayed
PRJ-00690,2026-04-01,6912.56,5684.27,66.4,Delayed
PRJ-00690,2026-05-01,6912.56,5923.12,69.5,Delayed
PRJ-00690,2026-06-01,6912.56,6161.96,72.7,Delayed
PRJ-00690,2026-07-01,6912.56,6400.81,75.8,Delayed
PRJ-00690,2026-08-01,6912.56,6639.65,79.0,Delayed
PRJ-00691,2025-09-01,1141.71,535.23,3.9,On Track
PRJ-00691,2025-10-01,1141.71,566.4,6.8,On Track
PRJ-00691,2025-11-01,1141.71,597.56,9.7,On Track
PRJ-00691,2025-12-01,1141.71,628.72,12.6,On Track
PRJ-00691,2026-01-01,1141.71,659.88,15.5,Delayed
PRJ-00691,2026-02-01,1141.71,691.05,18.4,Delayed
PRJ-00691,2026-03-01,1141.71,722.21,21.3,Delayed
PRJ-00691,2026-04-01,1476.06,753.37,24.2,Delayed
PRJ-00691,2026-05-01,1476.06,784.53,27.1,Delayed
PRJ-00691,2026-06-01,1476.06,815.7,30.0,Delayed
PRJ-00691,2026-07-01,1476.06,846.86,32.9,Delayed
PRJ-00691,2026-08-01,1476.06,878.02,35.8,Delayed
PRJ-00692,2025-09-01,881.7,210.31,0.0,On Track
PRJ-00692,2025-10-01,881.7,215.73,0.5,On Track
PRJ-00692,2025-11-01,881.7,221.16,1.0,On Track
PRJ-00692,2025-12-01,1200.66,226.58,1.5,On Track
PRJ-00692,2026-01-01,1200.66,232.01,2.0,Stalled
PRJ-00692,2026-02-01,1200.66,237.44,2.5,Stalled
PRJ-00692,2026-03-01,1200.66,242.86,3.0,Stalled
PRJ-00692,2026-04-01,1200.66,248.29,3.5,Stalled
PRJ-00692,2026-05-01,1200.66,253.71,4.0,Stalled
PRJ-00692,2026-06-01,1200.66,259.14,4.5,Stalled
PRJ-00692,2026-07-01,1200.66,264.56,5.0,Stalled
PRJ-00692,2026-08-01,1200.66,269.99,5.5,Stalled
PRJ-00693,2025-09-01,4192.73,1436.99,0.0,On Track
PRJ-00693,2025-10-01,4192.73,1511.65,2.3,On Track
PRJ-00693,2025-11-01,4192.73,1586.31,4.5,On Track
PRJ-00693,2025-12-01,4192.73,1660.96,6.8,On Track
PRJ-00693,2026-01-01,4192.73,1735.62,9.0,Stalled
PRJ-00693,2026-02-01,4192.73,1810.27,11.3,Delayed
PRJ-00693,2026-03-01,4192.73,1884.93,13.5,Delayed
PRJ-00693,2026-04-01,4192.73,1959.59,15.8,Delayed
PRJ-00693,2026-05-01,6021.13,2034.24,18.0,Delayed
PRJ-00693,2026-06-01,6021.13,2108.9,20.3,Delayed
PRJ-00693,2026-07-01,6021.13,2183.55,22.5,Delayed
PRJ-00693,2026-08-01,6021.13,2258.21,24.8,Delayed
PRJ-00694,2025-09-01,433.7,286.04,75.3,On Track
PRJ-00694,2025-10-01,433.7,299.47,77.5,On Track
PRJ-00694,2025-11-01,433.7,312.89,79.8,On Track
PRJ-00694,2025-12-01,433.7,326.31,82.0,On Track
PRJ-00694,2026-01-01,433.7,339.74,84.3,On Track
PRJ-00694,2026-02-01,433.7,353.16,86.5,On Track
PRJ-00694,2026-03-01,433.7,366.58,88.8,On Track
PRJ-00694,2026-04-01,433.7,380.01,91.0,On Track
PRJ-00694,2026-05-01,433.7,393.43,93.3,On Track
PRJ-00694,2026-06-01,433.7,406.85,95.5,On Track
PRJ-00694,2026-07-01,433.7,420.28,97.8,On Track
PRJ-00694,2026-08-01,433.7,433.7,100.0,Completed
PRJ-00695,2025-09-01,686.92,428.75,24.3,On Track
PRJ-00695,2025-10-01,686.92,444.37,26.3,On Track
PRJ-00695,2025-11-01,686.92,459.98,28.3,On Track
PRJ-00695,2025-12-01,686.92,475.59,30.3,On Track
PRJ-00695,2026-01-01,686.92,491.21,32.4,Delayed
PRJ-00695,2026-02-01,686.92,506.82,34.4,Delayed
PRJ-00695,2026-03-01,686.92,522.44,36.4,Delayed
PRJ-00695,2026-04-01,686.92,538.05,38.4,Delayed
PRJ-00695,2026-05-01,686.92,553.67,40.4,Delayed
PRJ-00695,2026-06-01,856.05,569.28,42.5,Delayed
PRJ-00695,2026-07-01,856.05,584.9,44.5,Delayed
PRJ-00695,2026-08-01,856.05,600.51,46.5,Delayed
PRJ-00696,2025-09-01,514.77,390.11,33.0,On Track
PRJ-00696,2025-10-01,514.77,402.55,35.1,On Track
PRJ-00696,2025-11-01,514.77,414.99,37.2,On Track
PRJ-00696,2025-12-01,514.77,427.43,39.3,On Track
PRJ-00696,2026-01-01,514.77,439.87,41.4,Delayed
PRJ-00696,2026-02-01,728.63,452.31,43.5,Delayed
PRJ-00696,2026-03-01,728.63,464.74,45.6,Delayed
PRJ-00696,2026-04-01,728.63,477.18,47.7,Delayed
PRJ-00696,2026-05-01,728.63,489.62,49.8,Delayed
PRJ-00696,2026-06-01,728.63,502.06,51.9,Delayed
PRJ-00696,2026-07-01,728.63,514.5,54.0,Delayed
PRJ-00696,2026-08-01,728.63,526.94,56.1,Delayed
PRJ-00697,2025-09-01,1157.07,1011.42,47.8,On Track
PRJ-00697,2025-10-01,1157.07,1052.18,50.0,On Track
PRJ-00697,2025-11-01,1157.07,1092.93,52.2,On Track
PRJ-00697,2025-12-01,1157.07,1133.68,54.5,On Track
PRJ-00697,2026-01-01,1157.07,1174.43,56.7,Delayed
PRJ-00697,2026-02-01,1157.07,1215.19,59.0,Delayed
PRJ-00697,2026-03-01,1618.19,1255.94,61.2,Delayed
PRJ-00697,2026-04-01,1618.19,1296.69,63.4,Delayed
PRJ-00697,2026-05-01,1618.19,1337.44,65.7,Delayed
PRJ-00697,2026-06-01,1618.19,1378.2,67.9,Delayed
PRJ-00697,2026-07-01,1618.19,1418.95,70.2,Delayed
PRJ-00697,2026-08-01,1618.19,1459.7,72.4,Delayed
PRJ-00698,2025-09-01,836.54,342.34,46.1,On Track
PRJ-00698,2025-10-01,836.54,362.86,48.1,On Track
PRJ-00698,2025-11-01,836.54,383.37,50.0,On Track
PRJ-00698,2025-12-01,836.54,403.88,52.0,On Track
PRJ-00698,2026-01-01,836.54,424.4,53.9,On Track
PRJ-00698,2026-02-01,836.54,444.91,55.9,On Track
PRJ-00698,2026-03-01,836.54,465.42,57.8,On Track
PRJ-00698,2026-04-01,836.54,485.94,59.8,On Track
PRJ-00698,2026-05-01,836.54,506.45,61.7,On Track
PRJ-00698,2026-06-01,836.54,526.96,63.7,On Track
PRJ-00698,2026-07-01,836.54,547.48,65.6,On Track
PRJ-00698,2026-08-01,836.54,567.99,67.6,On Track
PRJ-00699,2025-09-01,526.36,351.32,28.8,On Track
PRJ-00699,2025-10-01,526.36,371.63,32.0,On Track
PRJ-00699,2025-11-01,526.36,391.93,35.2,On Track
PRJ-00699,2025-12-01,746.68,412.24,38.3,On Track
PRJ-00699,2026-01-01,746.68,432.54,41.5,Delayed
PRJ-00699,2026-02-01,746.68,452.85,44.6,Delayed
PRJ-00699,2026-03-01,746.68,473.15,47.8,Delayed
PRJ-00699,2026-04-01,746.68,493.46,51.0,Delayed
PRJ-00699,2026-05-01,746.68,513.76,54.1,Delayed
PRJ-00699,2026-06-01,746.68,534.07,57.3,Delayed
PRJ-00699,2026-07-01,746.68,554.37,60.4,Delayed
PRJ-00699,2026-08-01,746.68,574.68,63.6,Delayed
PRJ-00700,2025-09-01,431.67,67.93,0.0,On Track
PRJ-00700,2025-10-01,431.67,71.95,0.2,On Track
PRJ-00700,2025-11-01,431.67,75.97,0.4,On Track
PRJ-00700,2025-12-01,431.67,79.99,0.5,On Track
PRJ-00700,2026-01-01,632.02,84.01,0.7,Stalled
PRJ-00700,2026-02-01,632.02,88.03,0.9,Stalled
PRJ-00700,2026-03-01,632.02,92.06,1.1,Stalled
PRJ-00700,2026-04-01,632.02,96.08,1.3,Stalled
PRJ-00700,2026-05-01,632.02,100.1,1.5,Stalled
PRJ-00700,2026-06-01,632.02,104.12,1.6,Stalled
PRJ-00700,2026-07-01,632.02,108.14,1.8,Stalled
PRJ-00700,2026-08-01,632.02,112.16,2.0,Stalled
PRJ-00701,2025-09-01,423.06,262.23,32.5,On Track
PRJ-00701,2025-10-01,423.06,278.11,34.8,On Track
PRJ-00701,2025-11-01,423.06,293.99,37.1,On Track
PRJ-00701,2025-12-01,423.06,309.87,39.3,On Track
PRJ-00701,2026-01-01,423.06,325.75,41.6,Delayed
PRJ-00701,2026-02-01,423.06,341.63,43.9,Delayed
PRJ-00701,2026-03-01,423.06,357.51,46.1,Delayed
PRJ-00701,2026-04-01,423.06,373.39,48.4,Delayed
PRJ-00701,2026-05-01,539.28,389.27,50.7,Delayed
PRJ-00701,2026-06-01,539.28,405.15,53.0,Delayed
PRJ-00701,2026-07-01,539.28,421.03,55.2,Delayed
PRJ-00701,2026-08-01,539.28,436.91,57.5,Delayed
PRJ-00702,2025-09-01,262.45,204.52,55.9,On Track
PRJ-00702,2025-10-01,262.45,212.01,57.6,On Track
PRJ-00702,2025-11-01,262.45,219.5,59.3,On Track
PRJ-00702,2025-12-01,262.45,226.99,60.9,On Track
PRJ-00702,2026-01-01,262.45,234.48,62.6,Delayed
PRJ-00702,2026-02-01,262.45,241.97,64.2,Delayed
PRJ-00702,2026-03-01,262.45,249.46,65.9,Delayed
PRJ-00702,2026-04-01,342.0,256.95,67.6,Delayed
PRJ-00702,2026-05-01,342.0,264.44,69.2,Delayed
PRJ-00702,2026-06-01,342.0,271.93,70.9,Delayed
PRJ-00702,2026-07-01,342.0,279.42,72.5,Delayed
PRJ-00702,2026-08-01,342.0,286.91,74.2,Delayed
PRJ-00703,2025-09-01,743.02,501.71,70.0,On Track
PRJ-00703,2025-10-01,743.02,523.65,72.7,On Track
PRJ-00703,2025-11-01,743.02,545.59,75.5,On Track
PRJ-00703,2025-12-01,743.02,567.52,78.2,On Track
PRJ-00703,2026-01-01,743.02,589.46,80.9,On Track
PRJ-00703,2026-02-01,743.02,611.4,83.6,On Track
PRJ-00703,2026-03-01,743.02,633.34,86.4,On Track
PRJ-00703,2026-04-01,743.02,655.27,89.1,On Track
PRJ-00703,2026-05-01,743.02,677.21,91.8,On Track
PRJ-00703,2026-06-01,743.02,699.15,94.5,On Track
PRJ-00703,2026-07-01,743.02,721.08,97.3,On Track
PRJ-00703,2026-08-01,743.02,743.02,100.0,Completed
PRJ-00704,2025-09-01,1011.65,590.92,6.6,On Track
PRJ-00704,2025-10-01,1011.65,610.8,9.7,On Track
PRJ-00704,2025-11-01,1011.65,630.69,12.8,On Track
PRJ-00704,2025-12-01,1011.65,650.57,15.9,On Track
PRJ-00704,2026-01-01,1011.65,670.45,19.0,Delayed
PRJ-00704,2026-02-01,1011.65,690.33,22.0,Delayed
PRJ-00704,2026-03-01,1313.72,710.21,25.1,Delayed
PRJ-00704,2026-04-01,1313.72,730.09,28.2,Delayed
PRJ-00704,2026-05-01,1313.72,749.98,31.3,Delayed
PRJ-00704,2026-06-01,1313.72,769.86,34.4,Delayed
PRJ-00704,2026-07-01,1313.72,789.74,37.5,Delayed
PRJ-00704,2026-08-01,1313.72,809.62,40.6,Delayed
PRJ-00705,2025-09-01,1105.11,630.5,20.7,On Track
PRJ-00705,2025-10-01,1105.11,659.33,23.7,On Track
PRJ-00705,2025-11-01,1105.11,688.16,26.7,On Track
PRJ-00705,2025-12-01,1105.11,716.99,29.8,On Track
PRJ-00705,2026-01-01,1105.11,745.82,32.8,Delayed
PRJ-00705,2026-02-01,1105.11,774.65,35.8,Delayed
PRJ-00705,2026-03-01,1105.11,803.48,38.8,Delayed
PRJ-00705,2026-04-01,1105.11,832.31,41.8,Delayed
PRJ-00705,2026-05-01,1105.11,861.14,44.8,Delayed
PRJ-00705,2026-06-01,1450.51,889.97,47.9,Delayed
PRJ-00705,2026-07-01,1450.51,918.8,50.9,Delayed
PRJ-00705,2026-08-01,1450.51,947.63,53.9,Delayed
PRJ-00706,2025-09-01,1690.82,246.32,0.0,On Track
PRJ-00706,2025-10-01,1690.82,260.92,0.8,On Track
PRJ-00706,2025-11-01,1690.82,275.52,1.7,On Track
PRJ-00706,2025-12-01,1690.82,290.13,2.5,On Track
PRJ-00706,2026-01-01,1690.82,304.73,3.3,Stalled
PRJ-00706,2026-02-01,1690.82,319.33,4.1,Stalled
PRJ-00706,2026-03-01,1943.5,333.93,5.0,Stalled
PRJ-00706,2026-04-01,1943.5,348.53,5.8,Stalled
PRJ-00706,2026-05-01,1943.5,363.13,6.6,Stalled
PRJ-00706,2026-06-01,1943.5,377.74,7.4,Stalled
PRJ-00706,2026-07-01,1943.5,392.34,8.3,Stalled
PRJ-00706,2026-08-01,1943.5,406.94,9.1,Stalled
PRJ-00707,2025-09-01,750.47,661.71,81.8,On Track
PRJ-00707,2025-10-01,750.47,681.36,83.5,On Track
PRJ-00707,2025-11-01,750.47,701.01,85.1,On Track
PRJ-00707,2025-12-01,750.47,720.65,86.8,On Track
PRJ-00707,2026-01-01,750.47,740.3,88.4,Delayed
PRJ-00707,2026-02-01,750.47,759.95,90.1,Delayed
PRJ-00707,2026-03-01,750.47,779.6,91.7,Delayed
PRJ-00707,2026-04-01,877.83,799.24,93.4,Delayed
PRJ-00707,2026-05-01,877.83,818.89,95.0,Delayed
PRJ-00707,2026-06-01,877.83,838.54,96.7,Delayed
PRJ-00707,2026-07-01,877.83,858.18,98.3,Delayed
PRJ-00707,2026-08-01,877.83,877.83,100.0,Completed
PRJ-00708,2025-09-01,633.46,558.83,81.9,On Track
PRJ-00708,2025-10-01,633.46,583.14,83.6,On Track
PRJ-00708,2025-11-01,633.46,607.45,85.2,On Track
PRJ-00708,2025-12-01,633.46,631.75,86.9,On Track
PRJ-00708,2026-01-01,633.46,656.06,88.5,Delayed
PRJ-00708,2026-02-01,633.46,680.37,90.1,Delayed
PRJ-00708,2026-03-01,633.46,704.67,91.8,Delayed
PRJ-00708,2026-04-01,826.21,728.98,93.4,Delayed
PRJ-00708,2026-05-01,826.21,753.29,95.1,Delayed
PRJ-00708,2026-06-01,826.21,777.6,96.7,Delayed
PRJ-00708,2026-07-01,826.21,801.9,98.4,Delayed
PRJ-00708,2026-08-01,826.21,826.21,100.0,Completed
PRJ-00709,2025-09-01,773.51,205.01,13.8,On Track
PRJ-00709,2025-10-01,773.51,215.37,16.6,On Track
PRJ-00709,2025-11-01,773.51,225.73,19.4,On Track
PRJ-00709,2025-12-01,773.51,236.08,22.1,On Track
PRJ-00709,2026-01-01,773.51,246.44,24.9,On Track
PRJ-00709,2026-02-01,773.51,256.8,27.7,On Track
PRJ-00709,2026-03-01,773.51,267.15,30.5,On Track
PRJ-00709,2026-04-01,773.51,277.51,33.3,On Track
PRJ-00709,2026-05-01,773.51,287.87,36.1,On Track
PRJ-00709,2026-06-01,773.51,298.23,38.8,On Track
PRJ-00709,2026-07-01,773.51,308.58,41.6,On Track
PRJ-00709,2026-08-01,773.51,318.94,44.4,On Track
PRJ-00710,2025-09-01,864.72,831.44,82.5,On Track
PRJ-00710,2025-10-01,864.72,853.81,84.1,On Track
PRJ-00710,2025-11-01,864.72,876.18,85.7,On Track
PRJ-00710,2025-12-01,864.72,898.55,87.3,On Track
PRJ-00710,2026-01-01,864.72,920.92,88.9,Delayed
PRJ-00710,2026-02-01,864.72,943.29,90.5,Delayed
PRJ-00710,2026-03-01,864.72,965.66,92.1,Delayed
PRJ-00710,2026-04-01,1077.51,988.03,93.7,Delayed
PRJ-00710,2026-05-01,1077.51,1010.4,95.2,Delayed
PRJ-00710,2026-06-01,1077.51,1032.77,96.8,Delayed
PRJ-00710,2026-07-01,1077.51,1055.14,98.4,Delayed
PRJ-00710,2026-08-01,1077.51,1077.51,100.0,Completed
PRJ-00711,2025-09-01,3323.39,2935.75,72.3,On Track
PRJ-00711,2025-10-01,3323.39,3044.85,74.8,On Track
PRJ-00711,2025-11-01,3323.39,3153.95,77.4,On Track
PRJ-00711,2025-12-01,3323.39,3263.06,79.9,On Track
PRJ-00711,2026-01-01,3323.39,3372.16,82.4,Delayed
PRJ-00711,2026-02-01,4135.88,3481.26,84.9,Delayed
PRJ-00711,2026-03-01,4135.88,3590.37,87.4,Delayed
PRJ-00711,2026-04-01,4135.88,3699.47,89.9,Delayed
PRJ-00711,2026-05-01,4135.88,3808.57,92.5,Delayed
PRJ-00711,2026-06-01,4135.88,3917.67,95.0,Delayed
PRJ-00711,2026-07-01,4135.88,4026.78,97.5,Delayed
PRJ-00711,2026-08-01,4135.88,4135.88,100.0,Completed
PRJ-00712,2025-09-01,497.62,152.48,0.0,On Track
PRJ-00712,2025-10-01,497.62,156.82,1.5,On Track
PRJ-00712,2025-11-01,497.62,161.16,3.1,On Track
PRJ-00712,2025-12-01,497.62,165.51,4.6,On Track
PRJ-00712,2026-01-01,497.62,169.85,6.2,Stalled
PRJ-00712,2026-02-01,637.48,174.19,7.7,Stalled
PRJ-00712,2026-03-01,637.48,178.53,9.3,Stalled
PRJ-00712,2026-04-01,637.48,182.88,10.8,Delayed
PRJ-00712,2026-05-01,637.48,187.22,12.4,Delayed
PRJ-00712,2026-06-01,637.48,191.56,13.9,Delayed
PRJ-00712,2026-07-01,637.48,195.91,15.5,Delayed
PRJ-00712,2026-08-01,637.48,200.25,17.0,Delayed
PRJ-00713,2025-09-01,1913.07,1373.88,48.4,On Track
PRJ-00713,2025-10-01,1913.07,1437.74,49.9,On Track
PRJ-00713,2025-11-01,1913.07,1501.6,51.5,On Track
PRJ-00713,2025-12-01,1913.07,1565.46,53.0,On Track
PRJ-00713,2026-01-01,2488.45,1629.32,54.5,Delayed
PRJ-00713,2026-02-01,2488.45,1693.18,56.0,Delayed
PRJ-00713,2026-03-01,2488.45,1757.04,57.5,Delayed
PRJ-00713,2026-04-01,2488.45,1820.91,59.0,Delayed
PRJ-00713,2026-05-01,2488.45,1884.77,60.6,Delayed
PRJ-00713,2026-06-01,2488.45,1948.63,62.1,Delayed
PRJ-00713,2026-07-01,2488.45,2012.49,63.6,Delayed
PRJ-00713,2026-08-01,2488.45,2076.35,65.1,Delayed
PRJ-00714,2025-09-01,432.84,324.62,66.6,On Track
PRJ-00714,2025-10-01,432.84,334.46,69.6,On Track
PRJ-00714,2025-11-01,432.84,344.3,72.6,On Track
PRJ-00714,2025-12-01,432.84,354.14,75.7,On Track
PRJ-00714,2026-01-01,432.84,363.97,78.7,On Track
PRJ-00714,2026-02-01,432.84,373.81,81.8,On Track
PRJ-00714,2026-03-01,432.84,383.65,84.8,On Track
PRJ-00714,2026-04-01,432.84,393.49,87.8,On Track
PRJ-00714,2026-05-01,432.84,403.33,90.9,On Track
PRJ-00714,2026-06-01,432.84,413.16,93.9,On Track
PRJ-00714,2026-07-01,432.84,423.0,97.0,On Track
PRJ-00714,2026-08-01,432.84,432.84,100.0,Completed
PRJ-00715,2025-09-01,1667.69,989.96,35.4,On Track
PRJ-00715,2025-10-01,1667.69,1032.6,37.9,On Track
PRJ-00715,2025-11-01,1667.69,1075.24,40.4,On Track
PRJ-00715,2025-12-01,1667.69,1117.87,42.9,On Track
PRJ-00715,2026-01-01,1667.69,1160.51,45.4,Delayed
PRJ-00715,2026-02-01,1805.28,1203.14,47.9,Delayed
PRJ-00715,2026-03-01,1805.28,1245.78,50.4,Delayed
PRJ-00715,2026-04-01,1805.28,1288.42,52.9,Delayed
PRJ-00715,2026-05-01,1805.28,1331.05,55.4,Delayed
PRJ-00715,2026-06-01,1805.28,1373.69,57.9,Delayed
PRJ-00715,2026-07-01,1805.28,1416.32,60.4,Delayed
PRJ-00715,2026-08-01,1805.28,1458.96,62.9,Delayed
PRJ-00716,2025-09-01,254.61,155.29,67.5,On Track
PRJ-00716,2025-10-01,254.61,164.32,70.4,On Track
PRJ-00716,2025-11-01,254.61,173.35,73.4,On Track
PRJ-00716,2025-12-01,254.61,182.38,76.3,On Track
PRJ-00716,2026-01-01,254.61,191.41,79.3,On Track
PRJ-00716,2026-02-01,254.61,200.44,82.2,On Track
PRJ-00716,2026-03-01,254.61,209.47,85.2,On Track
PRJ-00716,2026-04-01,254.61,218.49,88.2,On Track
PRJ-00716,2026-05-01,254.61,227.52,91.1,On Track
PRJ-00716,2026-06-01,254.61,236.55,94.1,On Track
PRJ-00716,2026-07-01,254.61,245.58,97.0,On Track
PRJ-00716,2026-08-01,254.61,254.61,100.0,Completed
PRJ-00717,2025-09-01,349.32,274.27,84.8,On Track
PRJ-00717,2025-10-01,349.32,286.98,86.2,On Track
PRJ-00717,2025-11-01,349.32,299.69,87.6,On Track
PRJ-00717,2025-12-01,414.09,312.4,89.0,On Track
PRJ-00717,2026-01-01,414.09,325.11,90.3,Delayed
PRJ-00717,2026-02-01,414.09,337.82,91.7,Delayed
PRJ-00717,2026-03-01,414.09,350.53,93.1,Delayed
PRJ-00717,2026-04-01,414.09,363.25,94.5,Delayed
PRJ-00717,2026-05-01,414.09,375.96,95.9,Delayed
PRJ-00717,2026-06-01,414.09,388.67,97.2,Delayed
PRJ-00717,2026-07-01,414.09,401.38,98.6,Delayed
PRJ-00717,2026-08-01,414.09,414.09,100.0,Completed
PRJ-00718,2025-09-01,816.82,322.06,0.0,On Track
PRJ-00718,2025-10-01,816.82,340.72,2.6,On Track
PRJ-00718,2025-11-01,816.82,359.38,5.2,On Track
PRJ-00718,2025-12-01,816.82,378.04,7.7,On Track
PRJ-00718,2026-01-01,816.82,396.7,10.3,Delayed
PRJ-00718,2026-02-01,1016.65,415.36,12.9,Delayed
PRJ-00718,2026-03-01,1016.65,434.02,15.5,Delayed
PRJ-00718,2026-04-01,1016.65,452.68,18.1,Delayed
PRJ-00718,2026-05-01,1016.65,471.34,20.7,Delayed
PRJ-00718,2026-06-01,1016.65,490.0,23.2,Delayed
PRJ-00718,2026-07-01,1016.65,508.66,25.8,Delayed
PRJ-00718,2026-08-01,1016.65,527.32,28.4,Delayed
PRJ-00719,2025-09-01,1114.64,550.58,4.2,On Track
PRJ-00719,2025-10-01,1114.64,572.0,7.1,On Track
PRJ-00719,2025-11-01,1114.64,593.43,9.9,On Track
PRJ-00719,2025-12-01,1316.24,614.85,12.7,On Track
PRJ-00719,2026-01-01,1316.24,636.27,15.5,Delayed
PRJ-00719,2026-02-01,1316.24,657.7,18.4,Delayed
PRJ-00719,2026-03-01,1316.24,679.12,21.2,Delayed
PRJ-00719,2026-04-01,1316.24,700.55,24.0,Delayed
PRJ-00719,2026-05-01,1316.24,721.97,26.8,Delayed
PRJ-00719,2026-06-01,1316.24,743.39,29.7,Delayed
PRJ-00719,2026-07-01,1316.24,764.82,32.5,Delayed
PRJ-00719,2026-08-01,1316.24,786.24,35.3,Delayed
PRJ-00720,2025-09-01,186.83,163.02,45.3,On Track
PRJ-00720,2025-10-01,186.83,169.84,48.1,On Track
PRJ-00720,2025-11-01,186.83,176.66,50.9,On Track
PRJ-00720,2025-12-01,186.83,183.48,53.7,On Track
PRJ-00720,2026-01-01,186.83,190.3,56.5,Delayed
PRJ-00720,2026-02-01,186.83,197.12,59.3,Delayed
PRJ-00720,2026-03-01,186.83,203.94,62.1,Delayed
PRJ-00720,2026-04-01,186.83,210.76,64.8,Delayed
PRJ-00720,2026-05-01,242.77,217.58,67.6,Delayed
PRJ-00720,2026-06-01,242.77,224.4,70.4,Delayed
PRJ-00720,2026-07-01,242.77,231.22,73.2,Delayed
PRJ-00720,2026-08-01,242.77,238.04,76.0,Delayed
PRJ-00721,2025-09-01,673.82,198.01,0.0,On Track
PRJ-00721,2025-10-01,673.82,204.35,2.0,On Track
PRJ-00721,2025-11-01,673.82,210.68,4.0,On Track
PRJ-00721,2025-12-01,673.82,217.01,6.0,On Track
PRJ-00721,2026-01-01,673.82,223.34,8.0,Stalled
PRJ-00721,2026-02-01,673.82,229.67,10.0,Stalled
PRJ-00721,2026-03-01,673.82,236.0,12.1,Delayed
PRJ-00721,2026-04-01,673.82,242.33,14.1,Delayed
PRJ-00721,2026-05-01,673.82,248.67,16.1,Delayed
PRJ-00721,2026-06-01,828.82,255.0,18.1,Delayed
PRJ-00721,2026-07-01,828.82,261.33,20.1,Delayed
PRJ-00721,2026-08-01,828.82,267.66,22.1,Delayed
PRJ-00722,2025-09-01,1742.72,1076.84,72.2,On Track
PRJ-00722,2025-10-01,1742.72,1137.37,74.7,On Track
PRJ-00722,2025-11-01,1742.72,1197.91,77.2,On Track
PRJ-00722,2025-12-01,1742.72,1258.44,79.8,On Track
PRJ-00722,2026-01-01,1742.72,1318.98,82.3,On Track
PRJ-00722,2026-02-01,1742.72,1379.51,84.8,On Track
PRJ-00722,2026-03-01,1742.72,1440.05,87.4,On Track
PRJ-00722,2026-04-01,1742.72,1500.58,89.9,On Track
PRJ-00722,2026-05-01,1742.72,1561.12,92.4,On Track
PRJ-00722,2026-06-01,1742.72,1621.65,94.9,On Track
PRJ-00722,2026-07-01,1742.72,1682.19,97.5,On Track
PRJ-00722,2026-08-01,1742.72,1742.72,100.0,Completed
PRJ-00723,2025-09-01,3644.94,2469.11,66.9,On Track
PRJ-00723,2025-10-01,3644.94,2617.46,69.9,On Track
PRJ-00723,2025-11-01,3644.94,2765.8,73.0,On Track
PRJ-00723,2025-12-01,3644.94,2914.15,76.0,On Track
PRJ-00723,2026-01-01,3644.94,3062.5,79.0,Delayed
PRJ-00723,2026-02-01,3644.94,3210.84,82.0,Delayed
PRJ-00723,2026-03-01,3644.94,3359.19,85.0,Delayed
PRJ-00723,2026-04-01,3644.94,3507.53,88.0,Delayed
PRJ-00723,2026-05-01,3644.94,3655.88,91.0,Delayed
PRJ-00723,2026-06-01,4100.92,3804.23,94.0,Delayed
PRJ-00723,2026-07-01,4100.92,3952.57,97.0,Delayed
PRJ-00723,2026-08-01,4100.92,4100.92,100.0,Completed
PRJ-00724,2025-09-01,771.85,209.2,0.0,On Track
PRJ-00724,2025-10-01,771.85,214.69,2.0,On Track
PRJ-00724,2025-11-01,771.85,220.18,3.9,On Track
PRJ-00724,2025-12-01,771.85,225.67,5.9,On Track
PRJ-00724,2026-01-01,893.55,231.16,7.8,Stalled
PRJ-00724,2026-02-01,893.55,236.65,9.8,Stalled
PRJ-00724,2026-03-01,893.55,242.13,11.7,Delayed
PRJ-00724,2026-04-01,893.55,247.62,13.7,Delayed
PRJ-00724,2026-05-01,893.55,253.11,15.6,Delayed
PRJ-00724,2026-06-01,893.55,258.6,17.6,Delayed
PRJ-00724,2026-07-01,893.55,264.09,19.5,Delayed
PRJ-00724,2026-08-01,893.55,269.58,21.5,Delayed
PRJ-00725,2025-09-01,2109.71,820.13,40.1,On Track
PRJ-00725,2025-10-01,2109.71,859.61,42.0,On Track
PRJ-00725,2025-11-01,2109.71,899.08,44.0,On Track
PRJ-00725,2025-12-01,2109.71,938.56,45.9,On Track
PRJ-00725,2026-01-01,2109.71,978.03,47.9,On Track
PRJ-00725,2026-02-01,2109.71,1017.51,49.8,On Track
PRJ-00725,2026-03-01,2109.71,1056.98,51.8,On Track
PRJ-00725,2026-04-01,2109.71,1096.46,53.7,On Track
PRJ-00725,2026-05-01,2109.71,1135.93,55.7,On Track
PRJ-00725,2026-06-01,2109.71,1175.41,57.6,On Track
PRJ-00725,2026-07-01,2109.71,1214.88,59.6,On Track
PRJ-00725,2026-08-01,2109.71,1254.36,61.5,On Track
PRJ-00726,2025-09-01,570.61,72.03,0.0,On Track
PRJ-00726,2025-10-01,570.61,74.13,1.6,On Track
PRJ-00726,2025-11-01,570.61,76.22,3.1,On Track
PRJ-00726,2025-12-01,570.61,78.32,4.7,On Track
PRJ-00726,2026-01-01,570.61,80.42,6.3,On Track
PRJ-00726,2026-02-01,570.61,82.51,7.9,On Track
PRJ-00726,2026-03-01,570.61,84.61,9.4,On Track
PRJ-00726,2026-04-01,570.61,86.7,11.0,On Track
PRJ-00726,2026-05-01,570.61,88.8,12.6,On Track
PRJ-00726,2026-06-01,570.61,90.9,14.2,On Track
PRJ-00726,2026-07-01,570.61,92.99,15.7,On Track
PRJ-00726,2026-08-01,570.61,95.09,17.3,On Track
PRJ-00727,2025-09-01,1038.83,673.06,67.8,On Track
PRJ-00727,2025-10-01,1038.83,706.31,70.8,On Track
PRJ-00727,2025-11-01,1038.83,739.56,73.7,On Track
PRJ-00727,2025-12-01,1038.83,772.82,76.6,On Track
PRJ-00727,2026-01-01,1038.83,806.07,79.5,On Track
PRJ-00727,2026-02-01,1038.83,839.32,82.5,On Track
PRJ-00727,2026-03-01,1038.83,872.57,85.4,On Track
PRJ-00727,2026-04-01,1038.83,905.82,88.3,On Track
PRJ-00727,2026-05-01,1038.83,939.07,91.2,On Track
PRJ-00727,2026-06-01,1038.83,972.33,94.2,On Track
PRJ-00727,2026-07-01,1038.83,1005.58,97.1,On Track
PRJ-00727,2026-08-01,1038.83,1038.83,100.0,Completed
PRJ-00728,2025-09-01,535.5,183.62,0.0,On Track
PRJ-00728,2025-10-01,535.5,188.69,1.4,On Track
PRJ-00728,2025-11-01,535.5,193.75,2.8,On Track
PRJ-00728,2025-12-01,605.94,198.82,4.1,On Track
PRJ-00728,2026-01-01,605.94,203.89,5.5,Stalled
PRJ-00728,2026-02-01,605.94,208.95,6.9,Stalled
PRJ-00728,2026-03-01,605.94,214.02,8.3,Stalled
PRJ-00728,2026-04-01,605.94,219.08,9.7,Stalled
PRJ-00728,2026-05-01,605.94,224.15,11.1,Delayed
PRJ-00728,2026-06-01,605.94,229.22,12.4,Delayed
PRJ-00728,2026-07-01,605.94,234.28,13.8,Delayed
PRJ-00728,2026-08-01,605.94,239.35,15.2,Delayed
PRJ-00729,2025-09-01,1396.75,1358.92,75.9,On Track
PRJ-00729,2025-10-01,1396.75,1400.79,78.1,On Track
PRJ-00729,2025-11-01,1396.75,1442.65,80.3,On Track
PRJ-00729,2025-12-01,1396.75,1484.52,82.5,On Track
PRJ-00729,2026-01-01,1396.75,1526.38,84.7,Delayed
PRJ-00729,2026-02-01,1396.75,1568.25,86.9,Delayed
PRJ-00729,2026-03-01,1396.75,1610.12,89.1,Delayed
PRJ-00729,2026-04-01,1819.45,1651.98,91.3,Delayed
PRJ-00729,2026-05-01,1819.45,1693.85,93.4,Delayed
PRJ-00729,2026-06-01,1819.45,1735.72,95.6,Delayed
PRJ-00729,2026-07-01,1819.45,1777.58,97.8,Delayed
PRJ-00729,2026-08-01,1819.45,1819.45,100.0,Completed
PRJ-00730,2025-09-01,483.97,368.84,81.1,On Track
PRJ-00730,2025-10-01,483.97,379.3,82.8,On Track
PRJ-00730,2025-11-01,483.97,389.77,84.6,On Track
PRJ-00730,2025-12-01,483.97,400.24,86.3,On Track
PRJ-00730,2026-01-01,483.97,410.7,88.0,On Track
PRJ-00730,2026-02-01,483.97,421.17,89.7,On Track
PRJ-00730,2026-03-01,483.97,431.64,91.4,On Track
PRJ-00730,2026-04-01,483.97,442.1,93.1,On Track
PRJ-00730,2026-05-01,483.97,452.57,94.9,On Track
PRJ-00730,2026-06-01,483.97,463.04,96.6,On Track
PRJ-00730,2026-07-01,483.97,473.5,98.3,On Track
PRJ-00730,2026-08-01,483.97,483.97,100.0,Completed
PRJ-00731,2025-09-01,333.01,245.57,48.2,On Track
PRJ-00731,2025-10-01,333.01,253.21,50.5,On Track
PRJ-00731,2025-11-01,333.01,260.86,52.8,On Track
PRJ-00731,2025-12-01,388.43,268.5,55.2,On Track
PRJ-00731,2026-01-01,388.43,276.15,57.5,Delayed
PRJ-00731,2026-02-01,388.43,283.79,59.8,Delayed
PRJ-00731,2026-03-01,388.43,291.44,62.1,Delayed
PRJ-00731,2026-04-01,388.43,299.08,64.5,Delayed
PRJ-00731,2026-05-01,388.43,306.73,66.8,Delayed
PRJ-00731,2026-06-01,388.43,314.37,69.1,Delayed
PRJ-00731,2026-07-01,388.43,322.02,71.5,Delayed
PRJ-00731,2026-08-01,388.43,329.66,73.8,Delayed
PRJ-00732,2025-09-01,1217.5,1150.15,64.1,On Track
PRJ-00732,2025-10-01,1217.5,1182.63,65.5,On Track
PRJ-00732,2025-11-01,1217.5,1215.11,66.9,On Track
PRJ-00732,2025-12-01,1217.5,1247.59,68.2,On Track
PRJ-00732,2026-01-01,1217.5,1280.08,69.6,Delayed
PRJ-00732,2026-02-01,1217.5,1312.56,71.0,Delayed
PRJ-00732,2026-03-01,1217.5,1345.04,72.4,Delayed
PRJ-00732,2026-04-01,1217.5,1377.52,73.7,Delayed
PRJ-00732,2026-05-01,1655.07,1410.0,75.1,Delayed
PRJ-00732,2026-06-01,1655.07,1442.48,76.5,Delayed
PRJ-00732,2026-07-01,1655.07,1474.96,77.8,Delayed
PRJ-00732,2026-08-01,1655.07,1507.44,79.2,Delayed
PRJ-00733,2025-09-01,541.53,430.97,76.4,On Track
PRJ-00733,2025-10-01,541.53,441.02,78.6,On Track
PRJ-00733,2025-11-01,541.53,451.07,80.7,On Track
PRJ-00733,2025-12-01,541.53,461.12,82.9,On Track
PRJ-00733,2026-01-01,541.53,471.17,85.0,On Track
PRJ-00733,2026-02-01,541.53,481.22,87.1,On Track
PRJ-00733,2026-03-01,541.53,491.27,89.3,On Track
PRJ-00733,2026-04-01,541.53,501.33,91.4,On Track
PRJ-00733,2026-05-01,541.53,511.38,93.6,On Track
PRJ-00733,2026-06-01,541.53,521.43,95.7,On Track
PRJ-00733,2026-07-01,541.53,531.48,97.9,On Track
PRJ-00733,2026-08-01,541.53,541.53,100.0,Completed
PRJ-00734,2025-09-01,241.45,152.82,65.2,On Track
PRJ-00734,2025-10-01,241.45,160.88,68.4,On Track
PRJ-00734,2025-11-01,241.45,168.93,71.5,On Track
PRJ-00734,2025-12-01,241.45,176.99,74.7,On Track
PRJ-00734,2026-01-01,241.45,185.05,77.8,On Track
PRJ-00734,2026-02-01,241.45,193.11,81.0,On Track
PRJ-00734,2026-03-01,241.45,201.16,84.2,On Track
PRJ-00734,2026-04-01,241.45,209.22,87.3,On Track
PRJ-00734,2026-05-01,241.45,217.28,90.5,On Track
PRJ-00734,2026-06-01,241.45,225.34,93.7,On Track
PRJ-00734,2026-07-01,241.45,233.39,96.8,On Track
PRJ-00734,2026-08-01,241.45,241.45,100.0,Completed
PRJ-00735,2025-09-01,609.92,413.03,70.3,On Track
PRJ-00735,2025-10-01,609.92,427.12,72.5,On Track
PRJ-00735,2025-11-01,609.92,441.21,74.8,On Track
PRJ-00735,2025-12-01,609.92,455.3,77.0,On Track
PRJ-00735,2026-01-01,609.92,469.39,79.3,On Track
PRJ-00735,2026-02-01,609.92,483.48,81.5,On Track
PRJ-00735,2026-03-01,609.92,497.57,83.8,On Track
PRJ-00735,2026-04-01,609.92,511.66,86.0,On Track
PRJ-00735,2026-05-01,609.92,525.75,88.3,On Track
PRJ-00735,2026-06-01,609.92,539.84,90.5,On Track
PRJ-00735,2026-07-01,609.92,553.93,92.8,On Track
PRJ-00735,2026-08-01,609.92,568.02,95.0,On Track
PRJ-00736,2025-09-01,5346.29,1293.03,0.0,On Track
PRJ-00736,2025-10-01,5346.29,1323.56,0.2,On Track
PRJ-00736,2025-11-01,5346.29,1354.09,0.4,On Track
PRJ-00736,2025-12-01,5346.29,1384.62,0.5,On Track
PRJ-00736,2026-01-01,7043.29,1415.15,0.7,Stalled
PRJ-00736,2026-02-01,7043.29,1445.68,0.9,Stalled
PRJ-00736,2026-03-01,7043.29,1476.21,1.1,Stalled
PRJ-00736,2026-04-01,7043.29,1506.75,1.3,Stalled
PRJ-00736,2026-05-01,7043.29,1537.28,1.5,Stalled
PRJ-00736,2026-06-01,7043.29,1567.81,1.6,Stalled
PRJ-00736,2026-07-01,7043.29,1598.34,1.8,Stalled
PRJ-00736,2026-08-01,7043.29,1628.87,2.0,Stalled
PRJ-00737,2025-09-01,269.18,45.66,0.0,On Track
PRJ-00737,2025-10-01,269.18,48.15,0.2,On Track
PRJ-00737,2025-11-01,269.18,50.64,0.4,On Track
PRJ-00737,2025-12-01,269.18,53.14,0.5,On Track
PRJ-00737,2026-01-01,269.18,55.63,0.7,Stalled
PRJ-00737,2026-02-01,269.18,58.12,0.9,Stalled
PRJ-00737,2026-03-01,369.09,60.62,1.1,Stalled
PRJ-00737,2026-04-01,369.09,63.11,1.3,Stalled
PRJ-00737,2026-05-01,369.09,65.6,1.5,Stalled
PRJ-00737,2026-06-01,369.09,68.09,1.6,Stalled
PRJ-00737,2026-07-01,369.09,70.59,1.8,Stalled
PRJ-00737,2026-08-01,369.09,73.08,2.0,Stalled
PRJ-00738,2025-09-01,497.62,212.86,6.2,On Track
PRJ-00738,2025-10-01,497.62,219.97,8.5,On Track
PRJ-00738,2025-11-01,497.62,227.07,10.8,On Track
PRJ-00738,2025-12-01,497.62,234.18,13.1,On Track
PRJ-00738,2026-01-01,497.62,241.29,15.4,Delayed
PRJ-00738,2026-02-01,497.62,248.4,17.7,Delayed
PRJ-00738,2026-03-01,497.62,255.51,20.1,Delayed
PRJ-00738,2026-04-01,574.96,262.62,22.4,Delayed
PRJ-00738,2026-05-01,574.96,269.72,24.7,Delayed
PRJ-00738,2026-06-01,574.96,276.83,27.0,Delayed
PRJ-00738,2026-07-01,574.96,283.94,29.3,Delayed
PRJ-00738,2026-08-01,574.96,291.05,31.6,Delayed
PRJ-00739,2025-09-01,1294.0,785.03,82.0,On Track
PRJ-00739,2025-10-01,1294.0,831.3,83.6,On Track
PRJ-00739,2025-11-01,1294.0,877.57,85.3,On Track
PRJ-00739,2025-12-01,1294.0,923.84,86.9,On Track
PRJ-00739,2026-01-01,1294.0,970.11,88.5,On Track
PRJ-00739,2026-02-01,1294.0,1016.38,90.2,On Track
PRJ-00739,2026-03-01,1294.0,1062.65,91.8,On Track
PRJ-00739,2026-04-01,1294.0,1108.92,93.5,On Track
PRJ-00739,2026-05-01,1294.0,1155.19,95.1,On Track
PRJ-00739,2026-06-01,1294.0,1201.46,96.7,On Track
PRJ-00739,2026-07-01,1294.0,1247.73,98.4,On Track
PRJ-00739,2026-08-01,1294.0,1294.0,100.0,Completed
PRJ-00740,2025-09-01,2277.53,2347.99,48.2,On Track
PRJ-00740,2025-10-01,2277.53,2401.7,50.5,On Track
PRJ-00740,2025-11-01,2277.53,2455.4,52.7,On Track
PRJ-00740,2025-12-01,3309.97,2509.1,55.0,On Track
PRJ-00740,2026-01-01,3309.97,2562.81,57.2,Delayed
PRJ-00740,2026-02-01,3309.97,2616.51,59.5,Delayed
PRJ-00740,2026-03-01,3309.97,2670.21,61.7,Delayed
PRJ-00740,2026-04-01,3309.97,2723.92,64.0,Delayed
PRJ-00740,2026-05-01,3309.97,2777.62,66.2,Delayed
PRJ-00740,2026-06-01,3309.97,2831.32,68.5,Delayed
PRJ-00740,2026-07-01,3309.97,2885.03,70.7,Delayed
PRJ-00740,2026-08-01,3309.97,2938.73,73.0,Delayed
PRJ-00741,2025-09-01,587.42,168.7,3.2,On Track
PRJ-00741,2025-10-01,587.42,175.82,4.9,On Track
PRJ-00741,2025-11-01,587.42,182.94,6.6,On Track
PRJ-00741,2025-12-01,587.42,190.05,8.3,On Track
PRJ-00741,2026-01-01,587.42,197.17,10.1,Delayed
PRJ-00741,2026-02-01,587.42,204.29,11.8,Delayed
PRJ-00741,2026-03-01,587.42,211.41,13.5,Delayed
PRJ-00741,2026-04-01,587.42,218.53,15.2,Delayed
PRJ-00741,2026-05-01,656.28,225.65,16.9,Delayed
PRJ-00741,2026-06-01,656.28,232.77,18.7,Delayed
PRJ-00741,2026-07-01,656.28,239.89,20.4,Delayed
PRJ-00741,2026-08-01,656.28,247.01,22.1,Delayed
PRJ-00742,2025-09-01,5836.99,686.96,0.0,On Track
PRJ-00742,2025-10-01,5836.99,708.95,1.6,On Track
PRJ-00742,2025-11-01,5836.99,730.94,3.1,On Track
PRJ-00742,2025-12-01,5836.99,752.92,4.7,On Track
PRJ-00742,2026-01-01,5836.99,774.91,6.3,On Track
PRJ-00742,2026-02-01,5836.99,796.9,7.8,On Track
PRJ-00742,2026-03-01,5836.99,818.89,9.4,On Track
PRJ-00742,2026-04-01,5836.99,840.88,10.9,On Track
PRJ-00742,2026-05-01,5836.99,862.87,12.5,On Track
PRJ-00742,2026-06-01,5836.99,884.85,14.1,On Track
PRJ-00742,2026-07-01,5836.99,906.84,15.6,On Track
PRJ-00742,2026-08-01,5836.99,928.83,17.2,On Track
PRJ-00743,2025-09-01,397.14,146.45,10.6,On Track
PRJ-00743,2025-10-01,397.14,150.15,12.5,On Track
PRJ-00743,2025-11-01,397.14,153.84,14.4,On Track
PRJ-00743,2025-12-01,397.14,157.53,16.3,On Track
PRJ-00743,2026-01-01,417.0,161.22,18.2,Delayed
PRJ-00743,2026-02-01,417.0,164.92,20.1,Delayed
PRJ-00743,2026-03-01,417.0,168.61,22.0,Delayed
PRJ-00743,2026-04-01,417.0,172.3,24.0,Delayed
PRJ-00743,2026-05-01,417.0,175.99,25.9,Delayed
PRJ-00743,2026-06-01,417.0,179.69,27.8,Delayed
PRJ-00743,2026-07-01,417.0,183.38,29.7,Delayed
PRJ-00743,2026-08-01,417.0,187.07,31.6,Delayed
PRJ-00744,2025-09-01,745.02,526.23,70.7,On Track
PRJ-00744,2025-10-01,745.02,546.12,73.4,On Track
PRJ-00744,2025-11-01,745.02,566.01,76.1,On Track
PRJ-00744,2025-12-01,745.02,585.9,78.7,On Track
PRJ-00744,2026-01-01,745.02,605.79,81.4,On Track
PRJ-00744,2026-02-01,745.02,625.68,84.0,On Track
PRJ-00744,2026-03-01,745.02,645.57,86.7,On Track
PRJ-00744,2026-04-01,745.02,665.46,89.4,On Track
PRJ-00744,2026-05-01,745.02,685.35,92.0,On Track
PRJ-00744,2026-06-01,745.02,705.24,94.7,On Track
PRJ-00744,2026-07-01,745.02,725.13,97.3,On Track
PRJ-00744,2026-08-01,745.02,745.02,100.0,Completed
PRJ-00745,2025-09-01,214.33,174.92,48.7,On Track
PRJ-00745,2025-10-01,214.33,182.54,50.8,On Track
PRJ-00745,2025-11-01,214.33,190.17,52.8,On Track
PRJ-00745,2025-12-01,214.33,197.8,54.9,On Track
PRJ-00745,2026-01-01,214.33,205.43,56.9,Delayed
PRJ-00745,2026-02-01,214.33,213.05,58.9,Delayed
PRJ-00745,2026-03-01,214.33,220.68,61.0,Delayed
PRJ-00745,2026-04-01,289.72,228.31,63.0,Delayed
PRJ-00745,2026-05-01,289.72,235.94,65.1,Delayed
PRJ-00745,2026-06-01,289.72,243.56,67.1,Delayed
PRJ-00745,2026-07-01,289.72,251.19,69.2,Delayed
PRJ-00745,2026-08-01,289.72,258.82,71.2,Delayed
PRJ-00746,2025-09-01,490.04,161.28,0.0,On Track
PRJ-00746,2025-10-01,490.04,168.5,2.8,On Track
PRJ-00746,2025-11-01,490.04,175.72,5.5,On Track
PRJ-00746,2025-12-01,490.04,182.94,8.3,On Track
PRJ-00746,2026-01-01,490.04,190.16,11.1,Delayed
PRJ-00746,2026-02-01,591.8,197.39,13.8,Delayed
PRJ-00746,2026-03-01,591.8,204.61,16.6,Delayed
PRJ-00746,2026-04-01,591.8,211.83,19.3,Delayed
PRJ-00746,2026-05-01,591.8,219.05,22.1,Delayed
PRJ-00746,2026-06-01,591.8,226.27,24.9,Delayed
PRJ-00746,2026-07-01,591.8,233.49,27.6,Delayed
PRJ-00746,2026-08-01,591.8,240.71,30.4,Delayed
PRJ-00747,2025-09-01,2653.9,2102.55,71.0,On Track
PRJ-00747,2025-10-01,2653.9,2185.74,73.6,On Track
PRJ-00747,2025-11-01,2653.9,2268.93,76.2,On Track
PRJ-00747,2025-12-01,3017.66,2352.12,78.9,On Track
PRJ-00747,2026-01-01,3017.66,2435.31,81.5,Delayed
PRJ-00747,2026-02-01,3017.66,2518.51,84.2,Delayed
PRJ-00747,2026-03-01,3017.66,2601.7,86.8,Delayed
PRJ-00747,2026-04-01,3017.66,2684.89,89.4,Delayed
PRJ-00747,2026-05-01,3017.66,2768.08,92.1,Delayed
PRJ-00747,2026-06-01,3017.66,2851.28,94.7,Delayed
PRJ-00747,2026-07-01,3017.66,2934.47,97.4,Delayed
PRJ-00747,2026-08-01,3017.66,3017.66,100.0,Completed
PRJ-00748,2025-09-01,464.65,225.83,3.6,On Track
PRJ-00748,2025-10-01,464.65,231.76,6.1,On Track
PRJ-00748,2025-11-01,464.65,237.69,8.5,On Track
PRJ-00748,2025-12-01,464.65,243.62,11.0,On Track
PRJ-00748,2026-01-01,526.39,249.56,13.5,Delayed
PRJ-00748,2026-02-01,526.39,255.49,15.9,Delayed
PRJ-00748,2026-03-01,526.39,261.42,18.4,Delayed
PRJ-00748,2026-04-01,526.39,267.36,20.9,Delayed
PRJ-00748,2026-05-01,526.39,273.29,23.3,Delayed
PRJ-00748,2026-06-01,526.39,279.22,25.8,Delayed
PRJ-00748,2026-07-01,526.39,285.16,28.2,Delayed
PRJ-00748,2026-08-01,526.39,291.09,30.7,Delayed
PRJ-00749,2025-09-01,319.97,99.0,0.0,On Track
PRJ-00749,2025-10-01,319.97,104.91,1.8,On Track
PRJ-00749,2025-11-01,319.97,110.83,3.6,On Track
PRJ-00749,2025-12-01,319.97,116.74,5.5,On Track
PRJ-00749,2026-01-01,319.97,122.65,7.3,Stalled
PRJ-00749,2026-02-01,397.97,128.57,9.1,Stalled
PRJ-00749,2026-03-01,397.97,134.48,10.9,Delayed
PRJ-00749,2026-04-01,397.97,140.39,12.7,Delayed
PRJ-00749,2026-05-01,397.97,146.31,14.5,Delayed
PRJ-00749,2026-06-01,397.97,152.22,16.4,Delayed
PRJ-00749,2026-07-01,397.97,158.14,18.2,Delayed
PRJ-00749,2026-08-01,397.97,164.05,20.0,Delayed
PRJ-00750,2025-09-01,399.11,309.38,40.4,On Track
PRJ-00750,2025-10-01,399.11,317.98,42.9,On Track
PRJ-00750,2025-11-01,399.11,326.58,45.5,On Track
PRJ-00750,2025-12-01,399.11,335.18,48.0,On Track
PRJ-00750,2026-01-01,399.11,343.78,50.6,Delayed
PRJ-00750,2026-02-01,399.11,352.37,53.1,Delayed
PRJ-00750,2026-03-01,399.11,360.97,55.7,Delayed
PRJ-00750,2026-04-01,399.11,369.57,58.3,Delayed
PRJ-00750,2026-05-01,526.91,378.17,60.8,Delayed
PRJ-00750,2026-06-01,526.91,386.77,63.4,Delayed
PRJ-00750,2026-07-01,526.91,395.37,65.9,Delayed
PRJ-00750,2026-08-01,526.91,403.97,68.5,Delayed
PRJ-00751,2025-09-01,702.33,543.82,55.0,On Track
PRJ-00751,2025-10-01,702.33,563.37,56.5,On Track
PRJ-00751,2025-11-01,702.33,582.92,58.1,On Track
PRJ-00751,2025-12-01,702.33,602.47,59.6,On Track
PRJ-00751,2026-01-01,702.33,622.02,61.2,Delayed
PRJ-00751,2026-02-01,702.33,641.57,62.7,Delayed
PRJ-00751,2026-03-01,702.33,661.12,64.3,Delayed
PRJ-00751,2026-04-01,702.33,680.67,65.9,Delayed
PRJ-00751,2026-05-01,702.33,700.22,67.4,Delayed
PRJ-00751,2026-06-01,865.43,719.77,69.0,Delayed
PRJ-00751,2026-07-01,865.43,739.32,70.5,Delayed
PRJ-00751,2026-08-01,865.43,758.87,72.1,Delayed
PRJ-00752,2025-09-01,497.93,308.01,84.1,On Track
PRJ-00752,2025-10-01,497.93,325.28,85.6,On Track
PRJ-00752,2025-11-01,497.93,342.54,87.0,On Track
PRJ-00752,2025-12-01,497.93,359.81,88.5,On Track
PRJ-00752,2026-01-01,497.93,377.07,89.9,On Track
PRJ-00752,2026-02-01,497.93,394.34,91.4,On Track
PRJ-00752,2026-03-01,497.93,411.6,92.8,On Track
PRJ-00752,2026-04-01,497.93,428.87,94.2,On Track
PRJ-00752,2026-05-01,497.93,446.13,95.7,On Track
PRJ-00752,2026-06-01,497.93,463.4,97.1,On Track
PRJ-00752,2026-07-01,497.93,480.66,98.6,On Track
PRJ-00752,2026-08-01,497.93,497.93,100.0,Completed
PRJ-00753,2025-09-01,336.97,225.37,82.0,On Track
PRJ-00753,2025-10-01,336.97,235.52,83.6,On Track
PRJ-00753,2025-11-01,336.97,245.66,85.2,On Track
PRJ-00753,2025-12-01,336.97,255.81,86.9,On Track
PRJ-00753,2026-01-01,336.97,265.95,88.5,On Track
PRJ-00753,2026-02-01,336.97,276.1,90.2,On Track
PRJ-00753,2026-03-01,336.97,286.24,91.8,On Track
PRJ-00753,2026-04-01,336.97,296.39,93.4,On Track
PRJ-00753,2026-05-01,336.97,306.53,95.1,On Track
PRJ-00753,2026-06-01,336.97,316.68,96.7,On Track
PRJ-00753,2026-07-01,336.97,326.82,98.4,On Track
PRJ-00753,2026-08-01,336.97,336.97,100.0,Completed
PRJ-00754,2025-09-01,3837.01,1648.93,2.0,On Track
PRJ-00754,2025-10-01,3837.01,1713.6,4.7,On Track
PRJ-00754,2025-11-01,3837.01,1778.27,7.3,On Track
PRJ-00754,2025-12-01,3837.01,1842.94,10.0,On Track
PRJ-00754,2026-01-01,3837.01,1907.62,12.6,Delayed
PRJ-00754,2026-02-01,3837.01,1972.29,15.3,Delayed
PRJ-00754,2026-03-01,3837.01,2036.96,17.9,Delayed
PRJ-00754,2026-04-01,4915.42,2101.63,20.6,Delayed
PRJ-00754,2026-05-01,4915.42,2166.3,23.2,Delayed
PRJ-00754,2026-06-01,4915.42,2230.98,25.9,Delayed
PRJ-00754,2026-07-01,4915.42,2295.65,28.5,Delayed
PRJ-00754,2026-08-01,4915.42,2360.32,31.2,Delayed
PRJ-00755,2025-09-01,2052.37,1256.97,53.3,On Track
PRJ-00755,2025-10-01,2052.37,1317.58,54.7,On Track
PRJ-00755,2025-11-01,2052.37,1378.18,56.1,On Track
PRJ-00755,2025-12-01,2366.48,1438.79,57.6,On Track
PRJ-00755,2026-01-01,2366.48,1499.4,59.0,Delayed
PRJ-00755,2026-02-01,2366.48,1560.01,60.4,Delayed
PRJ-00755,2026-03-01,2366.48,1620.62,61.8,Delayed
PRJ-00755,2026-04-01,2366.48,1681.23,63.2,Delayed
PRJ-00755,2026-05-01,2366.48,1741.83,64.6,Delayed
PRJ-00755,2026-06-01,2366.48,1802.44,66.1,Delayed
PRJ-00755,2026-07-01,2366.48,1863.05,67.5,Delayed
PRJ-00755,2026-08-01,2366.48,1923.66,68.9,Delayed
PRJ-00756,2025-09-01,301.64,60.15,12.7,On Track
PRJ-00756,2025-10-01,301.64,63.72,14.8,On Track
PRJ-00756,2025-11-01,301.64,67.28,16.8,On Track
PRJ-00756,2025-12-01,301.64,70.85,18.9,On Track
PRJ-00756,2026-01-01,301.64,74.41,21.0,On Track
PRJ-00756,2026-02-01,301.64,77.98,23.0,On Track
PRJ-00756,2026-03-01,301.64,81.54,25.1,On Track
PRJ-00756,2026-04-01,301.64,85.11,27.2,On Track
PRJ-00756,2026-05-01,301.64,88.67,29.2,On Track
PRJ-00756,2026-06-01,301.64,92.24,31.3,On Track
PRJ-00756,2026-07-01,301.64,95.8,33.3,On Track
PRJ-00756,2026-08-01,301.64,99.37,35.4,On Track
PRJ-00757,2025-09-01,1424.85,708.33,21.2,On Track
PRJ-00757,2025-10-01,1424.85,741.47,23.1,On Track
PRJ-00757,2025-11-01,1424.85,774.6,25.1,On Track
PRJ-00757,2025-12-01,1424.85,807.74,27.0,On Track
PRJ-00757,2026-01-01,1741.91,840.87,29.0,Delayed
PRJ-00757,2026-02-01,1741.91,874.01,30.9,Delayed
PRJ-00757,2026-03-01,1741.91,907.14,32.9,Delayed
PRJ-00757,2026-04-01,1741.91,940.28,34.8,Delayed
PRJ-00757,2026-05-01,1741.91,973.41,36.8,Delayed
PRJ-00757,2026-06-01,1741.91,1006.55,38.7,Delayed
PRJ-00757,2026-07-01,1741.91,1039.68,40.7,Delayed
PRJ-00757,2026-08-01,1741.91,1072.82,42.6,Delayed
PRJ-00758,2025-09-01,523.08,141.01,0.0,On Track
PRJ-00758,2025-10-01,523.08,145.02,1.1,On Track
PRJ-00758,2025-11-01,523.08,149.03,2.2,On Track
PRJ-00758,2025-12-01,523.08,153.05,3.2,On Track
PRJ-00758,2026-01-01,523.08,157.06,4.3,Stalled
PRJ-00758,2026-02-01,523.08,161.08,5.4,Stalled
PRJ-00758,2026-03-01,523.08,165.09,6.5,Stalled
PRJ-00758,2026-04-01,634.7,169.1,7.6,Stalled
PRJ-00758,2026-05-01,634.7,173.12,8.7,Stalled
PRJ-00758,2026-06-01,634.7,177.13,9.7,Stalled
PRJ-00758,2026-07-01,634.7,181.15,10.8,Delayed
PRJ-00758,2026-08-01,634.7,185.16,11.9,Delayed
PRJ-00759,2025-09-01,2136.03,1093.45,61.8,On Track
PRJ-00759,2025-10-01,2136.03,1157.42,64.4,On Track
PRJ-00759,2025-11-01,2136.03,1221.38,67.0,On Track
PRJ-00759,2025-12-01,2136.03,1285.35,69.6,On Track
PRJ-00759,2026-01-01,2136.03,1349.32,72.2,On Track
PRJ-00759,2026-02-01,2136.03,1413.29,74.8,On Track
PRJ-00759,2026-03-01,2136.03,1477.26,77.4,On Track
PRJ-00759,2026-04-01,2136.03,1541.23,80.0,On Track
PRJ-00759,2026-05-01,2136.03,1605.19,82.6,On Track
PRJ-00759,2026-06-01,2136.03,1669.16,85.2,On Track
PRJ-00759,2026-07-01,2136.03,1733.13,87.8,On Track
PRJ-00759,2026-08-01,2136.03,1797.1,90.4,On Track
PRJ-00760,2025-09-01,6437.23,2163.6,0.0,On Track
PRJ-00760,2025-10-01,6437.23,2217.67,0.9,On Track
PRJ-00760,2025-11-01,6437.23,2271.75,1.7,On Track
PRJ-00760,2025-12-01,6437.23,2325.82,2.6,On Track
PRJ-00760,2026-01-01,6437.23,2379.89,3.5,Stalled
PRJ-00760,2026-02-01,6437.23,2433.96,4.3,Stalled
PRJ-00760,2026-03-01,6437.23,2488.03,5.2,Stalled
PRJ-00760,2026-04-01,6437.23,2542.1,6.0,Stalled
PRJ-00760,2026-05-01,6437.23,2596.18,6.9,Stalled
PRJ-00760,2026-06-01,8226.46,2650.25,7.8,Stalled
PRJ-00760,2026-07-01,8226.46,2704.32,8.6,Stalled
PRJ-00760,2026-08-01,8226.46,2758.39,9.5,Stalled
PRJ-00761,2025-09-01,487.47,96.0,0.0,On Track
PRJ-00761,2025-10-01,487.47,100.51,0.9,On Track
PRJ-00761,2025-11-01,487.47,105.02,1.8,On Track
PRJ-00761,2025-12-01,487.47,109.53,2.7,On Track
PRJ-00761,2026-01-01,487.47,114.04,3.6,Stalled
PRJ-00761,2026-02-01,487.47,118.55,4.5,Stalled
PRJ-00761,2026-03-01,487.47,123.05,5.3,Stalled
PRJ-00761,2026-04-01,487.47,127.56,6.2,Stalled
PRJ-00761,2026-05-01,487.47,132.07,7.1,Stalled
PRJ-00761,2026-06-01,617.06,136.58,8.0,Stalled
PRJ-00761,2026-07-01,617.06,141.09,8.9,Stalled
PRJ-00761,2026-08-01,617.06,145.6,9.8,Stalled
PRJ-00762,2025-09-01,2034.88,965.73,36.4,On Track
PRJ-00762,2025-10-01,2034.88,989.26,38.5,On Track
PRJ-00762,2025-11-01,2034.88,1012.78,40.6,On Track
PRJ-00762,2025-12-01,2034.88,1036.31,42.7,On Track
PRJ-00762,2026-01-01,2034.88,1059.83,44.8,On Track
PRJ-00762,2026-02-01,2034.88,1083.36,46.9,On Track
PRJ-00762,2026-03-01,2034.88,1106.88,49.0,On Track
PRJ-00762,2026-04-01,2034.88,1130.41,51.0,On Track
PRJ-00762,2026-05-01,2034.88,1153.93,53.1,On Track
PRJ-00762,2026-06-01,2034.88,1177.46,55.2,On Track
PRJ-00762,2026-07-01,2034.88,1200.98,57.3,On Track
PRJ-00762,2026-08-01,2034.88,1224.51,59.4,On Track
PRJ-00763,2025-09-01,2332.14,1430.66,33.1,On Track
PRJ-00763,2025-10-01,2332.14,1504.89,34.9,On Track
PRJ-00763,2025-11-01,2332.14,1579.12,36.6,On Track
PRJ-00763,2025-12-01,2332.14,1653.35,38.3,On Track
PRJ-00763,2026-01-01,3153.79,1727.58,40.1,Delayed
PRJ-00763,2026-02-01,3153.79,1801.81,41.8,Delayed
PRJ-00763,2026-03-01,3153.79,1876.04,43.5,Delayed
PRJ-00763,2026-04-01,3153.79,1950.26,45.3,Delayed
PRJ-00763,2026-05-01,3153.79,2024.49,47.0,Delayed
PRJ-00763,2026-06-01,3153.79,2098.72,48.7,Delayed
PRJ-00763,2026-07-01,3153.79,2172.95,50.5,Delayed
PRJ-00763,2026-08-01,3153.79,2247.18,52.2,Delayed
PRJ-00764,2025-09-01,729.58,450.0,74.0,On Track
PRJ-00764,2025-10-01,729.58,476.08,76.3,On Track
PRJ-00764,2025-11-01,729.58,502.16,78.7,On Track
PRJ-00764,2025-12-01,729.58,528.24,81.1,On Track
PRJ-00764,2026-01-01,729.58,554.32,83.4,On Track
PRJ-00764,2026-02-01,729.58,580.4,85.8,On Track
PRJ-00764,2026-03-01,729.58,606.48,88.2,On Track
PRJ-00764,2026-04-01,729.58,632.56,90.5,On Track
PRJ-00764,2026-05-01,729.58,658.64,92.9,On Track
PRJ-00764,2026-06-01,729.58,684.72,95.3,On Track
PRJ-00764,2026-07-01,729.58,710.8,97.6,On Track
PRJ-00764,2026-08-01,729.58,736.88,100.0,Completed
PRJ-00765,2025-09-01,2336.14,1607.08,40.5,On Track
PRJ-00765,2025-10-01,2336.14,1684.92,43.1,On Track
PRJ-00765,2025-11-01,2336.14,1762.75,45.7,On Track
PRJ-00765,2025-12-01,2336.14,1840.59,48.3,On Track
PRJ-00765,2026-01-01,2336.14,1918.43,50.9,Delayed
PRJ-00765,2026-02-01,2336.14,1996.26,53.5,Delayed
PRJ-00765,2026-03-01,3099.83,2074.1,56.1,Delayed
PRJ-00765,2026-04-01,3099.83,2151.94,58.7,Delayed
PRJ-00765,2026-05-01,3099.83,2229.77,61.3,Delayed
PRJ-00765,2026-06-01,3099.83,2307.61,63.9,Delayed
PRJ-00765,2026-07-01,3099.83,2385.44,66.5,Delayed
PRJ-00765,2026-08-01,3099.83,2463.28,69.1,Delayed
PRJ-00766,2025-09-01,979.24,745.47,77.6,On Track
PRJ-00766,2025-10-01,979.24,766.72,79.7,On Track
PRJ-00766,2025-11-01,979.24,787.97,81.7,On Track
PRJ-00766,2025-12-01,979.24,809.22,83.7,On Track
PRJ-00766,2026-01-01,979.24,830.48,85.8,On Track
PRJ-00766,2026-02-01,979.24,851.73,87.8,On Track
PRJ-00766,2026-03-01,979.24,872.98,89.8,On Track
PRJ-00766,2026-04-01,979.24,894.23,91.9,On Track
PRJ-00766,2026-05-01,979.24,915.48,93.9,On Track
PRJ-00766,2026-06-01,979.24,936.74,95.9,On Track
PRJ-00766,2026-07-01,979.24,957.99,98.0,On Track
PRJ-00766,2026-08-01,979.24,979.24,100.0,Completed
PRJ-00767,2025-09-01,442.44,336.69,48.1,On Track
PRJ-00767,2025-10-01,442.44,344.76,49.8,On Track
PRJ-00767,2025-11-01,442.44,352.84,51.5,On Track
PRJ-00767,2025-12-01,442.44,360.91,53.2,On Track
PRJ-00767,2026-01-01,442.44,368.99,54.9,Delayed
PRJ-00767,2026-02-01,442.44,377.06,56.5,Delayed
PRJ-00767,2026-03-01,554.73,385.14,58.2,Delayed
PRJ-00767,2026-04-01,554.73,393.21,59.9,Delayed
PRJ-00767,2026-05-01,554.73,401.29,61.6,Delayed
PRJ-00767,2026-06-01,554.73,409.36,63.3,Delayed
PRJ-00767,2026-07-01,554.73,417.44,65.0,Delayed
PRJ-00767,2026-08-01,554.73,425.51,66.7,Delayed
PRJ-00768,2025-09-01,2796.37,1988.96,70.9,On Track
PRJ-00768,2025-10-01,2796.37,2091.86,73.5,On Track
PRJ-00768,2025-11-01,2796.37,2194.75,76.2,On Track
PRJ-00768,2025-12-01,2796.37,2297.65,78.8,On Track
PRJ-00768,2026-01-01,2796.37,2400.55,81.5,Delayed
PRJ-00768,2026-02-01,2796.37,2503.45,84.1,Delayed
PRJ-00768,2026-03-01,3120.84,2606.35,86.8,Delayed
PRJ-00768,2026-04-01,3120.84,2709.25,89.4,Delayed
PRJ-00768,2026-05-01,3120.84,2812.14,92.1,Delayed
PRJ-00768,2026-06-01,3120.84,2915.04,94.7,Delayed
PRJ-00768,2026-07-01,3120.84,3017.94,97.4,Delayed
PRJ-00768,2026-08-01,3120.84,3120.84,100.0,Completed
PRJ-00769,2025-09-01,894.52,357.49,27.3,On Track
PRJ-00769,2025-10-01,894.52,371.23,30.4,On Track
PRJ-00769,2025-11-01,894.52,384.98,33.5,On Track
PRJ-00769,2025-12-01,894.52,398.72,36.6,On Track
PRJ-00769,2026-01-01,894.52,412.47,39.7,On Track
PRJ-00769,2026-02-01,894.52,426.22,42.7,On Track
PRJ-00769,2026-03-01,894.52,439.96,45.8,On Track
PRJ-00769,2026-04-01,894.52,453.71,48.9,On Track
PRJ-00769,2026-05-01,894.52,467.45,52.0,On Track
PRJ-00769,2026-06-01,894.52,481.2,55.1,On Track
PRJ-00769,2026-07-01,894.52,494.94,58.2,On Track
PRJ-00769,2026-08-01,894.52,508.69,61.3,On Track
PRJ-00770,2025-09-01,207.2,129.7,31.9,On Track
PRJ-00770,2025-10-01,207.2,135.5,34.6,On Track
PRJ-00770,2025-11-01,207.2,141.31,37.2,On Track
PRJ-00770,2025-12-01,207.2,147.12,39.8,On Track
PRJ-00770,2026-01-01,274.05,152.92,42.5,Delayed
PRJ-00770,2026-02-01,274.05,158.73,45.1,Delayed
PRJ-00770,2026-03-01,274.05,164.54,47.7,Delayed
PRJ-00770,2026-04-01,274.05,170.34,50.4,Delayed
PRJ-00770,2026-05-01,274.05,176.15,53.0,Delayed
PRJ-00770,2026-06-01,274.05,181.96,55.6,Delayed
PRJ-00770,2026-07-01,274.05,187.76,58.3,Delayed
PRJ-00770,2026-08-01,274.05,193.57,60.9,Delayed
PRJ-00771,2025-09-01,267.15,245.33,77.3,On Track
PRJ-00771,2025-10-01,267.15,254.39,79.4,On Track
PRJ-00771,2025-11-01,267.15,263.45,81.5,On Track
PRJ-00771,2025-12-01,267.15,272.5,83.5,On Track
PRJ-00771,2026-01-01,267.15,281.56,85.6,Delayed
PRJ-00771,2026-02-01,267.15,290.62,87.6,Delayed
PRJ-00771,2026-03-01,267.15,299.68,89.7,Delayed
PRJ-00771,2026-04-01,267.15,308.73,91.8,Delayed
PRJ-00771,2026-05-01,267.15,317.79,93.8,Delayed
PRJ-00771,2026-06-01,344.96,326.85,95.9,Delayed
PRJ-00771,2026-07-01,344.96,335.9,97.9,Delayed
PRJ-00771,2026-08-01,344.96,344.96,100.0,Completed
PRJ-00772,2025-09-01,2582.91,1492.79,48.7,On Track
PRJ-00772,2025-10-01,2582.91,1564.32,50.1,On Track
PRJ-00772,2025-11-01,2582.91,1635.84,51.5,On Track
PRJ-00772,2025-12-01,2582.91,1707.37,52.9,On Track
PRJ-00772,2026-01-01,2582.91,1778.9,54.3,Delayed
PRJ-00772,2026-02-01,2582.91,1850.43,55.7,Delayed
PRJ-00772,2026-03-01,2582.91,1921.96,57.1,Delayed
PRJ-00772,2026-04-01,2582.91,1993.49,58.5,Delayed
PRJ-00772,2026-05-01,2582.91,2065.02,60.0,Delayed
PRJ-00772,2026-06-01,3026.08,2136.55,61.4,Delayed
PRJ-00772,2026-07-01,3026.08,2208.08,62.8,Delayed
PRJ-00772,2026-08-01,3026.08,2279.61,64.2,Delayed
PRJ-00773,2025-09-01,1111.53,302.09,28.3,On Track
PRJ-00773,2025-10-01,1111.53,319.8,30.1,On Track
PRJ-00773,2025-11-01,1111.53,337.51,32.0,On Track
PRJ-00773,2025-12-01,1111.53,355.22,33.8,On Track
PRJ-00773,2026-01-01,1111.53,372.93,35.6,On Track
PRJ-00773,2026-02-01,1111.53,390.65,37.5,On Track
PRJ-00773,2026-03-01,1111.53,408.36,39.3,On Track
PRJ-00773,2026-04-01,1111.53,426.07,41.2,On Track
PRJ-00773,2026-05-01,1111.53,443.78,43.0,On Track
PRJ-00773,2026-06-01,1111.53,461.49,44.8,On Track
PRJ-00773,2026-07-01,1111.53,479.2,46.7,On Track
PRJ-00773,2026-08-01,1111.53,496.91,48.5,On Track
PRJ-00774,2025-09-01,2832.26,1470.23,35.8,On Track
PRJ-00774,2025-10-01,2832.26,1544.27,38.4,On Track
PRJ-00774,2025-11-01,2832.26,1618.31,40.9,On Track
PRJ-00774,2025-12-01,2832.26,1692.35,43.5,On Track
PRJ-00774,2026-01-01,2832.26,1766.39,46.1,Delayed
PRJ-00774,2026-02-01,3104.19,1840.43,48.6,Delayed
PRJ-00774,2026-03-01,3104.19,1914.47,51.2,Delayed
PRJ-00774,2026-04-01,3104.19,1988.51,53.8,Delayed
PRJ-00774,2026-05-01,3104.19,2062.56,56.3,Delayed
PRJ-00774,2026-06-01,3104.19,2136.6,58.9,Delayed
PRJ-00774,2026-07-01,3104.19,2210.64,61.4,Delayed
PRJ-00774,2026-08-01,3104.19,2284.68,64.0,Delayed
PRJ-00775,2025-09-01,1662.89,1183.3,38.2,On Track
PRJ-00775,2025-10-01,1662.89,1223.44,39.6,On Track
PRJ-00775,2025-11-01,1662.89,1263.58,41.0,On Track
PRJ-00775,2025-12-01,1662.89,1303.72,42.5,On Track
PRJ-00775,2026-01-01,1662.89,1343.86,43.9,Delayed
PRJ-00775,2026-02-01,1662.89,1384.0,45.3,Delayed
PRJ-00775,2026-03-01,2393.27,1424.14,46.7,Delayed
PRJ-00775,2026-04-01,2393.27,1464.28,48.2,Delayed
PRJ-00775,2026-05-01,2393.27,1504.42,49.6,Delayed
PRJ-00775,2026-06-01,2393.27,1544.56,51.0,Delayed
PRJ-00775,2026-07-01,2393.27,1584.7,52.5,Delayed
PRJ-00775,2026-08-01,2393.27,1624.84,53.9,Delayed
PRJ-00776,2025-09-01,1163.73,1085.21,67.6,On Track
PRJ-00776,2025-10-01,1163.73,1113.92,70.6,On Track
PRJ-00776,2025-11-01,1163.73,1142.64,73.5,On Track
PRJ-00776,2025-12-01,1163.73,1171.35,76.5,On Track
PRJ-00776,2026-01-01,1163.73,1200.07,79.4,Delayed
PRJ-00776,2026-02-01,1401.07,1228.78,82.3,Delayed
PRJ-00776,2026-03-01,1401.07,1257.5,85.3,Delayed
PRJ-00776,2026-04-01,1401.07,1286.21,88.2,Delayed
PRJ-00776,2026-05-01,1401.07,1314.93,91.2,Delayed
PRJ-00776,2026-06-01,1401.07,1343.64,94.1,Delayed
PRJ-00776,2026-07-01,1401.07,1372.36,97.1,Delayed
PRJ-00776,2026-08-01,1401.07,1401.07,100.0,Completed
PRJ-00777,2025-09-01,5337.19,1392.16,0.0,On Track
PRJ-00777,2025-10-01,5337.19,1475.97,0.9,On Track
PRJ-00777,2025-11-01,5337.19,1559.78,1.7,On Track
PRJ-00777,2025-12-01,7660.48,1643.59,2.6,On Track
PRJ-00777,2026-01-01,7660.48,1727.4,3.5,Stalled
PRJ-00777,2026-02-01,7660.48,1811.21,4.3,Stalled
PRJ-00777,2026-03-01,7660.48,1895.02,5.2,Stalled
PRJ-00777,2026-04-01,7660.48,1978.83,6.0,Stalled
PRJ-00777,2026-05-01,7660.48,2062.64,6.9,Stalled
PRJ-00777,2026-06-01,7660.48,2146.45,7.8,Stalled
PRJ-00777,2026-07-01,7660.48,2230.26,8.6,Stalled
PRJ-00777,2026-08-01,7660.48,2314.07,9.5,Stalled
PRJ-00778,2025-09-01,1937.33,310.61,0.0,On Track
PRJ-00778,2025-10-01,1937.33,318.37,0.5,On Track
PRJ-00778,2025-11-01,1937.33,326.12,1.0,On Track
PRJ-00778,2025-12-01,1937.33,333.88,1.5,On Track
PRJ-00778,2026-01-01,1937.33,341.64,2.0,Stalled
PRJ-00778,2026-02-01,1937.33,349.39,2.5,Stalled
PRJ-00778,2026-03-01,2439.38,357.15,2.9,Stalled
PRJ-00778,2026-04-01,2439.38,364.9,3.4,Stalled
PRJ-00778,2026-05-01,2439.38,372.66,3.9,Stalled
PRJ-00778,2026-06-01,2439.38,380.42,4.4,Stalled
PRJ-00778,2026-07-01,2439.38,388.17,4.9,Stalled
PRJ-00778,2026-08-01,2439.38,395.93,5.4,Stalled
PRJ-00779,2025-09-01,519.73,127.87,0.0,On Track
PRJ-00779,2025-10-01,519.73,132.43,0.4,On Track
PRJ-00779,2025-11-01,519.73,136.98,0.9,On Track
PRJ-00779,2025-12-01,519.73,141.54,1.3,On Track
PRJ-00779,2026-01-01,519.73,146.1,1.8,Stalled
PRJ-00779,2026-02-01,689.84,150.66,2.2,Stalled
PRJ-00779,2026-03-01,689.84,155.21,2.7,Stalled
PRJ-00779,2026-04-01,689.84,159.77,3.1,Stalled
PRJ-00779,2026-05-01,689.84,164.33,3.6,Stalled
PRJ-00779,2026-06-01,689.84,168.89,4.0,Stalled
PRJ-00779,2026-07-01,689.84,173.44,4.5,Stalled
PRJ-00779,2026-08-01,689.84,178.0,4.9,Stalled
PRJ-00780,2025-09-01,320.69,217.49,84.5,On Track
PRJ-00780,2025-10-01,320.69,226.87,85.9,On Track
PRJ-00780,2025-11-01,320.69,236.25,87.3,On Track
PRJ-00780,2025-12-01,320.69,245.64,88.7,On Track
PRJ-00780,2026-01-01,320.69,255.02,90.1,On Track
PRJ-00780,2026-02-01,320.69,264.4,91.5,On Track
PRJ-00780,2026-03-01,320.69,273.78,92.9,On Track
PRJ-00780,2026-04-01,320.69,283.16,94.4,On Track
PRJ-00780,2026-05-01,320.69,292.54,95.8,On Track
PRJ-00780,2026-06-01,320.69,301.93,97.2,On Track
PRJ-00780,2026-07-01,320.69,311.31,98.6,On Track
PRJ-00780,2026-08-01,320.69,320.69,100.0,Completed
PRJ-00781,2025-09-01,1856.8,375.16,0.0,On Track
PRJ-00781,2025-10-01,1856.8,397.75,0.2,On Track
PRJ-00781,2025-11-01,1856.8,420.34,0.4,On Track
PRJ-00781,2025-12-01,2333.28,442.94,0.5,On Track
PRJ-00781,2026-01-01,2333.28,465.53,0.7,Stalled
PRJ-00781,2026-02-01,2333.28,488.12,0.9,Stalled
PRJ-00781,2026-03-01,2333.28,510.71,1.1,Stalled
PRJ-00781,2026-04-01,2333.28,533.3,1.3,Stalled
PRJ-00781,2026-05-01,2333.28,555.89,1.5,Stalled
PRJ-00781,2026-06-01,2333.28,578.49,1.6,Stalled
PRJ-00781,2026-07-01,2333.28,601.08,1.8,Stalled
PRJ-00781,2026-08-01,2333.28,623.67,2.0,Stalled
PRJ-00782,2025-09-01,381.68,307.65,81.1,On Track
PRJ-00782,2025-10-01,381.68,320.51,82.8,On Track
PRJ-00782,2025-11-01,381.68,333.37,84.5,On Track
PRJ-00782,2025-12-01,381.68,346.24,86.3,On Track
PRJ-00782,2026-01-01,381.68,359.1,88.0,Delayed
PRJ-00782,2026-02-01,449.15,371.97,89.7,Delayed
PRJ-00782,2026-03-01,449.15,384.83,91.4,Delayed
PRJ-00782,2026-04-01,449.15,397.69,93.1,Delayed
PRJ-00782,2026-05-01,449.15,410.56,94.8,Delayed
PRJ-00782,2026-06-01,449.15,423.42,96.6,Delayed
PRJ-00782,2026-07-01,449.15,436.29,98.3,Delayed
PRJ-00782,2026-08-01,449.15,449.15,100.0,Completed
PRJ-00783,2025-09-01,1571.57,484.06,2.1,On Track
PRJ-00783,2025-10-01,1571.57,511.37,4.4,On Track
PRJ-00783,2025-11-01,1571.57,538.68,6.7,On Track
PRJ-00783,2025-12-01,1571.57,565.99,8.9,On Track
PRJ-00783,2026-01-01,1571.57,593.29,11.2,Delayed
PRJ-00783,2026-02-01,1571.57,620.6,13.5,Delayed
PRJ-00783,2026-03-01,1571.57,647.91,15.8,Delayed
PRJ-00783,2026-04-01,2042.77,675.22,18.1,Delayed
PRJ-00783,2026-05-01,2042.77,702.53,20.4,Delayed
PRJ-00783,2026-06-01,2042.77,729.83,22.6,Delayed
PRJ-00783,2026-07-01,2042.77,757.14,24.9,Delayed
PRJ-00783,2026-08-01,2042.77,784.45,27.2,Delayed
PRJ-00784,2025-09-01,696.91,473.13,71.7,On Track
PRJ-00784,2025-10-01,696.91,493.47,74.3,On Track
PRJ-00784,2025-11-01,696.91,513.81,76.8,On Track
PRJ-00784,2025-12-01,696.91,534.16,79.4,On Track
PRJ-00784,2026-01-01,696.91,554.5,82.0,On Track
PRJ-00784,2026-02-01,696.91,574.85,84.6,On Track
PRJ-00784,2026-03-01,696.91,595.19,87.1,On Track
PRJ-00784,2026-04-01,696.91,615.53,89.7,On Track
PRJ-00784,2026-05-01,696.91,635.88,92.3,On Track
PRJ-00784,2026-06-01,696.91,656.22,94.9,On Track
PRJ-00784,2026-07-01,696.91,676.57,97.4,On Track
PRJ-00784,2026-08-01,696.91,696.91,100.0,Completed
PRJ-00785,2025-09-01,339.06,269.62,48.3,On Track
PRJ-00785,2025-10-01,339.06,280.68,50.2,On Track
PRJ-00785,2025-11-01,339.06,291.74,52.0,On Track
PRJ-00785,2025-12-01,339.06,302.8,53.9,On Track
PRJ-00785,2026-01-01,339.06,313.86,55.7,Delayed
PRJ-00785,2026-02-01,339.06,324.92,57.5,Delayed
PRJ-00785,2026-03-01,443.6,335.98,59.4,Delayed
PRJ-00785,2026-04-01,443.6,347.04,61.2,Delayed
PRJ-00785,2026-05-01,443.6,358.1,63.1,Delayed
PRJ-00785,2026-06-01,443.6,369.16,64.9,Delayed
PRJ-00785,2026-07-01,443.6,380.22,66.8,Delayed
PRJ-00785,2026-08-01,443.6,391.28,68.6,Delayed
PRJ-00786,2025-09-01,2088.91,1503.05,77.9,On Track
PRJ-00786,2025-10-01,2088.91,1556.31,79.9,On Track
PRJ-00786,2025-11-01,2088.91,1609.57,81.9,On Track
PRJ-00786,2025-12-01,2088.91,1662.83,83.9,On Track
PRJ-00786,2026-01-01,2088.91,1716.09,85.9,On Track
PRJ-00786,2026-02-01,2088.91,1769.35,88.0,On Track
PRJ-00786,2026-03-01,2088.91,1822.61,90.0,On Track
PRJ-00786,2026-04-01,2088.91,1875.87,92.0,On Track
PRJ-00786,2026-05-01,2088.91,1929.13,94.0,On Track
PRJ-00786,2026-06-01,2088.91,1982.39,96.0,On Track
PRJ-00786,2026-07-01,2088.91,2035.65,98.0,On Track
PRJ-00786,2026-08-01,2088.91,2088.91,100.0,Completed
PRJ-00787,2025-09-01,1303.91,1082.64,72.4,On Track
PRJ-00787,2025-10-01,1303.91,1135.21,74.9,On Track
PRJ-00787,2025-11-01,1303.91,1187.77,77.4,On Track
PRJ-00787,2025-12-01,1303.91,1240.34,79.9,On Track
PRJ-00787,2026-01-01,1303.91,1292.9,82.4,Delayed
PRJ-00787,2026-02-01,1303.91,1345.46,84.9,Delayed
PRJ-00787,2026-03-01,1660.85,1398.03,87.4,Delayed
PRJ-00787,2026-04-01,1660.85,1450.59,90.0,Delayed
PRJ-00787,2026-05-01,1660.85,1503.16,92.5,Delayed
PRJ-00787,2026-06-01,1660.85,1555.72,95.0,Delayed
PRJ-00787,2026-07-01,1660.85,1608.29,97.5,Delayed
PRJ-00787,2026-08-01,1660.85,1660.85,100.0,Completed
PRJ-00788,2025-09-01,672.83,665.08,78.6,On Track
PRJ-00788,2025-10-01,672.83,683.69,80.5,On Track
PRJ-00788,2025-11-01,672.83,702.3,82.5,On Track
PRJ-00788,2025-12-01,672.83,720.91,84.4,On Track
PRJ-00788,2026-01-01,672.83,739.52,86.4,Delayed
PRJ-00788,2026-02-01,672.83,758.13,88.3,Delayed
PRJ-00788,2026-03-01,869.78,776.74,90.3,Delayed
PRJ-00788,2026-04-01,869.78,795.34,92.2,Delayed
PRJ-00788,2026-05-01,869.78,813.95,94.2,Delayed
PRJ-00788,2026-06-01,869.78,832.56,96.1,Delayed
PRJ-00788,2026-07-01,869.78,851.17,98.1,Delayed
PRJ-00788,2026-08-01,869.78,869.78,100.0,Completed
PRJ-00789,2025-09-01,1149.48,300.68,19.9,On Track
PRJ-00789,2025-10-01,1149.48,315.5,22.0,On Track
PRJ-00789,2025-11-01,1149.48,330.31,24.0,On Track
PRJ-00789,2025-12-01,1149.48,345.12,26.1,On Track
PRJ-00789,2026-01-01,1149.48,359.94,28.2,On Track
PRJ-00789,2026-02-01,1149.48,374.75,30.2,On Track
PRJ-00789,2026-03-01,1149.48,389.56,32.3,On Track
PRJ-00789,2026-04-01,1149.48,404.38,34.4,On Track
PRJ-00789,2026-05-01,1149.48,419.19,36.4,On Track
PRJ-00789,2026-06-01,1149.48,434.0,38.5,On Track
PRJ-00789,2026-07-01,1149.48,448.82,40.5,On Track
PRJ-00789,2026-08-01,1149.48,463.63,42.6,On Track
PRJ-00790,2025-09-01,774.45,552.46,35.6,On Track
PRJ-00790,2025-10-01,774.45,582.86,37.8,On Track
PRJ-00790,2025-11-01,774.45,613.26,39.9,On Track
PRJ-00790,2025-12-01,774.45,643.66,42.1,On Track
PRJ-00790,2026-01-01,774.45,674.06,44.3,Delayed
PRJ-00790,2026-02-01,774.45,704.46,46.4,Delayed
PRJ-00790,2026-03-01,1089.64,734.86,48.6,Delayed
PRJ-00790,2026-04-01,1089.64,765.27,50.8,Delayed
PRJ-00790,2026-05-01,1089.64,795.67,52.9,Delayed
PRJ-00790,2026-06-01,1089.64,826.07,55.1,Delayed
PRJ-00790,2026-07-01,1089.64,856.47,57.2,Delayed
PRJ-00790,2026-08-01,1089.64,886.87,59.4,Delayed
PRJ-00791,2025-09-01,288.55,177.2,66.9,On Track
PRJ-00791,2025-10-01,288.55,187.59,70.0,On Track
PRJ-00791,2025-11-01,288.55,197.97,73.0,On Track
PRJ-00791,2025-12-01,288.55,208.36,76.0,On Track
PRJ-00791,2026-01-01,288.55,218.74,79.0,On Track
PRJ-00791,2026-02-01,288.55,229.13,82.0,On Track
PRJ-00791,2026-03-01,288.55,239.51,85.0,On Track
PRJ-00791,2026-04-01,288.55,249.9,88.0,On Track
PRJ-00791,2026-05-01,288.55,260.28,91.0,On Track
PRJ-00791,2026-06-01,288.55,270.67,94.0,On Track
PRJ-00791,2026-07-01,288.55,281.05,97.0,On Track
PRJ-00791,2026-08-01,288.55,291.44,100.0,Completed
PRJ-00792,2025-09-01,4556.98,553.42,1.2,On Track
PRJ-00792,2025-10-01,4556.98,579.49,2.8,On Track
PRJ-00792,2025-11-01,4556.98,605.55,4.3,On Track
PRJ-00792,2025-12-01,4556.98,631.62,5.9,On Track
PRJ-00792,2026-01-01,4556.98,657.68,7.5,On Track
PRJ-00792,2026-02-01,4556.98,683.74,9.0,On Track
PRJ-00792,2026-03-01,4556.98,709.81,10.6,On Track
PRJ-00792,2026-04-01,4556.98,735.87,12.1,On Track
PRJ-00792,2026-05-01,4556.98,761.94,13.7,On Track
PRJ-00792,2026-06-01,4556.98,788.0,15.3,On Track
PRJ-00792,2026-07-01,4556.98,814.07,16.8,On Track
PRJ-00792,2026-08-01,4556.98,840.13,18.4,On Track
PRJ-00793,2025-09-01,462.63,443.42,70.1,On Track
PRJ-00793,2025-10-01,462.63,456.47,72.8,On Track
PRJ-00793,2025-11-01,462.63,469.51,75.5,On Track
PRJ-00793,2025-12-01,586.92,482.56,78.3,On Track
PRJ-00793,2026-01-01,586.92,495.6,81.0,Delayed
PRJ-00793,2026-02-01,586.92,508.65,83.7,Delayed
PRJ-00793,2026-03-01,586.92,521.69,86.4,Delayed
PRJ-00793,2026-04-01,586.92,534.74,89.1,Delayed
PRJ-00793,2026-05-01,586.92,547.78,91.8,Delayed
PRJ-00793,2026-06-01,586.92,560.83,94.6,Delayed
PRJ-00793,2026-07-01,586.92,573.87,97.3,Delayed
PRJ-00793,2026-08-01,586.92,586.92,100.0,Completed
PRJ-00794,2025-09-01,580.99,120.06,0.0,On Track
PRJ-00794,2025-10-01,580.99,126.42,0.6,On Track
PRJ-00794,2025-11-01,580.99,132.78,1.2,On Track
PRJ-00794,2025-12-01,580.99,139.15,1.7,On Track
PRJ-00794,2026-01-01,580.99,145.51,2.3,Stalled
PRJ-00794,2026-02-01,580.99,151.87,2.9,Stalled
PRJ-00794,2026-03-01,580.99,158.24,3.5,Stalled
PRJ-00794,2026-04-01,672.23,164.6,4.1,Stalled
PRJ-00794,2026-05-01,672.23,170.96,4.7,Stalled
PRJ-00794,2026-06-01,672.23,177.32,5.2,Stalled
PRJ-00794,2026-07-01,672.23,183.69,5.8,Stalled
PRJ-00794,2026-08-01,672.23,190.05,6.4,Stalled
PRJ-00795,2025-09-01,652.95,608.88,70.3,On Track
PRJ-00795,2025-10-01,652.95,627.98,73.0,On Track
PRJ-00795,2025-11-01,652.95,647.08,75.7,On Track
PRJ-00795,2025-12-01,652.95,666.17,78.4,On Track
PRJ-00795,2026-01-01,818.96,685.27,81.1,Delayed
PRJ-00795,2026-02-01,818.96,704.37,83.8,Delayed
PRJ-00795,2026-03-01,818.96,723.47,86.5,Delayed
PRJ-00795,2026-04-01,818.96,742.57,89.2,Delayed
PRJ-00795,2026-05-01,818.96,761.67,91.9,Delayed
PRJ-00795,2026-06-01,818.96,780.76,94.6,Delayed
PRJ-00795,2026-07-01,818.96,799.86,97.3,Delayed
PRJ-00795,2026-08-01,818.96,818.96,100.0,Completed
PRJ-00796,2025-09-01,608.26,441.41,38.7,On Track
PRJ-00796,2025-10-01,608.26,460.84,41.2,On Track
PRJ-00796,2025-11-01,608.26,480.26,43.7,On Track
PRJ-00796,2025-12-01,608.26,499.69,46.2,On Track
PRJ-00796,2026-01-01,608.26,519.12,48.6,Delayed
PRJ-00796,2026-02-01,803.03,538.55,51.1,Delayed
PRJ-00796,2026-03-01,803.03,557.97,53.6,Delayed
PRJ-00796,2026-04-01,803.03,577.4,56.1,Delayed
PRJ-00796,2026-05-01,803.03,596.83,58.6,Delayed
PRJ-00796,2026-06-01,803.03,616.26,61.0,Delayed
PRJ-00796,2026-07-01,803.03,635.68,63.5,Delayed
PRJ-00796,2026-08-01,803.03,655.11,66.0,Delayed
PRJ-00797,2025-09-01,435.28,184.2,0.9,On Track
PRJ-00797,2025-10-01,435.28,190.05,3.3,On Track
PRJ-00797,2025-11-01,435.28,195.91,5.6,On Track
PRJ-00797,2025-12-01,435.28,201.77,8.0,On Track
PRJ-00797,2026-01-01,435.28,207.62,10.3,Delayed
PRJ-00797,2026-02-01,566.42,213.48,12.7,Delayed
PRJ-00797,2026-03-01,566.42,219.33,15.0,Delayed
PRJ-00797,2026-04-01,566.42,225.19,17.4,Delayed
PRJ-00797,2026-05-01,566.42,231.04,19.7,Delayed
PRJ-00797,2026-06-01,566.42,236.9,22.1,Delayed
PRJ-00797,2026-07-01,566.42,242.75,24.4,Delayed
PRJ-00797,2026-08-01,566.42,248.61,26.8,Delayed
PRJ-00798,2025-09-01,3071.7,540.54,0.0,On Track
PRJ-00798,2025-10-01,3071.7,559.61,0.2,On Track
PRJ-00798,2025-11-01,3071.7,578.69,0.4,On Track
PRJ-00798,2025-12-01,4417.45,597.76,0.5,On Track
PRJ-00798,2026-01-01,4417.45,616.83,0.7,Stalled
PRJ-00798,2026-02-01,4417.45,635.91,0.9,Stalled
PRJ-00798,2026-03-01,4417.45,654.98,1.1,Stalled
PRJ-00798,2026-04-01,4417.45,674.05,1.3,Stalled
PRJ-00798,2026-05-01,4417.45,693.13,1.5,Stalled
PRJ-00798,2026-06-01,4417.45,712.2,1.6,Stalled
PRJ-00798,2026-07-01,4417.45,731.28,1.8,Stalled
PRJ-00798,2026-08-01,4417.45,750.35,2.0,Stalled
PRJ-00799,2025-09-01,334.89,149.41,25.6,On Track
PRJ-00799,2025-10-01,334.89,157.39,27.4,On Track
PRJ-00799,2025-11-01,334.89,165.38,29.1,On Track
PRJ-00799,2025-12-01,334.89,173.36,30.9,On Track
PRJ-00799,2026-01-01,334.89,181.34,32.6,Delayed
PRJ-00799,2026-02-01,334.89,189.33,34.4,Delayed
PRJ-00799,2026-03-01,334.89,197.31,36.1,Delayed
PRJ-00799,2026-04-01,385.73,205.29,37.9,Delayed
PRJ-00799,2026-05-01,385.73,213.28,39.6,Delayed
PRJ-00799,2026-06-01,385.73,221.26,41.4,Delayed
PRJ-00799,2026-07-01,385.73,229.25,43.1,Delayed
PRJ-00799,2026-08-01,385.73,237.23,44.9,Delayed
PRJ-00800,2025-09-01,646.62,410.69,22.8,On Track
PRJ-00800,2025-10-01,646.62,424.36,25.5,On Track
PRJ-00800,2025-11-01,646.62,438.03,28.2,On Track
PRJ-00800,2025-12-01,646.62,451.69,30.9,On Track
PRJ-00800,2026-01-01,646.62,465.36,33.6,Delayed
PRJ-00800,2026-02-01,646.62,479.03,36.3,Delayed
PRJ-00800,2026-03-01,797.23,492.69,39.0,Delayed
PRJ-00800,2026-04-01,797.23,506.36,41.6,Delayed
PRJ-00800,2026-05-01,797.23,520.03,44.3,Delayed
PRJ-00800,2026-06-01,797.23,533.7,47.0,Delayed
PRJ-00800,2026-07-01,797.23,547.36,49.7,Delayed
PRJ-00800,2026-08-01,797.23,561.03,52.4,Delayed
PRJ-00801,2025-09-01,661.04,101.99,0.0,On Track
PRJ-00801,2025-10-01,661.04,104.37,0.2,On Track
PRJ-00801,2025-11-01,661.04,106.75,0.4,On Track
PRJ-00801,2025-12-01,918.05,109.13,0.5,On Track
PRJ-00801,2026-01-01,918.05,111.51,0.7,Stalled
PRJ-00801,2026-02-01,918.05,113.89,0.9,Stalled
PRJ-00801,2026-03-01,918.05,116.27,1.1,Stalled
PRJ-00801,2026-04-01,918.05,118.65,1.3,Stalled
PRJ-00801,2026-05-01,918.05,121.03,1.5,Stalled
PRJ-00801,2026-06-01,918.05,123.41,1.6,Stalled
PRJ-00801,2026-07-01,918.05,125.79,1.8,Stalled
PRJ-00801,2026-08-01,918.05,128.17,2.0,Stalled
PRJ-00802,2025-09-01,299.66,198.21,66.8,On Track
PRJ-00802,2025-10-01,299.66,203.63,68.6,On Track
PRJ-00802,2025-11-01,299.66,209.06,70.3,On Track
PRJ-00802,2025-12-01,299.66,214.48,72.0,On Track
PRJ-00802,2026-01-01,299.66,219.91,73.7,On Track
PRJ-00802,2026-02-01,299.66,225.33,75.5,On Track
PRJ-00802,2026-03-01,299.66,230.76,77.2,On Track
PRJ-00802,2026-04-01,299.66,236.18,78.9,On Track
PRJ-00802,2026-05-01,299.66,241.61,80.6,On Track
PRJ-00802,2026-06-01,299.66,247.03,82.4,On Track
PRJ-00802,2026-07-01,299.66,252.46,84.1,On Track
PRJ-00802,2026-08-01,299.66,257.88,85.8,On Track
PRJ-00803,2025-09-01,306.42,253.17,77.0,On Track
PRJ-00803,2025-10-01,306.42,262.89,79.1,On Track
PRJ-00803,2025-11-01,306.42,272.62,81.2,On Track
PRJ-00803,2025-12-01,306.42,282.34,83.3,On Track
PRJ-00803,2026-01-01,306.42,292.06,85.4,Delayed
PRJ-00803,2026-02-01,306.42,301.78,87.5,Delayed
PRJ-00803,2026-03-01,306.42,311.51,89.6,Delayed
PRJ-00803,2026-04-01,360.12,321.23,91.7,Delayed
PRJ-00803,2026-05-01,360.12,330.95,93.7,Delayed
PRJ-00803,2026-06-01,360.12,340.67,95.8,Delayed
PRJ-00803,2026-07-01,360.12,350.4,97.9,Delayed
PRJ-00803,2026-08-01,360.12,360.12,100.0,Completed
PRJ-00804,2025-09-01,176.96,56.39,23.1,On Track
PRJ-00804,2025-10-01,176.96,57.79,24.6,On Track
PRJ-00804,2025-11-01,176.96,59.19,26.1,On Track
PRJ-00804,2025-12-01,176.96,60.59,27.7,On Track
PRJ-00804,2026-01-01,176.96,62.0,29.2,On Track
PRJ-00804,2026-02-01,176.96,63.4,30.7,On Track
PRJ-00804,2026-03-01,176.96,64.8,32.2,On Track
PRJ-00804,2026-04-01,176.96,66.2,33.7,On Track
PRJ-00804,2026-05-01,176.96,67.6,35.2,On Track
PRJ-00804,2026-06-01,176.96,69.01,36.8,On Track
PRJ-00804,2026-07-01,176.96,70.41,38.3,On Track
PRJ-00804,2026-08-01,176.96,71.81,39.8,On Track
PRJ-00805,2025-09-01,14135.57,1755.84,0.0,On Track
PRJ-00805,2025-10-01,14135.57,1850.33,0.2,On Track
PRJ-00805,2025-11-01,14135.57,1944.83,0.4,On Track
PRJ-00805,2025-12-01,14135.57,2039.33,0.5,On Track
PRJ-00805,2026-01-01,21065.78,2133.82,0.7,Stalled
PRJ-00805,2026-02-01,21065.78,2228.32,0.9,Stalled
PRJ-00805,2026-03-01,21065.78,2322.82,1.1,Stalled
PRJ-00805,2026-04-01,21065.78,2417.31,1.3,Stalled
PRJ-00805,2026-05-01,21065.78,2511.81,1.5,Stalled
PRJ-00805,2026-06-01,21065.78,2606.31,1.6,Stalled
PRJ-00805,2026-07-01,21065.78,2700.8,1.8,Stalled
PRJ-00805,2026-08-01,21065.78,2795.3,2.0,Stalled
PRJ-00806,2025-09-01,1056.97,739.0,32.6,On Track
PRJ-00806,2025-10-01,1056.97,764.53,35.0,On Track
PRJ-00806,2025-11-01,1056.97,790.05,37.4,On Track
PRJ-00806,2025-12-01,1056.97,815.57,39.8,On Track
PRJ-00806,2026-01-01,1056.97,841.1,42.2,Delayed
PRJ-00806,2026-02-01,1056.97,866.62,44.6,Delayed
PRJ-00806,2026-03-01,1056.97,892.14,47.0,Delayed
PRJ-00806,2026-04-01,1056.97,917.67,49.5,Delayed
PRJ-00806,2026-05-01,1335.99,943.19,51.9,Delayed
PRJ-00806,2026-06-01,1335.99,968.71,54.3,Delayed
PRJ-00806,2026-07-01,1335.99,994.24,56.7,Delayed
PRJ-00806,2026-08-01,1335.99,1019.76,59.1,Delayed
PRJ-00807,2025-09-01,426.0,434.5,74.1,On Track
PRJ-00807,2025-10-01,426.0,445.75,76.4,On Track
PRJ-00807,2025-11-01,426.0,457.0,78.8,On Track
PRJ-00807,2025-12-01,426.0,468.25,81.1,On Track
PRJ-00807,2026-01-01,426.0,479.5,83.5,Delayed
PRJ-00807,2026-02-01,426.0,490.75,85.9,Delayed
PRJ-00807,2026-03-01,426.0,501.99,88.2,Delayed
PRJ-00807,2026-04-01,426.0,513.24,90.6,Delayed
PRJ-00807,2026-05-01,426.0,524.49,92.9,Delayed
PRJ-00807,2026-06-01,558.24,535.74,95.3,Delayed
PRJ-00807,2026-07-01,558.24,546.99,97.6,Delayed
PRJ-00807,2026-08-01,558.24,558.24,100.0,Completed
PRJ-00808,2025-09-01,615.99,390.11,81.6,On Track
PRJ-00808,2025-10-01,615.99,411.2,83.3,On Track
PRJ-00808,2025-11-01,615.99,432.3,85.0,On Track
PRJ-00808,2025-12-01,615.99,453.39,86.6,On Track
PRJ-00808,2026-01-01,615.99,474.49,88.3,On Track
PRJ-00808,2026-02-01,615.99,495.58,90.0,On Track
PRJ-00808,2026-03-01,615.99,516.68,91.6,On Track
PRJ-00808,2026-04-01,615.99,537.77,93.3,On Track
PRJ-00808,2026-05-01,615.99,558.87,95.0,On Track
PRJ-00808,2026-06-01,615.99,579.96,96.7,On Track
PRJ-00808,2026-07-01,615.99,601.06,98.3,On Track
PRJ-00808,2026-08-01,615.99,622.15,100.0,Completed
PRJ-00809,2025-09-01,478.38,285.69,57.4,On Track
PRJ-00809,2025-10-01,478.38,297.89,60.0,On Track
PRJ-00809,2025-11-01,478.38,310.1,62.7,On Track
PRJ-00809,2025-12-01,478.38,322.31,65.3,On Track
PRJ-00809,2026-01-01,478.38,334.52,67.9,On Track
PRJ-00809,2026-02-01,478.38,346.72,70.5,On Track
PRJ-00809,2026-03-01,478.38,358.93,73.1,On Track
PRJ-00809,2026-04-01,478.38,371.14,75.7,On Track
PRJ-00809,2026-05-01,478.38,383.35,78.4,On Track
PRJ-00809,2026-06-01,478.38,395.55,81.0,On Track
PRJ-00809,2026-07-01,478.38,407.76,83.6,On Track
PRJ-00809,2026-08-01,478.38,419.97,86.2,On Track
PRJ-00810,2025-09-01,841.68,342.08,41.2,On Track
PRJ-00810,2025-10-01,841.68,361.48,43.9,On Track
PRJ-00810,2025-11-01,841.68,380.89,46.6,On Track
PRJ-00810,2025-12-01,841.68,400.29,49.3,On Track
PRJ-00810,2026-01-01,841.68,419.7,52.0,On Track
PRJ-00810,2026-02-01,841.68,439.11,54.7,On Track
PRJ-00810,2026-03-01,841.68,458.51,57.4,On Track
PRJ-00810,2026-04-01,841.68,477.92,60.1,On Track
PRJ-00810,2026-05-01,841.68,497.32,62.8,On Track
PRJ-00810,2026-06-01,841.68,516.73,65.5,On Track
PRJ-00810,2026-07-01,841.68,536.13,68.2,On Track
PRJ-00810,2026-08-01,841.68,555.54,70.9,On Track
PRJ-00811,2025-09-01,1278.1,988.63,76.5,On Track
PRJ-00811,2025-10-01,1278.1,1016.11,78.7,On Track
PRJ-00811,2025-11-01,1278.1,1043.58,80.8,On Track
PRJ-00811,2025-12-01,1278.1,1071.06,82.9,On Track
PRJ-00811,2026-01-01,1278.1,1098.54,85.1,On Track
PRJ-00811,2026-02-01,1278.1,1126.02,87.2,On Track
PRJ-00811,2026-03-01,1278.1,1153.49,89.3,On Track
PRJ-00811,2026-04-01,1278.1,1180.97,91.5,On Track
PRJ-00811,2026-05-01,1278.1,1208.45,93.6,On Track
PRJ-00811,2026-06-01,1278.1,1235.93,95.7,On Track
PRJ-00811,2026-07-01,1278.1,1263.4,97.9,On Track
PRJ-00811,2026-08-01,1278.1,1290.88,100.0,Completed
PRJ-00812,2025-09-01,2002.69,347.22,0.0,On Track
PRJ-00812,2025-10-01,2002.69,356.56,0.2,On Track
PRJ-00812,2025-11-01,2002.69,365.89,0.4,On Track
PRJ-00812,2025-12-01,2002.69,375.23,0.5,On Track
PRJ-00812,2026-01-01,2002.69,384.57,0.7,Stalled
PRJ-00812,2026-02-01,2002.69,393.91,0.9,Stalled
PRJ-00812,2026-03-01,2002.69,403.25,1.1,Stalled
PRJ-00812,2026-04-01,2879.54,412.59,1.3,Stalled
PRJ-00812,2026-05-01,2879.54,421.92,1.5,Stalled
PRJ-00812,2026-06-01,2879.54,431.26,1.6,Stalled
PRJ-00812,2026-07-01,2879.54,440.6,1.8,Stalled
PRJ-00812,2026-08-01,2879.54,449.94,2.0,Stalled
PRJ-00813,2025-09-01,1935.22,1092.7,65.2,On Track
PRJ-00813,2025-10-01,1935.22,1151.16,67.9,On Track
PRJ-00813,2025-11-01,1935.22,1209.62,70.5,On Track
PRJ-00813,2025-12-01,1935.22,1268.08,73.2,On Track
PRJ-00813,2026-01-01,1935.22,1326.54,75.9,On Track
PRJ-00813,2026-02-01,1935.22,1385.0,78.6,On Track
PRJ-00813,2026-03-01,1935.22,1443.46,81.2,On Track
PRJ-00813,2026-04-01,1935.22,1501.92,83.9,On Track
PRJ-00813,2026-05-01,1935.22,1560.38,86.6,On Track
PRJ-00813,2026-06-01,1935.22,1618.84,89.3,On Track
PRJ-00813,2026-07-01,1935.22,1677.3,91.9,On Track
PRJ-00813,2026-08-01,1935.22,1735.76,94.6,On Track
PRJ-00814,2025-09-01,443.46,366.71,83.1,On Track
PRJ-00814,2025-10-01,443.46,382.76,84.6,On Track
PRJ-00814,2025-11-01,443.46,398.81,86.2,On Track
PRJ-00814,2025-12-01,443.46,414.86,87.7,On Track
PRJ-00814,2026-01-01,443.46,430.91,89.2,Delayed
PRJ-00814,2026-02-01,543.27,446.96,90.8,Delayed
PRJ-00814,2026-03-01,543.27,463.02,92.3,Delayed
PRJ-00814,2026-04-01,543.27,479.07,93.9,Delayed
PRJ-00814,2026-05-01,543.27,495.12,95.4,Delayed
PRJ-00814,2026-06-01,543.27,511.17,96.9,Delayed
PRJ-00814,2026-07-01,543.27,527.22,98.5,Delayed
PRJ-00814,2026-08-01,543.27,543.27,100.0,Completed
PRJ-00815,2025-09-01,1337.48,815.11,37.2,On Track
PRJ-00815,2025-10-01,1337.48,861.86,39.9,On Track
PRJ-00815,2025-11-01,1337.48,908.61,42.7,On Track
PRJ-00815,2025-12-01,1337.48,955.37,45.4,On Track
PRJ-00815,2026-01-01,1337.48,1002.12,48.2,Delayed
PRJ-00815,2026-02-01,1337.48,1048.88,51.0,Delayed
PRJ-00815,2026-03-01,1337.48,1095.63,53.7,Delayed
PRJ-00815,2026-04-01,1625.81,1142.38,56.5,Delayed
PRJ-00815,2026-05-01,1625.81,1189.14,59.2,Delayed
PRJ-00815,2026-06-01,1625.81,1235.89,62.0,Delayed
PRJ-00815,2026-07-01,1625.81,1282.65,64.7,Delayed
PRJ-00815,2026-08-01,1625.81,1329.4,67.5,Delayed
PRJ-00816,2025-09-01,547.01,431.61,32.3,On Track
PRJ-00816,2025-10-01,547.01,450.84,34.6,On Track
PRJ-00816,2025-11-01,547.01,470.08,36.9,On Track
PRJ-00816,2025-12-01,547.01,489.32,39.2,On Track
PRJ-00816,2026-01-01,547.01,508.55,41.5,Delayed
PRJ-00816,2026-02-01,547.01,527.79,43.8,Delayed
PRJ-00816,2026-03-01,547.01,547.02,46.1,Delayed
PRJ-00816,2026-04-01,547.01,566.26,48.4,Delayed
PRJ-00816,2026-05-01,547.01,585.49,50.8,Delayed
PRJ-00816,2026-06-01,794.49,604.73,53.1,Delayed
PRJ-00816,2026-07-01,794.49,623.96,55.4,Delayed
PRJ-00816,2026-08-01,794.49,643.2,57.7,Delayed
PRJ-00817,2025-09-01,540.52,420.75,68.9,On Track
PRJ-00817,2025-10-01,540.52,432.13,71.8,On Track
PRJ-00817,2025-11-01,540.52,443.51,74.6,On Track
PRJ-00817,2025-12-01,540.52,454.89,77.4,On Track
PRJ-00817,2026-01-01,540.52,466.27,80.2,On Track
PRJ-00817,2026-02-01,540.52,477.65,83.1,On Track
PRJ-00817,2026-03-01,540.52,489.03,85.9,On Track
PRJ-00817,2026-04-01,540.52,500.41,88.7,On Track
PRJ-00817,2026-05-01,540.52,511.79,91.5,On Track
PRJ-00817,2026-06-01,540.52,523.17,94.4,On Track
PRJ-00817,2026-07-01,540.52,534.55,97.2,On Track
PRJ-00817,2026-08-01,540.52,545.93,100.0,Completed
PRJ-00818,2025-09-01,1364.91,472.49,0.0,On Track
PRJ-00818,2025-10-01,1364.91,490.45,1.8,On Track
PRJ-00818,2025-11-01,1364.91,508.42,3.5,On Track
PRJ-00818,2025-12-01,1364.91,526.38,5.3,On Track
PRJ-00818,2026-01-01,1364.91,544.35,7.1,Stalled
PRJ-00818,2026-02-01,1364.91,562.31,8.8,Stalled
PRJ-00818,2026-03-01,1364.91,580.28,10.6,Delayed
PRJ-00818,2026-04-01,1364.91,598.24,12.3,Delayed
PRJ-00818,2026-05-01,1364.91,616.21,14.1,Delayed
PRJ-00818,2026-06-01,1746.52,634.17,15.9,Delayed
PRJ-00818,2026-07-01,1746.52,652.14,17.6,Delayed
PRJ-00818,2026-08-01,1746.52,670.1,19.4,Delayed
PRJ-00819,2025-09-01,332.11,78.28,12.4,On Track
PRJ-00819,2025-10-01,332.11,82.24,14.7,On Track
PRJ-00819,2025-11-01,332.11,86.21,16.9,On Track
PRJ-00819,2025-12-01,332.11,90.17,19.2,On Track
PRJ-00819,2026-01-01,332.11,94.14,21.4,On Track
PRJ-00819,2026-02-01,332.11,98.1,23.7,On Track
PRJ-00819,2026-03-01,332.11,102.07,25.9,On Track
PRJ-00819,2026-04-01,332.11,106.03,28.2,On Track
PRJ-00819,2026-05-01,332.11,110.0,30.4,On Track
PRJ-00819,2026-06-01,332.11,113.96,32.7,On Track
PRJ-00819,2026-07-01,332.11,117.93,34.9,On Track
PRJ-00819,2026-08-01,332.11,121.89,37.2,On Track
PRJ-00820,2025-09-01,834.59,252.32,5.2,On Track
PRJ-00820,2025-10-01,834.59,267.59,7.6,On Track
PRJ-00820,2025-11-01,834.59,282.85,10.0,On Track
PRJ-00820,2025-12-01,834.59,298.12,12.3,On Track
PRJ-00820,2026-01-01,834.59,313.38,14.7,Delayed
PRJ-00820,2026-02-01,834.59,328.65,17.1,Delayed
PRJ-00820,2026-03-01,834.59,343.91,19.5,Delayed
PRJ-00820,2026-04-01,876.32,359.18,21.9,Delayed
PRJ-00820,2026-05-01,876.32,374.44,24.3,Delayed
PRJ-00820,2026-06-01,876.32,389.71,26.6,Delayed
PRJ-00820,2026-07-01,876.32,404.97,29.0,Delayed
PRJ-00820,2026-08-01,876.32,420.24,31.4,Delayed
PRJ-00821,2025-09-01,329.85,196.03,47.6,On Track
PRJ-00821,2025-10-01,329.85,207.06,49.6,On Track
PRJ-00821,2025-11-01,329.85,218.08,51.6,On Track
PRJ-00821,2025-12-01,329.85,229.11,53.5,On Track
PRJ-00821,2026-01-01,329.85,240.13,55.5,Delayed
PRJ-00821,2026-02-01,397.27,251.16,57.4,Delayed
PRJ-00821,2026-03-01,397.27,262.18,59.4,Delayed
PRJ-00821,2026-04-01,397.27,273.21,61.4,Delayed
PRJ-00821,2026-05-01,397.27,284.23,63.3,Delayed
PRJ-00821,2026-06-01,397.27,295.26,65.3,Delayed
PRJ-00821,2026-07-01,397.27,306.28,67.2,Delayed
PRJ-00821,2026-08-01,397.27,317.31,69.2,Delayed
PRJ-00822,2025-09-01,428.67,326.61,51.1,On Track
PRJ-00822,2025-10-01,428.67,340.23,52.5,On Track
PRJ-00822,2025-11-01,428.67,353.85,54.0,On Track
PRJ-00822,2025-12-01,428.67,367.46,55.5,On Track
PRJ-00822,2026-01-01,428.67,381.08,56.9,Delayed
PRJ-00822,2026-02-01,428.67,394.7,58.4,Delayed
PRJ-00822,2026-03-01,428.67,408.32,59.9,Delayed
PRJ-00822,2026-04-01,428.67,421.94,61.3,Delayed
PRJ-00822,2026-05-01,518.73,435.56,62.8,Delayed
PRJ-00822,2026-06-01,518.73,449.17,64.3,Delayed
PRJ-00822,2026-07-01,518.73,462.79,65.7,Delayed
PRJ-00822,2026-08-01,518.73,476.41,67.2,Delayed
PRJ-00823,2025-09-01,4034.59,553.67,0.0,On Track
PRJ-00823,2025-10-01,4034.59,580.44,0.2,On Track
PRJ-00823,2025-11-01,4034.59,607.22,0.4,On Track
PRJ-00823,2025-12-01,4034.59,633.99,0.5,On Track
PRJ-00823,2026-01-01,4034.59,660.77,0.7,Stalled
PRJ-00823,2026-02-01,4034.59,687.54,0.9,Stalled
PRJ-00823,2026-03-01,4034.59,714.32,1.1,Stalled
PRJ-00823,2026-04-01,4034.59,741.09,1.3,Stalled
PRJ-00823,2026-05-01,4958.51,767.87,1.5,Stalled
PRJ-00823,2026-06-01,4958.51,794.64,1.6,Stalled
PRJ-00823,2026-07-01,4958.51,821.42,1.8,Stalled
PRJ-00823,2026-08-01,4958.51,848.19,2.0,Stalled
PRJ-00824,2025-09-01,663.11,365.38,27.2,On Track
PRJ-00824,2025-10-01,663.11,387.22,29.6,On Track
PRJ-00824,2025-11-01,663.11,409.06,31.9,On Track
PRJ-00824,2025-12-01,663.11,430.89,34.3,On Track
PRJ-00824,2026-01-01,663.11,452.73,36.6,Delayed
PRJ-00824,2026-02-01,663.11,474.57,39.0,Delayed
PRJ-00824,2026-03-01,663.11,496.41,41.3,Delayed
PRJ-00824,2026-04-01,663.11,518.25,43.7,Delayed
PRJ-00824,2026-05-01,663.11,540.09,46.0,Delayed
PRJ-00824,2026-06-01,812.77,561.93,48.4,Delayed
PRJ-00824,2026-07-01,812.77,583.77,50.7,Delayed
PRJ-00824,2026-08-01,812.77,605.61,53.1,Delayed
PRJ-00825,2025-09-01,314.51,55.85,0.0,On Track
PRJ-00825,2025-10-01,314.51,58.4,0.2,On Track
PRJ-00825,2025-11-01,314.51,60.94,0.4,On Track
PRJ-00825,2025-12-01,314.51,63.49,0.5,On Track
PRJ-00825,2026-01-01,314.51,66.03,0.7,Stalled
PRJ-00825,2026-02-01,314.51,68.58,0.9,Stalled
PRJ-00825,2026-03-01,417.37,71.12,1.1,Stalled
PRJ-00825,2026-04-01,417.37,73.67,1.3,Stalled
PRJ-00825,2026-05-01,417.37,76.21,1.5,Stalled
PRJ-00825,2026-06-01,417.37,78.76,1.6,Stalled
PRJ-00825,2026-07-01,417.37,81.3,1.8,Stalled
PRJ-00825,2026-08-01,417.37,83.85,2.0,Stalled
PRJ-00826,2025-09-01,331.03,78.91,0.0,On Track
PRJ-00826,2025-10-01,331.03,81.73,0.2,On Track
PRJ-00826,2025-11-01,331.03,84.54,0.4,On Track
PRJ-00826,2025-12-01,331.03,87.36,0.5,On Track
PRJ-00826,2026-01-01,460.73,90.17,0.7,Stalled
PRJ-00826,2026-02-01,460.73,92.99,0.9,Stalled
PRJ-00826,2026-03-01,460.73,95.8,1.1,Stalled
PRJ-00826,2026-04-01,460.73,98.62,1.3,Stalled
PRJ-00826,2026-05-01,460.73,101.43,1.5,Stalled
PRJ-00826,2026-06-01,460.73,104.25,1.6,Stalled
PRJ-00826,2026-07-01,460.73,107.06,1.8,Stalled
PRJ-00826,2026-08-01,460.73,109.88,2.0,Stalled
PRJ-00827,2025-09-01,1503.09,1279.12,41.1,On Track
PRJ-00827,2025-10-01,1503.09,1311.47,44.1,On Track
PRJ-00827,2025-11-01,1503.09,1343.82,47.2,On Track
PRJ-00827,2025-12-01,1503.09,1376.16,50.3,On Track
PRJ-00827,2026-01-01,1503.09,1408.51,53.3,Delayed
PRJ-00827,2026-02-01,1503.09,1440.86,56.4,Delayed
PRJ-00827,2026-03-01,1503.09,1473.21,59.4,Delayed
PRJ-00827,2026-04-01,1802.14,1505.55,62.5,Delayed
PRJ-00827,2026-05-01,1802.14,1537.9,65.5,Delayed
PRJ-00827,2026-06-01,1802.14,1570.25,68.6,Delayed
PRJ-00827,2026-07-01,1802.14,1602.59,71.6,Delayed
PRJ-00827,2026-08-01,1802.14,1634.94,74.7,Delayed
PRJ-00828,2025-09-01,1054.15,799.21,70.5,On Track
PRJ-00828,2025-10-01,1054.15,823.35,73.2,On Track
PRJ-00828,2025-11-01,1054.15,847.48,75.9,On Track
PRJ-00828,2025-12-01,1054.15,871.62,78.6,On Track
PRJ-00828,2026-01-01,1054.15,895.75,81.2,On Track
PRJ-00828,2026-02-01,1054.15,919.88,83.9,On Track
PRJ-00828,2026-03-01,1054.15,944.02,86.6,On Track
PRJ-00828,2026-04-01,1054.15,968.15,89.3,On Track
PRJ-00828,2026-05-01,1054.15,992.29,92.0,On Track
PRJ-00828,2026-06-01,1054.15,1016.42,94.6,On Track
PRJ-00828,2026-07-01,1054.15,1040.56,97.3,On Track
PRJ-00828,2026-08-01,1054.15,1064.69,100.0,Completed
PRJ-00829,2025-09-01,744.99,540.07,36.5,On Track
PRJ-00829,2025-10-01,744.99,556.6,39.7,On Track
PRJ-00829,2025-11-01,744.99,573.13,42.8,On Track
PRJ-00829,2025-12-01,744.99,589.66,45.9,On Track
PRJ-00829,2026-01-01,882.9,606.19,49.1,Delayed
PRJ-00829,2026-02-01,882.9,622.72,52.2,Delayed
PRJ-00829,2026-03-01,882.9,639.25,55.4,Delayed
PRJ-00829,2026-04-01,882.9,655.78,58.5,Delayed
PRJ-00829,2026-05-01,882.9,672.31,61.7,Delayed
PRJ-00829,2026-06-01,882.9,688.84,64.8,Delayed
PRJ-00829,2026-07-01,882.9,705.37,68.0,Delayed
PRJ-00829,2026-08-01,882.9,721.9,71.1,Delayed
PRJ-00830,2025-09-01,646.62,84.28,0.0,On Track
PRJ-00830,2025-10-01,646.62,87.78,0.2,On Track
PRJ-00830,2025-11-01,646.62,91.28,0.4,On Track
PRJ-00830,2025-12-01,646.62,94.79,0.5,On Track
PRJ-00830,2026-01-01,646.62,98.29,0.7,Stalled
PRJ-00830,2026-02-01,646.62,101.79,0.9,Stalled
PRJ-00830,2026-03-01,806.89,105.3,1.1,Stalled
PRJ-00830,2026-04-01,806.89,108.8,1.3,Stalled
PRJ-00830,2026-05-01,806.89,112.3,1.5,Stalled
PRJ-00830,2026-06-01,806.89,115.8,1.6,Stalled
PRJ-00830,2026-07-01,806.89,119.31,1.8,Stalled
PRJ-00830,2026-08-01,806.89,122.81,2.0,Stalled
PRJ-00831,2025-09-01,1285.47,992.42,83.2,On Track
PRJ-00831,2025-10-01,1285.47,1042.0,84.7,On Track
PRJ-00831,2025-11-01,1285.47,1091.59,86.2,On Track
PRJ-00831,2025-12-01,1285.47,1141.18,87.8,On Track
PRJ-00831,2026-01-01,1285.47,1190.76,89.3,Delayed
PRJ-00831,2026-02-01,1537.87,1240.35,90.8,Delayed
PRJ-00831,2026-03-01,1537.87,1289.94,92.4,Delayed
PRJ-00831,2026-04-01,1537.87,1339.52,93.9,Delayed
PRJ-00831,2026-05-01,1537.87,1389.11,95.4,Delayed
PRJ-00831,2026-06-01,1537.87,1438.7,96.9,Delayed
PRJ-00831,2026-07-01,1537.87,1488.28,98.5,Delayed
PRJ-00831,2026-08-01,1537.87,1537.87,100.0,Completed
PRJ-00832,2025-09-01,293.31,145.77,39.6,On Track
PRJ-00832,2025-10-01,293.31,153.9,41.6,On Track
PRJ-00832,2025-11-01,293.31,162.03,43.7,On Track
PRJ-00832,2025-12-01,293.31,170.16,45.7,On Track
PRJ-00832,2026-01-01,293.31,178.29,47.7,Delayed
PRJ-00832,2026-02-01,293.31,186.42,49.7,Delayed
PRJ-00832,2026-03-01,293.31,194.54,51.7,Delayed
PRJ-00832,2026-04-01,293.31,202.67,53.7,Delayed
PRJ-00832,2026-05-01,330.93,210.8,55.8,Delayed
PRJ-00832,2026-06-01,330.93,218.93,57.8,Delayed
PRJ-00832,2026-07-01,330.93,227.06,59.8,Delayed
PRJ-00832,2026-08-01,330.93,235.19,61.8,Delayed
PRJ-00833,2025-09-01,774.76,462.06,34.9,On Track
PRJ-00833,2025-10-01,774.76,483.59,37.4,On Track
PRJ-00833,2025-11-01,774.76,505.12,39.8,On Track
PRJ-00833,2025-12-01,774.76,526.66,42.3,On Track
PRJ-00833,2026-01-01,774.76,548.19,44.7,Delayed
PRJ-00833,2026-02-01,774.76,569.72,47.1,Delayed
PRJ-00833,2026-03-01,983.42,591.25,49.6,Delayed
PRJ-00833,2026-04-01,983.42,612.79,52.0,Delayed
PRJ-00833,2026-05-01,983.42,634.32,54.5,Delayed
PRJ-00833,2026-06-01,983.42,655.85,56.9,Delayed
PRJ-00833,2026-07-01,983.42,677.39,59.4,Delayed
PRJ-00833,2026-08-01,983.42,698.92,61.8,Delayed
PRJ-00834,2025-09-01,1082.7,239.56,7.2,On Track
PRJ-00834,2025-10-01,1082.7,252.91,10.0,On Track
PRJ-00834,2025-11-01,1082.7,266.27,12.7,On Track
PRJ-00834,2025-12-01,1082.7,279.63,15.5,On Track
PRJ-00834,2026-01-01,1082.7,292.99,18.2,On Track
PRJ-00834,2026-02-01,1082.7,306.34,21.0,On Track
PRJ-00834,2026-03-01,1082.7,319.7,23.7,On Track
PRJ-00834,2026-04-01,1082.7,333.06,26.5,On Track
PRJ-00834,2026-05-01,1082.7,346.42,29.2,On Track
PRJ-00834,2026-06-01,1082.7,359.77,32.0,On Track
PRJ-00834,2026-07-01,1082.7,373.13,34.7,On Track
PRJ-00834,2026-08-01,1082.7,386.49,37.5,On Track
PRJ-00835,2025-09-01,404.2,247.14,65.7,On Track
PRJ-00835,2025-10-01,404.2,261.42,68.8,On Track
PRJ-00835,2025-11-01,404.2,275.7,71.9,On Track
PRJ-00835,2025-12-01,404.2,289.97,75.1,On Track
PRJ-00835,2026-01-01,404.2,304.25,78.2,On Track
PRJ-00835,2026-02-01,404.2,318.53,81.3,On Track
PRJ-00835,2026-03-01,404.2,332.81,84.4,On Track
PRJ-00835,2026-04-01,404.2,347.09,87.5,On Track
PRJ-00835,2026-05-01,404.2,361.37,90.6,On Track
PRJ-00835,2026-06-01,404.2,375.64,93.8,On Track
PRJ-00835,2026-07-01,404.2,389.92,96.9,On Track
PRJ-00835,2026-08-01,404.2,404.2,100.0,Completed
PRJ-00836,2025-09-01,693.35,485.89,44.6,On Track
PRJ-00836,2025-10-01,693.35,512.57,46.2,On Track
PRJ-00836,2025-11-01,693.35,539.25,47.8,On Track
PRJ-00836,2025-12-01,693.35,565.93,49.4,On Track
PRJ-00836,2026-01-01,693.35,592.62,51.1,Delayed
PRJ-00836,2026-02-01,693.35,619.3,52.7,Delayed
PRJ-00836,2026-03-01,693.35,645.98,54.3,Delayed
PRJ-00836,2026-04-01,693.35,672.67,56.0,Delayed
PRJ-00836,2026-05-01,892.63,699.35,57.6,Delayed
PRJ-00836,2026-06-01,892.63,726.03,59.2,Delayed
PRJ-00836,2026-07-01,892.63,752.72,60.9,Delayed
PRJ-00836,2026-08-01,892.63,779.4,62.5,Delayed
PRJ-00837,2025-09-01,359.41,119.94,1.5,On Track
PRJ-00837,2025-10-01,359.41,125.49,3.7,On Track
PRJ-00837,2025-11-01,359.41,131.04,5.9,On Track
PRJ-00837,2025-12-01,464.1,136.59,8.1,On Track
PRJ-00837,2026-01-01,464.1,142.14,10.4,Delayed
PRJ-00837,2026-02-01,464.1,147.69,12.6,Delayed
PRJ-00837,2026-03-01,464.1,153.24,14.8,Delayed
PRJ-00837,2026-04-01,464.1,158.8,17.0,Delayed
PRJ-00837,2026-05-01,464.1,164.35,19.2,Delayed
PRJ-00837,2026-06-01,464.1,169.9,21.5,Delayed
PRJ-00837,2026-07-01,464.1,175.45,23.7,Delayed
PRJ-00837,2026-08-01,464.1,181.0,25.9,Delayed
PRJ-00838,2025-09-01,1465.16,908.98,69.5,On Track
PRJ-00838,2025-10-01,1465.16,959.54,72.3,On Track
PRJ-00838,2025-11-01,1465.16,1010.1,75.1,On Track
PRJ-00838,2025-12-01,1465.16,1060.66,77.8,On Track
PRJ-00838,2026-01-01,1465.16,1111.23,80.6,On Track
PRJ-00838,2026-02-01,1465.16,1161.79,83.4,On Track
PRJ-00838,2026-03-01,1465.16,1212.35,86.2,On Track
PRJ-00838,2026-04-01,1465.16,1262.91,88.9,On Track
PRJ-00838,2026-05-01,1465.16,1313.47,91.7,On Track
PRJ-00838,2026-06-01,1465.16,1364.04,94.5,On Track
PRJ-00838,2026-07-01,1465.16,1414.6,97.2,On Track
PRJ-00838,2026-08-01,1465.16,1465.16,100.0,Completed
PRJ-00839,2025-09-01,285.09,238.89,68.5,On Track
PRJ-00839,2025-10-01,285.09,249.21,71.4,On Track
PRJ-00839,2025-11-01,285.09,259.53,74.3,On Track
PRJ-00839,2025-12-01,285.09,269.85,77.1,On Track
PRJ-00839,2026-01-01,285.09,280.16,80.0,Delayed
PRJ-00839,2026-02-01,285.09,290.48,82.8,Delayed
PRJ-00839,2026-03-01,285.09,300.8,85.7,Delayed
PRJ-00839,2026-04-01,352.4,311.12,88.6,Delayed
PRJ-00839,2026-05-01,352.4,321.44,91.4,Delayed
PRJ-00839,2026-06-01,352.4,331.76,94.3,Delayed
PRJ-00839,2026-07-01,352.4,342.08,97.1,Delayed
PRJ-00839,2026-08-01,352.4,352.4,100.0,Completed
PRJ-00840,2025-09-01,402.12,381.3,52.5,On Track
PRJ-00840,2025-10-01,402.12,390.35,55.3,On Track
PRJ-00840,2025-11-01,402.12,399.39,58.2,On Track
PRJ-00840,2025-12-01,402.12,408.44,61.0,On Track
PRJ-00840,2026-01-01,402.12,417.48,63.9,Delayed
PRJ-00840,2026-02-01,402.12,426.53,66.8,Delayed
PRJ-00840,2026-03-01,402.12,435.58,69.6,Delayed
PRJ-00840,2026-04-01,402.12,444.62,72.5,Delayed
PRJ-00840,2026-05-01,498.33,453.67,75.3,Delayed
PRJ-00840,2026-06-01,498.33,462.72,78.2,Delayed
PRJ-00840,2026-07-01,498.33,471.76,81.0,Delayed
PRJ-00840,2026-08-01,498.33,480.81,83.9,Delayed
PRJ-00841,2025-09-01,635.09,125.2,0.0,On Track
PRJ-00841,2025-10-01,635.09,130.43,0.6,On Track
PRJ-00841,2025-11-01,635.09,135.67,1.2,On Track
PRJ-00841,2025-12-01,635.09,140.9,1.9,On Track
PRJ-00841,2026-01-01,762.02,146.13,2.5,Stalled
PRJ-00841,2026-02-01,762.02,151.36,3.1,Stalled
PRJ-00841,2026-03-01,762.02,156.6,3.7,Stalled
PRJ-00841,2026-04-01,762.02,161.83,4.3,Stalled
PRJ-00841,2026-05-01,762.02,167.06,4.9,Stalled
PRJ-00841,2026-06-01,762.02,172.29,5.6,Stalled
PRJ-00841,2026-07-01,762.02,177.53,6.2,Stalled
PRJ-00841,2026-08-01,762.02,182.76,6.8,Stalled
PRJ-00842,2025-09-01,933.49,555.99,42.9,On Track
PRJ-00842,2025-10-01,933.49,584.6,44.5,On Track
PRJ-00842,2025-11-01,933.49,613.2,46.0,On Track
PRJ-00842,2025-12-01,933.49,641.81,47.6,On Track
PRJ-00842,2026-01-01,933.49,670.42,49.2,Delayed
PRJ-00842,2026-02-01,933.49,699.03,50.8,Delayed
PRJ-00842,2026-03-01,933.49,727.63,52.3,Delayed
PRJ-00842,2026-04-01,933.49,756.24,53.9,Delayed
PRJ-00842,2026-05-01,1168.22,784.85,55.5,Delayed
PRJ-00842,2026-06-01,1168.22,813.46,57.1,Delayed
PRJ-00842,2026-07-01,1168.22,842.06,58.6,Delayed
PRJ-00842,2026-08-01,1168.22,870.67,60.2,Delayed
PRJ-00843,2025-09-01,418.08,257.73,84.9,On Track
PRJ-00843,2025-10-01,418.08,272.69,86.2,On Track
PRJ-00843,2025-11-01,418.08,287.64,87.6,On Track
PRJ-00843,2025-12-01,418.08,302.6,89.0,On Track
PRJ-00843,2026-01-01,418.08,317.56,90.4,On Track
PRJ-00843,2026-02-01,418.08,332.52,91.7,On Track
PRJ-00843,2026-03-01,418.08,347.47,93.1,On Track
PRJ-00843,2026-04-01,418.08,362.43,94.5,On Track
PRJ-00843,2026-05-01,418.08,377.39,95.9,On Track
PRJ-00843,2026-06-01,418.08,392.35,97.2,On Track
PRJ-00843,2026-07-01,418.08,407.3,98.6,On Track
PRJ-00843,2026-08-01,418.08,422.26,100.0,Completed
PRJ-00844,2025-09-01,624.47,553.8,80.0,On Track
PRJ-00844,2025-10-01,624.47,572.18,81.8,On Track
PRJ-00844,2025-11-01,624.47,590.57,83.6,On Track
PRJ-00844,2025-12-01,624.47,608.95,85.4,On Track
PRJ-00844,2026-01-01,624.47,627.34,87.2,Delayed
PRJ-00844,2026-02-01,756.03,645.72,89.1,Delayed
PRJ-00844,2026-03-01,756.03,664.11,90.9,Delayed
PRJ-00844,2026-04-01,756.03,682.49,92.7,Delayed
PRJ-00844,2026-05-01,756.03,700.88,94.5,Delayed
PRJ-00844,2026-06-01,756.03,719.26,96.4,Delayed
PRJ-00844,2026-07-01,756.03,737.65,98.2,Delayed
PRJ-00844,2026-08-01,756.03,756.03,100.0,Completed
PRJ-00845,2025-09-01,2801.25,1953.51,36.8,On Track
PRJ-00845,2025-10-01,2801.25,2031.9,39.5,On Track
PRJ-00845,2025-11-01,2801.25,2110.3,42.2,On Track
PRJ-00845,2025-12-01,2801.25,2188.7,44.8,On Track
PRJ-00845,2026-01-01,2801.25,2267.1,47.5,Delayed
PRJ-00845,2026-02-01,3686.78,2345.49,50.2,Delayed
PRJ-00845,2026-03-01,3686.78,2423.89,52.9,Delayed
PRJ-00845,2026-04-01,3686.78,2502.29,55.6,Delayed
PRJ-00845,2026-05-01,3686.78,2580.69,58.3,Delayed
PRJ-00845,2026-06-01,3686.78,2659.08,61.0,Delayed
PRJ-00845,2026-07-01,3686.78,2737.48,63.7,Delayed
PRJ-00845,2026-08-01,3686.78,2815.88,66.4,Delayed
PRJ-00846,2025-09-01,254.41,161.05,68.5,On Track
PRJ-00846,2025-10-01,254.41,169.53,71.4,On Track
PRJ-00846,2025-11-01,254.41,178.02,74.2,On Track
PRJ-00846,2025-12-01,254.41,186.51,77.1,On Track
PRJ-00846,2026-01-01,254.41,195.0,79.9,On Track
PRJ-00846,2026-02-01,254.41,203.48,82.8,On Track
PRJ-00846,2026-03-01,254.41,211.97,85.7,On Track
PRJ-00846,2026-04-01,254.41,220.46,88.5,On Track
PRJ-00846,2026-05-01,254.41,228.95,91.4,On Track
PRJ-00846,2026-06-01,254.41,237.43,94.3,On Track
PRJ-00846,2026-07-01,254.41,245.92,97.1,On Track
PRJ-00846,2026-08-01,254.41,254.41,100.0,Completed
PRJ-00847,2025-09-01,2078.71,391.08,0.0,On Track
PRJ-00847,2025-10-01,2078.71,410.21,2.7,On Track
PRJ-00847,2025-11-01,2078.71,429.35,5.3,On Track
PRJ-00847,2025-12-01,2078.71,448.48,8.0,On Track
PRJ-00847,2026-01-01,2078.71,467.61,10.7,On Track
PRJ-00847,2026-02-01,2078.71,486.74,13.4,On Track
PRJ-00847,2026-03-01,2078.71,505.87,16.0,On Track
PRJ-00847,2026-04-01,2078.71,525.0,18.7,On Track
PRJ-00847,2026-05-01,2078.71,544.14,21.4,On Track
PRJ-00847,2026-06-01,2078.71,563.27,24.1,On Track
PRJ-00847,2026-07-01,2078.71,582.4,26.7,On Track
PRJ-00847,2026-08-01,2078.71,601.53,29.4,On Track
PRJ-00848,2025-09-01,953.25,50.55,0.0,On Track
PRJ-00848,2025-10-01,953.25,52.66,0.7,On Track
PRJ-00848,2025-11-01,953.25,54.76,1.4,On Track
PRJ-00848,2025-12-01,953.25,56.87,2.1,On Track
PRJ-00848,2026-01-01,953.25,58.97,2.8,On Track
PRJ-00848,2026-02-01,953.25,61.08,3.5,On Track
PRJ-00848,2026-03-01,953.25,63.18,4.2,On Track
PRJ-00848,2026-04-01,953.25,65.29,4.9,On Track
PRJ-00848,2026-05-01,953.25,67.39,5.6,On Track
PRJ-00848,2026-06-01,953.25,69.5,6.3,On Track
PRJ-00848,2026-07-01,953.25,71.6,7.0,On Track
PRJ-00848,2026-08-01,953.25,73.71,7.7,On Track
PRJ-00849,2025-09-01,483.98,389.14,32.8,On Track
PRJ-00849,2025-10-01,483.98,400.14,35.4,On Track
PRJ-00849,2025-11-01,483.98,411.14,38.1,On Track
PRJ-00849,2025-12-01,483.98,422.13,40.7,On Track
PRJ-00849,2026-01-01,483.98,433.13,43.3,Delayed
PRJ-00849,2026-02-01,483.98,444.13,45.9,Delayed
PRJ-00849,2026-03-01,483.98,455.12,48.5,Delayed
PRJ-00849,2026-04-01,483.98,466.12,51.1,Delayed
PRJ-00849,2026-05-01,595.13,477.12,53.8,Delayed
PRJ-00849,2026-06-01,595.13,488.12,56.4,Delayed
PRJ-00849,2026-07-01,595.13,499.11,59.0,Delayed
PRJ-00849,2026-08-01,595.13,510.11,61.6,Delayed
PRJ-00850,2025-09-01,1488.85,955.76,75.8,On Track
PRJ-00850,2025-10-01,1488.85,1004.23,78.0,On Track
PRJ-00850,2025-11-01,1488.85,1052.69,80.2,On Track
PRJ-00850,2025-12-01,1488.85,1101.15,82.4,On Track
PRJ-00850,2026-01-01,1488.85,1149.61,84.6,On Track
PRJ-00850,2026-02-01,1488.85,1198.08,86.8,On Track
PRJ-00850,2026-03-01,1488.85,1246.54,89.0,On Track
PRJ-00850,2026-04-01,1488.85,1295.0,91.2,On Track
PRJ-00850,2026-05-01,1488.85,1343.46,93.4,On Track
PRJ-00850,2026-06-01,1488.85,1391.93,95.6,On Track
PRJ-00850,2026-07-01,1488.85,1440.39,97.8,On Track
PRJ-00850,2026-08-01,1488.85,1488.85,100.0,Completed
PRJ-00851,2025-09-01,253.96,110.95,20.8,On Track
PRJ-00851,2025-10-01,253.96,117.29,22.9,On Track
PRJ-00851,2025-11-01,253.96,123.63,25.0,On Track
PRJ-00851,2025-12-01,253.96,129.97,27.0,On Track
PRJ-00851,2026-01-01,253.96,136.31,29.1,Delayed
PRJ-00851,2026-02-01,253.96,142.65,31.2,Delayed
PRJ-00851,2026-03-01,253.96,148.99,33.2,Delayed
PRJ-00851,2026-04-01,333.33,155.33,35.3,Delayed
PRJ-00851,2026-05-01,333.33,161.67,37.4,Delayed
PRJ-00851,2026-06-01,333.33,168.01,39.5,Delayed
PRJ-00851,2026-07-01,333.33,174.35,41.5,Delayed
PRJ-00851,2026-08-01,333.33,180.69,43.6,Delayed
PRJ-00852,2025-09-01,471.29,43.15,0.0,On Track
PRJ-00852,2025-10-01,471.29,45.1,0.2,On Track
PRJ-00852,2025-11-01,471.29,47.05,0.4,On Track
PRJ-00852,2025-12-01,471.29,49.0,0.5,On Track
PRJ-00852,2026-01-01,471.29,50.95,0.7,Stalled
PRJ-00852,2026-02-01,547.6,52.9,0.9,Stalled
PRJ-00852,2026-03-01,547.6,54.86,1.1,Stalled
PRJ-00852,2026-04-01,547.6,56.81,1.3,Stalled
PRJ-00852,2026-05-01,547.6,58.76,1.5,Stalled
PRJ-00852,2026-06-01,547.6,60.71,1.6,Stalled
PRJ-00852,2026-07-01,547.6,62.66,1.8,Stalled
PRJ-00852,2026-08-01,547.6,64.61,2.0,Stalled
PRJ-00853,2025-09-01,1441.69,251.93,0.0,On Track
PRJ-00853,2025-10-01,1441.69,258.82,0.2,On Track
PRJ-00853,2025-11-01,1441.69,265.71,0.4,On Track
PRJ-00853,2025-12-01,1441.69,272.6,0.5,On Track
PRJ-00853,2026-01-01,1441.69,279.48,0.7,Stalled
PRJ-00853,2026-02-01,1441.69,286.37,0.9,Stalled
PRJ-00853,2026-03-01,1441.69,293.26,1.1,Stalled
PRJ-00853,2026-04-01,1441.69,300.14,1.3,Stalled
PRJ-00853,2026-05-01,1993.51,307.03,1.5,Stalled
PRJ-00853,2026-06-01,1993.51,313.92,1.6,Stalled
PRJ-00853,2026-07-01,1993.51,320.8,1.8,Stalled
PRJ-00853,2026-08-01,1993.51,327.69,2.0,Stalled
PRJ-00854,2025-09-01,1856.58,1420.71,36.6,On Track
PRJ-00854,2025-10-01,1856.58,1478.06,38.6,On Track
PRJ-00854,2025-11-01,1856.58,1535.42,40.7,On Track
PRJ-00854,2025-12-01,1856.58,1592.78,42.7,On Track
PRJ-00854,2026-01-01,2565.56,1650.13,44.8,Delayed
PRJ-00854,2026-02-01,2565.56,1707.49,46.8,Delayed
PRJ-00854,2026-03-01,2565.56,1764.84,48.9,Delayed
PRJ-00854,2026-04-01,2565.56,1822.2,50.9,Delayed
PRJ-00854,2026-05-01,2565.56,1879.55,53.0,Delayed
PRJ-00854,2026-06-01,2565.56,1936.91,55.0,Delayed
PRJ-00854,2026-07-01,2565.56,1994.26,57.1,Delayed
PRJ-00854,2026-08-01,2565.56,2051.62,59.1,Delayed
PRJ-00855,2025-09-01,397.42,274.21,65.4,On Track
PRJ-00855,2025-10-01,397.42,285.41,68.6,On Track
PRJ-00855,2025-11-01,397.42,296.62,71.7,On Track
PRJ-00855,2025-12-01,397.42,307.82,74.9,On Track
PRJ-00855,2026-01-01,397.42,319.02,78.0,On Track
PRJ-00855,2026-02-01,397.42,330.22,81.1,On Track
PRJ-00855,2026-03-01,397.42,341.42,84.3,On Track
PRJ-00855,2026-04-01,397.42,352.62,87.4,On Track
PRJ-00855,2026-05-01,397.42,363.82,90.6,On Track
PRJ-00855,2026-06-01,397.42,375.02,93.7,On Track
PRJ-00855,2026-07-01,397.42,386.22,96.9,On Track
PRJ-00855,2026-08-01,397.42,397.42,100.0,Completed
PRJ-00856,2025-09-01,533.23,193.55,36.7,On Track
PRJ-00856,2025-10-01,533.23,203.67,38.9,On Track
PRJ-00856,2025-11-01,533.23,213.8,41.1,On Track
PRJ-00856,2025-12-01,533.23,223.92,43.3,On Track
PRJ-00856,2026-01-01,533.23,234.04,45.6,On Track
PRJ-00856,2026-02-01,533.23,244.17,47.8,On Track
PRJ-00856,2026-03-01,533.23,254.29,50.0,On Track
PRJ-00856,2026-04-01,533.23,264.41,52.2,On Track
PRJ-00856,2026-05-01,533.23,274.54,54.4,On Track
PRJ-00856,2026-06-01,533.23,284.66,56.6,On Track
PRJ-00856,2026-07-01,533.23,294.79,58.8,On Track
PRJ-00856,2026-08-01,533.23,304.91,61.0,On Track
PRJ-00857,2025-09-01,778.81,118.39,0.0,On Track
PRJ-00857,2025-10-01,778.81,122.62,0.2,On Track
PRJ-00857,2025-11-01,778.81,126.85,0.4,On Track
PRJ-00857,2025-12-01,778.81,131.07,0.5,On Track
PRJ-00857,2026-01-01,778.81,135.3,0.7,Stalled
PRJ-00857,2026-02-01,778.81,139.53,0.9,Stalled
PRJ-00857,2026-03-01,1206.91,143.76,1.1,Stalled
PRJ-00857,2026-04-01,1206.91,147.99,1.3,Stalled
PRJ-00857,2026-05-01,1206.91,152.22,1.5,Stalled
PRJ-00857,2026-06-01,1206.91,156.44,1.6,Stalled
PRJ-00857,2026-07-01,1206.91,160.67,1.8,Stalled
PRJ-00857,2026-08-01,1206.91,164.9,2.0,Stalled
PRJ-00858,2025-09-01,693.34,468.11,38.6,On Track
PRJ-00858,2025-10-01,693.34,485.87,41.0,On Track
PRJ-00858,2025-11-01,693.34,503.62,43.4,On Track
PRJ-00858,2025-12-01,693.34,521.38,45.8,On Track
PRJ-00858,2026-01-01,887.5,539.13,48.2,Delayed
PRJ-00858,2026-02-01,887.5,556.88,50.6,Delayed
PRJ-00858,2026-03-01,887.5,574.64,53.0,Delayed
PRJ-00858,2026-04-01,887.5,592.39,55.4,Delayed
PRJ-00858,2026-05-01,887.5,610.15,57.8,Delayed
PRJ-00858,2026-06-01,887.5,627.9,60.2,Delayed
PRJ-00858,2026-07-01,887.5,645.66,62.6,Delayed
PRJ-00858,2026-08-01,887.5,663.41,65.0,Delayed
PRJ-00859,2025-09-01,1419.01,873.72,66.3,On Track
PRJ-00859,2025-10-01,1419.01,923.29,69.3,On Track
PRJ-00859,2025-11-01,1419.01,972.86,72.4,On Track
PRJ-00859,2025-12-01,1419.01,1022.43,75.5,On Track
PRJ-00859,2026-01-01,1419.01,1072.01,78.5,On Track
PRJ-00859,2026-02-01,1419.01,1121.58,81.6,On Track
PRJ-00859,2026-03-01,1419.01,1171.15,84.7,On Track
PRJ-00859,2026-04-01,1419.01,1220.72,87.7,On Track
PRJ-00859,2026-05-01,1419.01,1270.29,90.8,On Track
PRJ-00859,2026-06-01,1419.01,1319.87,93.9,On Track
PRJ-00859,2026-07-01,1419.01,1369.44,96.9,On Track
PRJ-00859,2026-08-01,1419.01,1419.01,100.0,Completed
PRJ-00860,2025-09-01,7675.73,3487.61,10.8,On Track
PRJ-00860,2025-10-01,7675.73,3602.66,13.3,On Track
PRJ-00860,2025-11-01,7675.73,3717.7,15.7,On Track
PRJ-00860,2025-12-01,7675.73,3832.75,18.2,On Track
PRJ-00860,2026-01-01,7675.73,3947.8,20.7,Delayed
PRJ-00860,2026-02-01,7675.73,4062.85,23.1,Delayed
PRJ-00860,2026-03-01,7675.73,4177.9,25.6,Delayed
PRJ-00860,2026-04-01,7675.73,4292.95,28.1,Delayed
PRJ-00860,2026-05-01,7675.73,4407.99,30.5,Delayed
PRJ-00860,2026-06-01,9658.1,4523.04,33.0,Delayed
PRJ-00860,2026-07-01,9658.1,4638.09,35.4,Delayed
PRJ-00860,2026-08-01,9658.1,4753.14,37.9,Delayed
PRJ-00861,2025-09-01,3725.36,352.06,0.0,On Track
PRJ-00861,2025-10-01,3725.36,364.72,1.2,On Track
PRJ-00861,2025-11-01,3725.36,377.37,2.5,On Track
PRJ-00861,2025-12-01,3725.36,390.03,3.7,On Track
PRJ-00861,2026-01-01,3725.36,402.69,4.9,On Track
PRJ-00861,2026-02-01,3725.36,415.35,6.1,On Track
PRJ-00861,2026-03-01,3725.36,428.01,7.4,On Track
PRJ-00861,2026-04-01,3725.36,440.67,8.6,On Track
PRJ-00861,2026-05-01,3725.36,453.32,9.8,On Track
PRJ-00861,2026-06-01,3725.36,465.98,11.0,On Track
PRJ-00861,2026-07-01,3725.36,478.64,12.3,On Track
PRJ-00861,2026-08-01,3725.36,491.3,13.5,On Track
PRJ-00862,2025-09-01,1539.62,185.01,0.0,On Track
PRJ-00862,2025-10-01,1539.62,194.56,0.2,On Track
PRJ-00862,2025-11-01,1539.62,204.12,0.4,On Track
PRJ-00862,2025-12-01,1539.62,213.68,0.5,On Track
PRJ-00862,2026-01-01,1539.62,223.23,0.7,Stalled
PRJ-00862,2026-02-01,1539.62,232.79,0.9,Stalled
PRJ-00862,2026-03-01,1539.62,242.35,1.1,Stalled
PRJ-00862,2026-04-01,1539.62,251.9,1.3,Stalled
PRJ-00862,2026-05-01,1879.68,261.46,1.5,Stalled
PRJ-00862,2026-06-01,1879.68,271.02,1.6,Stalled
PRJ-00862,2026-07-01,1879.68,280.57,1.8,Stalled
PRJ-00862,2026-08-01,1879.68,290.13,2.0,Stalled
PRJ-00863,2025-09-01,364.26,55.18,0.0,On Track
PRJ-00863,2025-10-01,364.26,57.5,0.2,On Track
PRJ-00863,2025-11-01,364.26,59.82,0.4,On Track
PRJ-00863,2025-12-01,364.26,62.13,0.5,On Track
PRJ-00863,2026-01-01,364.26,64.45,0.7,Stalled
PRJ-00863,2026-02-01,460.29,66.77,0.9,Stalled
PRJ-00863,2026-03-01,460.29,69.08,1.1,Stalled
PRJ-00863,2026-04-01,460.29,71.4,1.3,Stalled
PRJ-00863,2026-05-01,460.29,73.72,1.5,Stalled
PRJ-00863,2026-06-01,460.29,76.04,1.6,Stalled
PRJ-00863,2026-07-01,460.29,78.35,1.8,Stalled
PRJ-00863,2026-08-01,460.29,80.67,2.0,Stalled
PRJ-00864,2025-09-01,2428.26,1634.45,35.7,On Track
PRJ-00864,2025-10-01,2428.26,1710.57,37.7,On Track
PRJ-00864,2025-11-01,2428.26,1786.69,39.6,On Track
PRJ-00864,2025-12-01,3126.82,1862.81,41.6,On Track
PRJ-00864,2026-01-01,3126.82,1938.92,43.6,Delayed
PRJ-00864,2026-02-01,3126.82,2015.04,45.5,Delayed
PRJ-00864,2026-03-01,3126.82,2091.16,47.5,Delayed
PRJ-00864,2026-04-01,3126.82,2167.27,49.4,Delayed
PRJ-00864,2026-05-01,3126.82,2243.39,51.4,Delayed
PRJ-00864,2026-06-01,3126.82,2319.51,53.4,Delayed
PRJ-00864,2026-07-01,3126.82,2395.62,55.3,Delayed
PRJ-00864,2026-08-01,3126.82,2471.74,57.3,Delayed
PRJ-00865,2025-09-01,296.76,60.25,0.0,On Track
PRJ-00865,2025-10-01,296.76,61.66,0.2,On Track
PRJ-00865,2025-11-01,296.76,63.07,0.4,On Track
PRJ-00865,2025-12-01,296.76,64.49,0.5,On Track
PRJ-00865,2026-01-01,382.58,65.9,0.7,Stalled
PRJ-00865,2026-02-01,382.58,67.32,0.9,Stalled
PRJ-00865,2026-03-01,382.58,68.73,1.1,Stalled
PRJ-00865,2026-04-01,382.58,70.14,1.3,Stalled
PRJ-00865,2026-05-01,382.58,71.56,1.5,Stalled
PRJ-00865,2026-06-01,382.58,72.97,1.6,Stalled
PRJ-00865,2026-07-01,382.58,74.39,1.8,Stalled
PRJ-00865,2026-08-01,382.58,75.8,2.0,Stalled
PRJ-00866,2025-09-01,715.71,126.95,0.0,On Track
PRJ-00866,2025-10-01,715.71,133.13,1.2,On Track
PRJ-00866,2025-11-01,715.71,139.31,2.5,On Track
PRJ-00866,2025-12-01,715.71,145.49,3.7,On Track
PRJ-00866,2026-01-01,715.71,151.67,5.0,Stalled
PRJ-00866,2026-02-01,715.71,157.85,6.2,Stalled
PRJ-00866,2026-03-01,715.71,164.03,7.5,Stalled
PRJ-00866,2026-04-01,715.71,170.21,8.7,Stalled
PRJ-00866,2026-05-01,780.15,176.39,10.0,Stalled
PRJ-00866,2026-06-01,780.15,182.57,11.2,Delayed
PRJ-00866,2026-07-01,780.15,188.75,12.5,Delayed
PRJ-00866,2026-08-01,780.15,194.93,13.7,Delayed
PRJ-00867,2025-09-01,1560.28,435.93,0.0,On Track
PRJ-00867,2025-10-01,1560.28,450.8,1.0,On Track
PRJ-00867,2025-11-01,1560.28,465.67,2.1,On Track
PRJ-00867,2025-12-01,1560.28,480.54,3.1,On Track
PRJ-00867,2026-01-01,1560.28,495.41,4.2,Stalled
PRJ-00867,2026-02-01,1560.28,510.28,5.2,Stalled
PRJ-00867,2026-03-01,1560.28,525.14,6.3,Stalled
PRJ-00867,2026-04-01,1864.04,540.01,7.3,Stalled
PRJ-00867,2026-05-01,1864.04,554.88,8.4,Stalled
PRJ-00867,2026-06-01,1864.04,569.75,9.4,Stalled
PRJ-00867,2026-07-01,1864.04,584.62,10.5,Delayed
PRJ-00867,2026-08-01,1864.04,599.49,11.5,Delayed
PRJ-00868,2025-09-01,20568.59,3878.01,0.0,On Track
PRJ-00868,2025-10-01,20568.59,4088.78,0.2,On Track
PRJ-00868,2025-11-01,20568.59,4299.54,0.4,On Track
PRJ-00868,2025-12-01,20568.59,4510.31,0.5,On Track
PRJ-00868,2026-01-01,20568.59,4721.08,0.7,Stalled
PRJ-00868,2026-02-01,20568.59,4931.85,0.9,Stalled
PRJ-00868,2026-03-01,25800.49,5142.61,1.1,Stalled
PRJ-00868,2026-04-01,25800.49,5353.38,1.3,Stalled
PRJ-00868,2026-05-01,25800.49,5564.15,1.5,Stalled
PRJ-00868,2026-06-01,25800.49,5774.92,1.6,Stalled
PRJ-00868,2026-07-01,25800.49,5985.68,1.8,Stalled
PRJ-00868,2026-08-01,25800.49,6196.45,2.0,Stalled
PRJ-00869,2025-09-01,313.75,199.95,37.8,On Track
PRJ-00869,2025-10-01,313.75,205.67,39.4,On Track
PRJ-00869,2025-11-01,313.75,211.39,41.0,On Track
PRJ-00869,2025-12-01,313.75,217.11,42.6,On Track
PRJ-00869,2026-01-01,313.75,222.83,44.1,Delayed
PRJ-00869,2026-02-01,313.75,228.55,45.7,Delayed
PRJ-00869,2026-03-01,313.75,234.28,47.3,Delayed
PRJ-00869,2026-04-01,313.75,240.0,48.9,Delayed
PRJ-00869,2026-05-01,313.75,245.72,50.5,Delayed
PRJ-00869,2026-06-01,414.12,251.44,52.0,Delayed
PRJ-00869,2026-07-01,414.12,257.16,53.6,Delayed
PRJ-00869,2026-08-01,414.12,262.88,55.2,Delayed
PRJ-00870,2025-09-01,1640.55,386.02,0.0,On Track
PRJ-00870,2025-10-01,1640.55,397.99,0.2,On Track
PRJ-00870,2025-11-01,1640.55,409.96,0.4,On Track
PRJ-00870,2025-12-01,1640.55,421.92,0.5,On Track
PRJ-00870,2026-01-01,1640.55,433.89,0.7,Stalled
PRJ-00870,2026-02-01,1986.0,445.86,0.9,Stalled
PRJ-00870,2026-03-01,1986.0,457.82,1.1,Stalled
PRJ-00870,2026-04-01,1986.0,469.79,1.3,Stalled
PRJ-00870,2026-05-01,1986.0,481.76,1.5,Stalled
PRJ-00870,2026-06-01,1986.0,493.73,1.6,Stalled
PRJ-00870,2026-07-01,1986.0,505.69,1.8,Stalled
PRJ-00870,2026-08-01,1986.0,517.66,2.0,Stalled
PRJ-00871,2025-09-01,1295.5,850.53,80.4,On Track
PRJ-00871,2025-10-01,1295.5,890.98,82.2,On Track
PRJ-00871,2025-11-01,1295.5,931.43,84.0,On Track
PRJ-00871,2025-12-01,1295.5,971.88,85.8,On Track
PRJ-00871,2026-01-01,1295.5,1012.34,87.5,On Track
PRJ-00871,2026-02-01,1295.5,1052.79,89.3,On Track
PRJ-00871,2026-03-01,1295.5,1093.24,91.1,On Track
PRJ-00871,2026-04-01,1295.5,1133.69,92.9,On Track
PRJ-00871,2026-05-01,1295.5,1174.14,94.7,On Track
PRJ-00871,2026-06-01,1295.5,1214.6,96.4,On Track
PRJ-00871,2026-07-01,1295.5,1255.05,98.2,On Track
PRJ-00871,2026-08-01,1295.5,1295.5,100.0,Completed
PRJ-00872,2025-09-01,446.3,336.96,75.7,On Track
PRJ-00872,2025-10-01,446.3,350.55,77.9,On Track
PRJ-00872,2025-11-01,446.3,364.15,80.1,On Track
PRJ-00872,2025-12-01,446.3,377.74,82.3,On Track
PRJ-00872,2026-01-01,446.3,391.34,84.5,Delayed
PRJ-00872,2026-02-01,446.3,404.93,86.8,Delayed
PRJ-00872,2026-03-01,486.5,418.53,89.0,Delayed
PRJ-00872,2026-04-01,486.5,432.12,91.2,Delayed
PRJ-00872,2026-05-01,486.5,445.72,93.4,Delayed
PRJ-00872,2026-06-01,486.5,459.31,95.6,Delayed
PRJ-00872,2026-07-01,486.5,472.91,97.8,Delayed
PRJ-00872,2026-08-01,486.5,486.5,100.0,Completed
PRJ-00873,2025-09-01,559.82,535.28,42.7,On Track
PRJ-00873,2025-10-01,559.82,547.59,44.6,On Track
PRJ-00873,2025-11-01,559.82,559.9,46.5,On Track
PRJ-00873,2025-12-01,559.82,572.22,48.4,On Track
PRJ-00873,2026-01-01,559.82,584.53,50.3,Delayed
PRJ-00873,2026-02-01,559.82,596.84,52.2,Delayed
PRJ-00873,2026-03-01,772.47,609.15,54.2,Delayed
PRJ-00873,2026-04-01,772.47,621.46,56.1,Delayed
PRJ-00873,2026-05-01,772.47,633.77,58.0,Delayed
PRJ-00873,2026-06-01,772.47,646.09,59.9,Delayed
PRJ-00873,2026-07-01,772.47,658.4,61.8,Delayed
PRJ-00873,2026-08-01,772.47,670.71,63.7,Delayed
PRJ-00874,2025-09-01,1352.64,964.78,38.9,On Track
PRJ-00874,2025-10-01,1352.64,1020.92,41.2,On Track
PRJ-00874,2025-11-01,1352.64,1077.06,43.5,On Track
PRJ-00874,2025-12-01,1352.64,1133.21,45.8,On Track
PRJ-00874,2026-01-01,1352.64,1189.35,48.1,Delayed
PRJ-00874,2026-02-01,1352.64,1245.49,50.4,Delayed
PRJ-00874,2026-03-01,1865.43,1301.64,52.7,Delayed
PRJ-00874,2026-04-01,1865.43,1357.78,55.0,Delayed
PRJ-00874,2026-05-01,1865.43,1413.92,57.3,Delayed
PRJ-00874,2026-06-01,1865.43,1470.06,59.6,Delayed
PRJ-00874,2026-07-01,1865.43,1526.21,61.9,Delayed
PRJ-00874,2026-08-01,1865.43,1582.35,64.2,Delayed
PRJ-00875,2025-09-01,462.5,76.68,7.1,On Track
PRJ-00875,2025-10-01,462.5,81.23,9.1,On Track
PRJ-00875,2025-11-01,462.5,85.78,11.0,On Track
PRJ-00875,2025-12-01,462.5,90.33,12.9,On Track
PRJ-00875,2026-01-01,462.5,94.88,14.9,On Track
PRJ-00875,2026-02-01,462.5,99.43,16.8,On Track
PRJ-00875,2026-03-01,462.5,103.98,18.8,On Track
PRJ-00875,2026-04-01,462.5,108.52,20.7,On Track
PRJ-00875,2026-05-01,462.5,113.07,22.7,On Track
PRJ-00875,2026-06-01,462.5,117.62,24.6,On Track
PRJ-00875,2026-07-01,462.5,122.17,26.6,On Track
PRJ-00875,2026-08-01,462.5,126.72,28.5,On Track
PRJ-00876,2025-09-01,804.48,562.65,81.3,On Track
PRJ-00876,2025-10-01,804.48,590.9,83.0,On Track
PRJ-00876,2025-11-01,804.48,619.15,84.7,On Track
PRJ-00876,2025-12-01,804.48,647.39,86.4,On Track
PRJ-00876,2026-01-01,804.48,675.64,88.1,Delayed
PRJ-00876,2026-02-01,804.48,703.88,89.8,Delayed
PRJ-00876,2026-03-01,804.48,732.13,91.5,Delayed
PRJ-00876,2026-04-01,804.48,760.38,93.2,Delayed
PRJ-00876,2026-05-01,804.48,788.62,94.9,Delayed
PRJ-00876,2026-06-01,873.36,816.87,96.6,Delayed
PRJ-00876,2026-07-01,873.36,845.11,98.3,Delayed
PRJ-00876,2026-08-01,873.36,873.36,100.0,Completed
PRJ-00877,2025-09-01,671.24,477.29,39.9,On Track
PRJ-00877,2025-10-01,671.24,497.9,42.8,On Track
PRJ-00877,2025-11-01,671.24,518.51,45.7,On Track
PRJ-00877,2025-12-01,671.24,539.12,48.6,On Track
PRJ-00877,2026-01-01,851.42,559.73,51.5,Delayed
PRJ-00877,2026-02-01,851.42,580.34,54.4,Delayed
PRJ-00877,2026-03-01,851.42,600.95,57.3,Delayed
PRJ-00877,2026-04-01,851.42,621.56,60.2,Delayed
PRJ-00877,2026-05-01,851.42,642.17,63.2,Delayed
PRJ-00877,2026-06-01,851.42,662.78,66.1,Delayed
PRJ-00877,2026-07-01,851.42,683.39,69.0,Delayed
PRJ-00877,2026-08-01,851.42,704.0,71.9,Delayed
PRJ-00878,2025-09-01,721.14,685.21,78.7,On Track
PRJ-00878,2025-10-01,721.14,707.28,80.6,On Track
PRJ-00878,2025-11-01,721.14,729.35,82.6,On Track
PRJ-00878,2025-12-01,721.14,751.42,84.5,On Track
PRJ-00878,2026-01-01,721.14,773.49,86.4,Delayed
PRJ-00878,2026-02-01,721.14,795.56,88.4,Delayed
PRJ-00878,2026-03-01,721.14,817.62,90.3,Delayed
PRJ-00878,2026-04-01,721.14,839.69,92.3,Delayed
PRJ-00878,2026-05-01,927.97,861.76,94.2,Delayed
PRJ-00878,2026-06-01,927.97,883.83,96.1,Delayed
PRJ-00878,2026-07-01,927.97,905.9,98.1,Delayed
PRJ-00878,2026-08-01,927.97,927.97,100.0,Completed
PRJ-00879,2025-09-01,1657.21,817.35,11.8,On Track
PRJ-00879,2025-10-01,1657.21,842.27,14.3,On Track
PRJ-00879,2025-11-01,1657.21,867.2,16.9,On Track
PRJ-00879,2025-12-01,1657.21,892.12,19.5,On Track
PRJ-00879,2026-01-01,2228.04,917.05,22.0,Delayed
PRJ-00879,2026-02-01,2228.04,941.97,24.6,Delayed
PRJ-00879,2026-03-01,2228.04,966.9,27.2,Delayed
PRJ-00879,2026-04-01,2228.04,991.82,29.7,Delayed
PRJ-00879,2026-05-01,2228.04,1016.75,32.3,Delayed
PRJ-00879,2026-06-01,2228.04,1041.67,34.9,Delayed
PRJ-00879,2026-07-01,2228.04,1066.6,37.4,Delayed
PRJ-00879,2026-08-01,2228.04,1091.52,40.0,Delayed
PRJ-00880,2025-09-01,331.85,74.93,0.0,On Track
PRJ-00880,2025-10-01,331.85,77.19,0.2,On Track
PRJ-00880,2025-11-01,331.85,79.44,0.4,On Track
PRJ-00880,2025-12-01,331.85,81.7,0.5,On Track
PRJ-00880,2026-01-01,331.85,83.95,0.7,Stalled
PRJ-00880,2026-02-01,399.11,86.21,0.9,Stalled
PRJ-00880,2026-03-01,399.11,88.46,1.1,Stalled
PRJ-00880,2026-04-01,399.11,90.71,1.3,Stalled
PRJ-00880,2026-05-01,399.11,92.97,1.5,Stalled
PRJ-00880,2026-06-01,399.11,95.22,1.6,Stalled
PRJ-00880,2026-07-01,399.11,97.48,1.8,Stalled
PRJ-00880,2026-08-01,399.11,99.73,2.0,Stalled
PRJ-00881,2025-09-01,1110.91,101.16,0.0,On Track
PRJ-00881,2025-10-01,1110.91,105.43,1.3,On Track
PRJ-00881,2025-11-01,1110.91,109.71,2.6,On Track
PRJ-00881,2025-12-01,1110.91,113.98,3.9,On Track
PRJ-00881,2026-01-01,1110.91,118.25,5.2,On Track
PRJ-00881,2026-02-01,1110.91,122.52,6.5,On Track
PRJ-00881,2026-03-01,1110.91,126.8,7.8,On Track
PRJ-00881,2026-04-01,1110.91,131.07,9.1,On Track
PRJ-00881,2026-05-01,1110.91,135.34,10.4,On Track
PRJ-00881,2026-06-01,1110.91,139.61,11.7,On Track
PRJ-00881,2026-07-01,1110.91,143.89,13.0,On Track
PRJ-00881,2026-08-01,1110.91,148.16,14.3,On Track
PRJ-00882,2025-09-01,922.41,557.66,83.5,On Track
PRJ-00882,2025-10-01,922.41,590.82,85.0,On Track
PRJ-00882,2025-11-01,922.41,623.97,86.5,On Track
PRJ-00882,2025-12-01,922.41,657.13,88.0,On Track
PRJ-00882,2026-01-01,922.41,690.29,89.5,On Track
PRJ-00882,2026-02-01,922.41,723.45,91.0,On Track
PRJ-00882,2026-03-01,922.41,756.61,92.5,On Track
PRJ-00882,2026-04-01,922.41,789.77,94.0,On Track
PRJ-00882,2026-05-01,922.41,822.93,95.5,On Track
PRJ-00882,2026-06-01,922.41,856.09,97.0,On Track
PRJ-00882,2026-07-01,922.41,889.25,98.5,On Track
PRJ-00882,2026-08-01,922.41,922.41,100.0,Completed
PRJ-00883,2025-09-01,8729.58,864.55,0.0,On Track
PRJ-00883,2025-10-01,8729.58,907.61,0.2,On Track
PRJ-00883,2025-11-01,8729.58,950.68,0.4,On Track
PRJ-00883,2025-12-01,10099.3,993.74,0.5,On Track
PRJ-00883,2026-01-01,10099.3,1036.81,0.7,Stalled
PRJ-00883,2026-02-01,10099.3,1079.88,0.9,Stalled
PRJ-00883,2026-03-01,10099.3,1122.94,1.1,Stalled
PRJ-00883,2026-04-01,10099.3,1166.01,1.3,Stalled
PRJ-00883,2026-05-01,10099.3,1209.07,1.5,Stalled
PRJ-00883,2026-06-01,10099.3,1252.14,1.6,Stalled
PRJ-00883,2026-07-01,10099.3,1295.2,1.8,Stalled
PRJ-00883,2026-08-01,10099.3,1338.27,2.0,Stalled
PRJ-00884,2025-09-01,456.02,388.78,71.4,On Track
PRJ-00884,2025-10-01,456.02,407.06,74.0,On Track
PRJ-00884,2025-11-01,456.02,425.33,76.6,On Track
PRJ-00884,2025-12-01,456.02,443.6,79.2,On Track
PRJ-00884,2026-01-01,589.79,461.88,81.8,Delayed
PRJ-00884,2026-02-01,589.79,480.15,84.4,Delayed
PRJ-00884,2026-03-01,589.79,498.42,87.0,Delayed
PRJ-00884,2026-04-01,589.79,516.7,89.6,Delayed
PRJ-00884,2026-05-01,589.79,534.97,92.2,Delayed
PRJ-00884,2026-06-01,589.79,553.24,94.8,Delayed
PRJ-00884,2026-07-01,589.79,571.52,97.4,Delayed
PRJ-00884,2026-08-01,589.79,589.79,100.0,Completed
PRJ-00885,2025-09-01,343.65,206.49,73.7,On Track
PRJ-00885,2025-10-01,343.65,218.96,76.1,On Track
PRJ-00885,2025-11-01,343.65,231.43,78.5,On Track
PRJ-00885,2025-12-01,343.65,243.9,80.9,On Track
PRJ-00885,2026-01-01,343.65,256.37,83.3,On Track
PRJ-00885,2026-02-01,343.65,268.83,85.6,On Track
PRJ-00885,2026-03-01,343.65,281.3,88.0,On Track
PRJ-00885,2026-04-01,343.65,293.77,90.4,On Track
PRJ-00885,2026-05-01,343.65,306.24,92.8,On Track
PRJ-00885,2026-06-01,343.65,318.71,95.2,On Track
PRJ-00885,2026-07-01,343.65,331.18,97.6,On Track
PRJ-00885,2026-08-01,343.65,343.65,100.0,Completed
PRJ-00886,2025-09-01,493.59,436.42,68.0,On Track
PRJ-00886,2025-10-01,493.59,454.65,70.9,On Track
PRJ-00886,2025-11-01,493.59,472.87,73.8,On Track
PRJ-00886,2025-12-01,493.59,491.1,76.7,On Track
PRJ-00886,2026-01-01,493.59,509.33,79.6,Delayed
PRJ-00886,2026-02-01,493.59,527.55,82.5,Delayed
PRJ-00886,2026-03-01,493.59,545.78,85.4,Delayed
PRJ-00886,2026-04-01,493.59,564.0,88.4,Delayed
PRJ-00886,2026-05-01,493.59,582.23,91.3,Delayed
PRJ-00886,2026-06-01,636.91,600.46,94.2,Delayed
PRJ-00886,2026-07-01,636.91,618.68,97.1,Delayed
PRJ-00886,2026-08-01,636.91,636.91,100.0,Completed
PRJ-00887,2025-09-01,2614.69,1765.8,39.1,On Track
PRJ-00887,2025-10-01,2614.69,1847.95,41.5,On Track
PRJ-00887,2025-11-01,2614.69,1930.1,43.8,On Track
PRJ-00887,2025-12-01,2614.69,2012.25,46.1,On Track
PRJ-00887,2026-01-01,2614.69,2094.4,48.4,Delayed
PRJ-00887,2026-02-01,2614.69,2176.56,50.8,Delayed
PRJ-00887,2026-03-01,3268.23,2258.71,53.1,Delayed
PRJ-00887,2026-04-01,3268.23,2340.86,55.4,Delayed
PRJ-00887,2026-05-01,3268.23,2423.01,57.7,Delayed
PRJ-00887,2026-06-01,3268.23,2505.16,60.1,Delayed
PRJ-00887,2026-07-01,3268.23,2587.31,62.4,Delayed
PRJ-00887,2026-08-01,3268.23,2669.46,64.7,Delayed
PRJ-00888,2025-09-01,1763.49,1069.94,16.5,On Track
PRJ-00888,2025-10-01,1763.49,1123.13,18.9,On Track
PRJ-00888,2025-11-01,1763.49,1176.33,21.4,On Track
PRJ-00888,2025-12-01,1763.49,1229.53,23.8,On Track
PRJ-00888,2026-01-01,2833.4,1282.73,26.2,Delayed
PRJ-00888,2026-02-01,2833.4,1335.92,28.6,Delayed
PRJ-00888,2026-03-01,2833.4,1389.12,31.1,Delayed
PRJ-00888,2026-04-01,2833.4,1442.32,33.5,Delayed
PRJ-00888,2026-05-01,2833.4,1495.52,35.9,Delayed
PRJ-00888,2026-06-01,2833.4,1548.71,38.3,Delayed
PRJ-00888,2026-07-01,2833.4,1601.91,40.8,Delayed
PRJ-00888,2026-08-01,2833.4,1655.11,43.2,Delayed
PRJ-00889,2025-09-01,806.12,811.98,84.2,On Track
PRJ-00889,2025-10-01,806.12,833.47,85.6,On Track
PRJ-00889,2025-11-01,806.12,854.96,87.1,On Track
PRJ-00889,2025-12-01,806.12,876.45,88.5,On Track
PRJ-00889,2026-01-01,806.12,897.94,90.0,Delayed
PRJ-00889,2026-02-01,806.12,919.42,91.4,Delayed
PRJ-00889,2026-03-01,806.12,940.91,92.8,Delayed
PRJ-00889,2026-04-01,806.12,962.4,94.3,Delayed
PRJ-00889,2026-05-01,806.12,983.89,95.7,Delayed
PRJ-00889,2026-06-01,1048.35,1005.37,97.1,Delayed
PRJ-00889,2026-07-01,1048.35,1026.86,98.6,Delayed
PRJ-00889,2026-08-01,1048.35,1048.35,100.0,Completed
PRJ-00890,2025-09-01,387.26,336.06,68.3,On Track
PRJ-00890,2025-10-01,387.26,347.65,71.2,On Track
PRJ-00890,2025-11-01,387.26,359.23,74.1,On Track
PRJ-00890,2025-12-01,463.54,370.82,77.0,On Track
PRJ-00890,2026-01-01,463.54,382.41,79.8,Delayed
PRJ-00890,2026-02-01,463.54,394.0,82.7,Delayed
PRJ-00890,2026-03-01,463.54,405.59,85.6,Delayed
PRJ-00890,2026-04-01,463.54,417.18,88.5,Delayed
PRJ-00890,2026-05-01,463.54,428.77,91.4,Delayed
PRJ-00890,2026-06-01,463.54,440.36,94.2,Delayed
PRJ-00890,2026-07-01,463.54,451.95,97.1,Delayed
PRJ-00890,2026-08-01,463.54,463.54,100.0,Completed
PRJ-00891,2025-09-01,417.08,203.16,10.5,On Track
PRJ-00891,2025-10-01,417.08,211.68,12.8,On Track
PRJ-00891,2025-11-01,417.08,220.2,15.0,On Track
PRJ-00891,2025-12-01,417.08,228.72,17.3,On Track
PRJ-00891,2026-01-01,512.08,237.24,19.6,Delayed
PRJ-00891,2026-02-01,512.08,245.76,21.9,Delayed
PRJ-00891,2026-03-01,512.08,254.27,24.2,Delayed
PRJ-00891,2026-04-01,512.08,262.79,26.5,Delayed
PRJ-00891,2026-05-01,512.08,271.31,28.7,Delayed
PRJ-00891,2026-06-01,512.08,279.83,31.0,Delayed
PRJ-00891,2026-07-01,512.08,288.35,33.3,Delayed
PRJ-00891,2026-08-01,512.08,296.87,35.6,Delayed
PRJ-00892,2025-09-01,924.11,268.57,0.0,On Track
PRJ-00892,2025-10-01,924.11,276.76,0.9,On Track
PRJ-00892,2025-11-01,924.11,284.94,1.9,On Track
PRJ-00892,2025-12-01,924.11,293.12,2.8,On Track
PRJ-00892,2026-01-01,924.11,301.31,3.7,Stalled
PRJ-00892,2026-02-01,924.11,309.49,4.7,Stalled
PRJ-00892,2026-03-01,924.11,317.68,5.6,Stalled
PRJ-00892,2026-04-01,1128.63,325.86,6.6,Stalled
PRJ-00892,2026-05-01,1128.63,334.05,7.5,Stalled
PRJ-00892,2026-06-01,1128.63,342.23,8.4,Stalled
PRJ-00892,2026-07-01,1128.63,350.42,9.4,Stalled
PRJ-00892,2026-08-01,1128.63,358.6,10.3,Delayed
PRJ-00893,2025-09-01,510.0,321.52,76.3,On Track
PRJ-00893,2025-10-01,510.0,338.66,78.5,On Track
PRJ-00893,2025-11-01,510.0,355.79,80.6,On Track
PRJ-00893,2025-12-01,510.0,372.93,82.8,On Track
PRJ-00893,2026-01-01,510.0,390.06,84.9,On Track
PRJ-00893,2026-02-01,510.0,407.19,87.1,On Track
PRJ-00893,2026-03-01,510.0,424.33,89.2,On Track
PRJ-00893,2026-04-01,510.0,441.46,91.4,On Track
PRJ-00893,2026-05-01,510.0,458.6,93.5,On Track
PRJ-00893,2026-06-01,510.0,475.73,95.7,On Track
PRJ-00893,2026-07-01,510.0,492.87,97.8,On Track
PRJ-00893,2026-08-01,510.0,510.0,100.0,Completed
PRJ-00894,2025-09-01,574.87,488.6,71.1,On Track
PRJ-00894,2025-10-01,574.87,512.78,73.7,On Track
PRJ-00894,2025-11-01,574.87,536.96,76.4,On Track
PRJ-00894,2025-12-01,574.87,561.13,79.0,On Track
PRJ-00894,2026-01-01,754.55,585.31,81.6,Delayed
PRJ-00894,2026-02-01,754.55,609.49,84.2,Delayed
PRJ-00894,2026-03-01,754.55,633.67,86.9,Delayed
PRJ-00894,2026-04-01,754.55,657.84,89.5,Delayed
PRJ-00894,2026-05-01,754.55,682.02,92.1,Delayed
PRJ-00894,2026-06-01,754.55,706.2,94.7,Delayed
PRJ-00894,2026-07-01,754.55,730.37,97.4,Delayed
PRJ-00894,2026-08-01,754.55,754.55,100.0,Completed
PRJ-00895,2025-09-01,410.49,256.22,81.4,On Track
PRJ-00895,2025-10-01,410.49,270.25,83.1,On Track
PRJ-00895,2025-11-01,410.49,284.27,84.8,On Track
PRJ-00895,2025-12-01,410.49,298.29,86.4,On Track
PRJ-00895,2026-01-01,410.49,312.32,88.1,On Track
PRJ-00895,2026-02-01,410.49,326.34,89.8,On Track
PRJ-00895,2026-03-01,410.49,340.37,91.5,On Track
PRJ-00895,2026-04-01,410.49,354.39,93.2,On Track
PRJ-00895,2026-05-01,410.49,368.42,94.9,On Track
PRJ-00895,2026-06-01,410.49,382.44,96.6,On Track
PRJ-00895,2026-07-01,410.49,396.47,98.3,On Track
PRJ-00895,2026-08-01,410.49,410.49,100.0,Completed
PRJ-00896,2025-09-01,246.52,153.7,67.6,On Track
PRJ-00896,2025-10-01,246.52,162.36,70.5,On Track
PRJ-00896,2025-11-01,246.52,171.02,73.5,On Track
PRJ-00896,2025-12-01,246.52,179.69,76.4,On Track
PRJ-00896,2026-01-01,246.52,188.35,79.4,On Track
PRJ-00896,2026-02-01,246.52,197.01,82.3,On Track
PRJ-00896,2026-03-01,246.52,205.68,85.3,On Track
PRJ-00896,2026-04-01,246.52,214.34,88.2,On Track
PRJ-00896,2026-05-01,246.52,223.0,91.2,On Track
PRJ-00896,2026-06-01,246.52,231.66,94.1,On Track
PRJ-00896,2026-07-01,246.52,240.33,97.1,On Track
PRJ-00896,2026-08-01,246.52,248.99,100.0,Completed
PRJ-00897,2025-09-01,16631.45,4206.43,0.0,On Track
PRJ-00897,2025-10-01,16631.45,4432.35,1.1,On Track
PRJ-00897,2025-11-01,16631.45,4658.27,2.3,On Track
PRJ-00897,2025-12-01,16631.45,4884.19,3.4,On Track
PRJ-00897,2026-01-01,16631.45,5110.11,4.5,Stalled
PRJ-00897,2026-02-01,16631.45,5336.03,5.7,Stalled
PRJ-00897,2026-03-01,16631.45,5561.95,6.8,Stalled
PRJ-00897,2026-04-01,20512.88,5787.88,8.0,Stalled
PRJ-00897,2026-05-01,20512.88,6013.8,9.1,Stalled
PRJ-00897,2026-06-01,20512.88,6239.72,10.2,Delayed
PRJ-00897,2026-07-01,20512.88,6465.64,11.4,Delayed
PRJ-00897,2026-08-01,20512.88,6691.56,12.5,Delayed
PRJ-00898,2025-09-01,826.97,113.76,0.0,On Track
PRJ-00898,2025-10-01,826.97,119.73,2.0,On Track
PRJ-00898,2025-11-01,826.97,125.71,4.0,On Track
PRJ-00898,2025-12-01,826.97,131.68,6.1,On Track
PRJ-00898,2026-01-01,826.97,137.66,8.1,On Track
PRJ-00898,2026-02-01,826.97,143.64,10.1,On Track
PRJ-00898,2026-03-01,826.97,149.61,12.1,On Track
PRJ-00898,2026-04-01,826.97,155.59,14.1,On Track
PRJ-00898,2026-05-01,826.97,161.56,16.1,On Track
PRJ-00898,2026-06-01,826.97,167.54,18.2,On Track
PRJ-00898,2026-07-01,826.97,173.51,20.2,On Track
PRJ-00898,2026-08-01,826.97,179.49,22.2,On Track
PRJ-00899,2025-09-01,3147.38,3091.43,67.3,On Track
PRJ-00899,2025-10-01,3147.38,3171.18,70.2,On Track
PRJ-00899,2025-11-01,3147.38,3250.93,73.2,On Track
PRJ-00899,2025-12-01,3147.38,3330.68,76.2,On Track
PRJ-00899,2026-01-01,3147.38,3410.43,79.2,Delayed
PRJ-00899,2026-02-01,3968.69,3490.18,82.1,Delayed
PRJ-00899,2026-03-01,3968.69,3569.93,85.1,Delayed
PRJ-00899,2026-04-01,3968.69,3649.69,88.1,Delayed
PRJ-00899,2026-05-01,3968.69,3729.44,91.1,Delayed
PRJ-00899,2026-06-01,3968.69,3809.19,94.0,Delayed
PRJ-00899,2026-07-01,3968.69,3888.94,97.0,Delayed
PRJ-00899,2026-08-01,3968.69,3968.69,100.0,Completed
PRJ-00900,2025-09-01,1253.3,859.56,84.3,On Track
PRJ-00900,2025-10-01,1253.3,907.7,85.7,On Track
PRJ-00900,2025-11-01,1253.3,955.84,87.2,On Track
PRJ-00900,2025-12-01,1253.3,1003.97,88.6,On Track
PRJ-00900,2026-01-01,1253.3,1052.11,90.0,Delayed
PRJ-00900,2026-02-01,1253.3,1100.25,91.4,Delayed
PRJ-00900,2026-03-01,1253.3,1148.39,92.9,Delayed
PRJ-00900,2026-04-01,1253.3,1196.53,94.3,Delayed
PRJ-00900,2026-05-01,1253.3,1244.67,95.7,Delayed
PRJ-00900,2026-06-01,1389.08,1292.8,97.1,Delayed
PRJ-00900,2026-07-01,1389.08,1340.94,98.6,Delayed
PRJ-00900,2026-08-01,1389.08,1389.08,100.0,Completed
PRJ-00901,2025-09-01,1029.95,644.85,81.2,On Track
PRJ-00901,2025-10-01,1029.95,679.86,83.0,On Track
PRJ-00901,2025-11-01,1029.95,714.87,84.7,On Track
PRJ-00901,2025-12-01,1029.95,749.87,86.4,On Track
PRJ-00901,2026-01-01,1029.95,784.88,88.1,On Track
PRJ-00901,2026-02-01,1029.95,819.89,89.8,On Track
PRJ-00901,2026-03-01,1029.95,854.9,91.5,On Track
PRJ-00901,2026-04-01,1029.95,889.91,93.2,On Track
PRJ-00901,2026-05-01,1029.95,924.92,94.9,On Track
PRJ-00901,2026-06-01,1029.95,959.93,96.6,On Track
PRJ-00901,2026-07-01,1029.95,994.94,98.3,On Track
PRJ-00901,2026-08-01,1029.95,1029.95,100.0,Completed
PRJ-00902,2025-09-01,480.65,357.24,46.2,On Track
PRJ-00902,2025-10-01,480.65,371.82,48.4,On Track
PRJ-00902,2025-11-01,480.65,386.4,50.7,On Track
PRJ-00902,2025-12-01,480.65,400.97,52.9,On Track
PRJ-00902,2026-01-01,480.65,415.55,55.2,Delayed
PRJ-00902,2026-02-01,480.65,430.12,57.4,Delayed
PRJ-00902,2026-03-01,480.65,444.7,59.7,Delayed
PRJ-00902,2026-04-01,480.65,459.28,61.9,Delayed
PRJ-00902,2026-05-01,480.65,473.85,64.2,Delayed
PRJ-00902,2026-06-01,605.87,488.43,66.4,Delayed
PRJ-00902,2026-07-01,605.87,503.0,68.7,Delayed
PRJ-00902,2026-08-01,605.87,517.58,70.9,Delayed
PRJ-00903,2025-09-01,412.15,321.21,82.6,On Track
PRJ-00903,2025-10-01,412.15,336.42,84.2,On Track
PRJ-00903,2025-11-01,412.15,351.64,85.8,On Track
PRJ-00903,2025-12-01,488.56,366.85,87.3,On Track
PRJ-00903,2026-01-01,488.56,382.06,88.9,Delayed
PRJ-00903,2026-02-01,488.56,397.28,90.5,Delayed
PRJ-00903,2026-03-01,488.56,412.49,92.1,Delayed
PRJ-00903,2026-04-01,488.56,427.71,93.7,Delayed
PRJ-00903,2026-05-01,488.56,442.92,95.3,Delayed
PRJ-00903,2026-06-01,488.56,458.13,96.8,Delayed
PRJ-00903,2026-07-01,488.56,473.35,98.4,Delayed
PRJ-00903,2026-08-01,488.56,488.56,100.0,Completed
PRJ-00904,2025-09-01,9285.15,3799.32,2.1,On Track
PRJ-00904,2025-10-01,9285.15,3950.98,4.8,On Track
PRJ-00904,2025-11-01,9285.15,4102.63,7.5,On Track
PRJ-00904,2025-12-01,9285.15,4254.29,10.3,On Track
PRJ-00904,2026-01-01,9285.15,4405.95,13.0,Delayed
PRJ-00904,2026-02-01,9285.15,4557.61,15.7,Delayed
PRJ-00904,2026-03-01,9285.15,4709.26,18.4,Delayed
PRJ-00904,2026-04-01,9285.15,4860.92,21.1,Delayed
PRJ-00904,2026-05-01,12958.08,5012.58,23.8,Delayed
PRJ-00904,2026-06-01,12958.08,5164.24,26.6,Delayed
PRJ-00904,2026-07-01,12958.08,5315.89,29.3,Delayed
PRJ-00904,2026-08-01,12958.08,5467.55,32.0,Delayed
PRJ-00905,2025-09-01,698.49,581.16,56.6,On Track
PRJ-00905,2025-10-01,698.49,606.83,59.2,On Track
PRJ-00905,2025-11-01,698.49,632.49,61.8,On Track
PRJ-00905,2025-12-01,909.61,658.16,64.4,On Track
PRJ-00905,2026-01-01,909.61,683.83,67.0,Delayed
PRJ-00905,2026-02-01,909.61,709.5,69.6,Delayed
PRJ-00905,2026-03-01,909.61,735.17,72.2,Delayed
PRJ-00905,2026-04-01,909.61,760.84,74.8,Delayed
PRJ-00905,2026-05-01,909.61,786.5,77.4,Delayed
PRJ-00905,2026-06-01,909.61,812.17,80.0,Delayed
PRJ-00905,2026-07-01,909.61,837.84,82.6,Delayed
PRJ-00905,2026-08-01,909.61,863.51,85.2,Delayed
PRJ-00906,2025-09-01,527.93,186.53,6.1,On Track
PRJ-00906,2025-10-01,527.93,197.27,7.7,On Track
PRJ-00906,2025-11-01,527.93,208.0,9.3,On Track
PRJ-00906,2025-12-01,527.93,218.74,10.9,On Track
PRJ-00906,2026-01-01,527.93,229.47,12.5,Delayed
PRJ-00906,2026-02-01,760.65,240.21,14.1,Delayed
PRJ-00906,2026-03-01,760.65,250.94,15.7,Delayed
PRJ-00906,2026-04-01,760.65,261.67,17.4,Delayed
PRJ-00906,2026-05-01,760.65,272.41,19.0,Delayed
PRJ-00906,2026-06-01,760.65,283.14,20.6,Delayed
PRJ-00906,2026-07-01,760.65,293.88,22.2,Delayed
PRJ-00906,2026-08-01,760.65,304.61,23.8,Delayed
PRJ-00907,2025-09-01,565.0,99.86,0.0,On Track
PRJ-00907,2025-10-01,565.0,102.6,0.2,On Track
PRJ-00907,2025-11-01,565.0,105.34,0.4,On Track
PRJ-00907,2025-12-01,565.0,108.09,0.5,On Track
PRJ-00907,2026-01-01,764.71,110.83,0.7,Stalled
PRJ-00907,2026-02-01,764.71,113.57,0.9,Stalled
PRJ-00907,2026-03-01,764.71,116.31,1.1,Stalled
PRJ-00907,2026-04-01,764.71,119.06,1.3,Stalled
PRJ-00907,2026-05-01,764.71,121.8,1.5,Stalled
PRJ-00907,2026-06-01,764.71,124.54,1.6,Stalled
PRJ-00907,2026-07-01,764.71,127.29,1.8,Stalled
PRJ-00907,2026-08-01,764.71,130.03,2.0,Stalled
PRJ-00908,2025-09-01,1083.2,291.76,0.0,On Track
PRJ-00908,2025-10-01,1083.2,300.85,1.8,On Track
PRJ-00908,2025-11-01,1083.2,309.94,3.6,On Track
PRJ-00908,2025-12-01,1083.2,319.03,5.4,On Track
PRJ-00908,2026-01-01,1334.67,328.12,7.2,Stalled
PRJ-00908,2026-02-01,1334.67,337.21,9.0,Stalled
PRJ-00908,2026-03-01,1334.67,346.3,10.9,Delayed
PRJ-00908,2026-04-01,1334.67,355.39,12.7,Delayed
PRJ-00908,2026-05-01,1334.67,364.48,14.5,Delayed
PRJ-00908,2026-06-01,1334.67,373.57,16.3,Delayed
PRJ-00908,2026-07-01,1334.67,382.66,18.1,Delayed
PRJ-00908,2026-08-01,1334.67,391.75,19.9,Delayed
PRJ-00909,2025-09-01,1669.23,1061.01,73.7,On Track
PRJ-00909,2025-10-01,1669.23,1095.3,75.2,On Track
PRJ-00909,2025-11-01,1669.23,1129.58,76.8,On Track
PRJ-00909,2025-12-01,1669.23,1163.87,78.4,On Track
PRJ-00909,2026-01-01,1669.23,1198.15,80.0,On Track
PRJ-00909,2026-02-01,1669.23,1232.43,81.5,On Track
PRJ-00909,2026-03-01,1669.23,1266.72,83.1,On Track
PRJ-00909,2026-04-01,1669.23,1301.0,84.7,On Track
PRJ-00909,2026-05-01,1669.23,1335.29,86.3,On Track
PRJ-00909,2026-06-01,1669.23,1369.57,87.8,On Track
PRJ-00909,2026-07-01,1669.23,1403.86,89.4,On Track
PRJ-00909,2026-08-01,1669.23,1438.14,91.0,On Track
PRJ-00910,2025-09-01,805.48,529.94,73.2,On Track
PRJ-00910,2025-10-01,805.48,546.38,75.2,On Track
PRJ-00910,2025-11-01,805.48,562.82,77.1,On Track
PRJ-00910,2025-12-01,805.48,579.26,79.1,On Track
PRJ-00910,2026-01-01,805.48,595.7,81.1,On Track
PRJ-00910,2026-02-01,805.48,612.14,83.1,On Track
PRJ-00910,2026-03-01,805.48,628.58,85.1,On Track
PRJ-00910,2026-04-01,805.48,645.02,87.1,On Track
PRJ-00910,2026-05-01,805.48,661.46,89.0,On Track
PRJ-00910,2026-06-01,805.48,677.9,91.0,On Track
PRJ-00910,2026-07-01,805.48,694.34,93.0,On Track
PRJ-00910,2026-08-01,805.48,710.78,95.0,On Track
PRJ-00911,2025-09-01,379.9,235.07,43.9,On Track
PRJ-00911,2025-10-01,379.9,245.12,46.4,On Track
PRJ-00911,2025-11-01,379.9,255.17,48.9,On Track
PRJ-00911,2025-12-01,379.9,265.22,51.3,On Track
PRJ-00911,2026-01-01,379.9,275.27,53.8,Delayed
PRJ-00911,2026-02-01,379.9,285.31,56.2,Delayed
PRJ-00911,2026-03-01,379.9,295.36,58.7,Delayed
PRJ-00911,2026-04-01,379.9,305.41,61.2,Delayed
PRJ-00911,2026-05-01,425.12,315.46,63.6,Delayed
PRJ-00911,2026-06-01,425.12,325.5,66.1,Delayed
PRJ-00911,2026-07-01,425.12,335.55,68.5,Delayed
PRJ-00911,2026-08-01,425.12,345.6,71.0,Delayed
PRJ-00912,2025-09-01,261.08,40.46,0.0,On Track
PRJ-00912,2025-10-01,261.08,41.68,0.2,On Track
PRJ-00912,2025-11-01,261.08,42.91,0.4,On Track
PRJ-00912,2025-12-01,261.08,44.14,0.5,On Track
PRJ-00912,2026-01-01,261.08,45.37,0.7,Stalled
PRJ-00912,2026-02-01,261.08,46.59,0.9,Stalled
PRJ-00912,2026-03-01,344.95,47.82,1.1,Stalled
PRJ-00912,2026-04-01,344.95,49.05,1.3,Stalled
PRJ-00912,2026-05-01,344.95,50.28,1.5,Stalled
PRJ-00912,2026-06-01,344.95,51.5,1.6,Stalled
PRJ-00912,2026-07-01,344.95,52.73,1.8,Stalled
PRJ-00912,2026-08-01,344.95,53.96,2.0,Stalled
PRJ-00913,2025-09-01,2361.26,682.19,0.8,On Track
PRJ-00913,2025-10-01,2361.26,716.5,2.4,On Track
PRJ-00913,2025-11-01,2361.26,750.81,3.9,On Track
PRJ-00913,2025-12-01,2361.26,785.13,5.5,On Track
PRJ-00913,2026-01-01,2361.26,819.44,7.0,Stalled
PRJ-00913,2026-02-01,2860.54,853.75,8.6,Stalled
PRJ-00913,2026-03-01,2860.54,888.06,10.1,Delayed
PRJ-00913,2026-04-01,2860.54,922.37,11.7,Delayed
PRJ-00913,2026-05-01,2860.54,956.68,13.2,Delayed
PRJ-00913,2026-06-01,2860.54,990.99,14.8,Delayed
PRJ-00913,2026-07-01,2860.54,1025.3,16.3,Delayed
PRJ-00913,2026-08-01,2860.54,1059.61,17.9,Delayed
PRJ-00914,2025-09-01,573.78,276.96,37.3,On Track
PRJ-00914,2025-10-01,573.78,284.21,39.7,On Track
PRJ-00914,2025-11-01,573.78,291.46,42.1,On Track
PRJ-00914,2025-12-01,573.78,298.7,44.5,On Track
PRJ-00914,2026-01-01,573.78,305.95,46.9,On Track
PRJ-00914,2026-02-01,573.78,313.2,49.3,On Track
PRJ-00914,2026-03-01,573.78,320.45,51.7,On Track
PRJ-00914,2026-04-01,573.78,327.69,54.2,On Track
PRJ-00914,2026-05-01,573.78,334.94,56.6,On Track
PRJ-00914,2026-06-01,573.78,342.19,59.0,On Track
PRJ-00914,2026-07-01,573.78,349.43,61.4,On Track
PRJ-00914,2026-08-01,573.78,356.68,63.8,On Track
PRJ-00915,2025-09-01,315.83,212.99,68.7,On Track
PRJ-00915,2025-10-01,315.83,222.34,71.6,On Track
PRJ-00915,2025-11-01,315.83,231.69,74.4,On Track
PRJ-00915,2025-12-01,315.83,241.04,77.3,On Track
PRJ-00915,2026-01-01,315.83,250.39,80.1,On Track
PRJ-00915,2026-02-01,315.83,259.73,82.9,On Track
PRJ-00915,2026-03-01,315.83,269.08,85.8,On Track
PRJ-00915,2026-04-01,315.83,278.43,88.6,On Track
PRJ-00915,2026-05-01,315.83,287.78,91.5,On Track
PRJ-00915,2026-06-01,315.83,297.13,94.3,On Track
PRJ-00915,2026-07-01,315.83,306.48,97.2,On Track
PRJ-00915,2026-08-01,315.83,315.83,100.0,Completed
PRJ-00916,2025-09-01,1523.28,1051.86,63.6,On Track
PRJ-00916,2025-10-01,1523.28,1087.02,66.5,On Track
PRJ-00916,2025-11-01,1523.28,1122.17,69.3,On Track
PRJ-00916,2025-12-01,1523.28,1157.32,72.2,On Track
PRJ-00916,2026-01-01,1523.28,1192.48,75.0,On Track
PRJ-00916,2026-02-01,1523.28,1227.63,77.9,On Track
PRJ-00916,2026-03-01,1523.28,1262.79,80.7,On Track
PRJ-00916,2026-04-01,1523.28,1297.94,83.6,On Track
PRJ-00916,2026-05-01,1523.28,1333.1,86.4,On Track
PRJ-00916,2026-06-01,1523.28,1368.25,89.3,On Track
PRJ-00916,2026-07-01,1523.28,1403.41,92.1,On Track
PRJ-00916,2026-08-01,1523.28,1438.56,95.0,On Track
PRJ-00917,2025-09-01,2432.29,905.61,18.3,On Track
PRJ-00917,2025-10-01,2432.29,930.82,21.1,On Track
PRJ-00917,2025-11-01,2432.29,956.03,23.8,On Track
PRJ-00917,2025-12-01,2432.29,981.24,26.6,On Track
PRJ-00917,2026-01-01,2432.29,1006.45,29.4,On Track
PRJ-00917,2026-02-01,2432.29,1031.65,32.2,On Track
PRJ-00917,2026-03-01,2432.29,1056.86,35.0,On Track
PRJ-00917,2026-04-01,2432.29,1082.07,37.8,On Track
PRJ-00917,2026-05-01,2432.29,1107.28,40.5,On Track
PRJ-00917,2026-06-01,2432.29,1132.48,43.3,On Track
PRJ-00917,2026-07-01,2432.29,1157.69,46.1,On Track
PRJ-00917,2026-08-01,2432.29,1182.9,48.9,On Track
PRJ-00918,2025-09-01,249.74,209.0,81.3,On Track
PRJ-00918,2025-10-01,249.74,216.26,83.0,On Track
PRJ-00918,2025-11-01,249.74,223.53,84.7,On Track
PRJ-00918,2025-12-01,249.74,230.79,86.4,On Track
PRJ-00918,2026-01-01,249.74,238.05,88.1,Delayed
PRJ-00918,2026-02-01,249.74,245.31,89.8,Delayed
PRJ-00918,2026-03-01,249.74,252.58,91.5,Delayed
PRJ-00918,2026-04-01,249.74,259.84,93.2,Delayed
PRJ-00918,2026-05-01,288.89,267.1,94.9,Delayed
PRJ-00918,2026-06-01,288.89,274.36,96.6,Delayed
PRJ-00918,2026-07-01,288.89,281.63,98.3,Delayed
PRJ-00918,2026-08-01,288.89,288.89,100.0,Completed
PRJ-00919,2025-09-01,1682.58,1275.37,73.8,On Track
PRJ-00919,2025-10-01,1682.58,1338.17,76.2,On Track
PRJ-00919,2025-11-01,1682.58,1400.97,78.6,On Track
PRJ-00919,2025-12-01,1682.58,1463.78,80.9,On Track
PRJ-00919,2026-01-01,1682.58,1526.58,83.3,Delayed
PRJ-00919,2026-02-01,1682.58,1589.38,85.7,Delayed
PRJ-00919,2026-03-01,1682.58,1652.19,88.1,Delayed
PRJ-00919,2026-04-01,1682.58,1714.99,90.5,Delayed
PRJ-00919,2026-05-01,1966.2,1777.79,92.9,Delayed
PRJ-00919,2026-06-01,1966.2,1840.59,95.2,Delayed
PRJ-00919,2026-07-01,1966.2,1903.4,97.6,Delayed
PRJ-00919,2026-08-01,1966.2,1966.2,100.0,Completed
PRJ-00920,2025-09-01,2337.08,944.74,22.3,On Track
PRJ-00920,2025-10-01,2337.08,998.33,24.3,On Track
PRJ-00920,2025-11-01,2337.08,1051.93,26.4,On Track
PRJ-00920,2025-12-01,2337.08,1105.52,28.5,On Track
PRJ-00920,2026-01-01,2337.08,1159.12,30.6,Delayed
PRJ-00920,2026-02-01,2803.69,1212.72,32.7,Delayed
PRJ-00920,2026-03-01,2803.69,1266.31,34.8,Delayed
PRJ-00920,2026-04-01,2803.69,1319.91,36.9,Delayed
PRJ-00920,2026-05-01,2803.69,1373.5,38.9,Delayed
PRJ-00920,2026-06-01,2803.69,1427.1,41.0,Delayed
PRJ-00920,2026-07-01,2803.69,1480.69,43.1,Delayed
PRJ-00920,2026-08-01,2803.69,1534.29,45.2,Delayed
PRJ-00921,2025-09-01,2734.01,2704.99,62.4,On Track
PRJ-00921,2025-10-01,2734.01,2784.74,63.8,On Track
PRJ-00921,2025-11-01,2734.01,2864.49,65.2,On Track
PRJ-00921,2025-12-01,2734.01,2944.24,66.6,On Track
PRJ-00921,2026-01-01,2734.01,3024.0,68.0,Delayed
PRJ-00921,2026-02-01,3752.09,3103.75,69.4,Delayed
PRJ-00921,2026-03-01,3752.09,3183.5,70.8,Delayed
PRJ-00921,2026-04-01,3752.09,3263.25,72.3,Delayed
PRJ-00921,2026-05-01,3752.09,3343.0,73.7,Delayed
PRJ-00921,2026-06-01,3752.09,3422.76,75.1,Delayed
PRJ-00921,2026-07-01,3752.09,3502.51,76.5,Delayed
PRJ-00921,2026-08-01,3752.09,3582.26,77.9,Delayed
PRJ-00922,2025-09-01,1355.1,314.21,0.0,On Track
PRJ-00922,2025-10-01,1355.1,323.15,1.5,On Track
PRJ-00922,2025-11-01,1355.1,332.1,2.9,On Track
PRJ-00922,2025-12-01,1355.1,341.04,4.4,On Track
PRJ-00922,2026-01-01,1355.1,349.98,5.9,Stalled
PRJ-00922,2026-02-01,1355.1,358.93,7.4,Stalled
PRJ-00922,2026-03-01,1355.1,367.87,8.8,Stalled
PRJ-00922,2026-04-01,1620.57,376.82,10.3,Delayed
PRJ-00922,2026-05-01,1620.57,385.76,11.8,Delayed
PRJ-00922,2026-06-01,1620.57,394.7,13.3,Delayed
PRJ-00922,2026-07-01,1620.57,403.65,14.7,Delayed
PRJ-00922,2026-08-01,1620.57,412.59,16.2,Delayed
PRJ-00923,2025-09-01,808.46,687.8,78.6,On Track
PRJ-00923,2025-10-01,808.46,711.09,80.5,On Track
PRJ-00923,2025-11-01,808.46,734.38,82.5,On Track
PRJ-00923,2025-12-01,808.46,757.68,84.4,On Track
PRJ-00923,2026-01-01,944.02,780.97,86.4,Delayed
PRJ-00923,2026-02-01,944.02,804.26,88.3,Delayed
PRJ-00923,2026-03-01,944.02,827.56,90.3,Delayed
PRJ-00923,2026-04-01,944.02,850.85,92.2,Delayed
PRJ-00923,2026-05-01,944.02,874.14,94.2,Delayed
PRJ-00923,2026-06-01,944.02,897.43,96.1,Delayed
PRJ-00923,2026-07-01,944.02,920.73,98.1,Delayed
PRJ-00923,2026-08-01,944.02,944.02,100.0,Completed
PRJ-00924,2025-09-01,652.48,350.78,54.4,On Track
PRJ-00924,2025-10-01,652.48,367.47,57.1,On Track
PRJ-00924,2025-11-01,652.48,384.15,59.7,On Track
PRJ-00924,2025-12-01,652.48,400.84,62.4,On Track
PRJ-00924,2026-01-01,652.48,417.53,65.1,On Track
PRJ-00924,2026-02-01,652.48,434.21,67.8,On Track
PRJ-00924,2026-03-01,652.48,450.9,70.4,On Track
PRJ-00924,2026-04-01,652.48,467.58,73.1,On Track
PRJ-00924,2026-05-01,652.48,484.27,75.8,On Track
PRJ-00924,2026-06-01,652.48,500.96,78.5,On Track
PRJ-00924,2026-07-01,652.48,517.64,81.1,On Track
PRJ-00924,2026-08-01,652.48,534.33,83.8,On Track
PRJ-00925,2025-09-01,370.07,270.33,83.8,On Track
PRJ-00925,2025-10-01,370.07,279.4,85.3,On Track
PRJ-00925,2025-11-01,370.07,288.46,86.8,On Track
PRJ-00925,2025-12-01,370.07,297.53,88.3,On Track
PRJ-00925,2026-01-01,370.07,306.6,89.7,On Track
PRJ-00925,2026-02-01,370.07,315.67,91.2,On Track
PRJ-00925,2026-03-01,370.07,324.73,92.7,On Track
PRJ-00925,2026-04-01,370.07,333.8,94.1,On Track
PRJ-00925,2026-05-01,370.07,342.87,95.6,On Track
PRJ-00925,2026-06-01,370.07,351.94,97.1,On Track
PRJ-00925,2026-07-01,370.07,361.0,98.5,On Track
PRJ-00925,2026-08-01,370.07,370.07,100.0,Completed
PRJ-00926,2025-09-01,528.5,375.01,80.7,On Track
PRJ-00926,2025-10-01,528.5,388.97,82.5,On Track
PRJ-00926,2025-11-01,528.5,402.92,84.2,On Track
PRJ-00926,2025-12-01,528.5,416.87,86.0,On Track
PRJ-00926,2026-01-01,528.5,430.83,87.7,On Track
PRJ-00926,2026-02-01,528.5,444.78,89.5,On Track
PRJ-00926,2026-03-01,528.5,458.73,91.2,On Track
PRJ-00926,2026-04-01,528.5,472.69,93.0,On Track
PRJ-00926,2026-05-01,528.5,486.64,94.7,On Track
PRJ-00926,2026-06-01,528.5,500.59,96.5,On Track
PRJ-00926,2026-07-01,528.5,514.55,98.2,On Track
PRJ-00926,2026-08-01,528.5,528.5,100.0,Completed
PRJ-00927,2025-09-01,1223.4,961.34,69.5,On Track
PRJ-00927,2025-10-01,1223.4,985.17,72.3,On Track
PRJ-00927,2025-11-01,1223.4,1008.99,75.1,On Track
PRJ-00927,2025-12-01,1223.4,1032.81,77.8,On Track
PRJ-00927,2026-01-01,1223.4,1056.64,80.6,On Track
PRJ-00927,2026-02-01,1223.4,1080.46,83.4,On Track
PRJ-00927,2026-03-01,1223.4,1104.28,86.1,On Track
PRJ-00927,2026-04-01,1223.4,1128.11,88.9,On Track
PRJ-00927,2026-05-01,1223.4,1151.93,91.7,On Track
PRJ-00927,2026-06-01,1223.4,1175.75,94.5,On Track
PRJ-00927,2026-07-01,1223.4,1199.58,97.2,On Track
PRJ-00927,2026-08-01,1223.4,1223.4,100.0,Completed
PRJ-00928,2025-09-01,358.68,214.06,41.0,On Track
PRJ-00928,2025-10-01,358.68,223.95,43.6,On Track
PRJ-00928,2025-11-01,358.68,233.85,46.3,On Track
PRJ-00928,2025-12-01,358.68,243.74,48.9,On Track
PRJ-00928,2026-01-01,358.68,253.64,51.5,Delayed
PRJ-00928,2026-02-01,358.68,263.53,54.2,Delayed
PRJ-00928,2026-03-01,358.68,273.43,56.8,Delayed
PRJ-00928,2026-04-01,401.12,283.32,59.4,Delayed
PRJ-00928,2026-05-01,401.12,293.22,62.1,Delayed
PRJ-00928,2026-06-01,401.12,303.11,64.7,Delayed
PRJ-00928,2026-07-01,401.12,313.01,67.4,Delayed
PRJ-00928,2026-08-01,401.12,322.9,70.0,Delayed
PRJ-00929,2025-09-01,708.68,469.87,32.5,On Track
PRJ-00929,2025-10-01,708.68,483.13,34.8,On Track
PRJ-00929,2025-11-01,708.68,496.39,37.1,On Track
PRJ-00929,2025-12-01,708.68,509.66,39.3,On Track
PRJ-00929,2026-01-01,708.68,522.92,41.6,Delayed
PRJ-00929,2026-02-01,766.14,536.18,43.9,Delayed
PRJ-00929,2026-03-01,766.14,549.44,46.1,Delayed
PRJ-00929,2026-04-01,766.14,562.7,48.4,Delayed
PRJ-00929,2026-05-01,766.14,575.96,50.7,Delayed
PRJ-00929,2026-06-01,766.14,589.23,53.0,Delayed
PRJ-00929,2026-07-01,766.14,602.49,55.2,Delayed
PRJ-00929,2026-08-01,766.14,615.75,57.5,Delayed
PRJ-00930,2025-09-01,1191.85,922.45,77.5,On Track
PRJ-00930,2025-10-01,1191.85,948.02,79.6,On Track
PRJ-00930,2025-11-01,1191.85,973.6,81.6,On Track
PRJ-00930,2025-12-01,1191.85,999.17,83.7,On Track
PRJ-00930,2026-01-01,1191.85,1024.75,85.7,On Track
PRJ-00930,2026-02-01,1191.85,1050.32,87.7,On Track
PRJ-00930,2026-03-01,1191.85,1075.9,89.8,On Track
PRJ-00930,2026-04-01,1191.85,1101.47,91.8,On Track
PRJ-00930,2026-05-01,1191.85,1127.05,93.9,On Track
PRJ-00930,2026-06-01,1191.85,1152.62,95.9,On Track
PRJ-00930,2026-07-01,1191.85,1178.2,98.0,On Track
PRJ-00930,2026-08-01,1191.85,1203.77,100.0,Completed
PRJ-00931,2025-09-01,517.4,323.48,35.7,On Track
PRJ-00931,2025-10-01,517.4,332.31,38.3,On Track
PRJ-00931,2025-11-01,517.4,341.15,40.9,On Track
PRJ-00931,2025-12-01,517.4,349.98,43.6,On Track
PRJ-00931,2026-01-01,517.4,358.81,46.2,Delayed
PRJ-00931,2026-02-01,517.4,367.64,48.8,Delayed
PRJ-00931,2026-03-01,517.4,376.47,51.4,Delayed
PRJ-00931,2026-04-01,517.4,385.3,54.0,Delayed
PRJ-00931,2026-05-01,517.4,394.13,56.6,Delayed
PRJ-00931,2026-06-01,567.95,402.96,59.2,Delayed
PRJ-00931,2026-07-01,567.95,411.79,61.8,Delayed
PRJ-00931,2026-08-01,567.95,420.62,64.4,Delayed
PRJ-00932,2025-09-01,483.17,272.44,51.0,On Track
PRJ-00932,2025-10-01,483.17,281.25,53.8,On Track
PRJ-00932,2025-11-01,483.17,290.06,56.6,On Track
PRJ-00932,2025-12-01,483.17,298.87,59.4,On Track
PRJ-00932,2026-01-01,483.17,307.67,62.3,On Track
PRJ-00932,2026-02-01,483.17,316.48,65.1,On Track
PRJ-00932,2026-03-01,483.17,325.29,67.9,On Track
PRJ-00932,2026-04-01,483.17,334.1,70.8,On Track
PRJ-00932,2026-05-01,483.17,342.91,73.6,On Track
PRJ-00932,2026-06-01,483.17,351.71,76.4,On Track
PRJ-00932,2026-07-01,483.17,360.52,79.3,On Track
PRJ-00932,2026-08-01,483.17,369.33,82.1,On Track
PRJ-00933,2025-09-01,846.42,431.96,52.8,On Track
PRJ-00933,2025-10-01,846.42,456.94,55.6,On Track
PRJ-00933,2025-11-01,846.42,481.92,58.4,On Track
PRJ-00933,2025-12-01,846.42,506.9,61.2,On Track
PRJ-00933,2026-01-01,846.42,531.88,64.0,On Track
PRJ-00933,2026-02-01,846.42,556.86,66.8,On Track
PRJ-00933,2026-03-01,846.42,581.84,69.6,On Track
PRJ-00933,2026-04-01,846.42,606.82,72.3,On Track
PRJ-00933,2026-05-01,846.42,631.8,75.1,On Track
PRJ-00933,2026-06-01,846.42,656.78,77.9,On Track
PRJ-00933,2026-07-01,846.42,681.76,80.7,On Track
PRJ-00933,2026-08-01,846.42,706.74,83.5,On Track
PRJ-00934,2025-09-01,238.0,147.1,68.8,On Track
PRJ-00934,2025-10-01,238.0,155.36,71.6,On Track
PRJ-00934,2025-11-01,238.0,163.63,74.5,On Track
PRJ-00934,2025-12-01,238.0,171.89,77.3,On Track
PRJ-00934,2026-01-01,238.0,180.15,80.1,On Track
PRJ-00934,2026-02-01,238.0,188.42,83.0,On Track
PRJ-00934,2026-03-01,238.0,196.68,85.8,On Track
PRJ-00934,2026-04-01,238.0,204.95,88.6,On Track
PRJ-00934,2026-05-01,238.0,213.21,91.5,On Track
PRJ-00934,2026-06-01,238.0,221.47,94.3,On Track
PRJ-00934,2026-07-01,238.0,229.74,97.2,On Track
PRJ-00934,2026-08-01,238.0,238.0,100.0,Completed
PRJ-00935,2025-09-01,349.17,229.54,16.7,On Track
PRJ-00935,2025-10-01,349.17,236.11,18.9,On Track
PRJ-00935,2025-11-01,349.17,242.69,21.1,On Track
PRJ-00935,2025-12-01,349.17,249.27,23.3,On Track
PRJ-00935,2026-01-01,462.43,255.84,25.5,Delayed
PRJ-00935,2026-02-01,462.43,262.42,27.6,Delayed
PRJ-00935,2026-03-01,462.43,268.99,29.8,Delayed
PRJ-00935,2026-04-01,462.43,275.57,32.0,Delayed
PRJ-00935,2026-05-01,462.43,282.14,34.2,Delayed
PRJ-00935,2026-06-01,462.43,288.72,36.3,Delayed
PRJ-00935,2026-07-01,462.43,295.29,38.5,Delayed
PRJ-00935,2026-08-01,462.43,301.87,40.7,Delayed
PRJ-00936,2025-09-01,1449.34,882.36,42.1,On Track
PRJ-00936,2025-10-01,1449.34,935.49,44.0,On Track
PRJ-00936,2025-11-01,1449.34,988.63,45.9,On Track
PRJ-00936,2025-12-01,1449.34,1041.76,47.8,On Track
PRJ-00936,2026-01-01,1449.34,1094.89,49.8,Delayed
PRJ-00936,2026-02-01,1449.34,1148.03,51.7,Delayed
PRJ-00936,2026-03-01,1685.31,1201.16,53.6,Delayed
PRJ-00936,2026-04-01,1685.31,1254.3,55.5,Delayed
PRJ-00936,2026-05-01,1685.31,1307.43,57.4,Delayed
PRJ-00936,2026-06-01,1685.31,1360.56,59.4,Delayed
PRJ-00936,2026-07-01,1685.31,1413.7,61.3,Delayed
PRJ-00936,2026-08-01,1685.31,1466.83,63.2,Delayed
PRJ-00937,2025-09-01,1829.96,437.2,0.0,On Track
PRJ-00937,2025-10-01,1829.96,452.42,0.2,On Track
PRJ-00937,2025-11-01,1829.96,467.65,0.4,On Track
PRJ-00937,2025-12-01,2366.59,482.87,0.5,On Track
PRJ-00937,2026-01-01,2366.59,498.1,0.7,Stalled
PRJ-00937,2026-02-01,2366.59,513.32,0.9,Stalled
PRJ-00937,2026-03-01,2366.59,528.55,1.1,Stalled
PRJ-00937,2026-04-01,2366.59,543.78,1.3,Stalled
PRJ-00937,2026-05-01,2366.59,559.0,1.5,Stalled
PRJ-00937,2026-06-01,2366.59,574.23,1.6,Stalled
PRJ-00937,2026-07-01,2366.59,589.45,1.8,Stalled
PRJ-00937,2026-08-01,2366.59,604.68,2.0,Stalled
PRJ-00938,2025-09-01,303.89,70.81,0.0,On Track
PRJ-00938,2025-10-01,303.89,72.88,0.2,On Track
PRJ-00938,2025-11-01,303.89,74.94,0.4,On Track
PRJ-00938,2025-12-01,303.89,77.01,0.5,On Track
PRJ-00938,2026-01-01,303.89,79.07,0.7,Stalled
PRJ-00938,2026-02-01,303.89,81.14,0.9,Stalled
PRJ-00938,2026-03-01,303.89,83.2,1.1,Stalled
PRJ-00938,2026-04-01,303.89,85.27,1.3,Stalled
PRJ-00938,2026-05-01,367.62,87.33,1.5,Stalled
PRJ-00938,2026-06-01,367.62,89.4,1.6,Stalled
PRJ-00938,2026-07-01,367.62,91.46,1.8,Stalled
PRJ-00938,2026-08-01,367.62,93.53,2.0,Stalled
PRJ-00939,2025-09-01,290.87,78.66,24.4,On Track
PRJ-00939,2025-10-01,290.87,81.39,25.8,On Track
PRJ-00939,2025-11-01,290.87,84.12,27.3,On Track
PRJ-00939,2025-12-01,290.87,86.85,28.7,On Track
PRJ-00939,2026-01-01,290.87,89.58,30.2,On Track
PRJ-00939,2026-02-01,290.87,92.31,31.6,On Track
PRJ-00939,2026-03-01,290.87,95.04,33.1,On Track
PRJ-00939,2026-04-01,290.87,97.77,34.5,On Track
PRJ-00939,2026-05-01,290.87,100.5,36.0,On Track
PRJ-00939,2026-06-01,290.87,103.23,37.4,On Track
PRJ-00939,2026-07-01,290.87,105.96,38.9,On Track
PRJ-00939,2026-08-01,290.87,108.69,40.3,On Track
PRJ-00940,2025-09-01,1639.74,1243.37,82.2,On Track
PRJ-00940,2025-10-01,1639.74,1280.9,83.8,On Track
PRJ-00940,2025-11-01,1639.74,1318.42,85.4,On Track
PRJ-00940,2025-12-01,1639.74,1355.95,87.0,On Track
PRJ-00940,2026-01-01,1639.74,1393.47,88.7,On Track
PRJ-00940,2026-02-01,1639.74,1430.99,90.3,On Track
PRJ-00940,2026-03-01,1639.74,1468.52,91.9,On Track
PRJ-00940,2026-04-01,1639.74,1506.04,93.5,On Track
PRJ-00940,2026-05-01,1639.74,1543.57,95.1,On Track
PRJ-00940,2026-06-01,1639.74,1581.09,96.8,On Track
PRJ-00940,2026-07-01,1639.74,1618.62,98.4,On Track
PRJ-00940,2026-08-01,1639.74,1656.14,100.0,Completed
PRJ-00941,2025-09-01,1086.96,852.68,68.7,On Track
PRJ-00941,2025-10-01,1086.96,885.53,71.5,On Track
PRJ-00941,2025-11-01,1086.96,918.38,74.4,On Track
PRJ-00941,2025-12-01,1086.96,951.23,77.2,On Track
PRJ-00941,2026-01-01,1214.03,984.08,80.1,Delayed
PRJ-00941,2026-02-01,1214.03,1016.93,82.9,Delayed
PRJ-00941,2026-03-01,1214.03,1049.78,85.8,Delayed
PRJ-00941,2026-04-01,1214.03,1082.63,88.6,Delayed
PRJ-00941,2026-05-01,1214.03,1115.48,91.5,Delayed
PRJ-00941,2026-06-01,1214.03,1148.33,94.3,Delayed
PRJ-00941,2026-07-01,1214.03,1181.18,97.2,Delayed
PRJ-00941,2026-08-01,1214.03,1214.03,100.0,Completed
PRJ-00942,2025-09-01,819.75,231.47,21.2,On Track
PRJ-00942,2025-10-01,819.75,239.08,22.9,On Track
PRJ-00942,2025-11-01,819.75,246.68,24.6,On Track
PRJ-00942,2025-12-01,819.75,254.29,26.3,On Track
PRJ-00942,2026-01-01,819.75,261.89,28.0,On Track
PRJ-00942,2026-02-01,819.75,269.5,29.7,On Track
PRJ-00942,2026-03-01,819.75,277.1,31.4,On Track
PRJ-00942,2026-04-01,819.75,284.71,33.1,On Track
PRJ-00942,2026-05-01,819.75,292.31,34.8,On Track
PRJ-00942,2026-06-01,819.75,299.92,36.5,On Track
PRJ-00942,2026-07-01,819.75,307.52,38.2,On Track
PRJ-00942,2026-08-01,819.75,315.13,39.9,On Track
PRJ-00943,2025-09-01,1418.36,1016.11,31.2,On Track
PRJ-00943,2025-10-01,1418.36,1057.8,34.3,On Track
PRJ-00943,2025-11-01,1418.36,1099.49,37.4,On Track
PRJ-00943,2025-12-01,1418.36,1141.17,40.5,On Track
PRJ-00943,2026-01-01,1818.03,1182.86,43.6,Delayed
PRJ-00943,2026-02-01,1818.03,1224.54,46.7,Delayed
PRJ-00943,2026-03-01,1818.03,1266.23,49.7,Delayed
PRJ-00943,2026-04-01,1818.03,1307.92,52.8,Delayed
PRJ-00943,2026-05-01,1818.03,1349.6,55.9,Delayed
PRJ-00943,2026-06-01,1818.03,1391.29,59.0,Delayed
PRJ-00943,2026-07-01,1818.03,1432.97,62.1,Delayed
PRJ-00943,2026-08-01,1818.03,1474.66,65.2,Delayed
PRJ-00944,2025-09-01,376.39,254.79,80.2,On Track
PRJ-00944,2025-10-01,376.39,265.85,82.0,On Track
PRJ-00944,2025-11-01,376.39,276.9,83.8,On Track
PRJ-00944,2025-12-01,376.39,287.96,85.6,On Track
PRJ-00944,2026-01-01,376.39,299.01,87.4,On Track
PRJ-00944,2026-02-01,376.39,310.06,89.2,On Track
PRJ-00944,2026-03-01,376.39,321.12,91.0,On Track
PRJ-00944,2026-04-01,376.39,332.17,92.8,On Track
PRJ-00944,2026-05-01,376.39,343.23,94.6,On Track
PRJ-00944,2026-06-01,376.39,354.28,96.4,On Track
PRJ-00944,2026-07-01,376.39,365.34,98.2,On Track
PRJ-00944,2026-08-01,376.39,376.39,100.0,Completed
PRJ-00945,2025-09-01,1991.94,1214.92,78.2,On Track
PRJ-00945,2025-10-01,1991.94,1285.56,80.2,On Track
PRJ-00945,2025-11-01,1991.94,1356.19,82.1,On Track
PRJ-00945,2025-12-01,1991.94,1426.83,84.1,On Track
PRJ-00945,2026-01-01,1991.94,1497.47,86.1,On Track
PRJ-00945,2026-02-01,1991.94,1568.11,88.1,On Track
PRJ-00945,2026-03-01,1991.94,1638.75,90.1,On Track
PRJ-00945,2026-04-01,1991.94,1709.39,92.1,On Track
PRJ-00945,2026-05-01,1991.94,1780.02,94.0,On Track
PRJ-00945,2026-06-01,1991.94,1850.66,96.0,On Track
PRJ-00945,2026-07-01,1991.94,1921.3,98.0,On Track
PRJ-00945,2026-08-01,1991.94,1991.94,100.0,Completed
PRJ-00946,2025-09-01,701.24,551.26,67.6,On Track
PRJ-00946,2025-10-01,701.24,564.9,70.5,On Track
PRJ-00946,2025-11-01,701.24,578.53,73.5,On Track
PRJ-00946,2025-12-01,701.24,592.16,76.4,On Track
PRJ-00946,2026-01-01,701.24,605.8,79.4,On Track
PRJ-00946,2026-02-01,701.24,619.43,82.3,On Track
PRJ-00946,2026-03-01,701.24,633.07,85.3,On Track
PRJ-00946,2026-04-01,701.24,646.7,88.2,On Track
PRJ-00946,2026-05-01,701.24,660.34,91.2,On Track
PRJ-00946,2026-06-01,701.24,673.97,94.1,On Track
PRJ-00946,2026-07-01,701.24,687.61,97.1,On Track
PRJ-00946,2026-08-01,701.24,701.24,100.0,Completed
PRJ-00947,2025-09-01,434.77,144.38,40.2,On Track
PRJ-00947,2025-10-01,434.77,152.65,41.9,On Track
PRJ-00947,2025-11-01,434.77,160.92,43.5,On Track
PRJ-00947,2025-12-01,434.77,169.19,45.2,On Track
PRJ-00947,2026-01-01,434.77,177.46,46.9,On Track
PRJ-00947,2026-02-01,434.77,185.73,48.6,On Track
PRJ-00947,2026-03-01,434.77,194.01,50.2,On Track
PRJ-00947,2026-04-01,434.77,202.28,51.9,On Track
PRJ-00947,2026-05-01,434.77,210.55,53.6,On Track
PRJ-00947,2026-06-01,434.77,218.82,55.3,On Track
PRJ-00947,2026-07-01,434.77,227.09,56.9,On Track
PRJ-00947,2026-08-01,434.77,235.36,58.6,On Track
PRJ-00948,2025-09-01,487.33,407.33,61.4,On Track
PRJ-00948,2025-10-01,487.33,416.82,63.7,On Track
PRJ-00948,2025-11-01,487.33,426.31,66.1,On Track
PRJ-00948,2025-12-01,487.33,435.8,68.5,On Track
PRJ-00948,2026-01-01,487.33,445.29,70.8,Delayed
PRJ-00948,2026-02-01,487.33,454.77,73.2,Delayed
PRJ-00948,2026-03-01,487.33,464.26,75.5,Delayed
PRJ-00948,2026-04-01,511.7,473.75,77.9,Delayed
PRJ-00948,2026-05-01,511.7,483.24,80.2,Delayed
PRJ-00948,2026-06-01,511.7,492.72,82.6,Delayed
PRJ-00948,2026-07-01,511.7,502.21,84.9,Delayed
PRJ-00948,2026-08-01,511.7,511.7,87.3,Delayed
PRJ-00949,2025-09-01,523.16,324.51,75.4,On Track
PRJ-00949,2025-10-01,523.16,342.57,77.7,On Track
PRJ-00949,2025-11-01,523.16,360.63,79.9,On Track
PRJ-00949,2025-12-01,523.16,378.69,82.1,On Track
PRJ-00949,2026-01-01,523.16,396.75,84.4,On Track
PRJ-00949,2026-02-01,523.16,414.8,86.6,On Track
PRJ-00949,2026-03-01,523.16,432.86,88.8,On Track
PRJ-00949,2026-04-01,523.16,450.92,91.1,On Track
PRJ-00949,2026-05-01,523.16,468.98,93.3,On Track
PRJ-00949,2026-06-01,523.16,487.04,95.5,On Track
PRJ-00949,2026-07-01,523.16,505.1,97.8,On Track
PRJ-00949,2026-08-01,523.16,523.16,100.0,Completed
PRJ-00950,2025-09-01,382.88,233.5,32.4,On Track
PRJ-00950,2025-10-01,382.88,245.99,35.4,On Track
PRJ-00950,2025-11-01,382.88,258.47,38.3,On Track
PRJ-00950,2025-12-01,382.88,270.96,41.3,On Track
PRJ-00950,2026-01-01,382.88,283.44,44.3,Delayed
PRJ-00950,2026-02-01,382.88,295.93,47.2,Delayed
PRJ-00950,2026-03-01,382.88,308.41,50.2,Delayed
PRJ-00950,2026-04-01,382.88,320.9,53.1,Delayed
PRJ-00950,2026-05-01,484.28,333.38,56.1,Delayed
PRJ-00950,2026-06-01,484.28,345.87,59.1,Delayed
PRJ-00950,2026-07-01,484.28,358.35,62.0,Delayed
PRJ-00950,2026-08-01,484.28,370.84,65.0,Delayed
PRJ-00951,2025-09-01,721.52,362.36,20.9,On Track
PRJ-00951,2025-10-01,721.52,379.69,23.0,On Track
PRJ-00951,2025-11-01,721.52,397.01,25.1,On Track
PRJ-00951,2025-12-01,721.52,414.34,27.2,On Track
PRJ-00951,2026-01-01,721.52,431.66,29.3,Delayed
PRJ-00951,2026-02-01,721.52,448.99,31.4,Delayed
PRJ-00951,2026-03-01,721.52,466.31,33.5,Delayed
PRJ-00951,2026-04-01,721.52,483.64,35.5,Delayed
PRJ-00951,2026-05-01,964.15,500.96,37.6,Delayed
PRJ-00951,2026-06-01,964.15,518.29,39.7,Delayed
PRJ-00951,2026-07-01,964.15,535.61,41.8,Delayed
PRJ-00951,2026-08-01,964.15,552.94,43.9,Delayed
PRJ-00952,2025-09-01,2164.93,1225.9,29.9,On Track
PRJ-00952,2025-10-01,2164.93,1265.34,31.9,On Track
PRJ-00952,2025-11-01,2164.93,1304.78,34.0,On Track
PRJ-00952,2025-12-01,2164.93,1344.22,36.0,On Track
PRJ-00952,2026-01-01,2164.93,1383.65,38.1,Delayed
PRJ-00952,2026-02-01,2164.93,1423.09,40.1,Delayed
PRJ-00952,2026-03-01,2410.1,1462.53,42.2,Delayed
PRJ-00952,2026-04-01,2410.1,1501.97,44.2,Delayed
PRJ-00952,2026-05-01,2410.1,1541.41,46.3,Delayed
PRJ-00952,2026-06-01,2410.1,1580.84,48.3,Delayed
PRJ-00952,2026-07-01,2410.1,1620.28,50.4,Delayed
PRJ-00952,2026-08-01,2410.1,1659.72,52.4,Delayed
PRJ-00953,2025-09-01,644.82,295.88,20.5,On Track
PRJ-00953,2025-10-01,644.82,312.89,23.1,On Track
PRJ-00953,2025-11-01,644.82,329.9,25.6,On Track
PRJ-00953,2025-12-01,644.82,346.92,28.2,On Track
PRJ-00953,2026-01-01,818.38,363.93,30.8,Delayed
PRJ-00953,2026-02-01,818.38,380.94,33.3,Delayed
PRJ-00953,2026-03-01,818.38,397.95,35.9,Delayed
PRJ-00953,2026-04-01,818.38,414.96,38.4,Delayed
PRJ-00953,2026-05-01,818.38,431.97,41.0,Delayed
PRJ-00953,2026-06-01,818.38,448.99,43.6,Delayed
PRJ-00953,2026-07-01,818.38,466.0,46.1,Delayed
PRJ-00953,2026-08-01,818.38,483.01,48.7,Delayed
PRJ-00954,2025-09-01,498.67,122.42,0.0,On Track
PRJ-00954,2025-10-01,498.67,125.75,0.2,On Track
PRJ-00954,2025-11-01,498.67,129.08,0.4,On Track
PRJ-00954,2025-12-01,498.67,132.4,0.5,On Track
PRJ-00954,2026-01-01,498.67,135.73,0.7,Stalled
PRJ-00954,2026-02-01,498.67,139.06,0.9,Stalled
PRJ-00954,2026-03-01,498.67,142.39,1.1,Stalled
PRJ-00954,2026-04-01,498.67,145.71,1.3,Stalled
PRJ-00954,2026-05-01,498.67,149.04,1.5,Stalled
PRJ-00954,2026-06-01,724.66,152.37,1.6,Stalled
PRJ-00954,2026-07-01,724.66,155.69,1.8,Stalled
PRJ-00954,2026-08-01,724.66,159.02,2.0,Stalled
PRJ-00955,2025-09-01,213.82,125.05,24.1,On Track
PRJ-00955,2025-10-01,213.82,131.88,26.8,On Track
PRJ-00955,2025-11-01,213.82,138.7,29.5,On Track
PRJ-00955,2025-12-01,213.82,145.53,32.2,On Track
PRJ-00955,2026-01-01,213.82,152.36,34.9,Delayed
PRJ-00955,2026-02-01,213.82,159.18,37.6,Delayed
PRJ-00955,2026-03-01,213.82,166.01,40.3,Delayed
PRJ-00955,2026-04-01,262.91,172.83,43.0,Delayed
PRJ-00955,2026-05-01,262.91,179.66,45.7,Delayed
PRJ-00955,2026-06-01,262.91,186.49,48.4,Delayed
PRJ-00955,2026-07-01,262.91,193.31,51.1,Delayed
PRJ-00955,2026-08-01,262.91,200.14,53.8,Delayed
PRJ-00956,2025-09-01,2077.54,1163.91,10.6,On Track
PRJ-00956,2025-10-01,2077.54,1192.59,12.6,On Track
PRJ-00956,2025-11-01,2077.54,1221.26,14.5,On Track
PRJ-00956,2025-12-01,2077.54,1249.93,16.4,On Track
PRJ-00956,2026-01-01,3013.32,1278.6,18.3,Delayed
PRJ-00956,2026-02-01,3013.32,1307.28,20.3,Delayed
PRJ-00956,2026-03-01,3013.32,1335.95,22.2,Delayed
PRJ-00956,2026-04-01,3013.32,1364.62,24.1,Delayed
PRJ-00956,2026-05-01,3013.32,1393.29,26.0,Delayed
PRJ-00956,2026-06-01,3013.32,1421.97,28.0,Delayed
PRJ-00956,2026-07-01,3013.32,1450.64,29.9,Delayed
PRJ-00956,2026-08-01,3013.32,1479.31,31.8,Delayed
PRJ-00957,2025-09-01,930.12,574.77,82.6,On Track
PRJ-00957,2025-10-01,930.12,607.08,84.2,On Track
PRJ-00957,2025-11-01,930.12,639.38,85.8,On Track
PRJ-00957,2025-12-01,930.12,671.68,87.4,On Track
PRJ-00957,2026-01-01,930.12,703.99,88.9,On Track
PRJ-00957,2026-02-01,930.12,736.29,90.5,On Track
PRJ-00957,2026-03-01,930.12,768.6,92.1,On Track
PRJ-00957,2026-04-01,930.12,800.9,93.7,On Track
PRJ-00957,2026-05-01,930.12,833.21,95.3,On Track
PRJ-00957,2026-06-01,930.12,865.51,96.8,On Track
PRJ-00957,2026-07-01,930.12,897.82,98.4,On Track
PRJ-00957,2026-08-01,930.12,930.12,100.0,Completed
PRJ-00958,2025-09-01,1345.75,1059.99,51.2,On Track
PRJ-00958,2025-10-01,1345.75,1100.38,53.5,On Track
PRJ-00958,2025-11-01,1345.75,1140.78,55.7,On Track
PRJ-00958,2025-12-01,1345.75,1181.17,57.9,On Track
PRJ-00958,2026-01-01,1345.75,1221.57,60.1,Delayed
PRJ-00958,2026-02-01,1345.75,1261.96,62.4,Delayed
PRJ-00958,2026-03-01,1640.45,1302.36,64.6,Delayed
PRJ-00958,2026-04-01,1640.45,1342.75,66.8,Delayed
PRJ-00958,2026-05-01,1640.45,1383.15,69.0,Delayed
PRJ-00958,2026-06-01,1640.45,1423.54,71.3,Delayed
PRJ-00958,2026-07-01,1640.45,1463.94,73.5,Delayed
PRJ-00958,2026-08-01,1640.45,1504.33,75.7,Delayed
PRJ-00959,2025-09-01,1829.01,1725.8,67.3,On Track
PRJ-00959,2025-10-01,1829.01,1768.46,70.2,On Track
PRJ-00959,2025-11-01,1829.01,1811.12,73.2,On Track
PRJ-00959,2025-12-01,2195.06,1853.78,76.2,On Track
PRJ-00959,2026-01-01,2195.06,1896.44,79.2,Delayed
PRJ-00959,2026-02-01,2195.06,1939.1,82.1,Delayed
PRJ-00959,2026-03-01,2195.06,1981.76,85.1,Delayed
PRJ-00959,2026-04-01,2195.06,2024.42,88.1,Delayed
PRJ-00959,2026-05-01,2195.06,2067.08,91.1,Delayed
PRJ-00959,2026-06-01,2195.06,2109.74,94.0,Delayed
PRJ-00959,2026-07-01,2195.06,2152.4,97.0,Delayed
PRJ-00959,2026-08-01,2195.06,2195.06,100.0,Completed
PRJ-00960,2025-09-01,1632.33,422.0,11.2,On Track
PRJ-00960,2025-10-01,1632.33,439.9,13.7,On Track
PRJ-00960,2025-11-01,1632.33,457.79,16.2,On Track
PRJ-00960,2025-12-01,1632.33,475.68,18.6,On Track
PRJ-00960,2026-01-01,1632.33,493.58,21.1,On Track
PRJ-00960,2026-02-01,1632.33,511.47,23.6,On Track
PRJ-00960,2026-03-01,1632.33,529.36,26.1,On Track
PRJ-00960,2026-04-01,1632.33,547.26,28.6,On Track
PRJ-00960,2026-05-01,1632.33,565.15,31.1,On Track
PRJ-00960,2026-06-01,1632.33,583.04,33.6,On Track
PRJ-00960,2026-07-01,1632.33,600.94,36.1,On Track
PRJ-00960,2026-08-01,1632.33,618.83,38.6,On Track
PRJ-00961,2025-09-01,1231.16,739.64,79.7,On Track
PRJ-00961,2025-10-01,1231.16,784.33,81.6,On Track
PRJ-00961,2025-11-01,1231.16,829.01,83.4,On Track
PRJ-00961,2025-12-01,1231.16,873.69,85.3,On Track
PRJ-00961,2026-01-01,1231.16,918.38,87.1,On Track
PRJ-00961,2026-02-01,1231.16,963.06,88.9,On Track
PRJ-00961,2026-03-01,1231.16,1007.74,90.8,On Track
PRJ-00961,2026-04-01,1231.16,1052.43,92.6,On Track
PRJ-00961,2026-05-01,1231.16,1097.11,94.5,On Track
PRJ-00961,2026-06-01,1231.16,1141.79,96.3,On Track
PRJ-00961,2026-07-01,1231.16,1186.48,98.2,On Track
PRJ-00961,2026-08-01,1231.16,1231.16,100.0,Completed
PRJ-00962,2025-09-01,320.12,168.64,33.0,On Track
PRJ-00962,2025-10-01,320.12,175.02,34.7,On Track
PRJ-00962,2025-11-01,320.12,181.41,36.5,On Track
PRJ-00962,2025-12-01,320.12,187.79,38.2,On Track
PRJ-00962,2026-01-01,320.12,194.18,39.9,Delayed
PRJ-00962,2026-02-01,320.12,200.56,41.6,Delayed
PRJ-00962,2026-03-01,368.88,206.95,43.4,Delayed
PRJ-00962,2026-04-01,368.88,213.33,45.1,Delayed
PRJ-00962,2026-05-01,368.88,219.72,46.8,Delayed
PRJ-00962,2026-06-01,368.88,226.1,48.5,Delayed
PRJ-00962,2026-07-01,368.88,232.49,50.3,Delayed
PRJ-00962,2026-08-01,368.88,238.87,52.0,Delayed
PRJ-00963,2025-09-01,2426.73,932.17,0.0,On Track
PRJ-00963,2025-10-01,2426.73,970.32,2.6,On Track
PRJ-00963,2025-11-01,2426.73,1008.48,5.1,On Track
PRJ-00963,2025-12-01,2426.73,1046.64,7.7,On Track
PRJ-00963,2026-01-01,2426.73,1084.8,10.2,Delayed
PRJ-00963,2026-02-01,2973.71,1122.95,12.8,Delayed
PRJ-00963,2026-03-01,2973.71,1161.11,15.3,Delayed
PRJ-00963,2026-04-01,2973.71,1199.27,17.9,Delayed
PRJ-00963,2026-05-01,2973.71,1237.43,20.4,Delayed
PRJ-00963,2026-06-01,2973.71,1275.58,23.0,Delayed
PRJ-00963,2026-07-01,2973.71,1313.74,25.5,Delayed
PRJ-00963,2026-08-01,2973.71,1351.9,28.1,Delayed
PRJ-00964,2025-09-01,707.54,83.18,0.8,On Track
PRJ-00964,2025-10-01,707.54,87.3,2.4,On Track
PRJ-00964,2025-11-01,707.54,91.41,4.0,On Track
PRJ-00964,2025-12-01,707.54,95.53,5.6,On Track
PRJ-00964,2026-01-01,707.54,99.64,7.2,On Track
PRJ-00964,2026-02-01,707.54,103.76,8.8,On Track
PRJ-00964,2026-03-01,707.54,107.87,10.4,On Track
PRJ-00964,2026-04-01,707.54,111.99,12.0,On Track
PRJ-00964,2026-05-01,707.54,116.1,13.6,On Track
PRJ-00964,2026-06-01,707.54,120.22,15.2,On Track
PRJ-00964,2026-07-01,707.54,124.33,16.8,On Track
PRJ-00964,2026-08-01,707.54,128.45,18.4,On Track
PRJ-00965,2025-09-01,600.76,458.72,49.7,On Track
PRJ-00965,2025-10-01,600.76,484.47,51.7,On Track
PRJ-00965,2025-11-01,600.76,510.22,53.6,On Track
PRJ-00965,2025-12-01,600.76,535.98,55.6,On Track
PRJ-00965,2026-01-01,600.76,561.73,57.6,Delayed
PRJ-00965,2026-02-01,600.76,587.48,59.6,Delayed
PRJ-00965,2026-03-01,600.76,613.24,61.6,Delayed
PRJ-00965,2026-04-01,600.76,638.99,63.6,Delayed
PRJ-00965,2026-05-01,600.76,664.74,65.5,Delayed
PRJ-00965,2026-06-01,837.09,690.49,67.5,Delayed
PRJ-00965,2026-07-01,837.09,716.25,69.5,Delayed
PRJ-00965,2026-08-01,837.09,742.0,71.5,Delayed
PRJ-00966,2025-09-01,1633.96,1569.07,81.3,On Track
PRJ-00966,2025-10-01,1633.96,1643.76,83.0,On Track
PRJ-00966,2025-11-01,1633.96,1718.44,84.7,On Track
PRJ-00966,2025-12-01,2390.61,1793.13,86.4,On Track
PRJ-00966,2026-01-01,2390.61,1867.81,88.1,Delayed
PRJ-00966,2026-02-01,2390.61,1942.5,89.8,Delayed
PRJ-00966,2026-03-01,2390.61,2017.18,91.5,Delayed
PRJ-00966,2026-04-01,2390.61,2091.87,93.2,Delayed
PRJ-00966,2026-05-01,2390.61,2166.55,94.9,Delayed
PRJ-00966,2026-06-01,2390.61,2241.24,96.6,Delayed
PRJ-00966,2026-07-01,2390.61,2315.92,98.3,Delayed
PRJ-00966,2026-08-01,2390.61,2390.61,100.0,Completed
PRJ-00967,2025-09-01,444.9,231.44,13.1,On Track
PRJ-00967,2025-10-01,444.9,237.98,15.6,On Track
PRJ-00967,2025-11-01,444.9,244.52,18.0,On Track
PRJ-00967,2025-12-01,444.9,251.07,20.5,On Track
PRJ-00967,2026-01-01,444.9,257.61,22.9,Delayed
PRJ-00967,2026-02-01,444.9,264.15,25.4,Delayed
PRJ-00967,2026-03-01,536.66,270.7,27.9,Delayed
PRJ-00967,2026-04-01,536.66,277.24,30.3,Delayed
PRJ-00967,2026-05-01,536.66,283.78,32.8,Delayed
PRJ-00967,2026-06-01,536.66,290.32,35.3,Delayed
PRJ-00967,2026-07-01,536.66,296.87,37.7,Delayed
PRJ-00967,2026-08-01,536.66,303.41,40.2,Delayed
PRJ-00968,2025-09-01,851.88,790.68,82.5,On Track
PRJ-00968,2025-10-01,851.88,829.79,84.1,On Track
PRJ-00968,2025-11-01,851.88,868.89,85.7,On Track
PRJ-00968,2025-12-01,851.88,907.99,87.3,On Track
PRJ-00968,2026-01-01,851.88,947.1,88.9,Delayed
PRJ-00968,2026-02-01,851.88,986.2,90.5,Delayed
PRJ-00968,2026-03-01,851.88,1025.3,92.1,Delayed
PRJ-00968,2026-04-01,851.88,1064.41,93.6,Delayed
PRJ-00968,2026-05-01,1220.82,1103.51,95.2,Delayed
PRJ-00968,2026-06-01,1220.82,1142.61,96.8,Delayed
PRJ-00968,2026-07-01,1220.82,1181.72,98.4,Delayed
PRJ-00968,2026-08-01,1220.82,1220.82,100.0,Completed
PRJ-00969,2025-09-01,1007.13,503.38,23.2,On Track
PRJ-00969,2025-10-01,1007.13,527.7,26.1,On Track
PRJ-00969,2025-11-01,1007.13,552.03,28.9,On Track
PRJ-00969,2025-12-01,1007.13,576.36,31.8,On Track
PRJ-00969,2026-01-01,1007.13,600.68,34.7,Delayed
PRJ-00969,2026-02-01,1118.87,625.01,37.5,Delayed
PRJ-00969,2026-03-01,1118.87,649.34,40.4,Delayed
PRJ-00969,2026-04-01,1118.87,673.66,43.2,Delayed
PRJ-00969,2026-05-01,1118.87,697.99,46.1,Delayed
PRJ-00969,2026-06-01,1118.87,722.32,49.0,Delayed
PRJ-00969,2026-07-01,1118.87,746.64,51.8,Delayed
PRJ-00969,2026-08-01,1118.87,770.97,54.7,Delayed
PRJ-00970,2025-09-01,808.89,448.69,24.4,On Track
PRJ-00970,2025-10-01,808.89,469.22,26.5,On Track
PRJ-00970,2025-11-01,808.89,489.75,28.7,On Track
PRJ-00970,2025-12-01,808.89,510.28,30.8,On Track
PRJ-00970,2026-01-01,808.89,530.82,33.0,Delayed
PRJ-00970,2026-02-01,808.89,551.35,35.1,Delayed
PRJ-00970,2026-03-01,808.89,571.88,37.3,Delayed
PRJ-00970,2026-04-01,808.89,592.41,39.4,Delayed
PRJ-00970,2026-05-01,808.89,612.94,41.6,Delayed
PRJ-00970,2026-06-01,1030.38,633.47,43.7,Delayed
PRJ-00970,2026-07-01,1030.38,654.0,45.9,Delayed
PRJ-00970,2026-08-01,1030.38,674.53,48.0,Delayed
PRJ-00971,2025-09-01,313.72,43.8,0.0,On Track
PRJ-00971,2025-10-01,313.72,45.29,1.8,On Track
PRJ-00971,2025-11-01,313.72,46.77,3.6,On Track
PRJ-00971,2025-12-01,313.72,48.26,5.4,On Track
PRJ-00971,2026-01-01,313.72,49.74,7.2,On Track
PRJ-00971,2026-02-01,313.72,51.23,9.0,On Track
PRJ-00971,2026-03-01,313.72,52.71,10.9,On Track
PRJ-00971,2026-04-01,313.72,54.2,12.7,On Track
PRJ-00971,2026-05-01,313.72,55.68,14.5,On Track
PRJ-00971,2026-06-01,313.72,57.17,16.3,On Track
PRJ-00971,2026-07-01,313.72,58.65,18.1,On Track
PRJ-00971,2026-08-01,313.72,60.14,19.9,On Track
PRJ-00972,2025-09-01,2602.25,420.64,0.0,On Track
PRJ-00972,2025-10-01,2602.25,443.68,0.2,On Track
PRJ-00972,2025-11-01,2602.25,466.72,0.4,On Track
PRJ-00972,2025-12-01,2602.25,489.76,0.5,On Track
PRJ-00972,2026-01-01,2602.25,512.8,0.7,Stalled
PRJ-00972,2026-02-01,3103.87,535.84,0.9,Stalled
PRJ-00972,2026-03-01,3103.87,558.88,1.1,Stalled
PRJ-00972,2026-04-01,3103.87,581.92,1.3,Stalled
PRJ-00972,2026-05-01,3103.87,604.97,1.5,Stalled
PRJ-00972,2026-06-01,3103.87,628.01,1.6,Stalled
PRJ-00972,2026-07-01,3103.87,651.05,1.8,Stalled
PRJ-00972,2026-08-01,3103.87,674.09,2.0,Stalled
PRJ-00973,2025-09-01,2442.56,1982.24,44.5,On Track
PRJ-00973,2025-10-01,2442.56,2082.57,47.5,On Track
PRJ-00973,2025-11-01,2442.56,2182.91,50.4,On Track
PRJ-00973,2025-12-01,3085.93,2283.24,53.4,On Track
PRJ-00973,2026-01-01,3085.93,2383.58,56.3,Delayed
PRJ-00973,2026-02-01,3085.93,2483.92,59.3,Delayed
PRJ-00973,2026-03-01,3085.93,2584.25,62.2,Delayed
PRJ-00973,2026-04-01,3085.93,2684.59,65.2,Delayed
PRJ-00973,2026-05-01,3085.93,2784.92,68.1,Delayed
PRJ-00973,2026-06-01,3085.93,2885.26,71.1,Delayed
PRJ-00973,2026-07-01,3085.93,2985.59,74.0,Delayed
PRJ-00973,2026-08-01,3085.93,3085.93,77.0,Delayed
PRJ-00974,2025-09-01,690.76,673.54,79.6,On Track
PRJ-00974,2025-10-01,690.76,692.83,81.4,On Track
PRJ-00974,2025-11-01,690.76,712.11,83.3,On Track
PRJ-00974,2025-12-01,690.76,731.4,85.2,On Track
PRJ-00974,2026-01-01,885.71,750.69,87.0,Delayed
PRJ-00974,2026-02-01,885.71,769.98,88.9,Delayed
PRJ-00974,2026-03-01,885.71,789.27,90.7,Delayed
PRJ-00974,2026-04-01,885.71,808.56,92.6,Delayed
PRJ-00974,2026-05-01,885.71,827.84,94.4,Delayed
PRJ-00974,2026-06-01,885.71,847.13,96.3,Delayed
PRJ-00974,2026-07-01,885.71,866.42,98.1,Delayed
PRJ-00974,2026-08-01,885.71,885.71,100.0,Completed
PRJ-00975,2025-09-01,314.34,224.07,36.8,On Track
PRJ-00975,2025-10-01,314.34,231.41,38.2,On Track
PRJ-00975,2025-11-01,314.34,238.74,39.7,On Track
PRJ-00975,2025-12-01,418.15,246.07,41.2,On Track
PRJ-00975,2026-01-01,418.15,253.4,42.7,Delayed
PRJ-00975,2026-02-01,418.15,260.73,44.2,Delayed
PRJ-00975,2026-03-01,418.15,268.06,45.7,Delayed
PRJ-00975,2026-04-01,418.15,275.39,47.2,Delayed
PRJ-00975,2026-05-01,418.15,282.73,48.6,Delayed
PRJ-00975,2026-06-01,418.15,290.06,50.1,Delayed
PRJ-00975,2026-07-01,418.15,297.39,51.6,Delayed
PRJ-00975,2026-08-01,418.15,304.72,53.1,Delayed
PRJ-00976,2025-09-01,2234.88,1279.95,57.8,On Track
PRJ-00976,2025-10-01,2234.88,1326.51,60.4,On Track
PRJ-00976,2025-11-01,2234.88,1373.07,63.0,On Track
PRJ-00976,2025-12-01,2234.88,1419.64,65.6,On Track
PRJ-00976,2026-01-01,2234.88,1466.2,68.2,On Track
PRJ-00976,2026-02-01,2234.88,1512.76,70.9,On Track
PRJ-00976,2026-03-01,2234.88,1559.33,73.5,On Track
PRJ-00976,2026-04-01,2234.88,1605.89,76.1,On Track
PRJ-00976,2026-05-01,2234.88,1652.45,78.7,On Track
PRJ-00976,2026-06-01,2234.88,1699.01,81.3,On Track
PRJ-00976,2026-07-01,2234.88,1745.58,83.9,On Track
PRJ-00976,2026-08-01,2234.88,1792.14,86.5,On Track
PRJ-00977,2025-09-01,190.09,160.41,49.5,On Track
PRJ-00977,2025-10-01,190.09,165.67,51.3,On Track
PRJ-00977,2025-11-01,190.09,170.93,53.0,On Track
PRJ-00977,2025-12-01,190.09,176.2,54.7,On Track
PRJ-00977,2026-01-01,256.93,181.46,56.5,Delayed
PRJ-00977,2026-02-01,256.93,186.73,58.2,Delayed
PRJ-00977,2026-03-01,256.93,191.99,60.0,Delayed
PRJ-00977,2026-04-01,256.93,197.25,61.7,Delayed
PRJ-00977,2026-05-01,256.93,202.52,63.5,Delayed
PRJ-00977,2026-06-01,256.93,207.78,65.2,Delayed
PRJ-00977,2026-07-01,256.93,213.05,67.0,Delayed
PRJ-00977,2026-08-01,256.93,218.31,68.7,Delayed
PRJ-00978,2025-09-01,553.02,508.92,50.7,On Track
PRJ-00978,2025-10-01,553.02,530.88,53.4,On Track
PRJ-00978,2025-11-01,553.02,552.85,56.0,On Track
PRJ-00978,2025-12-01,553.02,574.81,58.7,On Track
PRJ-00978,2026-01-01,750.49,596.77,61.3,Delayed
PRJ-00978,2026-02-01,750.49,618.73,64.0,Delayed
PRJ-00978,2026-03-01,750.49,640.69,66.6,Delayed
PRJ-00978,2026-04-01,750.49,662.65,69.3,Delayed
PRJ-00978,2026-05-01,750.49,684.61,71.9,Delayed
PRJ-00978,2026-06-01,750.49,706.57,74.6,Delayed
PRJ-00978,2026-07-01,750.49,728.53,77.2,Delayed
PRJ-00978,2026-08-01,750.49,750.49,79.9,Delayed
PRJ-00979,2025-09-01,546.6,333.74,67.0,On Track
PRJ-00979,2025-10-01,546.6,353.09,70.0,On Track
PRJ-00979,2025-11-01,546.6,372.44,73.0,On Track
PRJ-00979,2025-12-01,546.6,391.79,76.0,On Track
PRJ-00979,2026-01-01,546.6,411.14,79.0,On Track
PRJ-00979,2026-02-01,546.6,430.49,82.0,On Track
PRJ-00979,2026-03-01,546.6,449.84,85.0,On Track
PRJ-00979,2026-04-01,546.6,469.2,88.0,On Track
PRJ-00979,2026-05-01,546.6,488.55,91.0,On Track
PRJ-00979,2026-06-01,546.6,507.9,94.0,On Track
PRJ-00979,2026-07-01,546.6,527.25,97.0,On Track
PRJ-00979,2026-08-01,546.6,546.6,100.0,Completed
PRJ-00980,2025-09-01,1597.71,680.13,0.0,On Track
PRJ-00980,2025-10-01,1597.71,706.19,2.7,On Track
PRJ-00980,2025-11-01,1597.71,732.25,5.3,On Track
PRJ-00980,2025-12-01,1597.71,758.32,8.0,On Track
PRJ-00980,2026-01-01,1597.71,784.38,10.6,Delayed
PRJ-00980,2026-02-01,2146.02,810.44,13.3,Delayed
PRJ-00980,2026-03-01,2146.02,836.5,15.9,Delayed
PRJ-00980,2026-04-01,2146.02,862.56,18.6,Delayed
PRJ-00980,2026-05-01,2146.02,888.62,21.2,Delayed
PRJ-00980,2026-06-01,2146.02,914.68,23.9,Delayed
PRJ-00980,2026-07-01,2146.02,940.74,26.5,Delayed
PRJ-00980,2026-08-01,2146.02,966.8,29.2,Delayed
PRJ-00981,2025-09-01,509.42,355.68,34.3,On Track
PRJ-00981,2025-10-01,509.42,364.39,36.2,On Track
PRJ-00981,2025-11-01,509.42,373.09,38.1,On Track
PRJ-00981,2025-12-01,704.46,381.8,40.0,On Track
PRJ-00981,2026-01-01,704.46,390.5,41.9,Delayed
PRJ-00981,2026-02-01,704.46,399.21,43.8,Delayed
PRJ-00981,2026-03-01,704.46,407.91,45.7,Delayed
PRJ-00981,2026-04-01,704.46,416.62,47.6,Delayed
PRJ-00981,2026-05-01,704.46,425.32,49.5,Delayed
PRJ-00981,2026-06-01,704.46,434.03,51.4,Delayed
PRJ-00981,2026-07-01,704.46,442.73,53.3,Delayed
PRJ-00981,2026-08-01,704.46,451.44,55.2,Delayed
PRJ-00982,2025-09-01,2017.78,1461.33,44.1,On Track
PRJ-00982,2025-10-01,2017.78,1511.4,46.2,On Track
PRJ-00982,2025-11-01,2017.78,1561.47,48.3,On Track
PRJ-00982,2025-12-01,2017.78,1611.54,50.5,On Track
PRJ-00982,2026-01-01,2017.78,1661.61,52.6,Delayed
PRJ-00982,2026-02-01,2017.78,1711.67,54.7,Delayed
PRJ-00982,2026-03-01,2017.78,1761.74,56.9,Delayed
PRJ-00982,2026-04-01,2017.78,1811.81,59.0,Delayed
PRJ-00982,2026-05-01,2017.78,1861.88,61.1,Delayed
PRJ-00982,2026-06-01,2592.07,1911.95,63.2,Delayed
PRJ-00982,2026-07-01,2592.07,1962.02,65.4,Delayed
PRJ-00982,2026-08-01,2592.07,2012.09,67.5,Delayed
PRJ-00983,2025-09-01,783.46,610.66,79.3,On Track
PRJ-00983,2025-10-01,783.46,636.46,81.2,On Track
PRJ-00983,2025-11-01,783.46,662.26,83.1,On Track
PRJ-00983,2025-12-01,783.46,688.06,84.9,On Track
PRJ-00983,2026-01-01,783.46,713.86,86.8,Delayed
PRJ-00983,2026-02-01,783.46,739.66,88.7,Delayed
PRJ-00983,2026-03-01,894.47,765.46,90.6,Delayed
PRJ-00983,2026-04-01,894.47,791.27,92.5,Delayed
PRJ-00983,2026-05-01,894.47,817.07,94.4,Delayed
PRJ-00983,2026-06-01,894.47,842.87,96.2,Delayed
PRJ-00983,2026-07-01,894.47,868.67,98.1,Delayed
PRJ-00983,2026-08-01,894.47,894.47,100.0,Completed
PRJ-00984,2025-09-01,1522.92,1241.29,69.7,On Track
PRJ-00984,2025-10-01,1522.92,1280.23,71.1,On Track
PRJ-00984,2025-11-01,1522.92,1319.18,72.6,On Track
PRJ-00984,2025-12-01,1522.92,1358.13,74.0,On Track
PRJ-00984,2026-01-01,1522.92,1397.07,75.4,Delayed
PRJ-00984,2026-02-01,1522.92,1436.02,76.8,Delayed
PRJ-00984,2026-03-01,1522.92,1474.97,78.3,Delayed
PRJ-00984,2026-04-01,1522.92,1513.91,79.7,Delayed
PRJ-00984,2026-05-01,1522.92,1552.86,81.1,Delayed
PRJ-00984,2026-06-01,1700.13,1591.81,82.5,Delayed
PRJ-00984,2026-07-01,1700.13,1630.75,84.0,Delayed
PRJ-00984,2026-08-01,1700.13,1669.7,85.4,Delayed
PRJ-00985,2025-09-01,1627.44,985.47,69.9,On Track
PRJ-00985,2025-10-01,1627.44,1043.83,72.6,On Track
PRJ-00985,2025-11-01,1627.44,1102.19,75.4,On Track
PRJ-00985,2025-12-01,1627.44,1160.56,78.1,On Track
PRJ-00985,2026-01-01,1627.44,1218.92,80.8,On Track
PRJ-00985,2026-02-01,1627.44,1277.28,83.6,On Track
PRJ-00985,2026-03-01,1627.44,1335.64,86.3,On Track
PRJ-00985,2026-04-01,1627.44,1394.0,89.1,On Track
PRJ-00985,2026-05-01,1627.44,1452.36,91.8,On Track
PRJ-00985,2026-06-01,1627.44,1510.72,94.5,On Track
PRJ-00985,2026-07-01,1627.44,1569.08,97.3,On Track
PRJ-00985,2026-08-01,1627.44,1627.44,100.0,Completed
PRJ-00986,2025-09-01,198.08,153.9,76.0,On Track
PRJ-00986,2025-10-01,198.08,157.91,78.2,On Track
PRJ-00986,2025-11-01,198.08,161.93,80.4,On Track
PRJ-00986,2025-12-01,198.08,165.95,82.6,On Track
PRJ-00986,2026-01-01,198.08,169.96,84.7,On Track
PRJ-00986,2026-02-01,198.08,173.98,86.9,On Track
PRJ-00986,2026-03-01,198.08,178.0,89.1,On Track
PRJ-00986,2026-04-01,198.08,182.01,91.3,On Track
PRJ-00986,2026-05-01,198.08,186.03,93.5,On Track
PRJ-00986,2026-06-01,198.08,190.05,95.6,On Track
PRJ-00986,2026-07-01,198.08,194.06,97.8,On Track
PRJ-00986,2026-08-01,198.08,198.08,100.0,Completed
PRJ-00987,2025-09-01,15014.98,4864.29,0.0,On Track
PRJ-00987,2025-10-01,15014.98,5022.82,0.9,On Track
PRJ-00987,2025-11-01,15014.98,5181.35,1.9,On Track
PRJ-00987,2025-12-01,15014.98,5339.88,2.8,On Track
PRJ-00987,2026-01-01,15014.98,5498.41,3.8,Stalled
PRJ-00987,2026-02-01,15014.98,5656.94,4.7,Stalled
PRJ-00987,2026-03-01,15014.98,5815.47,5.7,Stalled
PRJ-00987,2026-04-01,15014.98,5974.0,6.6,Stalled
PRJ-00987,2026-05-01,15014.98,6132.53,7.6,Stalled
PRJ-00987,2026-06-01,19151.63,6291.06,8.5,Stalled
PRJ-00987,2026-07-01,19151.63,6449.59,9.5,Stalled
PRJ-00987,2026-08-01,19151.63,6608.12,10.4,Delayed
PRJ-00988,2025-09-01,534.33,108.19,0.0,On Track
PRJ-00988,2025-10-01,534.33,111.4,0.2,On Track
PRJ-00988,2025-11-01,534.33,114.6,0.4,On Track
PRJ-00988,2025-12-01,534.33,117.81,0.5,On Track
PRJ-00988,2026-01-01,534.33,121.02,0.7,Stalled
PRJ-00988,2026-02-01,534.33,124.23,0.9,Stalled
PRJ-00988,2026-03-01,534.33,127.43,1.1,Stalled
PRJ-00988,2026-04-01,610.28,130.64,1.3,Stalled
PRJ-00988,2026-05-01,610.28,133.85,1.5,Stalled
PRJ-00988,2026-06-01,610.28,137.06,1.6,Stalled
PRJ-00988,2026-07-01,610.28,140.26,1.8,Stalled
PRJ-00988,2026-08-01,610.28,143.47,2.0,Stalled
PRJ-00989,2025-09-01,278.58,212.81,43.8,On Track
PRJ-00989,2025-10-01,278.58,219.47,46.5,On Track
PRJ-00989,2025-11-01,278.58,226.14,49.2,On Track
PRJ-00989,2025-12-01,278.58,232.81,52.0,On Track
PRJ-00989,2026-01-01,278.58,239.47,54.7,Delayed
PRJ-00989,2026-02-01,278.58,246.14,57.4,Delayed
PRJ-00989,2026-03-01,278.58,252.81,60.1,Delayed
PRJ-00989,2026-04-01,278.58,259.47,62.8,Delayed
PRJ-00989,2026-05-01,337.61,266.14,65.5,Delayed
PRJ-00989,2026-06-01,337.61,272.81,68.3,Delayed
PRJ-00989,2026-07-01,337.61,279.47,71.0,Delayed
PRJ-00989,2026-08-01,337.61,286.14,73.7,Delayed
PRJ-00990,2025-09-01,360.21,226.89,35.2,On Track
PRJ-00990,2025-10-01,360.21,237.25,38.4,On Track
PRJ-00990,2025-11-01,360.21,247.61,41.5,On Track
PRJ-00990,2025-12-01,360.21,257.97,44.6,On Track
PRJ-00990,2026-01-01,360.21,268.33,47.7,Delayed
PRJ-00990,2026-02-01,360.21,278.69,50.9,Delayed
PRJ-00990,2026-03-01,360.21,289.05,54.0,Delayed
PRJ-00990,2026-04-01,425.86,299.42,57.1,Delayed
PRJ-00990,2026-05-01,425.86,309.78,60.2,Delayed
PRJ-00990,2026-06-01,425.86,320.14,63.4,Delayed
PRJ-00990,2026-07-01,425.86,330.5,66.5,Delayed
PRJ-00990,2026-08-01,425.86,340.86,69.6,Delayed
PRJ-00991,2025-09-01,796.85,686.88,67.3,On Track
PRJ-00991,2025-10-01,796.85,722.55,70.2,On Track
PRJ-00991,2025-11-01,796.85,758.22,73.2,On Track
PRJ-00991,2025-12-01,796.85,793.89,76.2,On Track
PRJ-00991,2026-01-01,1079.27,829.57,79.2,Delayed
PRJ-00991,2026-02-01,1079.27,865.24,82.1,Delayed
PRJ-00991,2026-03-01,1079.27,900.91,85.1,Delayed
PRJ-00991,2026-04-01,1079.27,936.58,88.1,Delayed
PRJ-00991,2026-05-01,1079.27,972.25,91.1,Delayed
PRJ-00991,2026-06-01,1079.27,1007.93,94.0,Delayed
PRJ-00991,2026-07-01,1079.27,1043.6,97.0,Delayed
PRJ-00991,2026-08-01,1079.27,1079.27,100.0,Completed
PRJ-00992,2025-09-01,1073.97,935.22,70.6,On Track
PRJ-00992,2025-10-01,1073.97,970.22,73.3,On Track
PRJ-00992,2025-11-01,1073.97,1005.21,75.9,On Track
PRJ-00992,2025-12-01,1073.97,1040.2,78.6,On Track
PRJ-00992,2026-01-01,1073.97,1075.2,81.3,Delayed
PRJ-00992,2026-02-01,1073.97,1110.19,84.0,Delayed
PRJ-00992,2026-03-01,1320.15,1145.18,86.6,Delayed
PRJ-00992,2026-04-01,1320.15,1180.18,89.3,Delayed
PRJ-00992,2026-05-01,1320.15,1215.17,92.0,Delayed
PRJ-00992,2026-06-01,1320.15,1250.16,94.7,Delayed
PRJ-00992,2026-07-01,1320.15,1285.16,97.3,Delayed
PRJ-00992,2026-08-01,1320.15,1320.15,100.0,Completed
PRJ-00993,2025-09-01,362.78,233.55,67.3,On Track
PRJ-00993,2025-10-01,362.78,241.66,69.2,On Track
PRJ-00993,2025-11-01,362.78,249.76,71.2,On Track
PRJ-00993,2025-12-01,362.78,257.87,73.1,On Track
PRJ-00993,2026-01-01,362.78,265.97,75.0,On Track
PRJ-00993,2026-02-01,362.78,274.08,76.9,On Track
PRJ-00993,2026-03-01,362.78,282.18,78.8,On Track
PRJ-00993,2026-04-01,362.78,290.29,80.7,On Track
PRJ-00993,2026-05-01,362.78,298.39,82.7,On Track
PRJ-00993,2026-06-01,362.78,306.5,84.6,On Track
PRJ-00993,2026-07-01,362.78,314.6,86.5,On Track
PRJ-00993,2026-08-01,362.78,322.71,88.4,On Track
PRJ-00994,2025-09-01,1140.23,616.33,19.6,On Track
PRJ-00994,2025-10-01,1140.23,635.26,21.5,On Track
PRJ-00994,2025-11-01,1140.23,654.19,23.4,On Track
PRJ-00994,2025-12-01,1421.93,673.12,25.3,On Track
PRJ-00994,2026-01-01,1421.93,692.05,27.2,Delayed
PRJ-00994,2026-02-01,1421.93,710.98,29.1,Delayed
PRJ-00994,2026-03-01,1421.93,729.91,31.0,Delayed
PRJ-00994,2026-04-01,1421.93,748.85,32.9,Delayed
PRJ-00994,2026-05-01,1421.93,767.78,34.9,Delayed
PRJ-00994,2026-06-01,1421.93,786.71,36.8,Delayed
PRJ-00994,2026-07-01,1421.93,805.64,38.7,Delayed
PRJ-00994,2026-08-01,1421.93,824.57,40.6,Delayed
PRJ-00995,2025-09-01,261.48,194.9,71.1,On Track
PRJ-00995,2025-10-01,261.48,200.95,73.7,On Track
PRJ-00995,2025-11-01,261.48,207.01,76.4,On Track
PRJ-00995,2025-12-01,261.48,213.06,79.0,On Track
PRJ-00995,2026-01-01,261.48,219.11,81.6,On Track
PRJ-00995,2026-02-01,261.48,225.16,84.2,On Track
PRJ-00995,2026-03-01,261.48,231.22,86.9,On Track
PRJ-00995,2026-04-01,261.48,237.27,89.5,On Track
PRJ-00995,2026-05-01,261.48,243.32,92.1,On Track
PRJ-00995,2026-06-01,261.48,249.37,94.7,On Track
PRJ-00995,2026-07-01,261.48,255.43,97.4,On Track
PRJ-00995,2026-08-01,261.48,261.48,100.0,Completed
PRJ-00996,2025-09-01,556.36,384.38,58.7,On Track
PRJ-00996,2025-10-01,556.36,406.9,61.2,On Track
PRJ-00996,2025-11-01,556.36,429.42,63.8,On Track
PRJ-00996,2025-12-01,633.23,451.94,66.3,On Track
PRJ-00996,2026-01-01,633.23,474.46,68.9,Delayed
PRJ-00996,2026-02-01,633.23,496.98,71.5,Delayed
PRJ-00996,2026-03-01,633.23,519.5,74.0,Delayed
PRJ-00996,2026-04-01,633.23,542.01,76.6,Delayed
PRJ-00996,2026-05-01,633.23,564.53,79.1,Delayed
PRJ-00996,2026-06-01,633.23,587.05,81.7,Delayed
PRJ-00996,2026-07-01,633.23,609.57,84.2,Delayed
PRJ-00996,2026-08-01,633.23,632.09,86.8,Delayed
PRJ-00997,2025-09-01,775.37,532.96,84.1,On Track
PRJ-00997,2025-10-01,775.37,554.99,85.6,On Track
PRJ-00997,2025-11-01,775.37,577.03,87.0,On Track
PRJ-00997,2025-12-01,775.37,599.07,88.4,On Track
PRJ-00997,2026-01-01,775.37,621.11,89.9,On Track
PRJ-00997,2026-02-01,775.37,643.14,91.3,On Track
PRJ-00997,2026-03-01,775.37,665.18,92.8,On Track
PRJ-00997,2026-04-01,775.37,687.22,94.2,On Track
PRJ-00997,2026-05-01,775.37,709.26,95.7,On Track
PRJ-00997,2026-06-01,775.37,731.29,97.1,On Track
PRJ-00997,2026-07-01,775.37,753.33,98.6,On Track
PRJ-00997,2026-08-01,775.37,775.37,100.0,Completed
PRJ-00998,2025-09-01,503.72,297.79,22.0,On Track
PRJ-00998,2025-10-01,503.72,309.85,24.7,On Track
PRJ-00998,2025-11-01,503.72,321.91,27.3,On Track
PRJ-00998,2025-12-01,503.72,333.97,30.0,On Track
PRJ-00998,2026-01-01,503.72,346.02,32.7,Delayed
PRJ-00998,2026-02-01,695.5,358.08,35.4,Delayed
PRJ-00998,2026-03-01,695.5,370.14,38.1,Delayed
PRJ-00998,2026-04-01,695.5,382.2,40.8,Delayed
PRJ-00998,2026-05-01,695.5,394.26,43.4,Delayed
PRJ-00998,2026-06-01,695.5,406.31,46.1,Delayed
PRJ-00998,2026-07-01,695.5,418.37,48.8,Delayed
PRJ-00998,2026-08-01,695.5,430.43,51.5,Delayed
PRJ-00999,2025-09-01,830.25,700.27,71.5,On Track
PRJ-00999,2025-10-01,830.25,725.22,74.1,On Track
PRJ-00999,2025-11-01,830.25,750.17,76.7,On Track
PRJ-00999,2025-12-01,830.25,775.12,79.3,On Track
PRJ-00999,2026-01-01,830.25,800.07,81.9,Delayed
PRJ-00999,2026-02-01,830.25,825.02,84.4,Delayed
PRJ-00999,2026-03-01,974.72,849.97,87.0,Delayed
PRJ-00999,2026-04-01,974.72,874.92,89.6,Delayed
PRJ-00999,2026-05-01,974.72,899.87,92.2,Delayed
PRJ-00999,2026-06-01,974.72,924.82,94.8,Delayed
PRJ-00999,2026-07-01,974.72,949.77,97.4,Delayed
PRJ-00999,2026-08-01,974.72,974.72,100.0,Completed
PRJ-01000,2025-09-01,586.04,281.61,27.7,On Track
PRJ-01000,2025-10-01,586.04,296.41,30.0,On Track
PRJ-01000,2025-11-01,586.04,311.22,32.4,On Track
PRJ-01000,2025-12-01,586.04,326.02,34.7,On Track
PRJ-01000,2026-01-01,586.04,340.83,37.1,Delayed
PRJ-01000,2026-02-01,692.36,355.63,39.4,Delayed
PRJ-01000,2026-03-01,692.36,370.44,41.8,Delayed
PRJ-01000,2026-04-01,692.36,385.24,44.1,Delayed
PRJ-01000,2026-05-01,692.36,400.05,46.5,Delayed
PRJ-01000,2026-06-01,692.36,414.85,48.8,Delayed
PRJ-01000,2026-07-01,692.36,429.66,51.2,Delayed
PRJ-01000,2026-08-01,692.36,444.46,53.5,Delayed
