project_id,project_name,ministry,sector,implementing_agency,state,approved_cost_cr,revised_cost_cr,cumulative_expenditure_cr,approval_date,scheduled_start,scheduled_completion,revised_completion,physical_progress_pct,status
PRJ-00001,Railway Line Doubling & Electrification 28 (Jaipur-Uttar Pradesh) - Phase-II,Ministry of Railways (MoR),Railways,RVNL,Uttar Pradesh,345.77,349.23,141.49,2025-02-22,2025-06-26,2028-03-12,2028-03-12,41.3,On Track
PRJ-00002,Widening & Paving of NH-64 (Dehradun-Rajasthan) - Package 2,Ministry of Road Transport and Highways (MoRTH),Road Transport & Highways,NHIDCL,Rajasthan,2171.44,2193.15,2193.15,2021-08-19,2021-10-23,2025-03-06,2025-03-06,100.0,Completed
PRJ-00003,Expressway Corridor Phase-55 (Bengaluru-West Bengal) - Stage-II,Ministry of Road Transport and Highways (MoRTH),Road Transport & Highways,NHAI,West Bengal,523.27,523.27,347.77,2024-05-26,2024-06-30,2027-04-16,2027-04-16,69.0,On Track
PRJ-00004,Dedicated Freight Corridor (DFCC) Segment 95 (Mangaluru-Manipur) - Phase-I,Ministry of Railways (MoR),Railways,KRCL,Manipur,368.3,404.86,376.66,2021-05-03,2021-09-19,2024-07-05,2025-03-02,80.9,Stalled
PRJ-00005,6-Laning of Golden Quadrilateral Stretch Jammu (Maharashtra) - Phase-II (PRJ-00005),Ministry of Road Transport and Highways (MoRTH),Road Transport & Highways,NHIDCL,Maharashtra,11258.18,14298.89,6110.07,2023-07-09,2023-12-04,2030-10-28,2032-03-21,18.6,Delayed
PRJ-00006,Pressurized Heavy Water Reactor (PHWR) Complex Varanasi (Chhattisgarh) - Package 1 (PRJ-00006),Department of Atomic Energy (DAE),Atomic Energy & Nuclear Plants,BHAVINI,Chhattisgarh,493.68,493.68,493.68,2022-02-07,2022-07-03,2025-08-16,2025-08-16,100.0,Completed
PRJ-00007,Economic Corridor Bypass near 62 (Chandigarh-Uttar Pradesh) - Package 2,Ministry of Road Transport and Highways (MoRTH),Road Transport & Highways,State PWD,Uttar Pradesh,493.13,580.19,384.66,2022-04-05,2022-07-09,2025-12-20,2027-03-15,53.9,Delayed
PRJ-00008,First Mile Connectivity Coal Conveyor Network Guwahati (Uttarakhand) - Package 2 (PRJ-00008),Ministry of Coal (MoC),Coal Mining & Infrastructure,SCCL,Uttarakhand,986.94,996.81,996.81,2023-09-09,2023-12-18,2026-02-05,2026-02-05,100.0,Completed
PRJ-00009,Green Energy Corridor Transmission System Phase 44 (Kolkata-Bihar) - Phase-I,Ministry of Power (MoP),Power Transmission & Distribution,State Transco,Bihar,995.99,1084.64,347.79,2024-03-17,2024-08-10,2027-12-23,2028-08-19,18.0,Delayed
PRJ-00010,Railway Line Doubling & Electrification 78 (Srinagar-Ladakh) - Package 2,Ministry of Railways (MoR),Railways,IRCON,Ladakh,341.79,461.17,461.17,2020-10-11,2021-01-11,2023-08-29,2025-06-19,100.0,Completed
PRJ-00011,Underground Metro Link Hyderabad (Odisha) - Stage-I (PRJ-00011),Ministry of Housing and Urban Affairs (MoHUA),Urban Metro & Transit Systems,KMRL,Odisha,679.6,833.18,722.6,2023-09-06,2023-11-08,2026-05-26,2026-10-23,73.2,Delayed
PRJ-00012,Pellet Plant & Blast Furnace Expansion Guwahati (Sikkim) - Package 1 (PRJ-00012),Ministry of Steel (MoS),Steel & Metallurgy,NMDC,Sikkim,1816.16,2127.54,690.21,2024-08-04,2024-10-04,2028-04-16,2028-11-12,14.9,Delayed
PRJ-00013,Metro Rail Phase-2 Corridor 19 (Dehradun-Rajasthan) - Phase-II,Ministry of Housing and Urban Affairs (MoHUA),Urban Metro & Transit Systems,DMRC,Rajasthan,27310.69,34269.94,27730.88,2020-06-03,2020-09-06,2027-08-01,2028-07-26,62.1,Delayed
PRJ-00014,Railway Line Doubling & Electrification 23 (Kochi-Jharkhand) - Phase-I,Ministry of Railways (MoR),Railways,Zonal Railways,Jharkhand,1947.02,2177.35,246.23,2025-07-12,2025-10-04,2029-04-16,2030-03-12,2.0,Delayed
PRJ-00015,New Broad Gauge Railway Line between 24 (Jammu-West Bengal) - Stage-II,Ministry of Railways (MoR),Railways,RVNL,West Bengal,1304.7,1673.76,1383.68,2021-04-07,2021-07-14,2025-02-23,2026-08-17,65.5,Delayed
PRJ-00016,Metro Rail Phase-2 Corridor 41 (Bhopal-Andhra Pradesh) - Phase-I,Ministry of Housing and Urban Affairs (MoHUA),Urban Metro & Transit Systems,DMRC,Andhra Pradesh,623.33,749.2,749.2,2021-07-16,2021-10-15,2024-10-29,2025-11-23,100.0,Completed
PRJ-00017,Integrated Smart City Sewerage Treatment Facility Jammu (Delhi) - Phase-II (PRJ-00017),Ministry of Housing and Urban Affairs (MoHUA),Urban Infrastructure & Water Supply,Smart City SPVs,Delhi,185.85,185.85,185.85,2021-05-07,2021-06-13,2024-01-29,2024-01-29,100.0,Completed
PRJ-00018,4-Laning of NH-41 (Shimla-Uttarakhand) - Stage-I,Ministry of Road Transport and Highways (MoRTH),Road Transport & Highways,NHIDCL,Uttarakhand,606.24,761.58,584.75,2023-02-19,2023-04-21,2025-10-07,2026-12-01,62.6,Delayed
PRJ-00019,Wind-Solar Hybrid Power Project Mangaluru (Madhya Pradesh) - Phase-II (PRJ-00019),Ministry of New and Renewable Energy (MNRE),Renewable Energy (Solar/Wind),NTPC Green,Madhya Pradesh,230.59,230.59,230.59,2022-07-05,2022-10-28,2025-05-15,2025-05-15,100.0,Completed
PRJ-00020,New Broad Gauge Railway Line between 42 (Hyderabad-Mizoram) - Phase-I,Ministry of Railways (MoR),Railways,KRCL,Mizoram,894.4,1073.49,1073.49,2022-05-06,2022-07-31,2025-04-16,2026-02-10,100.0,Completed
PRJ-00021,BharatNet Rural Optical Fibre Deployment Phase Bengaluru (Mizoram) - Stage-I (PRJ-00021),Ministry of Communications,Telecommunications & Optical Fibre,BSNL,Mizoram,503.48,640.2,303.76,2024-03-09,2024-05-14,2026-11-30,2028-06-22,26.5,Delayed
PRJ-00022,4-Laning of NH-92 (Shillong-Haryana) - Phase-I,Ministry of Road Transport and Highways (MoRTH),Road Transport & Highways,State PWD,Haryana,425.34,627.61,382.84,2023-05-02,2023-06-01,2026-08-14,2029-05-30,38.8,Delayed
PRJ-00023,Dedicated Freight Corridor (DFCC) Segment 30 (Bengaluru-Jammu & Kashmir) - Stage-I,Ministry of Railways (MoR),Railways,KRCL,Jammu & Kashmir,4497.11,5717.09,1095.64,2024-01-27,2024-04-13,2029-07-16,2030-11-08,8.2,Stalled
PRJ-00024,Opencast Coal Mining Project Expansion Raipur (Manipur) - Stage-I (PRJ-00024),Ministry of Coal (MoC),Coal Mining & Infrastructure,NLCIL,Manipur,1466.33,1466.33,1466.33,2020-06-25,2020-10-04,2023-11-18,2023-11-18,100.0,Completed
PRJ-00025,Economic Corridor Bypass near 96 (Bhubaneswar-Uttar Pradesh) - Stage-II,Ministry of Road Transport and Highways (MoRTH),Road Transport & Highways,NHIDCL,Uttar Pradesh,431.02,431.02,209.84,2025-04-09,2025-05-29,2027-12-15,2027-12-15,48.6,On Track
PRJ-00026,Super Thermal Power Project (STPP) Stage Agartala (Chhattisgarh) - Phase-II (PRJ-00026),Ministry of Power (MoP),Thermal Power Generation,DVC,Chhattisgarh,321.75,376.32,376.32,2020-11-07,2021-01-27,2023-01-17,2024-06-10,100.0,Completed
PRJ-00027,Dedicated Freight Corridor (DFCC) Segment 87 (Jaipur-Karnataka) - Phase-I,Ministry of Railways (MoR),Railways,IRCON,Karnataka,2614.64,3422.72,1552.12,2023-06-24,2023-11-01,2027-12-10,2029-07-02,34.6,Delayed
PRJ-00028,BharatNet Rural Optical Fibre Deployment Phase Kochi (Rajasthan) - Package 2 (PRJ-00028),Ministry of Communications,Telecommunications & Optical Fibre,BSNL,Rajasthan,2687.1,2687.1,729.68,2024-11-24,2025-04-23,2029-05-02,2029-05-02,29.5,On Track
PRJ-00029,4-Laning of NH-49 (Shillong-Madhya Pradesh) - Stage-I,Ministry of Road Transport and Highways (MoRTH),Road Transport & Highways,State PWD,Madhya Pradesh,5328.92,6655.14,1925.45,2024-05-22,2024-08-12,2030-02-12,2030-08-11,15.4,Delayed
PRJ-00030,Integrated Smart City Sewerage Treatment Facility Kolkata (Uttar Pradesh) - Package 1 (PRJ-00030),Ministry of Housing and Urban Affairs (MoHUA),Urban Infrastructure & Water Supply,Smart City SPVs,Uttar Pradesh,2069.3,2966.98,991.22,2024-01-10,2024-03-16,2027-11-26,2029-12-15,20.9,Delayed
PRJ-00031,High-Speed Rail Link Patna (Madhya Pradesh) - Package 1 (PRJ-00031),Ministry of Railways (MoR),Railways,Zonal Railways,Madhya Pradesh,761.06,999.75,224.02,2025-03-22,2025-05-01,2028-04-15,2029-10-07,4.6,Delayed
PRJ-00032,"765kV Super Grid Substation & Transmission Link at Pune, Sikkim (Phase-II)",Ministry of Power (MoP),Power Transmission & Distribution,REC Power,Sikkim,1473.76,1473.76,1473.76,2020-01-08,2020-04-07,2023-02-21,2023-02-21,100.0,Completed
PRJ-00033,Dedicated Freight Corridor (DFCC) Segment 24 (Dehradun-Assam) - Stage-II,Ministry of Railways (MoR),Railways,IRCON,Assam,846.58,846.58,846.58,2023-04-06,2023-08-16,2026-06-01,2026-06-01,100.0,Completed
PRJ-00034,Widening & Paving of NH-65 (Imphal-Telangana) - Package 2,Ministry of Road Transport and Highways (MoRTH),Road Transport & Highways,MoRTH Direct,Telangana,670.19,670.19,368.51,2024-08-06,2024-12-09,2028-01-23,2028-01-23,54.1,On Track
PRJ-00035,National Waterway-1 Modern Navigation Channel Visakhapatnam (Mizoram) - Stage-I (PRJ-00035),"Ministry of Ports, Shipping and Waterways (MoPSW)",Inland Waterways,IWAI,Mizoram,763.93,843.71,843.71,2022-04-09,2022-06-20,2024-12-06,2025-05-05,100.0,Completed
PRJ-00036,Super Thermal Power Project (STPP) Stage Kochi (Kerala) - Phase-II (PRJ-00036),Ministry of Power (MoP),Thermal Power Generation,State Genco,Kerala,528.32,533.6,490.36,2023-07-25,2023-11-06,2026-08-22,2026-08-22,95.0,On Track
PRJ-00037,Expressway Corridor Phase-73 (Pune-Tamil Nadu) - Package 1,Ministry of Road Transport and Highways (MoRTH),Road Transport & Highways,NHIDCL,Tamil Nadu,859.12,1121.71,1121.71,2020-07-11,2020-11-03,2023-04-22,2024-11-12,100.0,Completed
PRJ-00038,Opencast Coal Mining Project Expansion Kochi (Andhra Pradesh) - Stage-II (PRJ-00038),Ministry of Coal (MoC),Coal Mining & Infrastructure,Coal India (CIL),Andhra Pradesh,296.14,390.56,257.74,2023-03-02,2023-05-04,2025-07-22,2027-04-13,49.3,Delayed
PRJ-00039,Ultra Supercritical Power Plant Expansion Unit Ahmedabad (Chhattisgarh) - Phase-I (PRJ-00039),Ministry of Power (MoP),Thermal Power Generation,DVC,Chhattisgarh,1396.36,1920.11,314.61,2025-09-02,2025-11-15,2029-06-27,2031-09-15,2.0,Stalled
PRJ-00040,Ring Road Construction Phase Nagpur (Chhattisgarh) - Phase-II (PRJ-00040),Ministry of Road Transport and Highways (MoRTH),Road Transport & Highways,NHIDCL,Chhattisgarh,539.98,764.59,423.72,2021-03-16,2021-07-09,2024-04-24,2028-07-02,46.9,Delayed
PRJ-00041,4-Laning of NH-14 (Lucknow-Delhi) - Package 2,Ministry of Road Transport and Highways (MoRTH),Road Transport & Highways,NHIDCL,Delhi,545.79,545.79,545.79,2022-10-22,2023-03-17,2026-05-30,2026-05-30,100.0,Completed
PRJ-00042,4-Laning of NH-79 (Chandigarh-Jharkhand) - Phase-III,Ministry of Road Transport and Highways (MoRTH),Road Transport & Highways,NHAI,Jharkhand,3851.22,4866.78,2172.19,2023-11-12,2023-12-20,2028-07-26,2030-05-17,27.6,Delayed
PRJ-00043,HVDC Bipole Power Transmission Line 69 (Ranchi-Delhi) - Stage-II,Ministry of Power (MoP),Power Transmission & Distribution,State Transco,Delhi,3130.3,3130.3,819.77,2025-03-14,2025-05-05,2029-11-10,2029-11-10,27.5,On Track
PRJ-00044,Integrated Smart City Sewerage Treatment Facility Imphal (Bihar) - Phase-III (PRJ-00044),Ministry of Housing and Urban Affairs (MoHUA),Urban Infrastructure & Water Supply,State Urban Dev Auth,Bihar,1231.69,1456.23,1456.23,2021-02-09,2021-07-01,2024-05-16,2024-09-13,100.0,Completed
PRJ-00045,High-Speed Rail Link Jaipur (Tripura) - Stage-I (PRJ-00045),Ministry of Railways (MoR),Railways,DFCCIL,Tripura,1873.88,1892.62,1892.62,2022-09-01,2022-12-06,2026-03-20,2026-03-20,100.0,Completed
PRJ-00046,Dedicated Freight Corridor (DFCC) Segment 39 (Nagpur-Jharkhand) - Phase-III,Ministry of Railways (MoR),Railways,Zonal Railways,Jharkhand,618.89,806.19,300.98,2023-12-08,2024-02-15,2027-07-29,2029-03-20,22.2,Delayed
PRJ-00047,New Broad Gauge Railway Line between 43 (Visakhapatnam-Rajasthan) - Phase-III,Ministry of Railways (MoR),Railways,DFCCIL,Rajasthan,4240.76,5186.06,4618.57,2021-02-24,2021-04-19,2026-07-22,2027-05-18,72.7,Delayed
PRJ-00048,Ultra Supercritical Power Plant Expansion Unit Chandigarh (Uttar Pradesh) - Phase-I (PRJ-00048),Ministry of Power (MoP),Thermal Power Generation,DVC,Uttar Pradesh,5364.54,7042.04,6244.07,2021-05-08,2021-07-23,2026-10-25,2027-04-23,74.3,Delayed
PRJ-00049,Cross-Country Natural Gas Grid Pipeline Shillong (Arunachal Pradesh) - Package 2 (PRJ-00049),Ministry of Petroleum and Natural Gas (MoPNG),Petroleum & Natural Gas Pipelines,HPCL,Arunachal Pradesh,3001.47,3850.96,2402.38,2022-08-16,2022-11-10,2027-05-18,2028-09-09,38.4,Delayed
PRJ-00050,HVDC Bipole Power Transmission Line 98 (Ahmedabad-Tamil Nadu) - Stage-I,Ministry of Power (MoP),Power Transmission & Distribution,State Transco,Tamil Nadu,861.22,861.22,861.22,2020-03-05,2020-07-16,2024-01-27,2024-01-27,100.0,Completed
PRJ-00051,Green Energy Corridor Transmission System Phase 86 (Visakhapatnam-West Bengal) - Phase-III,Ministry of Power (MoP),Power Transmission & Distribution,REC Power,West Bengal,320.44,405.31,280.16,2023-05-19,2023-09-05,2026-07-21,2027-11-13,55.7,Delayed
PRJ-00052,Coastal Berth Scheme & Dredging Project Kolkata (Nagaland) - Phase-I (PRJ-00052),"Ministry of Ports, Shipping and Waterways (MoPSW)",Ports & Maritime Infrastructure,Deendayal Port Auth,Nagaland,485.3,616.32,616.32,2021-01-14,2021-04-11,2023-09-28,2024-09-22,100.0,Completed
PRJ-00053,Integrated Steel Plant Modernization Phase Bhopal (Arunachal Pradesh) - Stage-I (PRJ-00053),Ministry of Steel (MoS),Steel & Metallurgy,RINL,Arunachal Pradesh,1082.65,1486.3,1486.3,2021-05-27,2021-07-14,2024-04-29,2026-06-18,87.7,Stalled
PRJ-00054,Tripling and 4th Line Quadrupling 21 (Bhopal-Gujarat) - Package 1,Ministry of Railways (MoR),Railways,DFCCIL,Gujarat,1451.68,1877.27,532.26,2024-01-14,2024-05-17,2028-02-26,2028-12-22,18.6,Delayed
PRJ-00055,BharatNet Rural Optical Fibre Deployment Phase Jaipur (Chhattisgarh) - Stage-II (PRJ-00055),Ministry of Communications,Telecommunications & Optical Fibre,TCIL,Chhattisgarh,560.15,560.15,560.15,2021-08-17,2021-12-08,2025-03-22,2025-03-22,100.0,Completed
PRJ-00056,New Broad Gauge Railway Line between 99 (Kolkata-Punjab) - Package 1,Ministry of Railways (MoR),Railways,RVNL,Punjab,830.69,1112.67,460.07,2023-05-22,2023-10-19,2026-08-04,2028-08-23,23.6,Delayed
PRJ-00057,Refinery Modernization & BS-VI / Clean Fuel Upgrade Srinagar (Arunachal Pradesh) - Stage-II (PRJ-00057),Ministry of Petroleum and Natural Gas (MoPNG),Oil Refineries & Petrochemicals,HPCL,Arunachal Pradesh,726.42,933.8,575.44,2024-01-22,2024-06-11,2026-07-01,2027-06-26,40.2,Delayed
PRJ-00058,6-Laning of Golden Quadrilateral Stretch Varanasi (Odisha) - Phase-III (PRJ-00058),Ministry of Road Transport and Highways (MoRTH),Road Transport & Highways,MoRTH Direct,Odisha,1738.95,1738.95,1171.52,2024-03-10,2024-06-04,2027-07-19,2027-07-19,69.1,On Track
PRJ-00059,Ultra Supercritical Power Plant Expansion Unit Bhopal (Jammu & Kashmir) - Phase-I (PRJ-00059),Ministry of Power (MoP),Thermal Power Generation,State Genco,Jammu & Kashmir,623.43,858.76,570.82,2021-02-15,2021-04-01,2024-05-15,2026-03-06,57.8,Delayed
PRJ-00060,Opencast Coal Mining Project Expansion Guwahati (Assam) - Package 2 (PRJ-00060),Ministry of Coal (MoC),Coal Mining & Infrastructure,SCCL,Assam,546.18,587.45,180.12,2024-12-05,2025-04-24,2028-02-08,2028-07-07,5.9,Delayed
PRJ-00061,Integrated Smart City Sewerage Treatment Facility Jammu (Sikkim) - Stage-II (PRJ-00061),Ministry of Housing and Urban Affairs (MoHUA),Urban Infrastructure & Water Supply,NBCC,Sikkim,451.78,451.78,263.93,2024-10-22,2025-01-22,2027-08-10,2027-08-10,60.7,On Track
PRJ-00062,BharatNet Rural Optical Fibre Deployment Phase Patna (Punjab) - Package 2 (PRJ-00062),Ministry of Communications,Telecommunications & Optical Fibre,BBNL,Punjab,3520.75,3520.75,2069.09,2023-04-28,2023-09-04,2028-01-11,2028-01-11,63.8,On Track
PRJ-00063,Hydroelectric Project (HEP) Varanasi (Tamil Nadu) - Package 2 (PRJ-00063),Ministry of Power (MoP),Hydroelectric Power,SJVN,Tamil Nadu,1098.6,1098.6,831.73,2024-06-28,2024-08-09,2027-04-26,2027-04-26,74.5,On Track
PRJ-00064,New Broad Gauge Railway Line between 90 (Agartala-Tamil Nadu) - Phase-III,Ministry of Railways (MoR),Railways,RVNL,Tamil Nadu,3740.38,4728.64,532.19,2025-07-21,2025-08-30,2030-06-05,2031-05-31,2.0,Delayed
PRJ-00065,Hydroelectric Project (HEP) Bhopal (Punjab) - Package 2 (PRJ-00065),Ministry of Power (MoP),Hydroelectric Power,THDC,Punjab,2112.27,2112.27,2112.27,2020-04-21,2020-08-16,2024-03-28,2024-03-28,100.0,Completed
PRJ-00066,Cross-Country Natural Gas Grid Pipeline Nagpur (Haryana) - Phase-III (PRJ-00066),Ministry of Petroleum and Natural Gas (MoPNG),Petroleum & Natural Gas Pipelines,BPCL,Haryana,1300.32,1300.32,1300.32,2020-05-12,2020-07-28,2023-07-13,2023-07-13,100.0,Completed
PRJ-00067,Cross-Country Natural Gas Grid Pipeline Chandigarh (Goa) - Phase-II (PRJ-00067),Ministry of Petroleum and Natural Gas (MoPNG),Petroleum & Natural Gas Pipelines,HPCL,Goa,5295.94,6880.55,1487.26,2023-11-09,2024-02-05,2029-10-06,2031-02-28,8.9,Stalled
PRJ-00068,Ring Road Construction Phase Ranchi (Kerala) - Phase-III (PRJ-00068),Ministry of Road Transport and Highways (MoRTH),Road Transport & Highways,NHAI,Kerala,2096.8,2292.3,496.06,2025-07-23,2025-09-23,2028-06-09,2029-05-05,2.0,Delayed
PRJ-00069,Widening & Paving of NH-13 (Lucknow-Karnataka) - Phase-III,Ministry of Road Transport and Highways (MoRTH),Road Transport & Highways,State PWD,Karnataka,1141.01,1647.14,441.16,2025-07-09,2025-08-09,2028-02-25,2031-07-09,2.0,Delayed
PRJ-00070,6-Laning of Golden Quadrilateral Stretch Agartala (Odisha) - Package 2 (PRJ-00070),Ministry of Road Transport and Highways (MoRTH),Road Transport & Highways,State PWD,Odisha,637.63,893.03,705.06,2022-04-21,2022-06-14,2024-07-03,2027-03-20,63.9,Delayed
PRJ-00071,Dedicated Freight Corridor (DFCC) Segment 57 (Visakhapatnam-Jharkhand) - Package 2,Ministry of Railways (MoR),Railways,DFCCIL,Jharkhand,1053.79,1295.34,421.23,2025-03-03,2025-07-27,2028-08-10,2029-12-03,8.3,Delayed
PRJ-00072,Petrochemical Complex Expansion Unit Jaipur (Gujarat) - Phase-III (PRJ-00072),Ministry of Petroleum and Natural Gas (MoPNG),Oil Refineries & Petrochemicals,MRPL,Gujarat,264.54,264.54,244.4,2023-05-24,2023-10-12,2026-08-27,2026-08-27,94.1,On Track
PRJ-00073,Dedicated Freight Corridor (DFCC) Segment 79 (Guwahati-Jharkhand) - Phase-III,Ministry of Railways (MoR),Railways,RVNL,Jharkhand,1108.67,1568.7,1314.29,2020-08-12,2020-12-06,2023-08-23,2026-08-07,66.4,Delayed
PRJ-00074,Ultra Supercritical Power Plant Expansion Unit Bhopal (Telangana) - Package 2 (PRJ-00074),Ministry of Power (MoP),Thermal Power Generation,NTPC,Telangana,655.8,655.8,655.8,2021-11-03,2022-02-22,2025-05-07,2025-05-07,100.0,Completed
PRJ-00075,6-Laning of Golden Quadrilateral Stretch Bhopal (Haryana) - Package 1 (PRJ-00075),Ministry of Road Transport and Highways (MoRTH),Road Transport & Highways,NHIDCL,Haryana,3571.89,4409.69,2034.13,2023-06-22,2023-10-25,2028-07-30,2029-07-25,28.1,Delayed
PRJ-00076,High-Speed Rail Link Surat (Chhattisgarh) - Package 1 (PRJ-00076),Ministry of Railways (MoR),Railways,RVNL,Chhattisgarh,1912.82,2168.66,1840.66,2022-01-23,2022-04-10,2025-09-21,2027-03-15,66.3,Delayed
PRJ-00077,"Greenfield International Airport Phase at Jaipur, West Bengal (Phase-I)",Ministry of Civil Aviation (MoCA),Civil Aviation & Airports,AAI,West Bengal,804.46,804.46,804.46,2023-02-22,2023-04-20,2026-07-03,2026-07-03,100.0,Completed
PRJ-00078,Railway Line Doubling & Electrification 29 (Imphal-Manipur) - Phase-III,Ministry of Railways (MoR),Railways,KRCL,Manipur,1164.83,1164.83,750.25,2024-01-09,2024-05-27,2027-06-11,2027-06-11,65.5,On Track
PRJ-00079,Railway Line Doubling & Electrification 52 (Agartala-Jharkhand) - Package 2,Ministry of Railways (MoR),Railways,DFCCIL,Jharkhand,753.03,925.35,925.35,2020-03-09,2020-04-14,2023-03-30,2023-11-25,100.0,Completed
PRJ-00080,Hydroelectric Project (HEP) Shimla (Delhi) - Stage-I (PRJ-00080),Ministry of Power (MoP),Hydroelectric Power,SJVN,Delhi,633.11,784.47,94.53,2025-09-10,2025-12-07,2028-04-25,2030-01-15,2.0,Stalled
PRJ-00081,"765kV Super Grid Substation & Transmission Link at Visakhapatnam, Rajasthan (Phase-I)",Ministry of Power (MoP),Power Transmission & Distribution,State Transco,Rajasthan,509.63,592.13,592.13,2022-10-05,2022-11-12,2025-04-30,2025-10-27,100.0,Completed
PRJ-00082,24x7 Urban Surface Water Supply Project Mangaluru (Jharkhand) - Stage-II (PRJ-00082),Ministry of Housing and Urban Affairs (MoHUA),Urban Infrastructure & Water Supply,NBCC,Jharkhand,846.69,846.69,138.17,2025-11-25,2026-03-05,2028-10-20,2028-10-20,16.2,On Track
PRJ-00083,Ammonia-Urea Fertilizer Complex Revival Jammu (Bihar) - Phase-III (PRJ-00083),Ministry of Chemicals and Fertilizers,Fertilizer Plants & Petrochemicals,FACT,Bihar,737.83,989.76,619.57,2023-06-22,2023-08-23,2026-05-09,2028-02-28,48.3,Delayed
PRJ-00084,Ultra Supercritical Power Plant Expansion Unit Jammu (Uttar Pradesh) - Stage-II (PRJ-00084),Ministry of Power (MoP),Thermal Power Generation,NTPC,Uttar Pradesh,275.62,275.62,275.62,2021-09-02,2021-12-16,2025-01-29,2025-01-29,100.0,Completed
PRJ-00085,Run-of-River Hydro Project Bengaluru (Ladakh) - Package 2 (PRJ-00085),Ministry of Power (MoP),Hydroelectric Power,NEEPCO,Ladakh,1846.87,2412.23,1622.83,2021-03-22,2021-06-21,2024-07-05,2025-10-28,58.5,Delayed
PRJ-00086,Run-of-River Hydro Project Raipur (Telangana) - Phase-III (PRJ-00086),Ministry of Power (MoP),Hydroelectric Power,NHPC,Telangana,263.63,291.75,291.75,2020-03-09,2020-07-06,2023-02-21,2023-11-18,100.0,Completed
PRJ-00087,Railway Line Doubling & Electrification 64 (Indore-Uttar Pradesh) - Package 1,Ministry of Railways (MoR),Railways,RVNL,Uttar Pradesh,476.61,703.9,289.85,2023-06-06,2023-08-22,2025-11-09,2028-12-23,31.7,Delayed
PRJ-00088,"765kV Super Grid Substation & Transmission Link at Shimla, Odisha (Stage-I)",Ministry of Power (MoP),Power Transmission & Distribution,PGCIL,Odisha,3702.61,3702.61,3702.61,2020-05-15,2020-09-06,2025-05-13,2025-05-13,100.0,Completed
PRJ-00089,Dedicated Freight Corridor (DFCC) Segment 61 (Lucknow-Madhya Pradesh) - Phase-II,Ministry of Railways (MoR),Railways,KRCL,Madhya Pradesh,584.03,762.41,392.42,2024-01-01,2024-02-26,2026-08-14,2029-04-30,26.7,Delayed
PRJ-00090,Refinery Modernization & BS-VI / Clean Fuel Upgrade Surat (Jammu & Kashmir) - Phase-II (PRJ-00090),Ministry of Petroleum and Natural Gas (MoPNG),Oil Refineries & Petrochemicals,IOCL,Jammu & Kashmir,596.94,698.68,698.68,2021-07-18,2021-11-15,2024-07-02,2025-05-28,100.0,Completed
PRJ-00091,Widening & Paving of NH-64 (Guwahati-Karnataka) - Stage-I,Ministry of Road Transport and Highways (MoRTH),Road Transport & Highways,MoRTH Direct,Karnataka,417.35,417.35,417.35,2022-02-13,2022-03-17,2024-09-02,2024-09-02,100.0,Completed
PRJ-00092,BharatNet Rural Optical Fibre Deployment Phase Indore (West Bengal) - Package 1 (PRJ-00092),Ministry of Communications,Telecommunications & Optical Fibre,TCIL,West Bengal,851.61,1073.87,964.13,2022-12-11,2023-02-07,2025-08-25,2027-02-16,65.3,Delayed
PRJ-00093,Air Cargo Logistics Complex at Imphal (Uttar Pradesh) - Stage-II (PRJ-00093),Ministry of Civil Aviation (MoCA),Civil Aviation & Airports,PPP Airport SPV,Uttar Pradesh,502.68,617.97,521.63,2021-04-04,2021-05-22,2024-06-05,2026-02-25,73.4,Stalled
PRJ-00094,Run-of-River Hydro Project Chandigarh (Madhya Pradesh) - Stage-I (PRJ-00094),Ministry of Power (MoP),Hydroelectric Power,THDC,Madhya Pradesh,2006.25,2302.93,737.42,2024-06-28,2024-10-16,2027-12-30,2028-11-24,19.9,Delayed
PRJ-00095,4-Laning of NH-70 (Indore-Ladakh) - Phase-III,Ministry of Road Transport and Highways (MoRTH),Road Transport & Highways,NHAI,Ladakh,274.37,277.11,277.11,2023-01-02,2023-03-20,2026-02-02,2026-02-02,100.0,Completed
PRJ-00096,City Gas Distribution (CGD) Steel Network Agartala (Goa) - Stage-I (PRJ-00096),Ministry of Petroleum and Natural Gas (MoPNG),Petroleum & Natural Gas Pipelines,HPCL,Goa,768.51,768.51,768.51,2021-06-20,2021-09-18,2024-02-05,2024-02-05,100.0,Completed
PRJ-00097,Green Energy Corridor Transmission System Phase 77 (Visakhapatnam-Rajasthan) - Package 2,Ministry of Power (MoP),Power Transmission & Distribution,PGCIL,Rajasthan,714.87,714.87,572.18,2024-03-12,2024-05-28,2027-01-13,2027-01-13,81.0,On Track
PRJ-00098,Light Urban Rail Transit (Metrolite) Bhopal (Arunachal Pradesh) - Phase-III (PRJ-00098),Ministry of Housing and Urban Affairs (MoHUA),Urban Metro & Transit Systems,BMRCL,Arunachal Pradesh,1684.99,1684.99,1684.99,2022-12-28,2023-04-21,2026-05-05,2026-05-05,100.0,Completed
PRJ-00099,Dedicated Freight Corridor (DFCC) Segment 82 (Mangaluru-Telangana) - Phase-III,Ministry of Railways (MoR),Railways,IRCON,Telangana,9824.35,12679.51,3021.58,2023-11-26,2024-02-06,2030-12-31,2032-02-24,14.7,Delayed
PRJ-00100,Multi-Modal Transit Hub & Metro Station Kochi (Madhya Pradesh) - Phase-III (PRJ-00100),Ministry of Housing and Urban Affairs (MoHUA),Urban Metro & Transit Systems,UPMRC,Madhya Pradesh,883.87,883.87,883.87,2020-06-10,2020-08-02,2023-12-15,2023-12-15,100.0,Completed
PRJ-00101,Ring Road Construction Phase Srinagar (Haryana) - Phase-II (PRJ-00101),Ministry of Road Transport and Highways (MoRTH),Road Transport & Highways,State PWD,Haryana,1029.95,1359.19,440.27,2024-07-05,2024-08-24,2027-05-11,2029-03-01,15.5,Delayed
PRJ-00102,Railway Line Doubling & Electrification 89 (Ranchi-Bihar) - Package 1,Ministry of Railways (MoR),Railways,RVNL,Bihar,568.6,690.12,412.85,2022-12-26,2023-03-23,2025-11-07,2028-01-26,46.7,Delayed
PRJ-00103,Integrated Smart City Sewerage Treatment Facility Lucknow (Odisha) - Package 2 (PRJ-00103),Ministry of Housing and Urban Affairs (MoHUA),Urban Infrastructure & Water Supply,State Urban Dev Auth,Odisha,369.45,479.46,180.33,2024-07-06,2024-11-17,2026-11-07,2028-03-01,19.0,Delayed
PRJ-00104,Widening & Paving of NH-77 (Bengaluru-Maharashtra) - Stage-II,Ministry of Road Transport and Highways (MoRTH),Road Transport & Highways,State PWD,Maharashtra,208.43,274.36,274.36,2020-05-03,2020-09-07,2023-04-25,2025-02-13,100.0,Completed
PRJ-00105,Cross-Country Natural Gas Grid Pipeline Ranchi (Gujarat) - Package 1 (PRJ-00105),Ministry of Petroleum and Natural Gas (MoPNG),Petroleum & Natural Gas Pipelines,HPCL,Gujarat,571.23,576.94,576.94,2020-06-08,2020-07-11,2023-08-25,2023-08-25,100.0,Completed
PRJ-00106,Multi-Modal Transit Hub & Metro Station Visakhapatnam (Tamil Nadu) - Phase-I (PRJ-00106),Ministry of Housing and Urban Affairs (MoHUA),Urban Metro & Transit Systems,UPMRC,Tamil Nadu,877.97,877.97,877.97,2020-01-09,2020-03-06,2022-11-21,2022-11-21,100.0,Completed
PRJ-00107,High-Speed Rail Link Dehradun (Bihar) - Package 1 (PRJ-00107),Ministry of Railways (MoR),Railways,IRCON,Bihar,411.17,551.89,551.89,2020-02-27,2020-07-21,2023-11-03,2025-06-25,100.0,Completed
PRJ-00108,Widening & Paving of NH-78 (Raipur-Meghalaya) - Phase-I,Ministry of Road Transport and Highways (MoRTH),Road Transport & Highways,MoRTH Direct,Meghalaya,529.55,667.98,589.82,2022-02-17,2022-05-27,2025-08-09,2026-08-04,69.4,Delayed
PRJ-00109,First Mile Connectivity Coal Conveyor Network Nagpur (Uttar Pradesh) - Stage-II (PRJ-00109),Ministry of Coal (MoC),Coal Mining & Infrastructure,NLCIL,Uttar Pradesh,391.2,391.2,391.2,2020-06-08,2020-10-09,2022-09-29,2022-09-29,100.0,Completed
PRJ-00110,Railway Line Doubling & Electrification 28 (Surat-Rajasthan) - Stage-II,Ministry of Railways (MoR),Railways,Zonal Railways,Rajasthan,1056.02,1489.87,1288.44,2020-12-25,2021-05-24,2023-09-11,2026-07-27,75.2,Stalled
PRJ-00111,Widening & Paving of NH-47 (Srinagar-Himachal Pradesh) - Phase-II,Ministry of Road Transport and Highways (MoRTH),Road Transport & Highways,State PWD,Himachal Pradesh,12334.61,16013.85,6615.99,2022-01-28,2022-05-21,2029-04-14,2031-02-03,23.0,Delayed
PRJ-00112,Tripling and 4th Line Quadrupling 74 (Kolkata-Tripura) - Stage-I,Ministry of Railways (MoR),Railways,Zonal Railways,Tripura,1267.24,1516.41,975.98,2022-09-09,2023-01-19,2026-04-03,2027-08-26,42.1,Delayed
PRJ-00113,Expressway Corridor Phase-48 (Ahmedabad-Arunachal Pradesh) - Stage-I,Ministry of Road Transport and Highways (MoRTH),Road Transport & Highways,State PWD,Arunachal Pradesh,729.19,932.28,395.09,2022-08-20,2022-12-19,2026-10-29,2028-07-20,34.3,Delayed
PRJ-00114,Dedicated Freight Corridor (DFCC) Segment 96 (Agartala-Andhra Pradesh) - Phase-I,Ministry of Railways (MoR),Railways,DFCCIL,Andhra Pradesh,565.89,565.89,105.94,2025-07-12,2025-10-15,2028-11-28,2028-11-28,18.5,On Track
PRJ-00115,Railway Line Doubling & Electrification 93 (Ahmedabad-Assam) - Stage-II,Ministry of Railways (MoR),Railways,RVNL,Assam,2839.57,3249.48,2973.23,2022-06-13,2022-09-23,2026-05-05,2026-10-02,80.5,Delayed
PRJ-00116,Green Energy Corridor Transmission System Phase 46 (Guwahati-Ladakh) - Stage-I,Ministry of Power (MoP),Power Transmission & Distribution,REC Power,Ladakh,1761.44,2186.49,2142.33,2021-02-01,2021-06-05,2024-09-17,2027-02-04,78.7,Delayed
PRJ-00117,6-Laning of Golden Quadrilateral Stretch Surat (Rajasthan) - Phase-I (PRJ-00117),Ministry of Road Transport and Highways (MoRTH),Road Transport & Highways,State PWD,Rajasthan,426.16,426.16,426.16,2021-02-15,2021-04-08,2023-11-24,2023-11-24,100.0,Completed
PRJ-00118,Strategic Border Tunnel & High-Altitude Road Kolkata (Punjab) - Stage-II (PRJ-00118),Ministry of Defence,Defence Infrastructure & Strategic Roads,MES,Punjab,11428.98,11428.98,5882.75,2022-09-08,2022-10-23,2029-09-16,2029-09-16,54.7,On Track
PRJ-00119,BharatNet Rural Optical Fibre Deployment Phase Bhopal (Jharkhand) - Package 2 (PRJ-00119),Ministry of Communications,Telecommunications & Optical Fibre,BBNL,Jharkhand,797.72,797.72,797.72,2020-02-10,2020-04-30,2022-12-16,2022-12-16,100.0,Completed
PRJ-00120,Expressway Corridor Phase-81 (Indore-Madhya Pradesh) - Phase-II,Ministry of Road Transport and Highways (MoRTH),Road Transport & Highways,MoRTH Direct,Madhya Pradesh,514.47,514.47,43.38,2025-10-06,2026-02-11,2029-11-22,2029-11-22,9.1,On Track
PRJ-00121,Underground Metro Link Lucknow (Assam) - Phase-II (PRJ-00121),Ministry of Housing and Urban Affairs (MoHUA),Urban Metro & Transit Systems,KMRL,Assam,3213.89,3513.02,3284.42,2022-12-08,2023-02-20,2026-04-05,2026-08-03,82.4,Delayed
PRJ-00122,Air Cargo Logistics Complex at Shimla (Sikkim) - Phase-I (PRJ-00122),Ministry of Civil Aviation (MoCA),Civil Aviation & Airports,Adani Airports,Sikkim,714.05,714.05,343.74,2024-11-06,2025-02-19,2028-03-05,2028-03-05,50.1,On Track
PRJ-00123,Widening & Paving of NH-84 (Varanasi-Uttarakhand) - Stage-II,Ministry of Road Transport and Highways (MoRTH),Road Transport & Highways,NHAI,Uttarakhand,304.59,376.26,350.18,2022-11-07,2023-03-15,2025-12-29,2026-09-25,83.3,Delayed
PRJ-00124,Integrated Smart City Sewerage Treatment Facility Agartala (Jharkhand) - Phase-III (PRJ-00124),Ministry of Housing and Urban Affairs (MoHUA),Urban Infrastructure & Water Supply,NBCC,Jharkhand,342.11,397.39,365.39,2023-02-23,2023-04-01,2026-01-15,2026-08-13,69.4,Delayed
PRJ-00125,"Multimodal Freight Terminal on NW-at Hyderabad, West Bengal (Package 2)","Ministry of Ports, Shipping and Waterways (MoPSW)",Inland Waterways,IWAI,West Bengal,590.41,720.06,383.46,2024-02-11,2024-04-11,2027-09-23,2028-05-20,43.8,Delayed
PRJ-00126,6-Laning of Golden Quadrilateral Stretch Shillong (Nagaland) - Stage-II (PRJ-00126),Ministry of Road Transport and Highways (MoRTH),Road Transport & Highways,MoRTH Direct,Nagaland,623.19,877.85,557.92,2022-10-24,2023-01-02,2025-01-21,2028-05-05,49.1,Delayed
PRJ-00127,City Gas Distribution (CGD) Steel Network Guwahati (Delhi) - Package 1 (PRJ-00127),Ministry of Petroleum and Natural Gas (MoPNG),Petroleum & Natural Gas Pipelines,GAIL,Delhi,2258.88,2371.82,1764.75,2021-04-19,2021-07-03,2025-06-12,2025-11-09,64.7,Delayed
PRJ-00128,Lift Irrigation Project Stage Ranchi (Uttar Pradesh) - Phase-III (PRJ-00128),Ministry of Jal Shakti,Water Resources & Irrigation,State Irrigation Dept,Uttar Pradesh,4448.85,6254.96,4861.89,2020-07-02,2020-10-12,2025-05-19,2027-01-09,62.5,Delayed
PRJ-00129,Economic Corridor Bypass near 54 (Bengaluru-Assam) - Phase-III,Ministry of Road Transport and Highways (MoRTH),Road Transport & Highways,NHAI,Assam,792.87,883.76,472.24,2024-06-25,2024-08-12,2027-07-28,2027-11-25,28.7,Delayed
PRJ-00130,Green Energy Corridor Transmission System Phase 69 (Agartala-Tripura) - Package 2,Ministry of Power (MoP),Power Transmission & Distribution,REC Power,Tripura,569.91,623.61,623.61,2021-10-17,2021-12-03,2024-06-20,2025-03-17,100.0,Completed
PRJ-00131,Ultra Supercritical Power Plant Expansion Unit Lucknow (Karnataka) - Stage-II (PRJ-00131),Ministry of Power (MoP),Thermal Power Generation,State Genco,Karnataka,1370.54,1898.52,1898.52,2020-06-11,2020-10-05,2024-05-17,2026-02-06,100.0,Completed
PRJ-00132,First Mile Connectivity Coal Conveyor Network Chandigarh (Himachal Pradesh) - Phase-II (PRJ-00132),Ministry of Coal (MoC),Coal Mining & Infrastructure,SCCL,Himachal Pradesh,3892.63,4579.85,859.68,2024-11-24,2025-03-13,2028-12-22,2029-06-20,6.6,Delayed
PRJ-00133,New Broad Gauge Railway Line between 30 (Visakhapatnam-Jammu & Kashmir) - Package 1,Ministry of Railways (MoR),Railways,IRCON,Jammu & Kashmir,977.5,1175.38,895.43,2023-12-07,2024-02-27,2026-09-14,2027-03-13,56.9,Delayed
PRJ-00134,Nano Fertilizer Manufacturing Plant Bhubaneswar (Maharashtra) - Package 2 (PRJ-00134),Ministry of Chemicals and Fertilizers,Fertilizer Plants & Petrochemicals,NFL,Maharashtra,246.65,246.65,246.65,2023-06-06,2023-09-02,2025-11-20,2025-11-20,100.0,Completed
PRJ-00135,Expressway Corridor Phase-49 (Pune-Delhi) - Package 2,Ministry of Road Transport and Highways (MoRTH),Road Transport & Highways,NHIDCL,Delhi,1587.04,2084.74,2084.74,2021-05-25,2021-07-30,2025-02-09,2025-07-09,100.0,Completed
PRJ-00136,Railway Line Doubling & Electrification 16 (Ranchi-Chhattisgarh) - Phase-III,Ministry of Railways (MoR),Railways,Zonal Railways,Chhattisgarh,748.44,748.44,748.44,2022-12-03,2023-02-15,2025-11-01,2025-11-01,100.0,Completed
PRJ-00137,Widening & Paving of NH-39 (Varanasi-Nagaland) - Package 2,Ministry of Road Transport and Highways (MoRTH),Road Transport & Highways,NHIDCL,Nagaland,1018.5,1371.43,323.52,2025-04-02,2025-05-14,2028-04-28,2031-08-11,2.0,Delayed
PRJ-00138,First Mile Connectivity Coal Conveyor Network Surat (Andhra Pradesh) - Stage-I (PRJ-00138),Ministry of Coal (MoC),Coal Mining & Infrastructure,NLCIL,Andhra Pradesh,578.2,578.2,578.2,2021-05-11,2021-07-16,2024-06-30,2024-06-30,100.0,Completed
PRJ-00139,Tripling and 4th Line Quadrupling 48 (Guwahati-Chhattisgarh) - Phase-II,Ministry of Railways (MoR),Railways,RVNL,Chhattisgarh,268.24,334.44,334.44,2020-01-10,2020-04-21,2022-05-11,2023-06-05,100.0,Completed
PRJ-00140,Integrated Smart City Sewerage Treatment Facility Bengaluru (Jharkhand) - Phase-II (PRJ-00140),Ministry of Housing and Urban Affairs (MoHUA),Urban Infrastructure & Water Supply,NBCC,Jharkhand,1451.98,1466.5,345.81,2025-08-21,2025-10-22,2029-08-02,2029-08-02,23.7,On Track
PRJ-00141,Tripling and 4th Line Quadrupling 65 (Shillong-Telangana) - Stage-II,Ministry of Railways (MoR),Railways,IRCON,Telangana,274.06,274.06,198.91,2024-06-03,2024-08-23,2027-03-11,2027-03-11,78.6,On Track
PRJ-00142,First Mile Connectivity Coal Conveyor Network Bhubaneswar (Delhi) - Package 2 (PRJ-00142),Ministry of Coal (MoC),Coal Mining & Infrastructure,NLCIL,Delhi,920.65,920.65,191.96,2025-10-01,2025-12-03,2029-01-16,2029-01-16,20.5,On Track
PRJ-00143,Barrage & Canal Distribution Network Indore (Madhya Pradesh) - Stage-II (PRJ-00143),Ministry of Jal Shakti,Water Resources & Irrigation,Polavaram Project Auth,Madhya Pradesh,2453.02,2453.02,2196.88,2022-12-04,2023-03-25,2026-12-04,2026-12-04,89.3,On Track
PRJ-00144,Economic Corridor Bypass near 79 (Bhopal-Rajasthan) - Stage-II,Ministry of Road Transport and Highways (MoRTH),Road Transport & Highways,MoRTH Direct,Rajasthan,1913.7,1913.7,709.9,2025-04-25,2025-06-25,2028-05-10,2028-05-10,39.8,On Track
PRJ-00145,4-Laning of NH-81 (Chandigarh-Goa) - Phase-I,Ministry of Road Transport and Highways (MoRTH),Road Transport & Highways,NHAI,Goa,361.3,445.16,200.96,2024-04-19,2024-07-26,2027-09-09,2028-10-03,23.7,Delayed
PRJ-00146,High-Speed Rail Link Ahmedabad (Tamil Nadu) - Package 1 (PRJ-00146),Ministry of Railways (MoR),Railways,KRCL,Tamil Nadu,1877.69,2259.11,2259.11,2020-08-05,2020-11-08,2024-05-21,2024-11-17,100.0,Completed
PRJ-00147,"New Terminal Building & Runway Extension at at Varanasi, Uttarakhand (Phase-III)",Ministry of Civil Aviation (MoCA),Civil Aviation & Airports,Adani Airports,Uttarakhand,1607.88,1623.96,690.11,2025-02-18,2025-03-27,2028-07-09,2028-07-09,44.7,On Track
PRJ-00148,Green Energy Corridor Transmission System Phase 59 (Dehradun-Uttar Pradesh) - Phase-III,Ministry of Power (MoP),Power Transmission & Distribution,REC Power,Uttar Pradesh,463.63,463.63,448.56,2023-07-13,2023-08-22,2026-09-05,2026-09-05,95.0,On Track
PRJ-00149,Metro Rail Phase-2 Corridor 13 (Imphal-Nagaland) - Stage-II,Ministry of Housing and Urban Affairs (MoHUA),Urban Metro & Transit Systems,UPMRC,Nagaland,254.58,313.55,313.55,2022-08-22,2022-12-22,2024-12-11,2025-08-08,100.0,Completed
PRJ-00150,Dedicated Freight Corridor (DFCC) Segment 37 (Srinagar-Telangana) - Phase-II,Ministry of Railways (MoR),Railways,Zonal Railways,Telangana,369.92,399.35,399.35,2020-02-20,2020-03-25,2022-06-13,2022-10-11,100.0,Completed
PRJ-00151,6-Laning of Golden Quadrilateral Stretch Lucknow (Gujarat) - Stage-II (PRJ-00151),Ministry of Road Transport and Highways (MoRTH),Road Transport & Highways,NHIDCL,Gujarat,704.3,704.3,186.04,2025-10-11,2026-01-22,2028-07-10,2028-07-10,28.2,On Track
PRJ-00152,Strategic Border Tunnel & High-Altitude Road Jaipur (Sikkim) - Package 2 (PRJ-00152),Ministry of Defence,Defence Infrastructure & Strategic Roads,MES,Sikkim,470.45,648.16,103.51,2024-12-06,2025-03-26,2028-05-09,2031-05-24,4.8,Delayed
PRJ-00153,Integrated Smart City Sewerage Treatment Facility Mangaluru (Tripura) - Package 1 (PRJ-00153),Ministry of Housing and Urban Affairs (MoHUA),Urban Infrastructure & Water Supply,Smart City SPVs,Tripura,520.89,520.89,520.89,2021-05-13,2021-07-05,2023-12-22,2023-12-22,100.0,Completed
PRJ-00154,Atomic Power Station Units 7 & 8 Indore (Maharashtra) - Package 1 (PRJ-00154),Department of Atomic Energy (DAE),Atomic Energy & Nuclear Plants,ECIL,Maharashtra,702.84,863.52,863.52,2021-05-07,2021-07-18,2024-11-29,2025-10-25,100.0,Completed
PRJ-00155,Ring Road Construction Phase Agartala (Manipur) - Stage-I (PRJ-00155),Ministry of Road Transport and Highways (MoRTH),Road Transport & Highways,NHAI,Manipur,589.57,654.18,94.96,2025-09-07,2025-12-07,2028-09-22,2029-02-19,2.0,Delayed
PRJ-00156,Economic Corridor Bypass near 88 (Srinagar-Uttar Pradesh) - Phase-II,Ministry of Road Transport and Highways (MoRTH),Road Transport & Highways,NHAI,Uttar Pradesh,947.25,1156.56,188.93,2025-04-13,2025-09-07,2028-09-21,2030-04-14,2.0,Delayed
PRJ-00157,High-Speed Rail Link Ranchi (Mizoram) - Package 1 (PRJ-00157),Ministry of Railways (MoR),Railways,DFCCIL,Mizoram,896.36,1328.12,783.2,2023-02-26,2023-06-28,2026-05-13,2029-08-25,36.5,Delayed
PRJ-00158,HVDC Bipole Power Transmission Line 13 (Pune-Punjab) - Phase-II,Ministry of Power (MoP),Power Transmission & Distribution,REC Power,Punjab,357.08,357.08,340.06,2022-09-19,2023-01-01,2026-09-12,2026-09-12,95.0,On Track
PRJ-00159,Tripling and 4th Line Quadrupling 93 (Imphal-Odisha) - Stage-I,Ministry of Railways (MoR),Railways,DFCCIL,Odisha,1558.22,1985.86,485.74,2025-08-15,2025-10-05,2029-10-14,2031-08-05,2.0,Delayed
PRJ-00160,"Greenfield International Airport Phase at Imphal, Himachal Pradesh (Stage-II)",Ministry of Civil Aviation (MoCA),Civil Aviation & Airports,Adani Airports,Himachal Pradesh,1790.13,2531.53,321.41,2025-01-25,2025-02-24,2028-10-06,2031-01-24,2.0,Delayed
PRJ-00161,"Greenfield International Airport Phase at Ranchi, Kerala (Package 2)",Ministry of Civil Aviation (MoCA),Civil Aviation & Airports,Adani Airports,Kerala,703.45,703.45,91.53,2025-11-20,2026-04-15,2029-02-28,2029-02-28,13.9,On Track
PRJ-00162,Elevated Metro Rail Extension Jammu (Gujarat) - Package 2 (PRJ-00162),Ministry of Housing and Urban Affairs (MoHUA),Urban Metro & Transit Systems,DMRC,Gujarat,420.8,420.8,420.8,2022-01-17,2022-05-31,2025-01-15,2025-01-15,100.0,Completed
PRJ-00163,Economic Corridor Bypass near 58 (Agartala-Mizoram) - Phase-I,Ministry of Road Transport and Highways (MoRTH),Road Transport & Highways,State PWD,Mizoram,2864.32,2864.32,1735.15,2023-08-19,2023-10-19,2028-02-25,2028-02-25,59.5,On Track
PRJ-00164,Crude Oil Pipeline Augmentation Guwahati (West Bengal) - Package 2 (PRJ-00164),Ministry of Petroleum and Natural Gas (MoPNG),Petroleum & Natural Gas Pipelines,GAIL,West Bengal,1673.3,2364.07,1144.25,2023-01-21,2023-02-21,2025-12-07,2028-10-22,31.2,Delayed
PRJ-00165,Fast Breeder Reactor Facility Patna (Nagaland) - Package 2 (PRJ-00165),Department of Atomic Energy (DAE),Atomic Energy & Nuclear Plants,NPCIL,Nagaland,2664.63,3412.09,2110.0,2023-05-02,2023-09-27,2027-01-09,2028-06-02,41.8,Delayed
PRJ-00166,Ring Road Construction Phase Patna (Delhi) - Phase-II (PRJ-00166),Ministry of Road Transport and Highways (MoRTH),Road Transport & Highways,NHAI,Delhi,240.84,292.78,77.5,2025-07-03,2025-09-09,2028-08-24,2029-07-20,2.0,Stalled
PRJ-00167,24x7 Urban Surface Water Supply Project Jammu (Odisha) - Stage-II (PRJ-00167),Ministry of Housing and Urban Affairs (MoHUA),Urban Infrastructure & Water Supply,State Urban Dev Auth,Odisha,1146.06,1146.06,155.4,2025-12-03,2026-03-07,2029-01-20,2029-01-20,13.6,On Track
PRJ-00168,First Mile Connectivity Coal Conveyor Network Srinagar (Telangana) - Stage-II (PRJ-00168),Ministry of Coal (MoC),Coal Mining & Infrastructure,NLCIL,Telangana,220.9,220.9,220.9,2022-01-21,2022-03-26,2024-03-15,2024-03-15,100.0,Completed
PRJ-00169,Defence Testing Facility & Strategic Depot Shimla (Odisha) - Stage-II (PRJ-00169),Ministry of Defence,Defence Infrastructure & Strategic Roads,Border Roads Organisation (BRO),Odisha,575.33,685.17,685.17,2021-12-03,2022-01-12,2024-03-02,2024-06-30,100.0,Completed
PRJ-00170,4-Laning of NH-22 (Jaipur-Odisha) - Phase-II,Ministry of Road Transport and Highways (MoRTH),Road Transport & Highways,State PWD,Odisha,2120.49,2533.25,2533.25,2021-07-15,2021-10-24,2025-07-05,2026-05-31,100.0,Completed
PRJ-00171,Major Inter-State River Interlinking Project Srinagar (West Bengal) - Stage-I (PRJ-00171),Ministry of Jal Shakti,Water Resources & Irrigation,Polavaram Project Auth,West Bengal,338.36,416.14,189.85,2024-04-19,2024-07-24,2027-12-06,2028-07-03,34.0,Delayed
PRJ-00172,Expressway Corridor Phase-49 (Kochi-Meghalaya) - Package 1,Ministry of Road Transport and Highways (MoRTH),Road Transport & Highways,NHAI,Meghalaya,679.95,679.95,679.95,2023-02-12,2023-04-15,2025-08-02,2025-08-02,100.0,Completed
PRJ-00173,"New Terminal Building & Runway Extension at at Agartala, West Bengal (Package 1)",Ministry of Civil Aviation (MoCA),Civil Aviation & Airports,Adani Airports,West Bengal,3405.63,3405.63,2576.27,2022-07-27,2022-12-09,2027-06-16,2027-06-16,80.6,On Track
PRJ-00174,Air Cargo Logistics Complex at Jammu (Sikkim) - Stage-I (PRJ-00174),Ministry of Civil Aviation (MoCA),Civil Aviation & Airports,PPP Airport SPV,Sikkim,1598.79,2104.73,904.04,2023-10-26,2023-12-26,2027-08-07,2029-03-29,34.4,Delayed
PRJ-00175,Ammonia-Urea Fertilizer Complex Revival Srinagar (Madhya Pradesh) - Stage-I (PRJ-00175),Ministry of Chemicals and Fertilizers,Fertilizer Plants & Petrochemicals,NFL,Madhya Pradesh,2778.38,2778.38,1443.13,2023-12-07,2024-03-02,2028-04-10,2028-04-10,55.7,On Track
PRJ-00176,Opencast Coal Mining Project Expansion Lucknow (Andhra Pradesh) - Phase-III (PRJ-00176),Ministry of Coal (MoC),Coal Mining & Infrastructure,Coal India (CIL),Andhra Pradesh,779.71,787.51,363.47,2025-03-23,2025-06-15,2027-10-03,2027-10-03,48.1,On Track
PRJ-00177,Widening & Paving of NH-79 (Ranchi-Jharkhand) - Stage-II,Ministry of Road Transport and Highways (MoRTH),Road Transport & Highways,NHAI,Jharkhand,265.52,265.52,144.08,2024-11-03,2024-12-16,2027-10-02,2027-10-02,56.2,On Track
PRJ-00178,Economic Corridor Bypass near 12 (Agartala-Delhi) - Phase-I,Ministry of Road Transport and Highways (MoRTH),Road Transport & Highways,State PWD,Delhi,2138.88,2363.39,2363.39,2020-05-08,2020-08-11,2024-02-22,2024-12-18,100.0,Completed
PRJ-00179,Opencast Coal Mining Project Expansion Surat (Jammu & Kashmir) - Phase-III (PRJ-00179),Ministry of Coal (MoC),Coal Mining & Infrastructure,NLCIL,Jammu & Kashmir,1685.26,1685.26,1396.73,2023-02-04,2023-06-20,2026-12-31,2026-12-31,89.7,On Track
PRJ-00180,Green Energy Corridor Transmission System Phase 19 (Mangaluru-Uttar Pradesh) - Phase-III,Ministry of Power (MoP),Power Transmission & Distribution,State Transco,Uttar Pradesh,647.87,994.25,437.13,2022-01-26,2022-05-26,2025-01-10,2029-04-19,35.8,Delayed
PRJ-00181,Railway Line Doubling & Electrification 82 (Bhopal-Meghalaya) - Phase-III,Ministry of Railways (MoR),Railways,KRCL,Meghalaya,403.67,492.01,295.48,2023-08-08,2023-12-18,2026-08-04,2027-08-29,49.8,Delayed
PRJ-00182,Pumped Storage Hydel Scheme Chandigarh (Kerala) - Package 1 (PRJ-00182),Ministry of Power (MoP),Hydroelectric Power,SJVN,Kerala,2123.91,2508.98,2508.98,2020-12-07,2021-02-01,2024-12-12,2025-11-07,100.0,Completed
PRJ-00183,Crude Oil Pipeline Augmentation Shillong (Madhya Pradesh) - Package 2 (PRJ-00183),Ministry of Petroleum and Natural Gas (MoPNG),Petroleum & Natural Gas Pipelines,BPCL,Madhya Pradesh,5031.36,6968.76,1662.19,2025-06-20,2025-09-07,2031-01-09,2032-08-31,2.0,Delayed
PRJ-00184,Ring Road Construction Phase Shimla (Goa) - Phase-I (PRJ-00184),Ministry of Road Transport and Highways (MoRTH),Road Transport & Highways,State PWD,Goa,904.45,1185.77,295.7,2025-03-11,2025-04-25,2028-08-07,2029-10-01,4.5,Stalled
PRJ-00185,Economic Corridor Bypass near 73 (Guwahati-Karnataka) - Phase-II,Ministry of Road Transport and Highways (MoRTH),Road Transport & Highways,NHIDCL,Karnataka,363.85,496.2,110.29,2025-09-23,2026-02-17,2028-07-06,2030-04-27,2.0,Delayed
PRJ-00186,Ring Road Construction Phase Visakhapatnam (Chhattisgarh) - Phase-I (PRJ-00186),Ministry of Road Transport and Highways (MoRTH),Road Transport & Highways,State PWD,Chhattisgarh,342.36,417.92,417.92,2022-01-16,2022-03-04,2025-01-17,2025-12-13,100.0,Completed
PRJ-00187,Railway Line Doubling & Electrification 15 (Nagpur-Karnataka) - Phase-III,Ministry of Railways (MoR),Railways,RVNL,Karnataka,2358.68,3255.9,2110.07,2022-04-18,2022-06-23,2026-03-04,2028-04-22,50.5,Delayed
PRJ-00188,Specialized Equipment Foundry Expansion Jaipur (Arunachal Pradesh) - Package 2 (PRJ-00188),Ministry of Heavy Industries,Heavy Engineering & Equipment,Heavy Engineering Corp,Arunachal Pradesh,269.34,360.61,360.61,2020-12-15,2021-03-24,2024-08-05,2025-09-29,100.0,Completed
PRJ-00189,BharatNet Rural Optical Fibre Deployment Phase Bengaluru (Punjab) - Phase-II (PRJ-00189),Ministry of Communications,Telecommunications & Optical Fibre,BBNL,Punjab,260.36,260.36,66.64,2025-10-23,2026-01-05,2028-04-24,2028-04-24,27.2,On Track
PRJ-00190,City Gas Distribution (CGD) Steel Network Varanasi (Jharkhand) - Phase-III (PRJ-00190),Ministry of Petroleum and Natural Gas (MoPNG),Petroleum & Natural Gas Pipelines,IOCL,Jharkhand,960.14,1288.16,398.53,2024-05-20,2024-08-26,2028-03-08,2030-02-26,18.9,Delayed
PRJ-00191,Wind-Solar Hybrid Power Project Srinagar (Delhi) - Phase-I (PRJ-00191),Ministry of New and Renewable Energy (MNRE),Renewable Energy (Solar/Wind),NTPC Green,Delhi,1036.02,1036.02,1036.02,2022-11-05,2023-03-04,2026-04-17,2026-04-17,100.0,Completed
PRJ-00192,Pumped Storage Hydel Scheme Kochi (Andhra Pradesh) - Package 1 (PRJ-00192),Ministry of Power (MoP),Hydroelectric Power,NEEPCO,Andhra Pradesh,632.68,632.68,632.68,2020-11-26,2021-04-17,2024-04-01,2024-04-01,100.0,Completed
PRJ-00193,Run-of-River Hydro Project Visakhapatnam (Uttar Pradesh) - Stage-I (PRJ-00193),Ministry of Power (MoP),Hydroelectric Power,NHPC,Uttar Pradesh,592.45,735.97,105.89,2025-06-28,2025-08-05,2027-07-26,2029-01-16,2.0,Delayed
PRJ-00194,Petrochemical Complex Expansion Unit Bhopal (Tripura) - Package 2 (PRJ-00194),Ministry of Petroleum and Natural Gas (MoPNG),Oil Refineries & Petrochemicals,HPCL,Tripura,344.1,411.95,260.97,2023-06-22,2023-10-27,2026-11-10,2027-09-06,54.1,Delayed
PRJ-00195,6-Laning of Golden Quadrilateral Stretch Kochi (Jammu & Kashmir) - Stage-I (PRJ-00195),Ministry of Road Transport and Highways (MoRTH),Road Transport & Highways,MoRTH Direct,Jammu & Kashmir,1274.11,1274.11,1274.11,2021-11-10,2021-12-30,2024-04-18,2024-04-18,100.0,Completed
PRJ-00196,National Waterway-1 Modern Navigation Channel Mangaluru (Uttar Pradesh) - Package 1 (PRJ-00196),"Ministry of Ports, Shipping and Waterways (MoPSW)",Inland Waterways,IWAI,Uttar Pradesh,1029.71,1200.33,383.19,2025-02-23,2025-04-06,2027-08-24,2028-08-18,23.3,Delayed
PRJ-00197,Pellet Plant & Blast Furnace Expansion Mangaluru (Jammu & Kashmir) - Stage-II (PRJ-00197),Ministry of Steel (MoS),Steel & Metallurgy,SAIL,Jammu & Kashmir,1329.36,2007.01,1324.61,2020-07-23,2020-09-07,2023-09-22,2027-07-03,54.5,Delayed
PRJ-00198,6-Laning of Golden Quadrilateral Stretch Guwahati (Assam) - Stage-I (PRJ-00198),Ministry of Road Transport and Highways (MoRTH),Road Transport & Highways,State PWD,Assam,2925.57,3604.73,554.21,2025-03-03,2025-06-08,2029-06-17,2030-09-10,2.0,Delayed
PRJ-00199,Run-of-River Hydro Project Kochi (Goa) - Stage-I (PRJ-00199),Ministry of Power (MoP),Hydroelectric Power,SJVN,Goa,363.05,416.04,195.01,2023-04-03,2023-08-25,2026-09-08,2028-03-31,36.5,Delayed
PRJ-00200,Widening & Paving of NH-42 (Jaipur-Nagaland) - Phase-I,Ministry of Road Transport and Highways (MoRTH),Road Transport & Highways,NHIDCL,Nagaland,16990.27,20916.94,5178.7,2024-10-20,2025-02-19,2032-01-14,2032-08-11,2.0,Delayed
PRJ-00201,Ring Road Construction Phase Shimla (Gujarat) - Phase-II (PRJ-00201),Ministry of Road Transport and Highways (MoRTH),Road Transport & Highways,NHIDCL,Gujarat,475.13,611.09,151.38,2025-07-10,2025-10-30,2028-11-13,2030-08-05,2.0,Delayed
PRJ-00202,Super Thermal Power Project (STPP) Stage Ahmedabad (Telangana) - Phase-III (PRJ-00202),Ministry of Power (MoP),Thermal Power Generation,State Genco,Telangana,6175.45,6175.45,3936.49,2022-03-13,2022-07-31,2028-10-27,2028-10-27,67.7,On Track
PRJ-00203,Cross-Country Natural Gas Grid Pipeline Patna (Mizoram) - Phase-I (PRJ-00203),Ministry of Petroleum and Natural Gas (MoPNG),Petroleum & Natural Gas Pipelines,GAIL,Mizoram,4160.92,5293.07,2959.46,2023-09-10,2023-12-29,2028-04-06,2029-10-28,31.3,Delayed
PRJ-00204,Dedicated Freight Corridor (DFCC) Segment 37 (Lucknow-Uttarakhand) - Package 2,Ministry of Railways (MoR),Railways,DFCCIL,Uttarakhand,1097.18,1583.46,1061.86,2021-09-11,2021-11-30,2025-02-12,2028-02-27,53.5,Delayed
PRJ-00205,Opencast Coal Mining Project Expansion Shillong (Delhi) - Phase-I (PRJ-00205),Ministry of Coal (MoC),Coal Mining & Infrastructure,SCCL,Delhi,1433.24,1872.59,1872.59,2021-02-14,2021-03-30,2024-10-10,2025-11-04,100.0,Completed
PRJ-00206,Ring Road Construction Phase Ranchi (Tamil Nadu) - Package 2 (PRJ-00206),Ministry of Road Transport and Highways (MoRTH),Road Transport & Highways,NHIDCL,Tamil Nadu,699.84,762.54,130.44,2025-05-06,2025-07-22,2028-05-07,2028-12-03,2.5,Delayed
PRJ-00207,Green Energy Corridor Transmission System Phase 19 (Kochi-Jharkhand) - Package 2,Ministry of Power (MoP),Power Transmission & Distribution,State Transco,Jharkhand,479.36,711.65,390.39,2022-12-19,2023-04-08,2025-05-27,2028-07-10,40.4,Delayed
PRJ-00208,"Greenfield International Airport Phase at Srinagar, Mizoram (Package 2)",Ministry of Civil Aviation (MoCA),Civil Aviation & Airports,AAI,Mizoram,192.55,194.48,19.21,2025-12-04,2026-02-01,2029-07-15,2029-07-15,10.2,On Track
PRJ-00209,"765kV Super Grid Substation & Transmission Link at Guwahati, Ladakh (Phase-II)",Ministry of Power (MoP),Power Transmission & Distribution,State Transco,Ladakh,258.86,258.86,258.86,2020-09-26,2021-02-19,2024-04-04,2024-04-04,100.0,Completed
PRJ-00210,Underground Metro Link Varanasi (Madhya Pradesh) - Phase-II (PRJ-00210),Ministry of Housing and Urban Affairs (MoHUA),Urban Metro & Transit Systems,KMRL,Madhya Pradesh,1386.82,1386.82,1146.02,2024-01-13,2024-02-20,2027-03-06,2027-03-06,81.6,On Track
PRJ-00211,Expressway Corridor Phase-90 (Agartala-Karnataka) - Stage-I,Ministry of Road Transport and Highways (MoRTH),Road Transport & Highways,State PWD,Karnataka,690.35,690.35,690.35,2021-08-12,2021-11-25,2024-12-09,2024-12-09,100.0,Completed
PRJ-00212,Expressway Corridor Phase-99 (Bhopal-Nagaland) - Stage-I,Ministry of Road Transport and Highways (MoRTH),Road Transport & Highways,NHAI,Nagaland,253.31,253.31,253.31,2020-06-01,2020-10-06,2023-04-24,2023-04-24,100.0,Completed
PRJ-00213,High-Speed Rail Link Pune (Himachal Pradesh) - Package 1 (PRJ-00213),Ministry of Railways (MoR),Railways,RVNL,Himachal Pradesh,2085.25,2451.86,358.82,2025-06-15,2025-10-18,2029-01-30,2029-05-30,2.0,Stalled
PRJ-00214,Railway Line Doubling & Electrification 44 (Hyderabad-Madhya Pradesh) - Phase-III,Ministry of Railways (MoR),Railways,Zonal Railways,Madhya Pradesh,723.81,723.81,723.81,2022-07-23,2022-12-06,2025-09-21,2025-09-21,100.0,Completed
PRJ-00215,First Mile Connectivity Coal Conveyor Network Visakhapatnam (Meghalaya) - Phase-III (PRJ-00215),Ministry of Coal (MoC),Coal Mining & Infrastructure,Coal India (CIL),Meghalaya,896.89,896.89,896.89,2023-02-18,2023-05-04,2025-09-20,2025-09-20,100.0,Completed
PRJ-00216,First Mile Connectivity Coal Conveyor Network Shillong (Chhattisgarh) - Phase-II (PRJ-00216),Ministry of Coal (MoC),Coal Mining & Infrastructure,Coal India (CIL),Chhattisgarh,943.56,1301.63,844.24,2020-12-08,2021-02-21,2023-09-09,2026-05-26,56.4,Stalled
PRJ-00217,Cross-Country Natural Gas Grid Pipeline Bengaluru (Kerala) - Phase-I (PRJ-00217),Ministry of Petroleum and Natural Gas (MoPNG),Petroleum & Natural Gas Pipelines,GAIL,Kerala,910.92,910.92,910.92,2020-01-27,2020-06-04,2023-07-19,2023-07-19,100.0,Completed
PRJ-00218,Light Urban Rail Transit (Metrolite) Patna (Uttarakhand) - Stage-II (PRJ-00218),Ministry of Housing and Urban Affairs (MoHUA),Urban Metro & Transit Systems,DMRC,Uttarakhand,636.71,770.56,732.84,2021-02-28,2021-07-14,2024-06-28,2026-03-20,82.7,Delayed
PRJ-00219,BharatNet Rural Optical Fibre Deployment Phase Patna (Ladakh) - Phase-III (PRJ-00219),Ministry of Communications,Telecommunications & Optical Fibre,BSNL,Ladakh,319.31,397.76,397.76,2022-08-05,2022-09-08,2024-12-26,2025-09-22,100.0,Completed
PRJ-00220,High-Speed Rail Link Dehradun (Manipur) - Phase-II (PRJ-00220),Ministry of Railways (MoR),Railways,Zonal Railways,Manipur,467.08,467.08,112.91,2025-09-26,2025-10-28,2028-08-13,2028-08-13,24.7,On Track
PRJ-00221,6-Laning of Golden Quadrilateral Stretch Jaipur (West Bengal) - Phase-I (PRJ-00221),Ministry of Road Transport and Highways (MoRTH),Road Transport & Highways,State PWD,West Bengal,7192.12,10242.8,3302.6,2022-10-08,2022-11-10,2029-07-06,2031-02-26,20.3,Delayed
PRJ-00222,Dedicated Freight Corridor (DFCC) Segment 95 (Kolkata-Nagaland) - Phase-II,Ministry of Railways (MoR),Railways,KRCL,Nagaland,4116.88,5271.23,3942.84,2021-05-18,2021-09-29,2026-06-05,2028-01-26,54.6,Delayed
PRJ-00223,Opencast Coal Mining Project Expansion Imphal (Goa) - Phase-II (PRJ-00223),Ministry of Coal (MoC),Coal Mining & Infrastructure,NLCIL,Goa,1077.93,1077.93,1077.93,2021-10-11,2022-02-21,2024-12-07,2024-12-07,100.0,Completed
PRJ-00224,Ultra Supercritical Power Plant Expansion Unit Kolkata (Sikkim) - Phase-I (PRJ-00224),Ministry of Power (MoP),Thermal Power Generation,State Genco,Sikkim,588.32,670.16,670.16,2020-01-08,2020-04-24,2022-12-10,2023-10-06,100.0,Completed
PRJ-00225,High-Speed Rail Link Hyderabad (Jammu & Kashmir) - Stage-I (PRJ-00225),Ministry of Railways (MoR),Railways,RVNL,Jammu & Kashmir,840.55,983.99,983.99,2021-02-28,2021-06-05,2023-12-22,2025-06-14,100.0,Completed
PRJ-00226,Crude Oil Pipeline Augmentation Dehradun (Jharkhand) - Stage-I (PRJ-00226),Ministry of Petroleum and Natural Gas (MoPNG),Petroleum & Natural Gas Pipelines,HPCL,Jharkhand,224.21,224.21,224.21,2022-03-23,2022-07-02,2025-03-18,2025-03-18,100.0,Completed
PRJ-00227,Dedicated Freight Corridor (DFCC) Segment 84 (Jammu-Meghalaya) - Stage-I,Ministry of Railways (MoR),Railways,IRCON,Meghalaya,1578.67,2095.86,1074.75,2023-10-02,2023-11-24,2028-01-02,2029-01-26,27.0,Delayed
PRJ-00228,Widening & Paving of NH-41 (Bhubaneswar-Assam) - Phase-I,Ministry of Road Transport and Highways (MoRTH),Road Transport & Highways,MoRTH Direct,Assam,373.68,377.42,377.42,2022-06-06,2022-09-25,2025-08-10,2025-08-10,100.0,Completed
PRJ-00229,Hydroelectric Project (HEP) Jaipur (Ladakh) - Stage-I (PRJ-00229),Ministry of Power (MoP),Hydroelectric Power,NHPC,Ladakh,738.54,935.11,935.11,2020-01-13,2020-04-08,2022-09-25,2023-06-22,100.0,Completed
PRJ-00230,Metro Rail Phase-2 Corridor 13 (Ahmedabad-Kerala) - Phase-III,Ministry of Housing and Urban Affairs (MoHUA),Urban Metro & Transit Systems,Maha-Metro,Kerala,350.03,481.82,316.63,2022-05-04,2022-06-12,2024-11-28,2027-06-16,56.2,Delayed
PRJ-00231,24x7 Urban Surface Water Supply Project Kochi (Jammu & Kashmir) - Package 2 (PRJ-00231),Ministry of Housing and Urban Affairs (MoHUA),Urban Infrastructure & Water Supply,Smart City SPVs,Jammu & Kashmir,920.39,1253.02,786.56,2023-03-02,2023-04-13,2026-02-26,2028-01-17,50.3,Delayed
PRJ-00232,Dedicated Freight Corridor (DFCC) Segment 84 (Bengaluru-Nagaland) - Package 1,Ministry of Railways (MoR),Railways,DFCCIL,Nagaland,238.25,250.16,139.66,2024-08-05,2024-09-10,2027-06-27,2028-01-23,32.2,Delayed
PRJ-00233,Super Thermal Power Project (STPP) Stage Nagpur (Arunachal Pradesh) - Phase-II (PRJ-00233),Ministry of Power (MoP),Thermal Power Generation,NTPC,Arunachal Pradesh,877.79,877.79,331.41,2025-05-03,2025-08-01,2028-06-16,2028-06-16,37.5,On Track
PRJ-00234,Underground Metro Link Guwahati (Maharashtra) - Phase-III (PRJ-00234),Ministry of Housing and Urban Affairs (MoHUA),Urban Metro & Transit Systems,UPMRC,Maharashtra,633.33,800.99,385.95,2023-06-06,2023-09-01,2026-02-17,2028-05-07,34.3,Delayed
PRJ-00235,Floating Solar PV Power Facility Mangaluru (Odisha) - Phase-I (PRJ-00235),Ministry of New and Renewable Energy (MNRE),Renewable Energy (Solar/Wind),NTPC Green,Odisha,601.1,601.1,601.1,2020-11-12,2021-03-25,2024-06-07,2024-06-07,100.0,Completed
PRJ-00236,Economic Corridor Bypass near 15 (Ahmedabad-Sikkim) - Stage-II,Ministry of Road Transport and Highways (MoRTH),Road Transport & Highways,MoRTH Direct,Sikkim,1271.21,1556.75,262.91,2024-10-17,2025-02-26,2029-04-06,2030-05-01,6.4,Delayed
PRJ-00237,Railway Line Doubling & Electrification 16 (Agartala-Manipur) - Phase-II,Ministry of Railways (MoR),Railways,IRCON,Manipur,307.12,384.47,252.97,2023-02-22,2023-05-18,2026-03-03,2027-06-26,56.0,Delayed
PRJ-00238,Crude Oil Pipeline Augmentation Bhopal (West Bengal) - Package 2 (PRJ-00238),Ministry of Petroleum and Natural Gas (MoPNG),Petroleum & Natural Gas Pipelines,GAIL,West Bengal,225.72,227.98,227.98,2022-05-17,2022-08-13,2025-05-29,2025-05-29,100.0,Completed
PRJ-00239,Cross-Country Natural Gas Grid Pipeline Srinagar (Karnataka) - Stage-II (PRJ-00239),Ministry of Petroleum and Natural Gas (MoPNG),Petroleum & Natural Gas Pipelines,GAIL,Karnataka,312.27,312.27,312.27,2022-09-12,2023-02-01,2025-08-19,2025-08-19,100.0,Completed
PRJ-00240,Widening & Paving of NH-17 (Bhubaneswar-West Bengal) - Phase-II,Ministry of Road Transport and Highways (MoRTH),Road Transport & Highways,NHAI,West Bengal,3578.23,4347.67,480.81,2025-08-09,2025-12-31,2030-03-10,2031-03-05,2.0,Delayed
PRJ-00241,Super Thermal Power Project (STPP) Stage Bengaluru (Madhya Pradesh) - Phase-II (PRJ-00241),Ministry of Power (MoP),Thermal Power Generation,State Genco,Madhya Pradesh,626.89,626.89,626.89,2022-12-15,2023-04-23,2025-06-11,2025-06-11,100.0,Completed
PRJ-00242,Petrochemical Complex Expansion Unit Agartala (Gujarat) - Phase-I (PRJ-00242),Ministry of Petroleum and Natural Gas (MoPNG),Oil Refineries & Petrochemicals,IOCL,Gujarat,1964.71,2609.7,1838.58,2022-12-17,2023-03-08,2025-08-24,2027-11-12,56.2,Delayed
PRJ-00243,Dedicated Freight Corridor (DFCC) Segment 36 (Visakhapatnam-Himachal Pradesh) - Phase-III,Ministry of Railways (MoR),Railways,IRCON,Himachal Pradesh,2124.97,2784.15,1454.06,2022-06-27,2022-09-24,2026-07-05,2028-06-24,43.9,Delayed
PRJ-00244,Tripling and 4th Line Quadrupling 81 (Kolkata-Kerala) - Package 2,Ministry of Railways (MoR),Railways,KRCL,Kerala,699.09,699.09,699.09,2022-06-06,2022-10-21,2025-05-08,2025-05-08,100.0,Completed
PRJ-00245,"765kV Super Grid Substation & Transmission Link at Raipur, Nagaland (Phase-III)",Ministry of Power (MoP),Power Transmission & Distribution,REC Power,Nagaland,1173.5,1173.5,414.1,2025-07-17,2025-08-18,2028-04-04,2028-04-04,36.2,On Track
PRJ-00246,"765kV Super Grid Substation & Transmission Link at Nagpur, Jharkhand (Phase-III)",Ministry of Power (MoP),Power Transmission & Distribution,REC Power,Jharkhand,329.04,329.04,243.88,2024-05-23,2024-09-20,2027-04-08,2027-04-08,76.6,On Track
PRJ-00247,High-Speed Rail Link Nagpur (Arunachal Pradesh) - Stage-I (PRJ-00247),Ministry of Railways (MoR),Railways,KRCL,Arunachal Pradesh,407.44,453.01,404.79,2022-09-21,2023-01-05,2025-04-24,2025-08-22,77.7,Stalled
PRJ-00248,Railway Line Doubling & Electrification 87 (Indore-Assam) - Phase-I,Ministry of Railways (MoR),Railways,IRCON,Assam,2237.86,2691.47,1133.35,2023-11-11,2024-03-07,2028-02-15,2029-01-10,22.9,Delayed
PRJ-00249,BharatNet Rural Optical Fibre Deployment Phase Jammu (West Bengal) - Package 2 (PRJ-00249),Ministry of Communications,Telecommunications & Optical Fibre,BBNL,West Bengal,1982.59,2649.78,495.71,2025-10-27,2025-12-20,2029-12-29,2032-12-13,2.0,Delayed
PRJ-00250,Opencast Coal Mining Project Expansion Shillong (Sikkim) - Stage-II (PRJ-00250),Ministry of Coal (MoC),Coal Mining & Infrastructure,SCCL,Sikkim,862.62,1041.92,166.13,2025-09-06,2025-11-12,2028-07-29,2029-12-21,2.0,Stalled
PRJ-00251,Metro Rail Phase-2 Corridor 56 (Bhubaneswar-Haryana) - Phase-II,Ministry of Housing and Urban Affairs (MoHUA),Urban Metro & Transit Systems,UPMRC,Haryana,2925.79,3818.02,2497.21,2021-12-28,2022-03-07,2025-10-17,2027-07-09,52.9,Delayed
PRJ-00252,Ring Road Construction Phase Patna (Tamil Nadu) - Phase-I (PRJ-00252),Ministry of Road Transport and Highways (MoRTH),Road Transport & Highways,NHAI,Tamil Nadu,455.32,508.52,130.97,2025-07-17,2025-09-23,2028-11-06,2029-08-03,7.3,Delayed
PRJ-00253,24x7 Urban Surface Water Supply Project Visakhapatnam (Haryana) - Phase-III (PRJ-00253),Ministry of Housing and Urban Affairs (MoHUA),Urban Infrastructure & Water Supply,Smart City SPVs,Haryana,532.72,532.72,244.69,2025-03-25,2025-05-04,2028-03-19,2028-03-19,49.7,On Track
PRJ-00254,Atomic Power Station Units 7 & 8 Srinagar (Karnataka) - Package 1 (PRJ-00254),Department of Atomic Energy (DAE),Atomic Energy & Nuclear Plants,BHAVINI,Karnataka,477.71,603.88,603.88,2020-03-20,2020-06-13,2023-06-28,2024-10-20,100.0,Completed
PRJ-00255,Underground Metro Link Nagpur (Madhya Pradesh) - Phase-II (PRJ-00255),Ministry of Housing and Urban Affairs (MoHUA),Urban Metro & Transit Systems,DMRC,Madhya Pradesh,1352.46,1576.49,303.11,2025-06-10,2025-07-26,2029-03-07,2030-03-02,4.9,Delayed
PRJ-00256,High-Speed Rail Link Jammu (Kerala) - Package 2 (PRJ-00256),Ministry of Railways (MoR),Railways,DFCCIL,Kerala,6535.77,8162.32,1212.95,2024-06-14,2024-11-04,2030-06-06,2031-07-01,2.0,Stalled
PRJ-00257,24x7 Urban Surface Water Supply Project Pune (Nagaland) - Phase-II (PRJ-00257),Ministry of Housing and Urban Affairs (MoHUA),Urban Infrastructure & Water Supply,NBCC,Nagaland,703.45,928.86,223.85,2025-01-19,2025-04-23,2028-04-07,2029-05-02,2.9,Delayed
PRJ-00258,Petrochemical Complex Expansion Unit Varanasi (Telangana) - Stage-I (PRJ-00258),Ministry of Petroleum and Natural Gas (MoPNG),Oil Refineries & Petrochemicals,MRPL,Telangana,961.69,1193.38,850.88,2020-11-27,2020-12-29,2023-05-18,2025-01-07,62.0,Delayed
PRJ-00259,Run-of-River Hydro Project Kochi (Sikkim) - Phase-I (PRJ-00259),Ministry of Power (MoP),Hydroelectric Power,NHPC,Sikkim,1295.83,2053.28,402.55,2025-09-09,2025-12-27,2029-06-09,2033-07-18,2.0,Stalled
PRJ-00260,Opencast Coal Mining Project Expansion Agartala (Arunachal Pradesh) - Package 1 (PRJ-00260),Ministry of Coal (MoC),Coal Mining & Infrastructure,NLCIL,Arunachal Pradesh,1104.81,1357.46,1357.46,2021-10-07,2022-02-13,2025-06-27,2026-04-23,100.0,Completed
PRJ-00261,4-Laning of NH-22 (Nagpur-Nagaland) - Stage-I,Ministry of Road Transport and Highways (MoRTH),Road Transport & Highways,State PWD,Nagaland,1804.58,2437.32,2268.22,2020-10-22,2021-01-23,2024-02-07,2026-09-24,72.6,Delayed
PRJ-00262,Crude Oil Pipeline Augmentation Jaipur (Sikkim) - Phase-I (PRJ-00262),Ministry of Petroleum and Natural Gas (MoPNG),Petroleum & Natural Gas Pipelines,HPCL,Sikkim,527.62,527.62,527.62,2020-03-28,2020-05-02,2022-07-21,2022-07-21,100.0,Completed
PRJ-00263,Multi-Modal Transit Hub & Metro Station Visakhapatnam (Ladakh) - Phase-III (PRJ-00263),Ministry of Housing and Urban Affairs (MoHUA),Urban Metro & Transit Systems,BMRCL,Ladakh,723.97,891.13,215.28,2025-02-12,2025-06-26,2028-04-11,2029-01-06,10.6,Stalled
PRJ-00264,Widening & Paving of NH-32 (Kochi-Jharkhand) - Stage-II,Ministry of Road Transport and Highways (MoRTH),Road Transport & Highways,MoRTH Direct,Jharkhand,1622.36,2284.32,1924.68,2020-03-23,2020-07-23,2023-09-06,2026-11-19,69.6,Delayed
PRJ-00265,New Broad Gauge Railway Line between 14 (Guwahati-Telangana) - Package 2,Ministry of Railways (MoR),Railways,IRCON,Telangana,274.19,274.19,30.49,2025-12-05,2026-03-06,2029-04-19,2029-04-19,11.3,On Track
PRJ-00266,Widening & Paving of NH-84 (Mangaluru-Jammu & Kashmir) - Package 2,Ministry of Road Transport and Highways (MoRTH),Road Transport & Highways,State PWD,Jammu & Kashmir,11242.44,18930.32,2761.36,2025-10-08,2026-01-31,2032-12-25,2036-08-06,2.0,Delayed
PRJ-00267,Coastal Berth Scheme & Dredging Project Raipur (Ladakh) - Stage-I (PRJ-00267),"Ministry of Ports, Shipping and Waterways (MoPSW)",Ports & Maritime Infrastructure,V.O.C. Port,Ladakh,2054.71,2685.41,1619.48,2023-03-27,2023-08-09,2026-10-22,2028-01-15,38.9,Delayed
PRJ-00268,Super Thermal Power Project (STPP) Stage Kolkata (Punjab) - Stage-II (PRJ-00268),Ministry of Power (MoP),Thermal Power Generation,DVC,Punjab,475.65,480.41,480.41,2023-06-08,2023-08-19,2025-11-06,2025-11-06,100.0,Completed
PRJ-00269,Tripling and 4th Line Quadrupling 26 (Surat-Punjab) - Phase-III,Ministry of Railways (MoR),Railways,RVNL,Punjab,687.52,909.46,534.43,2023-12-21,2024-01-22,2026-07-10,2027-09-03,34.9,Delayed
PRJ-00270,Refinery Modernization & BS-VI / Clean Fuel Upgrade Patna (Maharashtra) - Phase-III (PRJ-00270),Ministry of Petroleum and Natural Gas (MoPNG),Oil Refineries & Petrochemicals,MRPL,Maharashtra,1481.28,1481.28,1481.28,2022-01-27,2022-03-26,2026-04-04,2026-04-04,100.0,Completed
PRJ-00271,Elevated Metro Rail Extension Nagpur (Nagaland) - Phase-III (PRJ-00271),Ministry of Housing and Urban Affairs (MoHUA),Urban Metro & Transit Systems,UPMRC,Nagaland,353.49,443.95,66.75,2025-05-18,2025-08-22,2028-03-09,2028-11-04,3.9,Stalled
PRJ-00272,Railway Line Doubling & Electrification 26 (Shimla-Mizoram) - Phase-II,Ministry of Railways (MoR),Railways,RVNL,Mizoram,228.96,277.95,216.14,2023-04-15,2023-08-28,2026-04-14,2026-08-12,66.6,Delayed
PRJ-00273,Multi-Modal Transit Hub & Metro Station Raipur (Kerala) - Package 2 (PRJ-00273),Ministry of Housing and Urban Affairs (MoHUA),Urban Metro & Transit Systems,CMRL,Kerala,686.76,799.62,799.62,2021-08-01,2021-11-06,2024-02-24,2024-06-23,100.0,Completed
PRJ-00274,Run-of-River Hydro Project Guwahati (Arunachal Pradesh) - Package 2 (PRJ-00274),Ministry of Power (MoP),Hydroelectric Power,SJVN,Arunachal Pradesh,588.65,723.62,329.05,2024-06-17,2024-11-06,2028-04-19,2029-03-15,24.7,Delayed
PRJ-00275,Petrochemical Complex Expansion Unit Visakhapatnam (Sikkim) - Phase-II (PRJ-00275),Ministry of Petroleum and Natural Gas (MoPNG),Oil Refineries & Petrochemicals,HPCL,Sikkim,348.81,348.81,306.6,2023-10-23,2024-03-14,2026-09-30,2026-09-30,92.9,On Track
PRJ-00276,New Broad Gauge Railway Line between 27 (Lucknow-Rajasthan) - Stage-I,Ministry of Railways (MoR),Railways,KRCL,Rajasthan,668.47,855.51,95.06,2025-11-06,2026-02-08,2029-01-23,2031-03-14,2.0,Delayed
PRJ-00277,Ultra Supercritical Power Plant Expansion Unit Raipur (Karnataka) - Stage-I (PRJ-00277),Ministry of Power (MoP),Thermal Power Generation,State Genco,Karnataka,196.22,196.22,35.47,2025-09-10,2026-01-30,2028-12-15,2028-12-15,19.6,On Track
PRJ-00278,First Mile Connectivity Coal Conveyor Network Patna (Himachal Pradesh) - Stage-II (PRJ-00278),Ministry of Coal (MoC),Coal Mining & Infrastructure,SCCL,Himachal Pradesh,638.11,817.69,598.06,2021-05-22,2021-07-23,2024-05-08,2026-01-28,63.6,Delayed
PRJ-00279,Pellet Plant & Blast Furnace Expansion Bhopal (Andhra Pradesh) - Phase-II (PRJ-00279),Ministry of Steel (MoS),Steel & Metallurgy,NMDC,Andhra Pradesh,492.27,492.27,293.72,2024-12-10,2025-04-07,2027-06-26,2027-06-26,61.1,On Track
PRJ-00280,"765kV Super Grid Substation & Transmission Link at Jaipur, Uttar Pradesh (Package 2)",Ministry of Power (MoP),Power Transmission & Distribution,PGCIL,Uttar Pradesh,876.32,876.32,776.04,2023-04-21,2023-08-19,2026-09-02,2026-09-02,94.7,On Track
PRJ-00281,Widening & Paving of NH-26 (Kolkata-Meghalaya) - Package 2,Ministry of Road Transport and Highways (MoRTH),Road Transport & Highways,NHAI,Meghalaya,620.22,711.42,525.65,2023-01-14,2023-03-20,2026-04-03,2027-02-27,53.6,Delayed
PRJ-00282,Ring Road Construction Phase Bhubaneswar (Assam) - Phase-I (PRJ-00282),Ministry of Road Transport and Highways (MoRTH),Road Transport & Highways,NHAI,Assam,861.84,1192.5,310.97,2025-10-27,2026-02-18,2029-03-04,2032-07-16,2.0,Delayed
PRJ-00283,National Waterway-1 Modern Navigation Channel Kolkata (Delhi) - Stage-II (PRJ-00283),"Ministry of Ports, Shipping and Waterways (MoPSW)",Inland Waterways,IWAI,Delhi,176.75,178.52,161.39,2024-03-14,2024-06-21,2026-10-09,2026-10-09,95.0,On Track
PRJ-00284,Petrochemical Complex Expansion Unit Srinagar (Chhattisgarh) - Phase-I (PRJ-00284),Ministry of Petroleum and Natural Gas (MoPNG),Oil Refineries & Petrochemicals,MRPL,Chhattisgarh,454.35,454.35,174.23,2025-06-15,2025-08-14,2028-04-30,2028-04-30,39.7,On Track
PRJ-00285,Ring Road Construction Phase Jaipur (West Bengal) - Stage-I (PRJ-00285),Ministry of Road Transport and Highways (MoRTH),Road Transport & Highways,NHAI,West Bengal,858.19,858.19,858.19,2022-01-17,2022-06-01,2025-01-16,2025-01-16,100.0,Completed
PRJ-00286,High-Speed Rail Link Srinagar (Delhi) - Package 2 (PRJ-00286),Ministry of Railways (MoR),Railways,IRCON,Delhi,1440.42,1440.42,1440.42,2020-11-03,2020-12-29,2024-01-13,2024-01-13,100.0,Completed
PRJ-00287,24x7 Urban Surface Water Supply Project Ahmedabad (Chhattisgarh) - Phase-I (PRJ-00287),Ministry of Housing and Urban Affairs (MoHUA),Urban Infrastructure & Water Supply,Smart City SPVs,Chhattisgarh,383.07,471.36,292.83,2023-12-11,2024-01-14,2026-02-02,2027-05-28,41.0,Delayed
PRJ-00288,Economic Corridor Bypass near 62 (Guwahati-Bihar) - Stage-I,Ministry of Road Transport and Highways (MoRTH),Road Transport & Highways,State PWD,Bihar,269.16,317.92,300.64,2023-06-01,2023-08-19,2026-03-06,2026-12-01,75.4,Delayed
PRJ-00289,"Deep Water Container Terminal Berth at Indore, Ladakh (Phase-III)","Ministry of Ports, Shipping and Waterways (MoPSW)",Ports & Maritime Infrastructure,JNPA,Ladakh,22451.7,28238.75,6630.04,2025-05-20,2025-06-30,2032-05-24,2033-04-19,2.0,Delayed
PRJ-00290,Super Thermal Power Project (STPP) Stage Pune (Maharashtra) - Stage-I (PRJ-00290),Ministry of Power (MoP),Thermal Power Generation,NTPC,Maharashtra,286.71,370.45,216.83,2023-09-10,2023-12-30,2027-01-13,2028-10-04,38.7,Delayed
PRJ-00291,24x7 Urban Surface Water Supply Project Shillong (Maharashtra) - Phase-I (PRJ-00291),Ministry of Housing and Urban Affairs (MoHUA),Urban Infrastructure & Water Supply,NBCC,Maharashtra,1849.43,2211.76,2211.76,2020-01-19,2020-05-04,2024-02-13,2025-02-07,100.0,Completed
PRJ-00292,Ring Road Construction Phase Pune (Meghalaya) - Stage-II (PRJ-00292),Ministry of Road Transport and Highways (MoRTH),Road Transport & Highways,NHIDCL,Meghalaya,576.66,827.94,789.86,2022-04-04,2022-05-27,2025-04-11,2027-04-01,72.4,Delayed
PRJ-00293,Elevated Metro Rail Extension Ahmedabad (Madhya Pradesh) - Phase-I (PRJ-00293),Ministry of Housing and Urban Affairs (MoHUA),Urban Metro & Transit Systems,BMRCL,Madhya Pradesh,355.56,355.56,355.56,2021-12-19,2022-03-21,2025-01-04,2025-01-04,100.0,Completed
PRJ-00294,New Broad Gauge Railway Line between 85 (Raipur-Telangana) - Stage-I,Ministry of Railways (MoR),Railways,DFCCIL,Telangana,819.41,819.41,819.41,2021-10-19,2022-01-03,2024-06-21,2024-06-21,100.0,Completed
PRJ-00295,Air Cargo Logistics Complex at Raipur (Assam) - Phase-III (PRJ-00295),Ministry of Civil Aviation (MoCA),Civil Aviation & Airports,PPP Airport SPV,Assam,1215.43,1215.43,1215.43,2023-08-15,2023-10-29,2026-06-15,2026-06-15,100.0,Completed
PRJ-00296,Ring Road Construction Phase Nagpur (Haryana) - Stage-I (PRJ-00296),Ministry of Road Transport and Highways (MoRTH),Road Transport & Highways,NHAI,Haryana,652.31,652.31,652.31,2020-10-19,2021-01-08,2024-04-22,2024-04-22,100.0,Completed
PRJ-00297,Pellet Plant & Blast Furnace Expansion Srinagar (Haryana) - Phase-II (PRJ-00297),Ministry of Steel (MoS),Steel & Metallurgy,SAIL,Haryana,11631.82,15904.53,2663.05,2023-09-17,2023-10-28,2030-09-21,2032-07-12,3.4,Delayed
PRJ-00298,Hydroelectric Project (HEP) Indore (Odisha) - Package 1 (PRJ-00298),Ministry of Power (MoP),Hydroelectric Power,SJVN,Odisha,2983.75,4337.83,2939.05,2021-03-19,2021-06-29,2025-07-08,2028-02-23,56.8,Delayed
PRJ-00299,Pellet Plant & Blast Furnace Expansion Jaipur (Uttarakhand) - Phase-II (PRJ-00299),Ministry of Steel (MoS),Steel & Metallurgy,SAIL,Uttarakhand,798.62,798.62,798.62,2020-11-07,2021-02-11,2023-09-29,2023-09-29,100.0,Completed
PRJ-00300,High-Speed Rail Link Bhopal (Karnataka) - Phase-II (PRJ-00300),Ministry of Railways (MoR),Railways,DFCCIL,Karnataka,573.36,649.56,267.7,2023-11-13,2024-01-28,2027-06-11,2028-07-05,25.2,Delayed
PRJ-00301,Wind-Solar Hybrid Power Project Shillong (Chhattisgarh) - Package 1 (PRJ-00301),Ministry of New and Renewable Energy (MNRE),Renewable Energy (Solar/Wind),SJVN Green,Chhattisgarh,2762.96,2762.96,2016.55,2023-10-01,2024-01-03,2027-07-16,2027-07-16,73.9,On Track
PRJ-00302,Dedicated Freight Corridor (DFCC) Segment 40 (Mangaluru-Telangana) - Stage-I,Ministry of Railways (MoR),Railways,DFCCIL,Telangana,548.98,685.38,351.93,2023-06-24,2023-08-07,2026-05-23,2027-11-14,38.6,Delayed
PRJ-00303,City Gas Distribution (CGD) Steel Network Hyderabad (Himachal Pradesh) - Package 2 (PRJ-00303),Ministry of Petroleum and Natural Gas (MoPNG),Petroleum & Natural Gas Pipelines,IOCL,Himachal Pradesh,914.34,1045.4,1045.4,2021-03-21,2021-06-24,2025-03-05,2025-10-31,100.0,Completed
PRJ-00304,High-Speed Rail Link Visakhapatnam (Manipur) - Package 1 (PRJ-00304),Ministry of Railways (MoR),Railways,RVNL,Manipur,1320.63,1718.6,837.39,2023-03-08,2023-07-22,2026-10-04,2028-04-26,36.3,Delayed
PRJ-00305,4G/5G Saturation Network Infrastructure Raipur (Uttar Pradesh) - Package 1 (PRJ-00305),Ministry of Communications,Telecommunications & Optical Fibre,BSNL,Uttar Pradesh,1543.86,1811.76,349.54,2024-10-03,2024-12-01,2028-12-10,2030-02-03,2.0,Stalled
PRJ-00306,Railway Line Doubling & Electrification 89 (Bengaluru-Telangana) - Package 1,Ministry of Railways (MoR),Railways,IRCON,Telangana,519.13,666.27,224.98,2024-01-26,2024-05-03,2027-01-18,2028-08-10,20.8,Delayed
PRJ-00307,Strategic Mineral Beneficiation Facility Kochi (Gujarat) - Stage-II (PRJ-00307),Ministry of Mines,Mining & Mineral Processing,MECL,Gujarat,1649.21,2060.13,2060.13,2020-12-17,2021-03-11,2024-10-21,2025-06-18,100.0,Completed
PRJ-00308,Railway Line Doubling & Electrification 21 (Surat-Mizoram) - Stage-II,Ministry of Railways (MoR),Railways,IRCON,Mizoram,1146.27,1379.01,880.1,2022-10-18,2023-01-08,2026-10-19,2027-11-13,50.7,Delayed
PRJ-00309,City Gas Distribution (CGD) Steel Network Patna (Andhra Pradesh) - Stage-II (PRJ-00309),Ministry of Petroleum and Natural Gas (MoPNG),Petroleum & Natural Gas Pipelines,HPCL,Andhra Pradesh,358.71,516.05,422.35,2022-07-12,2022-08-24,2024-11-11,2027-01-30,72.5,Delayed
PRJ-00310,Economic Corridor Bypass near 82 (Patna-Odisha) - Package 2,Ministry of Road Transport and Highways (MoRTH),Road Transport & Highways,MoRTH Direct,Odisha,868.42,868.42,723.97,2023-03-12,2023-06-21,2026-11-02,2026-11-02,89.7,On Track
PRJ-00311,BharatNet Rural Optical Fibre Deployment Phase Visakhapatnam (Nagaland) - Phase-I (PRJ-00311),Ministry of Communications,Telecommunications & Optical Fibre,TCIL,Nagaland,1014.55,1346.51,1082.43,2021-09-13,2022-01-21,2025-06-04,2027-02-24,67.0,Delayed
PRJ-00312,Tripling and 4th Line Quadrupling 66 (Hyderabad-Chhattisgarh) - Package 2,Ministry of Railways (MoR),Railways,RVNL,Chhattisgarh,12938.32,20861.42,11945.01,2020-02-09,2020-04-07,2027-03-02,2029-11-16,39.2,Delayed
PRJ-00313,Opencast Coal Mining Project Expansion Shimla (Delhi) - Stage-II (PRJ-00313),Ministry of Coal (MoC),Coal Mining & Infrastructure,SCCL,Delhi,345.52,392.72,392.72,2021-11-16,2022-02-10,2024-09-27,2025-01-25,100.0,Completed
PRJ-00314,City Gas Distribution (CGD) Steel Network Pune (Ladakh) - Phase-I (PRJ-00314),Ministry of Petroleum and Natural Gas (MoPNG),Petroleum & Natural Gas Pipelines,GAIL,Ladakh,197.32,282.85,282.85,2021-02-09,2021-06-18,2024-01-04,2025-10-25,100.0,Completed
PRJ-00315,Expressway Corridor Phase-88 (Imphal-Delhi) - Phase-II,Ministry of Road Transport and Highways (MoRTH),Road Transport & Highways,State PWD,Delhi,898.26,1037.3,733.63,2021-08-13,2021-11-24,2024-07-11,2025-01-07,61.5,Delayed
PRJ-00316,Refinery Modernization & BS-VI / Clean Fuel Upgrade Agartala (Chhattisgarh) - Stage-I (PRJ-00316),Ministry of Petroleum and Natural Gas (MoPNG),Oil Refineries & Petrochemicals,MRPL,Chhattisgarh,218.4,218.4,218.4,2023-07-19,2023-10-18,2025-12-06,2025-12-06,100.0,Completed
PRJ-00317,"765kV Super Grid Substation & Transmission Link at Agartala, Andhra Pradesh (Stage-I)",Ministry of Power (MoP),Power Transmission & Distribution,State Transco,Andhra Pradesh,468.51,468.51,186.98,2025-04-26,2025-07-05,2028-01-21,2028-01-21,39.9,On Track
PRJ-00318,Ultra Supercritical Power Plant Expansion Unit Raipur (West Bengal) - Phase-I (PRJ-00318),Ministry of Power (MoP),Thermal Power Generation,NTPC,West Bengal,234.55,298.41,123.95,2024-03-16,2024-05-25,2027-01-10,2028-03-05,31.6,Delayed
PRJ-00319,Railway Line Doubling & Electrification 44 (Jammu-Nagaland) - Stage-II,Ministry of Railways (MoR),Railways,IRCON,Nagaland,2322.44,2781.11,2781.11,2021-04-07,2021-08-21,2025-05-02,2026-07-26,100.0,Completed
PRJ-00320,New Broad Gauge Railway Line between 84 (Shimla-Ladakh) - Package 1,Ministry of Railways (MoR),Railways,Zonal Railways,Ladakh,275.83,275.83,275.83,2022-08-06,2022-12-11,2025-10-26,2025-10-26,100.0,Completed
PRJ-00321,Integrated Steel Plant Modernization Phase Guwahati (Ladakh) - Package 1 (PRJ-00321),Ministry of Steel (MoS),Steel & Metallurgy,NMDC,Ladakh,694.78,928.71,829.85,2020-12-17,2021-03-15,2023-05-04,2025-06-22,77.7,Delayed
PRJ-00322,Expressway Corridor Phase-34 (Shimla-Tamil Nadu) - Phase-III,Ministry of Road Transport and Highways (MoRTH),Road Transport & Highways,State PWD,Tamil Nadu,488.24,556.27,556.27,2023-07-07,2023-09-28,2026-02-14,2026-06-14,100.0,Completed
PRJ-00323,Underground Metro Link Agartala (Mizoram) - Package 2 (PRJ-00323),Ministry of Housing and Urban Affairs (MoHUA),Urban Metro & Transit Systems,UPMRC,Mizoram,374.55,436.94,242.38,2023-07-07,2023-08-24,2026-07-09,2027-09-02,47.3,Delayed
PRJ-00324,Crude Oil Pipeline Augmentation Surat (Jharkhand) - Phase-III (PRJ-00324),Ministry of Petroleum and Natural Gas (MoPNG),Petroleum & Natural Gas Pipelines,BPCL,Jharkhand,3290.15,4376.9,487.13,2024-10-02,2024-12-21,2029-03-30,2031-03-20,2.0,Stalled
PRJ-00325,Pumped Storage Hydel Scheme Jammu (Kerala) - Phase-III (PRJ-00325),Ministry of Power (MoP),Hydroelectric Power,NHPC,Kerala,1139.95,1330.41,904.21,2022-06-18,2022-09-27,2025-02-13,2025-12-10,59.1,Stalled
PRJ-00326,Pumped Storage Hydel Scheme Lucknow (Odisha) - Phase-III (PRJ-00326),Ministry of Power (MoP),Hydroelectric Power,SJVN,Odisha,886.66,1074.86,230.45,2025-09-16,2026-01-23,2029-07-06,2030-03-03,2.0,Delayed
PRJ-00327,New Broad Gauge Railway Line between 91 (Agartala-Andhra Pradesh) - Package 1,Ministry of Railways (MoR),Railways,IRCON,Andhra Pradesh,1836.08,1854.44,616.36,2024-10-13,2025-02-28,2029-01-08,2029-01-08,34.8,On Track
PRJ-00328,Integrated Smart City Sewerage Treatment Facility Guwahati (Andhra Pradesh) - Package 1 (PRJ-00328),Ministry of Housing and Urban Affairs (MoHUA),Urban Infrastructure & Water Supply,Smart City SPVs,Andhra Pradesh,1063.76,1063.76,1063.76,2022-12-19,2023-03-25,2026-05-08,2026-05-08,100.0,Completed
PRJ-00329,Bauxite / Iron Ore Mine Development & Processing Plant Guwahati (Meghalaya) - Phase-I (PRJ-00329),Ministry of Mines,Mining & Mineral Processing,NALCO,Meghalaya,239.91,293.24,293.24,2020-08-18,2020-09-23,2023-01-11,2023-05-11,100.0,Completed
PRJ-00330,First Mile Connectivity Coal Conveyor Network Lucknow (Uttar Pradesh) - Stage-I (PRJ-00330),Ministry of Coal (MoC),Coal Mining & Infrastructure,Coal India (CIL),Uttar Pradesh,374.65,431.27,418.59,2021-03-17,2021-08-01,2024-10-14,2025-11-08,84.4,Stalled
PRJ-00331,High-Speed Rail Link Visakhapatnam (Telangana) - Package 1 (PRJ-00331),Ministry of Railways (MoR),Railways,KRCL,Telangana,2961.12,3539.86,927.83,2024-11-21,2025-02-27,2029-10-04,2030-08-30,6.7,Delayed
PRJ-00332,Petrochemical Complex Expansion Unit Jaipur (Bihar) - Phase-III (PRJ-00332),Ministry of Petroleum and Natural Gas (MoPNG),Oil Refineries & Petrochemicals,HPCL,Bihar,321.09,321.09,321.09,2020-01-17,2020-05-30,2022-10-17,2022-10-17,100.0,Completed
PRJ-00333,Heavy Machinery Manufacturing Facility Upgrade Pune (Telangana) - Package 2 (PRJ-00333),Ministry of Heavy Industries,Heavy Engineering & Equipment,HMT,Telangana,5476.91,6602.09,4026.5,2022-04-14,2022-09-03,2027-12-06,2029-02-28,36.6,Delayed
PRJ-00334,Tripling and 4th Line Quadrupling 41 (Ahmedabad-Mizoram) - Stage-I,Ministry of Railways (MoR),Railways,IRCON,Mizoram,348.75,394.33,241.14,2024-10-26,2025-02-21,2027-08-10,2027-12-08,36.9,Delayed
PRJ-00335,New Broad Gauge Railway Line between 92 (Hyderabad-Meghalaya) - Phase-I,Ministry of Railways (MoR),Railways,RVNL,Meghalaya,1015.7,1087.64,603.86,2023-10-15,2023-12-18,2027-05-01,2027-09-28,44.9,Delayed
PRJ-00336,Green Energy Corridor Transmission System Phase 67 (Lucknow-Arunachal Pradesh) - Phase-II,Ministry of Power (MoP),Power Transmission & Distribution,PGCIL,Arunachal Pradesh,3902.19,5296.04,980.22,2025-01-08,2025-02-18,2029-10-25,2030-11-19,7.2,Delayed
PRJ-00337,4-Laning of NH-21 (Mangaluru-Kerala) - Phase-III,Ministry of Road Transport and Highways (MoRTH),Road Transport & Highways,State PWD,Kerala,316.07,403.82,403.82,2021-01-09,2021-05-18,2023-08-06,2024-11-28,100.0,Completed
PRJ-00338,Petrochemical Complex Expansion Unit Jammu (Nagaland) - Phase-II (PRJ-00338),Ministry of Petroleum and Natural Gas (MoPNG),Oil Refineries & Petrochemicals,CPCL,Nagaland,700.57,961.22,561.98,2023-12-25,2024-02-05,2026-06-24,2027-08-18,35.5,Delayed
PRJ-00339,City Gas Distribution (CGD) Steel Network Bhopal (Uttar Pradesh) - Phase-I (PRJ-00339),Ministry of Petroleum and Natural Gas (MoPNG),Petroleum & Natural Gas Pipelines,GAIL,Uttar Pradesh,5898.88,6886.0,3273.01,2022-08-21,2022-10-28,2028-11-25,2029-11-20,30.3,Delayed
PRJ-00340,6-Laning of Golden Quadrilateral Stretch Nagpur (Tripura) - Stage-II (PRJ-00340),Ministry of Road Transport and Highways (MoRTH),Road Transport & Highways,MoRTH Direct,Tripura,1041.12,1051.53,988.49,2022-10-04,2022-12-23,2026-09-03,2026-09-03,95.0,On Track
PRJ-00341,Dedicated Freight Corridor (DFCC) Segment 90 (Surat-Meghalaya) - Stage-I,Ministry of Railways (MoR),Railways,IRCON,Meghalaya,1055.18,1312.18,1122.7,2022-11-02,2022-12-09,2025-11-23,2026-06-21,74.4,Delayed
PRJ-00342,Dedicated Freight Corridor (DFCC) Segment 59 (Patna-Uttar Pradesh) - Stage-I,Ministry of Railways (MoR),Railways,Zonal Railways,Uttar Pradesh,778.58,778.58,778.58,2022-12-05,2023-02-05,2025-07-24,2025-07-24,100.0,Completed
PRJ-00343,Integrated Smart City Sewerage Treatment Facility Visakhapatnam (Uttar Pradesh) - Stage-II (PRJ-00343),Ministry of Housing and Urban Affairs (MoHUA),Urban Infrastructure & Water Supply,State Urban Dev Auth,Uttar Pradesh,474.04,576.13,218.52,2024-09-06,2024-10-14,2027-07-31,2027-11-28,23.0,Delayed
PRJ-00344,"Multimodal Freight Terminal on NW-at Dehradun, Odisha (Stage-I)","Ministry of Ports, Shipping and Waterways (MoPSW)",Inland Waterways,IWAI,Odisha,1000.28,1388.55,967.34,2021-01-20,2021-06-08,2024-07-22,2027-06-07,54.2,Delayed
PRJ-00345,"Multimodal Freight Terminal on NW-at Raipur, Gujarat (Stage-II)","Ministry of Ports, Shipping and Waterways (MoPSW)",Inland Waterways,IWAI,Gujarat,713.18,713.18,562.33,2024-03-20,2024-05-25,2027-03-11,2027-03-11,81.2,On Track
PRJ-00346,Cross-Country Natural Gas Grid Pipeline Patna (Tamil Nadu) - Phase-I (PRJ-00346),Ministry of Petroleum and Natural Gas (MoPNG),Petroleum & Natural Gas Pipelines,GAIL,Tamil Nadu,5875.99,8711.06,1402.32,2024-11-27,2025-02-14,2030-08-17,2032-11-04,2.0,Delayed
PRJ-00347,Metro Rail Phase-2 Corridor 94 (Ahmedabad-Rajasthan) - Phase-II,Ministry of Housing and Urban Affairs (MoHUA),Urban Metro & Transit Systems,KMRL,Rajasthan,398.69,502.11,439.25,2023-02-15,2023-06-27,2025-11-13,2026-10-09,65.3,Delayed
PRJ-00348,Metro Rail Phase-2 Corridor 20 (Indore-Mizoram) - Stage-I,Ministry of Housing and Urban Affairs (MoHUA),Urban Metro & Transit Systems,KMRL,Mizoram,1207.35,1660.04,1252.19,2022-02-07,2022-05-14,2025-03-29,2027-02-17,57.0,Delayed
PRJ-00349,Ring Road Construction Phase Jammu (Maharashtra) - Package 1 (PRJ-00349),Ministry of Road Transport and Highways (MoRTH),Road Transport & Highways,NHIDCL,Maharashtra,419.81,442.5,123.4,2025-02-25,2025-06-16,2028-02-01,2028-05-31,18.0,Delayed
PRJ-00350,Multi-Modal Transit Hub & Metro Station Guwahati (Maharashtra) - Phase-III (PRJ-00350),Ministry of Housing and Urban Affairs (MoHUA),Urban Metro & Transit Systems,Maha-Metro,Maharashtra,837.6,1000.79,220.38,2025-03-18,2025-07-02,2028-08-15,2029-07-11,2.0,Delayed
PRJ-00351,Economic Corridor Bypass near 52 (Dehradun-Odisha) - Stage-II,Ministry of Road Transport and Highways (MoRTH),Road Transport & Highways,MoRTH Direct,Odisha,706.96,804.66,451.39,2024-04-19,2024-07-27,2027-02-12,2027-10-10,32.3,Delayed
PRJ-00352,Dedicated Freight Corridor (DFCC) Segment 87 (Jammu-Jammu & Kashmir) - Phase-III,Ministry of Railways (MoR),Railways,Zonal Railways,Jammu & Kashmir,639.69,736.95,736.95,2020-09-05,2021-01-26,2024-02-10,2024-07-09,100.0,Completed
PRJ-00353,Wind-Solar Hybrid Power Project Visakhapatnam (Himachal Pradesh) - Phase-II (PRJ-00353),Ministry of New and Renewable Energy (MNRE),Renewable Energy (Solar/Wind),SECI,Himachal Pradesh,257.96,257.96,257.96,2021-05-12,2021-10-02,2024-10-16,2024-10-16,100.0,Completed
PRJ-00354,Petrochemical Complex Expansion Unit Surat (Meghalaya) - Package 2 (PRJ-00354),Ministry of Petroleum and Natural Gas (MoPNG),Oil Refineries & Petrochemicals,CPCL,Meghalaya,174.01,174.01,64.7,2025-05-02,2025-09-02,2028-04-19,2028-04-19,40.1,On Track
PRJ-00355,Opencast Coal Mining Project Expansion Shillong (Goa) - Stage-II (PRJ-00355),Ministry of Coal (MoC),Coal Mining & Infrastructure,NLCIL,Goa,2748.89,3293.71,2382.3,2021-12-21,2022-05-08,2026-08-15,2027-04-12,61.9,Delayed
PRJ-00356,Integrated Smart City Sewerage Treatment Facility Hyderabad (Karnataka) - Package 2 (PRJ-00356),Ministry of Housing and Urban Affairs (MoHUA),Urban Infrastructure & Water Supply,Smart City SPVs,Karnataka,3150.94,3150.94,732.17,2025-04-05,2025-05-11,2029-06-19,2029-06-19,24.5,On Track
PRJ-00357,Economic Corridor Bypass near 27 (Lucknow-Bihar) - Phase-II,Ministry of Road Transport and Highways (MoRTH),Road Transport & Highways,NHIDCL,Bihar,523.72,659.5,659.5,2022-02-16,2022-05-30,2025-03-15,2025-12-10,100.0,Completed
PRJ-00358,Run-of-River Hydro Project Guwahati (Tamil Nadu) - Package 2 (PRJ-00358),Ministry of Power (MoP),Hydroelectric Power,SJVN,Tamil Nadu,613.74,778.21,724.7,2021-09-20,2022-01-22,2024-11-07,2026-11-27,79.0,Delayed
PRJ-00359,Railway Line Doubling & Electrification 55 (Ranchi-Ladakh) - Phase-III,Ministry of Railways (MoR),Railways,Zonal Railways,Ladakh,543.92,693.83,113.89,2024-11-01,2025-03-09,2028-03-23,2029-09-14,2.0,Delayed
PRJ-00360,Atomic Power Station Units 7 & 8 Imphal (Himachal Pradesh) - Phase-II (PRJ-00360),Department of Atomic Energy (DAE),Atomic Energy & Nuclear Plants,ECIL,Himachal Pradesh,1040.6,1190.39,119.92,2025-06-05,2025-10-09,2028-07-25,2028-11-22,2.0,Stalled
PRJ-00361,Widening & Paving of NH-25 (Bhubaneswar-Jammu & Kashmir) - Stage-II,Ministry of Road Transport and Highways (MoRTH),Road Transport & Highways,State PWD,Jammu & Kashmir,2073.57,2612.36,2045.24,2022-08-16,2022-09-17,2026-10-26,2028-02-18,57.0,Delayed
PRJ-00362,Petrochemical Complex Expansion Unit Hyderabad (Uttar Pradesh) - Package 1 (PRJ-00362),Ministry of Petroleum and Natural Gas (MoPNG),Oil Refineries & Petrochemicals,MRPL,Uttar Pradesh,720.55,925.24,275.27,2024-11-17,2024-12-22,2027-08-09,2028-12-01,18.2,Delayed
PRJ-00363,Dedicated Freight Corridor (DFCC) Segment 60 (Dehradun-Kerala) - Phase-I,Ministry of Railways (MoR),Railways,RVNL,Kerala,530.33,686.86,93.44,2025-05-22,2025-10-08,2028-05-25,2029-04-20,2.0,Delayed
PRJ-00364,Petrochemical Complex Expansion Unit Indore (West Bengal) - Phase-III (PRJ-00364),Ministry of Petroleum and Natural Gas (MoPNG),Oil Refineries & Petrochemicals,BPCL,West Bengal,2236.04,2771.99,1112.18,2023-10-18,2023-11-28,2027-07-10,2029-05-30,29.8,Delayed
PRJ-00365,Crude Oil Pipeline Augmentation Indore (Nagaland) - Phase-III (PRJ-00365),Ministry of Petroleum and Natural Gas (MoPNG),Petroleum & Natural Gas Pipelines,GAIL,Nagaland,405.54,513.64,443.96,2023-07-24,2023-09-12,2026-10-26,2027-04-24,63.3,Delayed
PRJ-00366,Dedicated Freight Corridor (DFCC) Segment 46 (Guwahati-Haryana) - Package 2,Ministry of Railways (MoR),Railways,DFCCIL,Haryana,515.58,612.44,581.76,2021-03-11,2021-08-02,2024-03-19,2025-07-12,82.6,Delayed
PRJ-00367,Expressway Corridor Phase-80 (Shimla-Sikkim) - Package 1,Ministry of Road Transport and Highways (MoRTH),Road Transport & Highways,MoRTH Direct,Sikkim,274.23,292.24,292.24,2021-04-21,2021-06-07,2023-07-27,2024-08-20,100.0,Completed
PRJ-00368,Run-of-River Hydro Project Ahmedabad (Tripura) - Package 2 (PRJ-00368),Ministry of Power (MoP),Hydroelectric Power,SJVN,Tripura,760.87,978.1,149.67,2025-02-06,2025-04-17,2028-03-02,2029-11-22,2.0,Stalled
PRJ-00369,Integrated Smart City Sewerage Treatment Facility Visakhapatnam (Sikkim) - Phase-II (PRJ-00369),Ministry of Housing and Urban Affairs (MoHUA),Urban Infrastructure & Water Supply,State Urban Dev Auth,Sikkim,909.63,1123.88,1123.88,2021-02-05,2021-03-30,2024-10-10,2025-11-04,100.0,Completed
PRJ-00370,Economic Corridor Bypass near 75 (Srinagar-Rajasthan) - Phase-II,Ministry of Road Transport and Highways (MoRTH),Road Transport & Highways,NHAI,Rajasthan,2106.55,2459.05,1133.54,2024-08-23,2024-12-14,2028-03-28,2028-07-26,33.0,Delayed
PRJ-00371,Cross-Country Natural Gas Grid Pipeline Srinagar (Bihar) - Phase-III (PRJ-00371),Ministry of Petroleum and Natural Gas (MoPNG),Petroleum & Natural Gas Pipelines,GAIL,Bihar,1540.25,1540.25,1125.57,2023-04-24,2023-08-17,2027-02-27,2027-02-27,76.9,On Track
PRJ-00372,Economic Corridor Bypass near 16 (Pune-Haryana) - Package 1,Ministry of Road Transport and Highways (MoRTH),Road Transport & Highways,MoRTH Direct,Haryana,387.48,387.48,216.14,2024-12-27,2025-03-15,2027-07-03,2027-07-03,57.6,On Track
PRJ-00373,Light Urban Rail Transit (Metrolite) Visakhapatnam (Arunachal Pradesh) - Stage-II (PRJ-00373),Ministry of Housing and Urban Affairs (MoHUA),Urban Metro & Transit Systems,KMRL,Arunachal Pradesh,459.65,593.45,593.45,2020-04-17,2020-07-24,2023-03-11,2024-11-30,100.0,Completed
PRJ-00374,New Broad Gauge Railway Line between 17 (Kochi-Meghalaya) - Package 2,Ministry of Railways (MoR),Railways,Zonal Railways,Meghalaya,471.07,471.07,130.71,2025-09-05,2025-12-03,2028-05-21,2028-05-21,27.8,On Track
PRJ-00375,Pumped Storage Hydel Scheme Kochi (West Bengal) - Package 1 (PRJ-00375),Ministry of Power (MoP),Hydroelectric Power,SJVN,West Bengal,372.83,488.72,488.72,2020-03-15,2020-06-28,2023-04-14,2024-04-08,100.0,Completed
PRJ-00376,Tripling and 4th Line Quadrupling 57 (Mangaluru-Arunachal Pradesh) - Stage-I,Ministry of Railways (MoR),Railways,RVNL,Arunachal Pradesh,367.76,471.92,471.92,2020-09-23,2020-12-11,2023-10-27,2024-11-20,100.0,Completed
PRJ-00377,Opencast Coal Mining Project Expansion Hyderabad (Punjab) - Stage-II (PRJ-00377),Ministry of Coal (MoC),Coal Mining & Infrastructure,Coal India (CIL),Punjab,761.83,865.09,298.05,2025-01-14,2025-03-24,2027-08-11,2028-10-04,14.9,Delayed
PRJ-00378,Expressway Corridor Phase-69 (Shimla-Jammu & Kashmir) - Phase-I,Ministry of Road Transport and Highways (MoRTH),Road Transport & Highways,NHIDCL,Jammu & Kashmir,965.02,1029.95,627.42,2023-08-18,2023-12-29,2027-04-12,2028-02-06,50.1,Delayed
PRJ-00379,Super Thermal Power Project (STPP) Stage Shimla (Telangana) - Phase-II (PRJ-00379),Ministry of Power (MoP),Thermal Power Generation,NTPC,Telangana,3743.12,3743.12,1470.25,2024-05-20,2024-09-07,2029-05-14,2029-05-14,41.6,On Track
PRJ-00380,Fast Breeder Reactor Facility Varanasi (Punjab) - Package 2 (PRJ-00380),Department of Atomic Energy (DAE),Atomic Energy & Nuclear Plants,BHAVINI,Punjab,851.18,952.43,477.93,2024-05-11,2024-10-05,2027-10-20,2028-10-14,31.6,Delayed
PRJ-00381,Specialized Equipment Foundry Expansion Chandigarh (Uttar Pradesh) - Phase-I (PRJ-00381),Ministry of Heavy Industries,Heavy Engineering & Equipment,HMT,Uttar Pradesh,1366.31,1366.31,1366.31,2020-05-11,2020-07-27,2023-07-12,2023-07-12,100.0,Completed
PRJ-00382,BharatNet Rural Optical Fibre Deployment Phase Kochi (Gujarat) - Stage-I (PRJ-00382),Ministry of Communications,Telecommunications & Optical Fibre,BBNL,Gujarat,1212.6,1212.6,1212.6,2021-10-02,2021-11-14,2024-12-28,2024-12-28,100.0,Completed
PRJ-00383,Integrated Smart City Sewerage Treatment Facility Bhubaneswar (Punjab) - Package 2 (PRJ-00383),Ministry of Housing and Urban Affairs (MoHUA),Urban Infrastructure & Water Supply,Smart City SPVs,Punjab,755.84,932.59,285.99,2024-10-12,2025-03-09,2027-06-27,2028-02-22,19.9,Delayed
PRJ-00384,Super Thermal Power Project (STPP) Stage Shimla (Haryana) - Stage-I (PRJ-00384),Ministry of Power (MoP),Thermal Power Generation,NTPC,Haryana,810.51,1040.33,666.59,2022-04-01,2022-05-16,2025-11-26,2027-09-17,52.3,Delayed
PRJ-00385,New Broad Gauge Railway Line between 92 (Bhubaneswar-Himachal Pradesh) - Package 2,Ministry of Railways (MoR),Railways,Zonal Railways,Himachal Pradesh,1264.91,1492.12,1216.6,2021-01-21,2021-03-17,2024-08-28,2025-10-22,70.9,Stalled
PRJ-00386,Opencast Coal Mining Project Expansion Chandigarh (Uttar Pradesh) - Stage-II (PRJ-00386),Ministry of Coal (MoC),Coal Mining & Infrastructure,NLCIL,Uttar Pradesh,598.46,778.67,778.67,2021-04-11,2021-08-25,2024-02-11,2026-01-31,100.0,Completed
PRJ-00387,4-Laning of NH-77 (Jammu-Goa) - Stage-II,Ministry of Road Transport and Highways (MoRTH),Road Transport & Highways,MoRTH Direct,Goa,475.61,644.92,267.71,2022-10-24,2023-02-17,2026-05-02,2029-02-15,23.7,Delayed
PRJ-00388,Dedicated Freight Corridor (DFCC) Segment 59 (Jaipur-Assam) - Phase-III,Ministry of Railways (MoR),Railways,RVNL,Assam,463.22,558.44,81.85,2025-09-27,2025-11-17,2028-12-01,2029-03-31,3.4,Delayed
PRJ-00389,Strategic Mineral Beneficiation Facility Varanasi (Rajasthan) - Package 1 (PRJ-00389),Ministry of Mines,Mining & Mineral Processing,Hindustan Copper,Rajasthan,825.67,1038.02,1038.02,2020-08-08,2020-10-24,2023-04-12,2024-04-06,100.0,Completed
PRJ-00390,Refinery Modernization & BS-VI / Clean Fuel Upgrade Agartala (Jammu & Kashmir) - Package 2 (PRJ-00390),Ministry of Petroleum and Natural Gas (MoPNG),Oil Refineries & Petrochemicals,MRPL,Jammu & Kashmir,5999.34,9039.29,5721.83,2021-04-11,2021-09-06,2026-10-10,2029-10-24,40.1,Delayed
PRJ-00391,Major Inter-State River Interlinking Project Jammu (Manipur) - Package 1 (PRJ-00391),Ministry of Jal Shakti,Water Resources & Irrigation,NWDA,Manipur,690.22,912.93,500.73,2023-12-28,2024-04-02,2027-06-16,2028-08-09,36.8,Delayed
PRJ-00392,4-Laning of NH-95 (Varanasi-Haryana) - Package 2,Ministry of Road Transport and Highways (MoRTH),Road Transport & Highways,MoRTH Direct,Haryana,1914.42,1914.42,415.88,2025-05-01,2025-08-12,2028-11-24,2028-11-24,21.7,On Track
PRJ-00393,National Waterway-1 Modern Navigation Channel Visakhapatnam (Odisha) - Phase-III (PRJ-00393),"Ministry of Ports, Shipping and Waterways (MoPSW)",Inland Waterways,IWAI,Odisha,977.86,1094.1,1094.1,2021-03-09,2021-04-22,2024-10-03,2025-05-01,100.0,Completed
PRJ-00394,"Greenfield International Airport Phase at Kolkata, Nagaland (Phase-III)",Ministry of Civil Aviation (MoCA),Civil Aviation & Airports,Adani Airports,Nagaland,1208.83,1587.69,937.41,2024-06-18,2024-09-12,2027-01-30,2028-08-22,34.5,Delayed
PRJ-00395,6-Laning of Golden Quadrilateral Stretch Guwahati (Bihar) - Stage-I (PRJ-00395),Ministry of Road Transport and Highways (MoRTH),Road Transport & Highways,NHAI,Bihar,189.88,189.88,116.39,2024-10-21,2025-03-07,2027-03-27,2027-03-27,65.0,On Track
PRJ-00396,4-Laning of NH-70 (Hyderabad-Karnataka) - Stage-II,Ministry of Road Transport and Highways (MoRTH),Road Transport & Highways,MoRTH Direct,Karnataka,1554.32,1554.32,1554.32,2020-08-10,2020-12-05,2023-09-21,2023-09-21,100.0,Completed
PRJ-00397,24x7 Urban Surface Water Supply Project Surat (Kerala) - Phase-I (PRJ-00397),Ministry of Housing and Urban Affairs (MoHUA),Urban Infrastructure & Water Supply,State Urban Dev Auth,Kerala,654.26,722.37,459.34,2023-02-12,2023-05-14,2026-08-26,2027-03-24,52.5,Delayed
PRJ-00398,Dedicated Freight Corridor (DFCC) Segment 82 (Mangaluru-Chhattisgarh) - Phase-III,Ministry of Railways (MoR),Railways,Zonal Railways,Chhattisgarh,3463.32,4351.51,558.93,2025-02-26,2025-05-05,2028-12-15,2029-10-11,2.0,Delayed
PRJ-00399,Elevated Metro Rail Extension Ahmedabad (West Bengal) - Phase-II (PRJ-00399),Ministry of Housing and Urban Affairs (MoHUA),Urban Metro & Transit Systems,CMRL,West Bengal,1393.06,1393.06,124.3,2025-10-14,2026-02-21,2029-05-06,2029-05-06,9.0,On Track
PRJ-00400,Multi-Modal Transit Hub & Metro Station Ahmedabad (Madhya Pradesh) - Stage-II (PRJ-00400),Ministry of Housing and Urban Affairs (MoHUA),Urban Metro & Transit Systems,UPMRC,Madhya Pradesh,1741.18,2124.94,1429.08,2023-02-19,2023-06-05,2026-10-17,2027-06-14,47.4,Delayed
PRJ-00401,Pellet Plant & Blast Furnace Expansion Shimla (Chhattisgarh) - Phase-III (PRJ-00401),Ministry of Steel (MoS),Steel & Metallurgy,NMDC,Chhattisgarh,693.75,887.97,558.71,2023-11-22,2023-12-29,2027-02-11,2028-05-06,41.2,Delayed
PRJ-00402,Economic Corridor Bypass near 48 (Hyderabad-Madhya Pradesh) - Package 2,Ministry of Road Transport and Highways (MoRTH),Road Transport & Highways,NHIDCL,Madhya Pradesh,1207.59,1442.31,1047.91,2023-10-19,2024-01-14,2026-08-01,2027-01-28,55.1,Delayed
PRJ-00403,Major Inter-State River Interlinking Project Chandigarh (Uttarakhand) - Package 2 (PRJ-00403),Ministry of Jal Shakti,Water Resources & Irrigation,State Irrigation Dept,Uttarakhand,1716.86,2200.55,874.24,2024-07-28,2024-09-12,2027-01-30,2028-04-24,31.3,Delayed
PRJ-00404,National Waterway-1 Modern Navigation Channel Lucknow (Punjab) - Phase-II (PRJ-00404),"Ministry of Ports, Shipping and Waterways (MoPSW)",Inland Waterways,IWAI,Punjab,1842.59,1842.59,1262.14,2023-12-19,2024-03-08,2027-07-21,2027-07-21,72.6,On Track
PRJ-00405,First Mile Connectivity Coal Conveyor Network Guwahati (Maharashtra) - Stage-II (PRJ-00405),Ministry of Coal (MoC),Coal Mining & Infrastructure,Coal India (CIL),Maharashtra,972.65,972.65,887.72,2023-03-10,2023-07-29,2027-02-08,2027-02-08,90.7,On Track
PRJ-00406,Economic Corridor Bypass near 69 (Agartala-Andhra Pradesh) - Stage-II,Ministry of Road Transport and Highways (MoRTH),Road Transport & Highways,NHIDCL,Andhra Pradesh,845.01,1145.22,284.18,2025-10-14,2026-01-31,2029-01-15,2031-10-02,2.0,Delayed
PRJ-00407,Opencast Coal Mining Project Expansion Shimla (Bihar) - Package 2 (PRJ-00407),Ministry of Coal (MoC),Coal Mining & Infrastructure,Coal India (CIL),Bihar,407.48,564.24,161.41,2023-12-08,2024-04-07,2026-08-25,2028-08-14,20.4,Delayed
PRJ-00408,First Mile Connectivity Coal Conveyor Network Mangaluru (Tamil Nadu) - Phase-I (PRJ-00408),Ministry of Coal (MoC),Coal Mining & Infrastructure,SCCL,Tamil Nadu,1036.58,1179.87,410.35,2024-08-23,2024-10-02,2027-10-17,2028-08-12,21.1,Delayed
PRJ-00409,Integrated Steel Plant Modernization Phase Ahmedabad (Gujarat) - Phase-II (PRJ-00409),Ministry of Steel (MoS),Steel & Metallurgy,RINL,Gujarat,300.21,303.21,303.21,2023-11-24,2024-03-17,2026-07-05,2026-07-05,100.0,Completed
PRJ-00410,Light Urban Rail Transit (Metrolite) Indore (Kerala) - Package 2 (PRJ-00410),Ministry of Housing and Urban Affairs (MoHUA),Urban Metro & Transit Systems,CMRL,Kerala,713.01,713.01,212.16,2025-06-14,2025-08-28,2028-04-14,2028-04-14,30.1,On Track
PRJ-00411,Tripling and 4th Line Quadrupling 32 (Varanasi-Mizoram) - Package 2,Ministry of Railways (MoR),Railways,KRCL,Mizoram,710.32,913.55,403.63,2024-01-22,2024-03-29,2026-10-15,2028-03-08,32.8,Delayed
PRJ-00412,High-Speed Rail Link Hyderabad (Mizoram) - Phase-III (PRJ-00412),Ministry of Railways (MoR),Railways,DFCCIL,Mizoram,572.08,644.49,644.49,2022-05-01,2022-09-02,2025-07-18,2026-03-15,87.4,Delayed
PRJ-00413,4-Laning of NH-21 (Indore-Jharkhand) - Phase-III,Ministry of Road Transport and Highways (MoRTH),Road Transport & Highways,NHIDCL,Jharkhand,304.29,304.29,304.29,2021-10-27,2021-12-15,2024-08-01,2024-08-01,100.0,Completed
PRJ-00414,Ultra Mega Renewable Energy Solar Park Jaipur (Andhra Pradesh) - Phase-I (PRJ-00414),Ministry of New and Renewable Energy (MNRE),Renewable Energy (Solar/Wind),SECI,Andhra Pradesh,666.23,666.23,666.23,2021-08-13,2021-11-11,2024-03-30,2024-03-30,100.0,Completed
PRJ-00415,Integrated Steel Plant Modernization Phase Kochi (Punjab) - Phase-III (PRJ-00415),Ministry of Steel (MoS),Steel & Metallurgy,NMDC,Punjab,477.98,477.98,365.97,2023-07-22,2023-09-30,2027-02-11,2027-02-11,80.9,On Track
PRJ-00416,4-Laning of NH-94 (Jaipur-Mizoram) - Phase-III,Ministry of Road Transport and Highways (MoRTH),Road Transport & Highways,State PWD,Mizoram,256.98,319.8,120.59,2024-07-15,2024-11-20,2026-11-10,2028-01-04,28.4,Delayed
PRJ-00417,4-Laning of NH-12 (Bhopal-Tripura) - Stage-I,Ministry of Road Transport and Highways (MoRTH),Road Transport & Highways,NHIDCL,Tripura,867.86,1177.17,1177.17,2020-01-14,2020-02-25,2023-01-10,2024-06-03,100.0,Completed
PRJ-00418,Cross-Country Natural Gas Grid Pipeline Bengaluru (Rajasthan) - Stage-II (PRJ-00418),Ministry of Petroleum and Natural Gas (MoPNG),Petroleum & Natural Gas Pipelines,GAIL,Rajasthan,3055.93,3055.93,1441.98,2024-03-13,2024-07-05,2029-02-09,2029-02-09,48.1,On Track
PRJ-00419,Dedicated Freight Corridor (DFCC) Segment 69 (Raipur-Kerala) - Stage-I,Ministry of Railways (MoR),Railways,DFCCIL,Kerala,1518.08,1883.34,1684.87,2022-07-23,2022-12-15,2025-08-01,2026-08-26,69.9,Delayed
PRJ-00420,New Broad Gauge Railway Line between 44 (Varanasi-Tripura) - Stage-II,Ministry of Railways (MoR),Railways,Zonal Railways,Tripura,847.96,847.96,847.96,2021-08-03,2021-11-03,2024-08-19,2024-08-19,100.0,Completed
PRJ-00421,Dedicated Freight Corridor (DFCC) Segment 20 (Jaipur-Rajasthan) - Phase-I,Ministry of Railways (MoR),Railways,Zonal Railways,Rajasthan,1397.96,1411.94,1411.94,2020-10-24,2020-12-25,2024-03-09,2024-03-09,100.0,Completed
PRJ-00422,High-Speed Rail Link Nagpur (Karnataka) - Stage-I (PRJ-00422),Ministry of Railways (MoR),Railways,Zonal Railways,Karnataka,585.32,585.32,525.23,2023-08-14,2023-11-03,2026-10-18,2026-10-18,90.2,On Track
PRJ-00423,Strategic Mineral Beneficiation Facility Raipur (Tripura) - Package 1 (PRJ-00423),Ministry of Mines,Mining & Mineral Processing,Hindustan Copper,Tripura,719.63,950.61,950.61,2020-11-21,2021-01-01,2023-02-20,2024-02-15,100.0,Completed
PRJ-00424,Crude Oil Pipeline Augmentation Patna (Madhya Pradesh) - Stage-I (PRJ-00424),Ministry of Petroleum and Natural Gas (MoPNG),Petroleum & Natural Gas Pipelines,HPCL,Madhya Pradesh,3189.96,3961.88,1566.28,2023-02-21,2023-06-19,2027-12-25,2028-08-21,31.3,Delayed
PRJ-00425,High-Speed Rail Link Jammu (Jammu & Kashmir) - Phase-II (PRJ-00425),Ministry of Railways (MoR),Railways,IRCON,Jammu & Kashmir,663.96,783.45,600.24,2023-07-03,2023-11-11,2026-04-29,2026-12-25,58.3,Delayed
PRJ-00426,Opencast Coal Mining Project Expansion Bhubaneswar (Himachal Pradesh) - Package 1 (PRJ-00426),Ministry of Coal (MoC),Coal Mining & Infrastructure,NLCIL,Himachal Pradesh,452.68,581.49,581.49,2020-04-26,2020-08-17,2023-07-03,2025-02-22,100.0,Completed
PRJ-00427,Economic Corridor Bypass near 16 (Nagpur-Andhra Pradesh) - Package 2,Ministry of Road Transport and Highways (MoRTH),Road Transport & Highways,MoRTH Direct,Andhra Pradesh,1655.61,2083.09,1667.58,2021-12-21,2022-02-05,2026-01-15,2027-12-06,56.4,Delayed
PRJ-00428,Cross-Country Natural Gas Grid Pipeline Imphal (Chhattisgarh) - Phase-I (PRJ-00428),Ministry of Petroleum and Natural Gas (MoPNG),Petroleum & Natural Gas Pipelines,GAIL,Chhattisgarh,843.49,1081.55,566.99,2023-10-26,2024-02-11,2026-05-01,2027-10-23,36.7,Delayed
PRJ-00429,Petrochemical Complex Expansion Unit Raipur (Arunachal Pradesh) - Phase-III (PRJ-00429),Ministry of Petroleum and Natural Gas (MoPNG),Oil Refineries & Petrochemicals,HPCL,Arunachal Pradesh,1621.03,2100.13,2074.61,2021-01-19,2021-03-12,2024-10-22,2025-05-20,85.9,Stalled
PRJ-00430,Widening & Paving of NH-59 (Shillong-Jharkhand) - Package 2,Ministry of Road Transport and Highways (MoRTH),Road Transport & Highways,NHAI,Jharkhand,436.2,557.72,456.66,2021-01-16,2021-02-25,2023-08-14,2025-09-02,71.2,Stalled
PRJ-00431,Nano Fertilizer Manufacturing Plant Hyderabad (Manipur) - Package 2 (PRJ-00431),Ministry of Chemicals and Fertilizers,Fertilizer Plants & Petrochemicals,NFL,Manipur,818.14,933.18,582.56,2023-07-08,2023-12-05,2026-11-19,2027-11-14,51.7,Delayed
PRJ-00432,Ring Road Construction Phase Nagpur (Bihar) - Phase-II (PRJ-00432),Ministry of Road Transport and Highways (MoRTH),Road Transport & Highways,State PWD,Bihar,1777.05,2150.65,2150.65,2021-02-17,2021-03-31,2024-11-10,2025-06-08,100.0,Completed
PRJ-00433,Economic Corridor Bypass near 33 (Shillong-Madhya Pradesh) - Package 1,Ministry of Road Transport and Highways (MoRTH),Road Transport & Highways,NHIDCL,Madhya Pradesh,2079.47,2813.41,2161.26,2021-11-02,2021-12-08,2025-01-21,2025-08-19,66.8,Delayed
PRJ-00434,Dedicated Freight Corridor (DFCC) Segment 76 (Kolkata-Meghalaya) - Package 1,Ministry of Railways (MoR),Railways,KRCL,Meghalaya,2765.34,3371.69,3371.69,2020-02-08,2020-06-09,2024-07-18,2026-04-09,100.0,Completed
PRJ-00435,"765kV Super Grid Substation & Transmission Link at Kochi, Uttar Pradesh (Package 1)",Ministry of Power (MoP),Power Transmission & Distribution,PGCIL,Uttar Pradesh,298.46,298.46,298.46,2021-02-16,2021-05-31,2023-11-17,2023-11-17,100.0,Completed
PRJ-00436,Pumped Storage Hydel Scheme Ranchi (Andhra Pradesh) - Phase-II (PRJ-00436),Ministry of Power (MoP),Hydroelectric Power,SJVN,Andhra Pradesh,410.72,535.29,512.78,2022-03-02,2022-06-28,2024-07-17,2025-11-09,83.3,Stalled
PRJ-00437,Underground Metro Link Shillong (Maharashtra) - Phase-I (PRJ-00437),Ministry of Housing and Urban Affairs (MoHUA),Urban Metro & Transit Systems,KMRL,Maharashtra,1281.11,1281.11,717.1,2023-09-16,2024-02-03,2028-01-13,2028-01-13,59.8,On Track
PRJ-00438,Opencast Coal Mining Project Expansion Kochi (Tripura) - Package 2 (PRJ-00438),Ministry of Coal (MoC),Coal Mining & Infrastructure,Coal India (CIL),Tripura,1375.45,1389.2,1389.2,2021-10-01,2021-12-23,2024-10-08,2024-10-08,100.0,Completed
PRJ-00439,4-Laning of NH-12 (Pune-Tamil Nadu) - Package 2,Ministry of Road Transport and Highways (MoRTH),Road Transport & Highways,MoRTH Direct,Tamil Nadu,902.44,1127.6,155.38,2025-12-14,2026-02-09,2029-09-21,2030-10-16,2.0,Delayed
PRJ-00440,Pumped Storage Hydel Scheme Mangaluru (Meghalaya) - Stage-II (PRJ-00440),Ministry of Power (MoP),Hydroelectric Power,NEEPCO,Meghalaya,289.86,289.86,148.22,2024-12-19,2025-01-21,2027-11-07,2027-11-07,54.2,On Track
PRJ-00441,4-Laning of NH-99 (Dehradun-Punjab) - Package 1,Ministry of Road Transport and Highways (MoRTH),Road Transport & Highways,NHAI,Punjab,496.46,588.23,476.7,2022-09-02,2022-11-08,2025-07-25,2027-03-17,61.2,Delayed
PRJ-00442,Opencast Coal Mining Project Expansion Bhubaneswar (Haryana) - Package 2 (PRJ-00442),Ministry of Coal (MoC),Coal Mining & Infrastructure,SCCL,Haryana,234.11,278.05,55.78,2025-06-02,2025-07-16,2028-02-01,2028-07-30,10.1,Delayed
PRJ-00443,Cross-Country Natural Gas Grid Pipeline Bhubaneswar (Assam) - Package 2 (PRJ-00443),Ministry of Petroleum and Natural Gas (MoPNG),Petroleum & Natural Gas Pipelines,IOCL,Assam,1988.49,1988.49,1988.49,2020-11-16,2021-03-20,2024-08-01,2024-08-01,100.0,Completed
PRJ-00444,Expressway Corridor Phase-68 (Ahmedabad-Himachal Pradesh) - Phase-III,Ministry of Road Transport and Highways (MoRTH),Road Transport & Highways,State PWD,Himachal Pradesh,429.11,556.16,291.03,2023-09-17,2024-01-31,2026-04-20,2028-03-10,37.2,Delayed
PRJ-00445,4-Laning of NH-61 (Visakhapatnam-Manipur) - Phase-I,Ministry of Road Transport and Highways (MoRTH),Road Transport & Highways,NHAI,Manipur,957.89,1063.46,676.31,2021-05-03,2021-06-15,2025-06-24,2026-01-20,55.3,Stalled
PRJ-00446,Pellet Plant & Blast Furnace Expansion Hyderabad (Maharashtra) - Phase-III (PRJ-00446),Ministry of Steel (MoS),Steel & Metallurgy,NMDC,Maharashtra,1822.48,2283.23,1165.74,2023-08-24,2023-12-14,2027-11-23,2029-04-16,29.6,Delayed
PRJ-00447,Pumped Storage Hydel Scheme Chandigarh (Bihar) - Stage-I (PRJ-00447),Ministry of Power (MoP),Hydroelectric Power,NEEPCO,Bihar,2705.3,3181.43,752.73,2025-06-16,2025-09-29,2029-10-08,2030-11-02,2.0,Delayed
PRJ-00448,4G/5G Saturation Network Infrastructure Agartala (Meghalaya) - Phase-II (PRJ-00448),Ministry of Communications,Telecommunications & Optical Fibre,BBNL,Meghalaya,770.25,770.25,770.25,2023-06-10,2023-10-16,2026-07-02,2026-07-02,100.0,Completed
PRJ-00449,"765kV Super Grid Substation & Transmission Link at Raipur, Rajasthan (Phase-II)",Ministry of Power (MoP),Power Transmission & Distribution,REC Power,Rajasthan,2022.01,2022.01,2022.01,2021-02-02,2021-04-13,2024-07-26,2024-07-26,100.0,Completed
PRJ-00450,High-Speed Rail Link Kolkata (Maharashtra) - Phase-III (PRJ-00450),Ministry of Railways (MoR),Railways,Zonal Railways,Maharashtra,989.17,1176.3,900.93,2020-01-13,2020-06-10,2023-04-26,2023-08-24,66.6,Delayed
PRJ-00451,High-Speed Rail Link Lucknow (Haryana) - Stage-I (PRJ-00451),Ministry of Railways (MoR),Railways,Zonal Railways,Haryana,691.61,691.61,691.61,2021-10-24,2022-03-19,2024-10-04,2024-10-04,100.0,Completed
PRJ-00452,"765kV Super Grid Substation & Transmission Link at Imphal, Telangana (Package 1)",Ministry of Power (MoP),Power Transmission & Distribution,State Transco,Telangana,1934.28,1934.28,1934.28,2022-02-11,2022-03-20,2026-03-29,2026-03-29,100.0,Completed
PRJ-00453,First Mile Connectivity Coal Conveyor Network Ahmedabad (Madhya Pradesh) - Phase-II (PRJ-00453),Ministry of Coal (MoC),Coal Mining & Infrastructure,SCCL,Madhya Pradesh,678.56,685.35,485.42,2023-06-20,2023-10-05,2027-06-16,2027-06-16,77.2,On Track
PRJ-00454,Elevated Metro Rail Extension Ranchi (Ladakh) - Package 1 (PRJ-00454),Ministry of Housing and Urban Affairs (MoHUA),Urban Metro & Transit Systems,BMRCL,Ladakh,3663.3,4916.28,1790.0,2024-02-07,2024-06-09,2029-06-13,2031-02-03,17.0,Delayed
PRJ-00455,Cross-Country Natural Gas Grid Pipeline Kochi (Uttar Pradesh) - Stage-II (PRJ-00455),Ministry of Petroleum and Natural Gas (MoPNG),Petroleum & Natural Gas Pipelines,HPCL,Uttar Pradesh,3288.52,4495.25,1029.33,2024-10-03,2024-11-20,2028-10-30,2030-07-22,2.0,Delayed
PRJ-00456,Refinery Modernization & BS-VI / Clean Fuel Upgrade Kochi (Jammu & Kashmir) - Package 1 (PRJ-00456),Ministry of Petroleum and Natural Gas (MoPNG),Oil Refineries & Petrochemicals,IOCL,Jammu & Kashmir,1257.1,1257.1,1257.1,2021-09-15,2022-01-13,2025-06-26,2025-06-26,100.0,Completed
PRJ-00457,Ultra Supercritical Power Plant Expansion Unit Jammu (Maharashtra) - Phase-II (PRJ-00457),Ministry of Power (MoP),Thermal Power Generation,DVC,Maharashtra,1086.03,1325.75,1325.75,2020-01-05,2020-03-08,2022-10-24,2024-06-15,100.0,Completed
PRJ-00458,Expressway Corridor Phase-19 (Srinagar-Arunachal Pradesh) - Package 1,Ministry of Road Transport and Highways (MoRTH),Road Transport & Highways,NHAI,Arunachal Pradesh,2006.7,2494.41,581.06,2024-12-12,2025-03-26,2028-04-09,2029-01-04,12.1,Delayed
PRJ-00459,Ring Road Construction Phase Jammu (Gujarat) - Phase-I (PRJ-00459),Ministry of Road Transport and Highways (MoRTH),Road Transport & Highways,State PWD,Gujarat,709.8,1040.92,848.04,2022-03-19,2022-04-25,2024-10-11,2027-08-27,61.7,Delayed
PRJ-00460,New Broad Gauge Railway Line between 92 (Lucknow-Himachal Pradesh) - Package 2,Ministry of Railways (MoR),Railways,DFCCIL,Himachal Pradesh,1432.36,1786.09,1786.09,2020-09-07,2021-01-13,2024-04-27,2026-02-16,100.0,Completed
PRJ-00461,First Mile Connectivity Coal Conveyor Network Chandigarh (Maharashtra) - Stage-II (PRJ-00461),Ministry of Coal (MoC),Coal Mining & Infrastructure,Coal India (CIL),Maharashtra,490.18,599.33,599.33,2021-01-05,2021-04-11,2024-02-25,2024-07-24,100.0,Completed
PRJ-00462,Metro Rail Phase-2 Corridor 27 (Ahmedabad-Kerala) - Stage-II,Ministry of Housing and Urban Affairs (MoHUA),Urban Metro & Transit Systems,CMRL,Kerala,1350.98,1673.91,1334.02,2020-08-12,2020-10-20,2023-09-05,2025-06-26,69.3,Delayed
PRJ-00463,Widening & Paving of NH-99 (Shillong-Assam) - Phase-II,Ministry of Road Transport and Highways (MoRTH),Road Transport & Highways,NHIDCL,Assam,3373.45,4562.47,4154.8,2021-05-05,2021-06-30,2025-08-08,2027-04-30,67.8,Delayed
PRJ-00464,"Greenfield International Airport Phase at Patna, Himachal Pradesh (Phase-I)",Ministry of Civil Aviation (MoCA),Civil Aviation & Airports,PPP Airport SPV,Himachal Pradesh,647.8,805.93,159.61,2025-09-19,2025-10-26,2028-11-09,2029-12-04,2.0,Delayed
PRJ-00465,6-Laning of Golden Quadrilateral Stretch Shimla (Goa) - Package 2 (PRJ-00465),Ministry of Road Transport and Highways (MoRTH),Road Transport & Highways,NHAI,Goa,1091.78,1234.8,790.95,2021-03-22,2021-06-04,2024-12-15,2025-09-11,55.7,Delayed
PRJ-00466,Dedicated Freight Corridor (DFCC) Segment 85 (Ahmedabad-Karnataka) - Stage-II,Ministry of Railways (MoR),Railways,KRCL,Karnataka,658.52,869.19,869.19,2020-09-07,2021-01-06,2023-12-22,2026-10-07,84.5,Delayed
PRJ-00467,Petrochemical Complex Expansion Unit Chandigarh (Rajasthan) - Package 1 (PRJ-00467),Ministry of Petroleum and Natural Gas (MoPNG),Oil Refineries & Petrochemicals,HPCL,Rajasthan,1573.78,2219.04,441.06,2025-02-06,2025-06-22,2028-12-03,2031-04-22,2.0,Delayed
PRJ-00468,Strategic Border Tunnel & High-Altitude Road Bengaluru (Kerala) - Package 1 (PRJ-00468),Ministry of Defence,Defence Infrastructure & Strategic Roads,Border Roads Organisation (BRO),Kerala,1106.83,1468.5,819.12,2022-12-10,2023-03-21,2026-02-03,2029-01-18,32.0,Delayed
PRJ-00469,Nano Fertilizer Manufacturing Plant Bhopal (Nagaland) - Phase-III (PRJ-00469),Ministry of Chemicals and Fertilizers,Fertilizer Plants & Petrochemicals,FACT,Nagaland,511.94,511.94,511.94,2023-04-28,2023-06-05,2026-04-20,2026-04-20,100.0,Completed
PRJ-00470,Economic Corridor Bypass near 99 (Hyderabad-Arunachal Pradesh) - Package 1,Ministry of Road Transport and Highways (MoRTH),Road Transport & Highways,NHAI,Arunachal Pradesh,216.02,216.02,146.5,2024-02-24,2024-07-21,2027-08-05,2027-08-05,68.4,On Track
PRJ-00471,Crude Oil Pipeline Augmentation Surat (Uttar Pradesh) - Stage-II (PRJ-00471),Ministry of Petroleum and Natural Gas (MoPNG),Petroleum & Natural Gas Pipelines,HPCL,Uttar Pradesh,768.47,768.47,201.57,2025-10-19,2025-12-22,2028-07-09,2028-07-09,27.4,On Track
PRJ-00472,Major Inter-State River Interlinking Project Jaipur (Gujarat) - Stage-II (PRJ-00472),Ministry of Jal Shakti,Water Resources & Irrigation,Polavaram Project Auth,Gujarat,2562.05,3147.96,2158.1,2023-02-04,2023-04-07,2027-02-15,2027-08-14,57.9,Delayed
PRJ-00473,Cross-Country Natural Gas Grid Pipeline Nagpur (Madhya Pradesh) - Package 1 (PRJ-00473),Ministry of Petroleum and Natural Gas (MoPNG),Petroleum & Natural Gas Pipelines,HPCL,Madhya Pradesh,3059.17,4495.35,579.24,2024-11-11,2024-12-30,2028-08-11,2030-03-04,2.0,Delayed
PRJ-00474,Widening & Paving of NH-73 (Lucknow-Manipur) - Package 1,Ministry of Road Transport and Highways (MoRTH),Road Transport & Highways,MoRTH Direct,Manipur,520.9,520.9,370.25,2024-05-18,2024-07-30,2027-07-15,2027-07-15,71.8,On Track
PRJ-00475,National Waterway-1 Modern Navigation Channel Visakhapatnam (Kerala) - Phase-I (PRJ-00475),"Ministry of Ports, Shipping and Waterways (MoPSW)",Inland Waterways,IWAI,Kerala,376.27,376.27,376.27,2021-09-22,2022-02-09,2025-12-20,2025-12-20,100.0,Completed
PRJ-00476,High-Speed Rail Link Bhopal (Madhya Pradesh) - Package 1 (PRJ-00476),Ministry of Railways (MoR),Railways,KRCL,Madhya Pradesh,1017.36,1289.74,682.71,2023-09-28,2023-11-17,2026-06-04,2028-01-25,38.9,Delayed
PRJ-00477,4-Laning of NH-16 (Varanasi-Tripura) - Package 2,Ministry of Road Transport and Highways (MoRTH),Road Transport & Highways,State PWD,Tripura,763.18,923.83,893.48,2021-06-12,2021-10-23,2024-06-09,2025-11-01,84.1,Delayed
PRJ-00478,Crude Oil Pipeline Augmentation Dehradun (Nagaland) - Package 2 (PRJ-00478),Ministry of Petroleum and Natural Gas (MoPNG),Petroleum & Natural Gas Pipelines,IOCL,Nagaland,1216.0,1513.57,1513.57,2020-12-03,2021-04-23,2024-04-07,2025-06-01,100.0,Completed
PRJ-00479,New Broad Gauge Railway Line between 84 (Nagpur-Karnataka) - Package 1,Ministry of Railways (MoR),Railways,Zonal Railways,Karnataka,1063.72,1063.72,936.0,2023-06-19,2023-07-31,2026-08-14,2026-08-14,95.0,On Track
PRJ-00480,Tripling and 4th Line Quadrupling 20 (Patna-Bihar) - Stage-I,Ministry of Railways (MoR),Railways,DFCCIL,Bihar,732.82,923.1,417.09,2024-04-10,2024-06-12,2027-05-28,2028-12-18,33.6,Delayed
PRJ-00481,Ring Road Construction Phase Ahmedabad (Mizoram) - Stage-II (PRJ-00481),Ministry of Road Transport and Highways (MoRTH),Road Transport & Highways,State PWD,Mizoram,442.59,534.93,246.65,2024-08-14,2024-10-09,2026-09-29,2027-10-24,25.2,Delayed
PRJ-00482,Pressurized Heavy Water Reactor (PHWR) Complex Bhopal (Madhya Pradesh) - Phase-II (PRJ-00482),Department of Atomic Energy (DAE),Atomic Energy & Nuclear Plants,ECIL,Madhya Pradesh,659.97,749.6,647.69,2023-07-09,2023-10-26,2025-11-14,2026-10-10,76.2,Delayed
PRJ-00483,Tripling and 4th Line Quadrupling 92 (Patna-Tamil Nadu) - Phase-III,Ministry of Railways (MoR),Railways,KRCL,Tamil Nadu,361.4,361.4,135.57,2024-10-28,2025-03-05,2028-05-18,2028-05-18,40.5,On Track
PRJ-00484,Widening & Paving of NH-49 (Hyderabad-Nagaland) - Stage-I,Ministry of Road Transport and Highways (MoRTH),Road Transport & Highways,NHIDCL,Nagaland,588.19,767.7,427.89,2023-07-11,2023-11-28,2026-10-13,2028-12-01,39.5,Delayed
PRJ-00485,High-Speed Rail Link Raipur (Mizoram) - Phase-II (PRJ-00485),Ministry of Railways (MoR),Railways,IRCON,Mizoram,3093.14,3836.31,2256.06,2023-04-04,2023-05-23,2027-08-30,2029-02-20,40.2,Delayed
PRJ-00486,Railway Line Doubling & Electrification 45 (Varanasi-Andhra Pradesh) - Phase-II,Ministry of Railways (MoR),Railways,Zonal Railways,Andhra Pradesh,412.09,412.09,412.09,2021-01-09,2021-05-20,2024-01-05,2024-01-05,100.0,Completed
PRJ-00487,Super Thermal Power Project (STPP) Stage Shillong (Sikkim) - Package 1 (PRJ-00487),Ministry of Power (MoP),Thermal Power Generation,State Genco,Sikkim,1970.61,2352.65,1493.06,2022-11-22,2023-04-14,2026-07-27,2027-09-20,45.7,Delayed
PRJ-00488,First Mile Connectivity Coal Conveyor Network Imphal (Madhya Pradesh) - Package 1 (PRJ-00488),Ministry of Coal (MoC),Coal Mining & Infrastructure,SCCL,Madhya Pradesh,1280.34,1280.34,1280.34,2020-04-20,2020-06-04,2023-09-17,2023-09-17,100.0,Completed
PRJ-00489,New Broad Gauge Railway Line between 63 (Patna-Meghalaya) - Package 1,Ministry of Railways (MoR),Railways,RVNL,Meghalaya,2706.1,3079.64,2093.34,2022-10-02,2023-01-02,2026-12-12,2027-06-10,51.6,Delayed
PRJ-00490,"765kV Super Grid Substation & Transmission Link at Agartala, Haryana (Phase-III)",Ministry of Power (MoP),Power Transmission & Distribution,State Transco,Haryana,567.01,567.01,387.91,2023-12-12,2024-04-25,2027-06-09,2027-06-09,71.8,On Track
PRJ-00491,Pumped Storage Hydel Scheme Bhopal (Mizoram) - Phase-III (PRJ-00491),Ministry of Power (MoP),Hydroelectric Power,SJVN,Mizoram,2271.49,3148.85,660.02,2025-12-12,2026-05-06,2029-10-17,2031-05-10,2.0,Stalled
PRJ-00492,Expressway Corridor Phase-41 (Jaipur-Goa) - Phase-I,Ministry of Road Transport and Highways (MoRTH),Road Transport & Highways,MoRTH Direct,Goa,4128.08,5817.32,3550.71,2022-04-28,2022-09-18,2026-07-29,2028-09-16,48.3,Delayed
PRJ-00493,Economic Corridor Bypass near 63 (Ahmedabad-Punjab) - Package 1,Ministry of Road Transport and Highways (MoRTH),Road Transport & Highways,State PWD,Punjab,348.93,348.93,348.93,2022-12-14,2023-05-05,2026-02-18,2026-02-18,100.0,Completed
PRJ-00494,Dedicated Freight Corridor (DFCC) Segment 93 (Nagpur-Rajasthan) - Stage-I,Ministry of Railways (MoR),Railways,Zonal Railways,Rajasthan,564.29,569.93,569.93,2021-11-15,2022-03-26,2024-07-13,2024-07-13,100.0,Completed
PRJ-00495,New Broad Gauge Railway Line between 72 (Kochi-Madhya Pradesh) - Package 1,Ministry of Railways (MoR),Railways,KRCL,Madhya Pradesh,997.76,997.76,461.46,2025-03-09,2025-04-30,2028-01-15,2028-01-15,49.8,On Track
PRJ-00496,Super Thermal Power Project (STPP) Stage Imphal (Delhi) - Phase-I (PRJ-00496),Ministry of Power (MoP),Thermal Power Generation,DVC,Delhi,1184.54,1184.54,1184.54,2020-09-21,2021-01-07,2024-04-21,2024-04-21,100.0,Completed
PRJ-00497,6-Laning of Golden Quadrilateral Stretch Ranchi (Uttarakhand) - Package 2 (PRJ-00497),Ministry of Road Transport and Highways (MoRTH),Road Transport & Highways,NHIDCL,Uttarakhand,347.84,438.81,438.81,2020-01-23,2020-04-29,2023-03-15,2024-11-04,100.0,Completed
PRJ-00498,Tripling and 4th Line Quadrupling 66 (Surat-Uttar Pradesh) - Phase-II,Ministry of Railways (MoR),Railways,DFCCIL,Uttar Pradesh,1347.87,1654.51,1447.6,2021-10-07,2022-02-19,2025-10-31,2026-08-27,77.9,Delayed
PRJ-00499,Green Energy Corridor Transmission System Phase 98 (Pune-Kerala) - Package 2,Ministry of Power (MoP),Power Transmission & Distribution,REC Power,Kerala,387.42,387.42,146.08,2025-08-03,2025-09-03,2028-01-21,2028-01-21,39.0,On Track
PRJ-00500,Ultra Supercritical Power Plant Expansion Unit Jammu (Bihar) - Phase-I (PRJ-00500),Ministry of Power (MoP),Thermal Power Generation,State Genco,Bihar,691.28,965.27,965.27,2020-09-02,2020-10-08,2023-04-26,2024-12-16,88.0,Delayed
PRJ-00501,Light Urban Rail Transit (Metrolite) Shimla (Gujarat) - Phase-III (PRJ-00501),Ministry of Housing and Urban Affairs (MoHUA),Urban Metro & Transit Systems,BMRCL,Gujarat,292.44,292.44,230.74,2023-11-12,2023-12-28,2027-01-11,2027-01-11,84.2,On Track
PRJ-00502,Economic Corridor Bypass near 44 (Indore-Rajasthan) - Phase-II,Ministry of Road Transport and Highways (MoRTH),Road Transport & Highways,State PWD,Rajasthan,494.02,769.33,651.02,2020-06-02,2020-07-18,2022-10-06,2027-02-12,68.1,Delayed
PRJ-00503,Expressway Corridor Phase-73 (Kolkata-Bihar) - Stage-I,Ministry of Road Transport and Highways (MoRTH),Road Transport & Highways,State PWD,Bihar,857.66,1155.17,1025.02,2021-09-28,2022-02-23,2024-11-09,2027-04-28,73.1,Delayed
PRJ-00504,Economic Corridor Bypass near 25 (Mangaluru-Meghalaya) - Package 1,Ministry of Road Transport and Highways (MoRTH),Road Transport & Highways,State PWD,Meghalaya,1024.89,1024.89,1024.89,2023-01-15,2023-03-31,2025-11-15,2025-11-15,100.0,Completed
PRJ-00505,High-Speed Rail Link Kolkata (Chhattisgarh) - Stage-II (PRJ-00505),Ministry of Railways (MoR),Railways,IRCON,Chhattisgarh,570.81,732.59,732.59,2022-10-22,2023-02-03,2025-05-23,2026-04-18,100.0,Completed
PRJ-00506,Widening & Paving of NH-26 (Lucknow-Jammu & Kashmir) - Stage-I,Ministry of Road Transport and Highways (MoRTH),Road Transport & Highways,State PWD,Jammu & Kashmir,447.66,447.66,425.33,2023-06-19,2023-11-14,2026-10-29,2026-10-29,93.8,On Track
PRJ-00507,High-Speed Rail Link Dehradun (Himachal Pradesh) - Package 1 (PRJ-00507),Ministry of Railways (MoR),Railways,DFCCIL,Himachal Pradesh,5232.05,5232.05,3335.0,2022-12-24,2023-05-19,2028-09-19,2028-09-19,63.9,On Track
PRJ-00508,Economic Corridor Bypass near 62 (Shimla-Maharashtra) - Phase-I,Ministry of Road Transport and Highways (MoRTH),Road Transport & Highways,NHAI,Maharashtra,686.91,693.78,693.78,2022-03-08,2022-07-14,2025-04-29,2025-04-29,100.0,Completed
PRJ-00509,Pressurized Heavy Water Reactor (PHWR) Complex Surat (Sikkim) - Stage-I (PRJ-00509),Department of Atomic Energy (DAE),Atomic Energy & Nuclear Plants,NPCIL,Sikkim,1309.73,1592.98,1166.35,2022-11-20,2023-01-05,2026-03-20,2028-02-08,50.8,Delayed
PRJ-00510,Lift Irrigation Project Stage Shimla (Karnataka) - Phase-I (PRJ-00510),Ministry of Jal Shakti,Water Resources & Irrigation,State Irrigation Dept,Karnataka,1107.64,1246.25,1037.79,2023-06-20,2023-08-12,2026-11-24,2027-07-22,63.1,Delayed
PRJ-00511,Opencast Coal Mining Project Expansion Dehradun (Gujarat) - Phase-III (PRJ-00511),Ministry of Coal (MoC),Coal Mining & Infrastructure,NLCIL,Gujarat,350.91,350.91,350.91,2023-07-03,2023-11-26,2025-12-15,2025-12-15,100.0,Completed
PRJ-00512,Ring Road Construction Phase Varanasi (Goa) - Phase-I (PRJ-00512),Ministry of Road Transport and Highways (MoRTH),Road Transport & Highways,NHAI,Goa,259.57,259.57,221.26,2024-07-14,2024-08-25,2027-01-12,2027-01-12,84.1,On Track
PRJ-00513,6-Laning of Golden Quadrilateral Stretch Agartala (Meghalaya) - Stage-II (PRJ-00513),Ministry of Road Transport and Highways (MoRTH),Road Transport & Highways,MoRTH Direct,Meghalaya,548.16,548.16,548.16,2023-01-03,2023-03-27,2026-03-11,2026-03-11,100.0,Completed
PRJ-00514,Widening & Paving of NH-44 (Ahmedabad-Meghalaya) - Package 2,Ministry of Road Transport and Highways (MoRTH),Road Transport & Highways,NHIDCL,Meghalaya,689.39,880.43,250.98,2025-02-14,2025-05-23,2027-10-10,2029-05-02,12.5,Delayed
PRJ-00515,First Mile Connectivity Coal Conveyor Network Jammu (Delhi) - Phase-III (PRJ-00515),Ministry of Coal (MoC),Coal Mining & Infrastructure,SCCL,Delhi,174.77,174.77,92.11,2024-10-12,2025-02-07,2027-12-24,2027-12-24,53.9,On Track
PRJ-00516,BharatNet Rural Optical Fibre Deployment Phase Nagpur (Chhattisgarh) - Stage-II (PRJ-00516),Ministry of Communications,Telecommunications & Optical Fibre,BSNL,Chhattisgarh,1389.79,1719.11,1350.27,2020-04-16,2020-08-07,2024-01-19,2025-12-09,68.3,Delayed
PRJ-00517,"Greenfield International Airport Phase at Bengaluru, Jammu & Kashmir (Phase-II)",Ministry of Civil Aviation (MoCA),Civil Aviation & Airports,PPP Airport SPV,Jammu & Kashmir,2469.67,2853.67,493.95,2025-12-15,2026-03-17,2029-06-29,2030-03-26,2.0,Delayed
PRJ-00518,National Waterway-1 Modern Navigation Channel Nagpur (Tripura) - Stage-I (PRJ-00518),"Ministry of Ports, Shipping and Waterways (MoPSW)",Inland Waterways,IWAI,Tripura,1130.2,1320.3,273.74,2025-07-14,2025-11-29,2028-09-14,2029-01-12,2.6,Delayed
PRJ-00519,High-Speed Rail Link Indore (Tamil Nadu) - Stage-I (PRJ-00519),Ministry of Railways (MoR),Railways,Zonal Railways,Tamil Nadu,1962.57,2585.14,619.31,2024-11-27,2025-04-17,2028-10-28,2031-05-16,2.0,Delayed
PRJ-00520,Pumped Storage Hydel Scheme Dehradun (Mizoram) - Package 1 (PRJ-00520),Ministry of Power (MoP),Hydroelectric Power,NHPC,Mizoram,1638.82,1793.52,1793.52,2020-08-20,2021-01-17,2024-06-30,2024-10-28,100.0,Completed
PRJ-00521,Port Modernization & Breakwater Expansion Raipur (Goa) - Package 2 (PRJ-00521),"Ministry of Ports, Shipping and Waterways (MoPSW)",Ports & Maritime Infrastructure,Cochin Port,Goa,731.16,731.16,115.15,2025-11-15,2025-12-31,2028-11-15,2028-11-15,16.9,On Track
PRJ-00522,Heavy Machinery Manufacturing Facility Upgrade Shillong (Jharkhand) - Package 2 (PRJ-00522),Ministry of Heavy Industries,Heavy Engineering & Equipment,HMT,Jharkhand,9591.26,13290.42,6941.97,2021-05-23,2021-09-25,2028-08-19,2030-06-10,41.3,Delayed
PRJ-00523,Green Energy Corridor Transmission System Phase 37 (Surat-Delhi) - Phase-II,Ministry of Power (MoP),Power Transmission & Distribution,State Transco,Delhi,6710.63,6710.63,2527.93,2024-01-01,2024-03-16,2030-06-13,2030-06-13,37.6,On Track
PRJ-00524,Heavy Machinery Manufacturing Facility Upgrade Bengaluru (Bihar) - Phase-I (PRJ-00524),Ministry of Heavy Industries,Heavy Engineering & Equipment,HMT,Bihar,231.57,231.57,205.85,2024-04-16,2024-06-18,2026-09-06,2026-09-06,94.3,On Track
PRJ-00525,Crude Oil Pipeline Augmentation Visakhapatnam (Goa) - Stage-II (PRJ-00525),Ministry of Petroleum and Natural Gas (MoPNG),Petroleum & Natural Gas Pipelines,GAIL,Goa,5455.27,6671.41,6671.41,2020-02-26,2020-06-13,2026-01-13,2026-06-12,100.0,Completed
PRJ-00526,Green Energy Corridor Transmission System Phase 75 (Mangaluru-Sikkim) - Stage-II,Ministry of Power (MoP),Power Transmission & Distribution,REC Power,Sikkim,1221.41,1337.83,1146.97,2023-12-28,2024-02-08,2026-08-26,2027-01-23,69.8,Delayed
PRJ-00527,Green Energy Corridor Transmission System Phase 47 (Agartala-Chhattisgarh) - Phase-III,Ministry of Power (MoP),Power Transmission & Distribution,PGCIL,Chhattisgarh,480.19,480.19,425.1,2024-03-03,2024-05-06,2026-10-23,2026-10-23,92.4,On Track
PRJ-00528,Light Urban Rail Transit (Metrolite) Kochi (Jharkhand) - Package 1 (PRJ-00528),Ministry of Housing and Urban Affairs (MoHUA),Urban Metro & Transit Systems,Maha-Metro,Jharkhand,573.02,646.76,521.77,2023-09-26,2024-01-21,2027-04-05,2027-08-03,56.8,Delayed
PRJ-00529,First Mile Connectivity Coal Conveyor Network Bhubaneswar (Tripura) - Stage-II (PRJ-00529),Ministry of Coal (MoC),Coal Mining & Infrastructure,Coal India (CIL),Tripura,529.64,589.23,589.23,2021-07-02,2021-09-20,2024-06-06,2024-10-04,100.0,Completed
PRJ-00530,Refinery Modernization & BS-VI / Clean Fuel Upgrade Raipur (Haryana) - Stage-I (PRJ-00530),Ministry of Petroleum and Natural Gas (MoPNG),Oil Refineries & Petrochemicals,CPCL,Haryana,859.73,859.73,277.82,2025-06-12,2025-07-13,2028-07-27,2028-07-27,33.6,On Track
PRJ-00531,Widening & Paving of NH-36 (Ranchi-Rajasthan) - Package 1,Ministry of Road Transport and Highways (MoRTH),Road Transport & Highways,MoRTH Direct,Rajasthan,952.32,1183.75,971.32,2022-02-02,2022-05-11,2025-07-24,2026-12-16,67.2,Delayed
PRJ-00532,Coastal Berth Scheme & Dredging Project Lucknow (Maharashtra) - Phase-III (PRJ-00532),"Ministry of Ports, Shipping and Waterways (MoPSW)",Ports & Maritime Infrastructure,Cochin Port,Maharashtra,482.51,482.51,230.04,2025-03-01,2025-04-03,2028-02-17,2028-02-17,49.8,On Track
PRJ-00533,New Broad Gauge Railway Line between 75 (Ranchi-Chhattisgarh) - Stage-I,Ministry of Railways (MoR),Railways,RVNL,Chhattisgarh,634.25,875.64,650.77,2022-02-02,2022-06-08,2024-11-24,2028-02-07,59.6,Delayed
PRJ-00534,Expressway Corridor Phase-84 (Lucknow-Ladakh) - Stage-I,Ministry of Road Transport and Highways (MoRTH),Road Transport & Highways,NHIDCL,Ladakh,1093.12,1320.75,257.15,2025-03-23,2025-06-09,2028-04-24,2029-07-18,2.0,Stalled
PRJ-00535,Widening & Paving of NH-63 (Hyderabad-Arunachal Pradesh) - Package 1,Ministry of Road Transport and Highways (MoRTH),Road Transport & Highways,MoRTH Direct,Arunachal Pradesh,4734.45,4734.45,4734.45,2020-02-02,2020-04-26,2025-04-30,2025-04-30,100.0,Completed
PRJ-00536,Barrage & Canal Distribution Network Surat (Karnataka) - Package 1 (PRJ-00536),Ministry of Jal Shakti,Water Resources & Irrigation,State Irrigation Dept,Karnataka,1131.32,1131.32,885.44,2023-12-16,2024-04-17,2027-04-02,2027-04-02,81.5,On Track
PRJ-00537,Light Urban Rail Transit (Metrolite) Visakhapatnam (Manipur) - Phase-I (PRJ-00537),Ministry of Housing and Urban Affairs (MoHUA),Urban Metro & Transit Systems,UPMRC,Manipur,3354.8,4637.04,1124.94,2025-03-18,2025-06-03,2030-07-07,2032-01-28,2.1,Stalled
PRJ-00538,Hydroelectric Project (HEP) Indore (Himachal Pradesh) - Phase-I (PRJ-00538),Ministry of Power (MoP),Hydroelectric Power,NEEPCO,Himachal Pradesh,1372.12,1850.78,1075.83,2022-05-12,2022-07-19,2025-08-02,2028-01-19,41.9,Delayed
PRJ-00539,"765kV Super Grid Substation & Transmission Link at Lucknow, Haryana (Phase-II)",Ministry of Power (MoP),Power Transmission & Distribution,State Transco,Haryana,1085.42,1096.27,221.25,2025-08-01,2025-09-15,2028-12-28,2028-12-28,21.4,On Track
PRJ-00540,Economic Corridor Bypass near 88 (Guwahati-Jharkhand) - Stage-II,Ministry of Road Transport and Highways (MoRTH),Road Transport & Highways,State PWD,Jharkhand,3642.58,4976.95,2802.2,2021-03-17,2021-07-06,2025-08-14,2028-03-31,41.5,Delayed
PRJ-00541,Light Urban Rail Transit (Metrolite) Shimla (Madhya Pradesh) - Package 1 (PRJ-00541),Ministry of Housing and Urban Affairs (MoHUA),Urban Metro & Transit Systems,KMRL,Madhya Pradesh,871.1,1255.49,825.86,2021-07-11,2021-10-18,2024-08-03,2027-03-21,54.7,Delayed
PRJ-00542,Cross-Country Natural Gas Grid Pipeline Dehradun (Maharashtra) - Stage-I (PRJ-00542),Ministry of Petroleum and Natural Gas (MoPNG),Petroleum & Natural Gas Pipelines,BPCL,Maharashtra,452.92,452.92,387.06,2024-02-07,2024-05-26,2026-08-14,2026-08-14,91.3,On Track
PRJ-00543,6-Laning of Golden Quadrilateral Stretch Agartala (Mizoram) - Phase-II (PRJ-00543),Ministry of Road Transport and Highways (MoRTH),Road Transport & Highways,NHAI,Mizoram,2813.64,3366.08,346.1,2025-10-15,2025-11-24,2030-07-01,2031-05-27,2.0,Delayed
PRJ-00544,First Mile Connectivity Coal Conveyor Network Kolkata (Bihar) - Phase-I (PRJ-00544),Ministry of Coal (MoC),Coal Mining & Infrastructure,NLCIL,Bihar,439.64,572.18,193.02,2024-06-13,2024-08-14,2026-11-02,2028-05-25,18.6,Delayed
PRJ-00545,Economic Corridor Bypass near 32 (Lucknow-Assam) - Stage-I,Ministry of Road Transport and Highways (MoRTH),Road Transport & Highways,NHAI,Assam,598.62,725.74,462.37,2020-10-11,2020-12-03,2023-09-19,2024-08-14,55.4,Stalled
PRJ-00546,Multi-Modal Transit Hub & Metro Station Srinagar (Nagaland) - Package 2 (PRJ-00546),Ministry of Housing and Urban Affairs (MoHUA),Urban Metro & Transit Systems,Maha-Metro,Nagaland,572.99,722.35,722.35,2021-08-17,2021-12-21,2024-09-06,2025-11-30,100.0,Completed
PRJ-00547,HVDC Bipole Power Transmission Line 23 (Bhopal-Mizoram) - Stage-I,Ministry of Power (MoP),Power Transmission & Distribution,PGCIL,Mizoram,762.9,886.1,886.1,2021-09-21,2022-01-29,2025-04-13,2025-11-09,100.0,Completed
PRJ-00548,HVDC Bipole Power Transmission Line 16 (Kochi-Delhi) - Package 1,Ministry of Power (MoP),Power Transmission & Distribution,REC Power,Delhi,1718.82,2001.65,2001.65,2020-08-27,2020-12-14,2024-03-28,2025-01-22,100.0,Completed
PRJ-00549,Widening & Paving of NH-83 (Kolkata-Himachal Pradesh) - Package 2,Ministry of Road Transport and Highways (MoRTH),Road Transport & Highways,State PWD,Himachal Pradesh,1517.23,1858.06,1858.06,2020-05-03,2020-07-22,2023-10-05,2024-06-01,100.0,Completed
PRJ-00550,Economic Corridor Bypass near 42 (Mangaluru-Odisha) - Phase-III,Ministry of Road Transport and Highways (MoRTH),Road Transport & Highways,State PWD,Odisha,433.57,544.73,192.42,2025-06-11,2025-08-06,2027-07-27,2028-07-21,17.6,Delayed
PRJ-00551,Metro Rail Phase-2 Corridor 33 (Nagpur-Tamil Nadu) - Stage-I,Ministry of Housing and Urban Affairs (MoHUA),Urban Metro & Transit Systems,KMRL,Tamil Nadu,199.04,245.14,152.61,2023-09-23,2024-01-21,2026-05-10,2027-12-31,42.7,Delayed
PRJ-00552,Widening & Paving of NH-97 (Imphal-Haryana) - Package 1,Ministry of Road Transport and Highways (MoRTH),Road Transport & Highways,NHAI,Haryana,301.39,301.39,301.39,2020-06-27,2020-09-13,2023-04-01,2023-04-01,100.0,Completed
PRJ-00553,Opencast Coal Mining Project Expansion Jammu (Nagaland) - Stage-II (PRJ-00553),Ministry of Coal (MoC),Coal Mining & Infrastructure,Coal India (CIL),Nagaland,570.92,637.07,564.37,2022-11-23,2023-02-06,2026-01-21,2026-08-19,76.5,Delayed
PRJ-00554,Opencast Coal Mining Project Expansion Surat (Mizoram) - Phase-I (PRJ-00554),Ministry of Coal (MoC),Coal Mining & Infrastructure,Coal India (CIL),Mizoram,440.71,440.71,440.71,2021-11-13,2021-12-27,2024-11-11,2024-11-11,100.0,Completed
PRJ-00555,Coastal Berth Scheme & Dredging Project Hyderabad (Karnataka) - Phase-I (PRJ-00555),"Ministry of Ports, Shipping and Waterways (MoPSW)",Ports & Maritime Infrastructure,JNPA,Karnataka,2089.71,2716.8,2716.8,2021-05-19,2021-10-05,2024-11-18,2025-11-13,100.0,Completed
PRJ-00556,Dedicated Freight Corridor (DFCC) Segment 52 (Kochi-Delhi) - Stage-II,Ministry of Railways (MoR),Railways,RVNL,Delhi,339.46,485.83,170.96,2023-07-09,2023-08-23,2026-08-07,2029-12-19,20.2,Delayed
PRJ-00557,High-Speed Rail Link Kochi (Mizoram) - Package 1 (PRJ-00557),Ministry of Railways (MoR),Railways,RVNL,Mizoram,239.25,288.94,288.94,2022-01-13,2022-03-08,2025-01-21,2025-05-21,100.0,Completed
PRJ-00558,Super Thermal Power Project (STPP) Stage Dehradun (Uttarakhand) - Phase-I (PRJ-00558),Ministry of Power (MoP),Thermal Power Generation,DVC,Uttarakhand,1358.47,1677.95,1287.68,2023-07-26,2023-08-28,2026-06-13,2027-04-09,66.6,Delayed
PRJ-00559,Floating Solar PV Power Facility Bhubaneswar (Chhattisgarh) - Stage-II (PRJ-00559),Ministry of New and Renewable Energy (MNRE),Renewable Energy (Solar/Wind),SECI,Chhattisgarh,580.2,580.2,580.2,2021-02-25,2021-06-11,2024-07-25,2024-07-25,100.0,Completed
PRJ-00560,Tripling and 4th Line Quadrupling 49 (Agartala-Himachal Pradesh) - Phase-I,Ministry of Railways (MoR),Railways,IRCON,Himachal Pradesh,1242.64,1824.37,278.96,2024-11-14,2024-12-22,2028-06-04,2031-07-19,2.6,Stalled
PRJ-00561,Underground Metro Link Kochi (Odisha) - Stage-II (PRJ-00561),Ministry of Housing and Urban Affairs (MoHUA),Urban Metro & Transit Systems,KMRL,Odisha,4871.96,6381.68,1200.97,2024-11-20,2024-12-21,2030-05-24,2030-12-20,9.8,Delayed
PRJ-00562,Expressway Corridor Phase-35 (Indore-Kerala) - Package 2,Ministry of Road Transport and Highways (MoRTH),Road Transport & Highways,NHAI,Kerala,1578.99,1928.25,1928.25,2020-02-01,2020-05-17,2024-01-27,2025-08-19,100.0,Completed
PRJ-00563,Hydroelectric Project (HEP) Pune (Meghalaya) - Stage-II (PRJ-00563),Ministry of Power (MoP),Hydroelectric Power,THDC,Meghalaya,2779.58,3401.51,3401.51,2020-01-05,2020-03-14,2024-01-23,2025-10-14,100.0,Completed
PRJ-00564,Hydroelectric Project (HEP) Ranchi (Sikkim) - Package 2 (PRJ-00564),Ministry of Power (MoP),Hydroelectric Power,NEEPCO,Sikkim,5595.59,6905.51,1277.85,2024-11-22,2025-01-09,2030-04-13,2030-12-09,2.0,Delayed
PRJ-00565,6-Laning of Golden Quadrilateral Stretch Dehradun (Manipur) - Stage-II (PRJ-00565),Ministry of Road Transport and Highways (MoRTH),Road Transport & Highways,NHIDCL,Manipur,2016.29,2382.51,2382.51,2020-06-07,2020-09-30,2024-05-12,2025-02-06,100.0,Completed
PRJ-00566,4-Laning of NH-39 (Visakhapatnam-Arunachal Pradesh) - Package 1,Ministry of Road Transport and Highways (MoRTH),Road Transport & Highways,NHIDCL,Arunachal Pradesh,1704.82,2352.98,2352.98,2020-11-08,2021-03-06,2024-02-19,2026-06-08,100.0,Completed
PRJ-00567,Metro Rail Phase-2 Corridor 14 (Nagpur-Ladakh) - Phase-III,Ministry of Housing and Urban Affairs (MoHUA),Urban Metro & Transit Systems,DMRC,Ladakh,1073.32,1402.98,420.52,2024-02-05,2024-04-12,2027-10-24,2030-04-11,11.2,Delayed
PRJ-00568,Cross-Country Natural Gas Grid Pipeline Kolkata (Sikkim) - Phase-III (PRJ-00568),Ministry of Petroleum and Natural Gas (MoPNG),Petroleum & Natural Gas Pipelines,IOCL,Sikkim,453.86,453.86,127.09,2025-03-11,2025-07-27,2028-09-09,2028-09-09,28.7,On Track
PRJ-00569,Dedicated Freight Corridor (DFCC) Segment 37 (Dehradun-West Bengal) - Phase-III,Ministry of Railways (MoR),Railways,IRCON,West Bengal,438.24,599.77,353.27,2022-08-08,2022-10-24,2025-08-09,2028-07-24,50.9,Delayed
PRJ-00570,Integrated Steel Plant Modernization Phase Hyderabad (Assam) - Phase-II (PRJ-00570),Ministry of Steel (MoS),Steel & Metallurgy,SAIL,Assam,309.61,380.81,128.4,2024-07-23,2024-10-08,2027-01-26,2028-05-20,16.1,Delayed
PRJ-00571,Pumped Storage Hydel Scheme Bhopal (Punjab) - Stage-II (PRJ-00571),Ministry of Power (MoP),Hydroelectric Power,SJVN,Punjab,891.78,1156.35,1001.57,2021-06-08,2021-07-14,2024-01-30,2026-11-15,77.0,Delayed
PRJ-00572,High-Speed Rail Link Kolkata (Uttarakhand) - Package 1 (PRJ-00572),Ministry of Railways (MoR),Railways,KRCL,Uttarakhand,792.48,1069.43,254.65,2025-09-12,2025-12-14,2028-11-28,2031-03-18,2.0,Stalled
PRJ-00573,Tripling and 4th Line Quadrupling 85 (Chandigarh-Mizoram) - Stage-I,Ministry of Railways (MoR),Railways,Zonal Railways,Mizoram,420.57,420.57,299.74,2025-01-07,2025-03-06,2027-02-24,2027-02-24,74.9,On Track
PRJ-00574,6-Laning of Golden Quadrilateral Stretch Ahmedabad (Maharashtra) - Stage-II (PRJ-00574),Ministry of Road Transport and Highways (MoRTH),Road Transport & Highways,State PWD,Maharashtra,2485.63,3325.9,3325.9,2020-05-15,2020-08-19,2024-01-01,2025-07-24,100.0,Completed
PRJ-00575,24x7 Urban Surface Water Supply Project Guwahati (Mizoram) - Phase-II (PRJ-00575),Ministry of Housing and Urban Affairs (MoHUA),Urban Infrastructure & Water Supply,State Urban Dev Auth,Mizoram,2287.75,2930.81,1457.7,2023-04-09,2023-07-30,2027-04-10,2029-08-27,36.9,Delayed
PRJ-00576,"765kV Super Grid Substation & Transmission Link at Pune, Goa (Phase-I)",Ministry of Power (MoP),Power Transmission & Distribution,State Transco,Goa,1240.53,1573.94,1344.85,2020-06-02,2020-09-09,2024-03-22,2025-10-13,74.3,Stalled
PRJ-00577,Green Energy Corridor Transmission System Phase 49 (Bhopal-Uttar Pradesh) - Phase-I,Ministry of Power (MoP),Power Transmission & Distribution,REC Power,Uttar Pradesh,375.76,375.76,375.76,2022-06-26,2022-09-15,2025-06-01,2025-06-01,100.0,Completed
PRJ-00578,Green Energy Corridor Transmission System Phase 77 (Patna-Uttar Pradesh) - Phase-II,Ministry of Power (MoP),Power Transmission & Distribution,REC Power,Uttar Pradesh,396.05,396.05,206.36,2024-09-25,2024-12-23,2027-11-08,2027-11-08,52.0,On Track
PRJ-00579,Ring Road Construction Phase Visakhapatnam (Kerala) - Phase-I (PRJ-00579),Ministry of Road Transport and Highways (MoRTH),Road Transport & Highways,NHIDCL,Kerala,5963.57,6874.11,3524.27,2022-03-19,2022-08-07,2028-04-07,2029-01-02,29.5,Delayed
PRJ-00580,Refinery Modernization & BS-VI / Clean Fuel Upgrade Kochi (Bihar) - Stage-II (PRJ-00580),Ministry of Petroleum and Natural Gas (MoPNG),Oil Refineries & Petrochemicals,BPCL,Bihar,425.24,425.24,80.66,2025-09-10,2025-11-20,2029-02-02,2029-02-02,20.2,On Track
PRJ-00581,Opencast Coal Mining Project Expansion Guwahati (Manipur) - Package 2 (PRJ-00581),Ministry of Coal (MoC),Coal Mining & Infrastructure,NLCIL,Manipur,7339.72,9615.78,2762.7,2023-04-16,2023-05-29,2028-12-28,2031-01-17,14.0,Delayed
PRJ-00582,Metro Rail Phase-2 Corridor 99 (Kolkata-Maharashtra) - Stage-II,Ministry of Housing and Urban Affairs (MoHUA),Urban Metro & Transit Systems,UPMRC,Maharashtra,2723.44,3117.89,1605.04,2024-08-01,2024-09-23,2027-09-08,2028-04-05,27.0,Delayed
PRJ-00583,High-Speed Rail Link Ranchi (Himachal Pradesh) - Phase-I (PRJ-00583),Ministry of Railways (MoR),Railways,Zonal Railways,Himachal Pradesh,607.15,750.13,750.13,2021-06-28,2021-11-21,2024-08-07,2025-07-03,87.9,Stalled
PRJ-00584,Super Thermal Power Project (STPP) Stage Surat (Madhya Pradesh) - Package 2 (PRJ-00584),Ministry of Power (MoP),Thermal Power Generation,State Genco,Madhya Pradesh,376.4,376.4,319.07,2024-05-19,2024-07-13,2026-09-01,2026-09-01,91.0,On Track
PRJ-00585,"New Terminal Building & Runway Extension at at Chandigarh, Tripura (Package 1)",Ministry of Civil Aviation (MoCA),Civil Aviation & Airports,Adani Airports,Tripura,242.45,319.35,311.79,2023-10-02,2024-02-03,2026-01-23,2026-11-19,75.8,Delayed
PRJ-00586,Major Inter-State River Interlinking Project Pune (Bihar) - Package 2 (PRJ-00586),Ministry of Jal Shakti,Water Resources & Irrigation,NWDA,Bihar,1183.32,1183.32,305.05,2025-07-15,2025-10-02,2028-11-15,2028-11-15,26.3,On Track
PRJ-00587,City Gas Distribution (CGD) Steel Network Dehradun (Mizoram) - Phase-III (PRJ-00587),Ministry of Petroleum and Natural Gas (MoPNG),Petroleum & Natural Gas Pipelines,IOCL,Mizoram,328.61,328.61,161.83,2025-02-23,2025-06-25,2027-06-15,2027-06-15,52.8,On Track
PRJ-00588,New Broad Gauge Railway Line between 68 (Srinagar-Gujarat) - Package 1,Ministry of Railways (MoR),Railways,RVNL,Gujarat,1310.45,2054.04,1283.22,2021-05-07,2021-08-09,2024-06-24,2028-05-04,48.6,Delayed
PRJ-00589,24x7 Urban Surface Water Supply Project Shillong (West Bengal) - Package 1 (PRJ-00589),Ministry of Housing and Urban Affairs (MoHUA),Urban Infrastructure & Water Supply,Smart City SPVs,West Bengal,421.01,421.01,421.01,2020-01-09,2020-02-22,2022-11-08,2022-11-08,100.0,Completed
PRJ-00590,Pumped Storage Hydel Scheme Surat (Assam) - Stage-II (PRJ-00590),Ministry of Power (MoP),Hydroelectric Power,THDC,Assam,681.27,794.08,632.84,2021-03-27,2021-04-28,2024-06-11,2025-03-08,69.3,Stalled
PRJ-00591,Cross-Country Natural Gas Grid Pipeline Kolkata (Ladakh) - Stage-I (PRJ-00591),Ministry of Petroleum and Natural Gas (MoPNG),Petroleum & Natural Gas Pipelines,HPCL,Ladakh,1309.97,1959.37,1038.67,2020-11-18,2021-01-14,2024-10-25,2028-12-03,40.3,Delayed
PRJ-00592,Lift Irrigation Project Stage Lucknow (Rajasthan) - Phase-I (PRJ-00592),Ministry of Jal Shakti,Water Resources & Irrigation,Polavaram Project Auth,Rajasthan,1224.46,1605.97,887.53,2024-01-02,2024-05-09,2026-05-29,2028-04-18,33.5,Delayed
PRJ-00593,Major Inter-State River Interlinking Project Nagpur (Bihar) - Phase-III (PRJ-00593),Ministry of Jal Shakti,Water Resources & Irrigation,CWC,Bihar,466.58,663.51,526.77,2021-11-22,2021-12-30,2024-07-17,2028-02-27,61.2,Delayed
PRJ-00594,4G/5G Saturation Network Infrastructure Bengaluru (Gujarat) - Phase-III (PRJ-00594),Ministry of Communications,Telecommunications & Optical Fibre,BBNL,Gujarat,310.47,310.47,181.37,2024-11-07,2025-02-24,2027-07-14,2027-07-14,58.3,On Track
PRJ-00595,"Multimodal Freight Terminal on NW-at Guwahati, Jammu & Kashmir (Phase-I)","Ministry of Ports, Shipping and Waterways (MoPSW)",Inland Waterways,IWAI,Jammu & Kashmir,760.98,1080.71,708.24,2023-04-15,2023-06-12,2025-07-31,2027-11-18,44.2,Delayed
PRJ-00596,City Gas Distribution (CGD) Steel Network Srinagar (Sikkim) - Package 1 (PRJ-00596),Ministry of Petroleum and Natural Gas (MoPNG),Petroleum & Natural Gas Pipelines,HPCL,Sikkim,990.71,990.71,990.71,2020-12-18,2021-04-28,2024-07-11,2024-07-11,100.0,Completed
PRJ-00597,Run-of-River Hydro Project Kolkata (Tripura) - Stage-II (PRJ-00597),Ministry of Power (MoP),Hydroelectric Power,SJVN,Tripura,747.22,904.66,218.69,2025-06-28,2025-10-21,2028-02-08,2029-10-30,5.9,Delayed
PRJ-00598,Metro Rail Phase-2 Corridor 13 (Mangaluru-Karnataka) - Phase-II,Ministry of Housing and Urban Affairs (MoHUA),Urban Metro & Transit Systems,KMRL,Karnataka,1067.81,1067.81,1000.88,2024-02-10,2024-04-10,2026-08-28,2026-08-28,95.0,On Track
PRJ-00599,Ring Road Construction Phase Jammu (Nagaland) - Package 1 (PRJ-00599),Ministry of Road Transport and Highways (MoRTH),Road Transport & Highways,NHAI,Nagaland,324.52,381.35,114.26,2025-06-05,2025-08-09,2028-02-25,2029-01-20,15.2,Delayed
PRJ-00600,Super Thermal Power Project (STPP) Stage Lucknow (Chhattisgarh) - Phase-II (PRJ-00600),Ministry of Power (MoP),Thermal Power Generation,State Genco,Chhattisgarh,198.71,247.07,57.59,2025-06-11,2025-08-11,2027-12-29,2029-02-21,14.1,Stalled
PRJ-00601,Pumped Storage Hydel Scheme Shillong (Telangana) - Package 2 (PRJ-00601),Ministry of Power (MoP),Hydroelectric Power,SJVN,Telangana,2177.99,2814.25,1962.91,2022-03-15,2022-07-03,2026-03-14,2027-12-04,61.0,Delayed
PRJ-00602,Ring Road Construction Phase Kolkata (Uttarakhand) - Package 2 (PRJ-00602),Ministry of Road Transport and Highways (MoRTH),Road Transport & Highways,NHIDCL,Uttarakhand,6878.05,9001.37,5865.12,2021-04-17,2021-05-27,2027-10-23,2028-09-17,55.0,Delayed
PRJ-00603,Economic Corridor Bypass near 36 (Chandigarh-Sikkim) - Stage-I,Ministry of Road Transport and Highways (MoRTH),Road Transport & Highways,State PWD,Sikkim,259.8,332.51,289.38,2022-08-03,2022-10-18,2025-06-04,2026-12-26,69.6,Delayed
PRJ-00604,Economic Corridor Bypass near 21 (Srinagar-Jammu & Kashmir) - Package 1,Ministry of Road Transport and Highways (MoRTH),Road Transport & Highways,MoRTH Direct,Jammu & Kashmir,345.42,391.22,349.4,2022-10-18,2022-12-06,2026-04-19,2026-08-17,78.3,Delayed
PRJ-00605,Widening & Paving of NH-36 (Hyderabad-Tripura) - Package 1,Ministry of Road Transport and Highways (MoRTH),Road Transport & Highways,NHAI,Tripura,901.02,901.02,901.02,2021-04-01,2021-05-02,2024-06-15,2024-06-15,100.0,Completed
PRJ-00606,Pellet Plant & Blast Furnace Expansion Ahmedabad (Karnataka) - Phase-I (PRJ-00606),Ministry of Steel (MoS),Steel & Metallurgy,NMDC,Karnataka,390.56,473.04,473.04,2020-07-19,2020-09-07,2022-08-28,2023-09-22,100.0,Completed
PRJ-00607,Integrated Smart City Sewerage Treatment Facility Dehradun (Himachal Pradesh) - Package 1 (PRJ-00607),Ministry of Housing and Urban Affairs (MoHUA),Urban Infrastructure & Water Supply,Smart City SPVs,Himachal Pradesh,1317.53,1735.34,276.77,2025-04-08,2025-07-08,2029-06-17,2031-07-07,2.0,Delayed
PRJ-00608,Underground Metro Link Visakhapatnam (Telangana) - Phase-III (PRJ-00608),Ministry of Housing and Urban Affairs (MoHUA),Urban Metro & Transit Systems,BMRCL,Telangana,849.07,857.56,857.56,2021-10-19,2022-02-10,2024-12-26,2024-12-26,100.0,Completed
PRJ-00609,Economic Corridor Bypass near 99 (Imphal-Meghalaya) - Phase-III,Ministry of Road Transport and Highways (MoRTH),Road Transport & Highways,MoRTH Direct,Meghalaya,273.96,273.96,273.96,2022-09-18,2023-01-10,2024-12-30,2024-12-30,100.0,Completed
PRJ-00610,Ultra Mega Renewable Energy Solar Park Jammu (Mizoram) - Stage-I (PRJ-00610),Ministry of New and Renewable Energy (MNRE),Renewable Energy (Solar/Wind),NTPC Green,Mizoram,1303.16,1303.16,1130.78,2023-12-10,2024-01-09,2026-12-24,2026-12-24,90.2,On Track
PRJ-00611,Super Thermal Power Project (STPP) Stage Kolkata (Bihar) - Phase-III (PRJ-00611),Ministry of Power (MoP),Thermal Power Generation,State Genco,Bihar,403.55,523.64,512.48,2021-12-05,2022-01-29,2024-11-14,2026-08-06,82.8,Delayed
PRJ-00612,Green Energy Corridor Transmission System Phase 91 (Shillong-Mizoram) - Package 1,Ministry of Power (MoP),Power Transmission & Distribution,PGCIL,Mizoram,594.58,731.51,305.03,2024-02-28,2024-06-18,2027-06-03,2029-01-23,31.0,Delayed
PRJ-00613,Barrage & Canal Distribution Network Surat (Tamil Nadu) - Stage-II (PRJ-00613),Ministry of Jal Shakti,Water Resources & Irrigation,NWDA,Tamil Nadu,3145.63,3601.3,3089.56,2020-01-02,2020-03-06,2023-11-16,2024-03-15,74.6,Delayed
PRJ-00614,Ultra Supercritical Power Plant Expansion Unit Srinagar (Tamil Nadu) - Package 2 (PRJ-00614),Ministry of Power (MoP),Thermal Power Generation,DVC,Tamil Nadu,743.61,743.61,743.61,2023-06-12,2023-10-07,2026-01-24,2026-01-24,100.0,Completed
PRJ-00615,Ultra Supercritical Power Plant Expansion Unit Visakhapatnam (Jammu & Kashmir) - Stage-I (PRJ-00615),Ministry of Power (MoP),Thermal Power Generation,NTPC,Jammu & Kashmir,293.08,293.08,293.08,2021-01-20,2021-03-06,2023-11-21,2023-11-21,100.0,Completed
PRJ-00616,Integrated Smart City Sewerage Treatment Facility Nagpur (Manipur) - Phase-I (PRJ-00616),Ministry of Housing and Urban Affairs (MoHUA),Urban Infrastructure & Water Supply,Smart City SPVs,Manipur,780.22,780.22,270.91,2025-06-28,2025-08-02,2028-05-18,2028-05-18,36.7,On Track
PRJ-00617,Opencast Coal Mining Project Expansion Surat (Bihar) - Stage-I (PRJ-00617),Ministry of Coal (MoC),Coal Mining & Infrastructure,NLCIL,Bihar,3431.65,4486.97,2021.05,2023-05-20,2023-07-13,2028-05-17,2029-12-08,32.6,Delayed
PRJ-00618,Dedicated Freight Corridor (DFCC) Segment 97 (Agartala-Tamil Nadu) - Phase-III,Ministry of Railways (MoR),Railways,IRCON,Tamil Nadu,9906.17,16561.88,3724.49,2024-08-06,2024-12-28,2031-11-22,2036-05-29,2.0,Stalled
PRJ-00619,Widening & Paving of NH-31 (Kochi-Arunachal Pradesh) - Phase-I,Ministry of Road Transport and Highways (MoRTH),Road Transport & Highways,NHAI,Arunachal Pradesh,667.66,802.88,622.71,2022-07-25,2022-09-28,2025-10-12,2027-03-06,60.2,Delayed
PRJ-00620,Tripling and 4th Line Quadrupling 99 (Jammu-Andhra Pradesh) - Phase-I,Ministry of Railways (MoR),Railways,KRCL,Andhra Pradesh,771.4,779.11,779.11,2022-04-19,2022-08-25,2025-11-07,2025-11-07,100.0,Completed
PRJ-00621,4-Laning of NH-22 (Jaipur-Nagaland) - Phase-III,Ministry of Road Transport and Highways (MoRTH),Road Transport & Highways,NHIDCL,Nagaland,854.03,1057.42,969.18,2020-02-11,2020-06-14,2023-09-27,2025-02-18,79.7,Delayed
PRJ-00622,Strategic Mineral Beneficiation Facility Guwahati (Punjab) - Phase-III (PRJ-00622),Ministry of Mines,Mining & Mineral Processing,NALCO,Punjab,2966.31,3637.4,2522.07,2022-11-26,2023-01-11,2026-07-24,2028-01-15,51.9,Delayed
PRJ-00623,Petrochemical Complex Expansion Unit Lucknow (Chhattisgarh) - Package 1 (PRJ-00623),Ministry of Petroleum and Natural Gas (MoPNG),Oil Refineries & Petrochemicals,BPCL,Chhattisgarh,441.74,476.48,80.07,2025-08-05,2025-11-19,2029-05-02,2029-10-29,2.0,Delayed
PRJ-00624,24x7 Urban Surface Water Supply Project Mangaluru (Gujarat) - Phase-III (PRJ-00624),Ministry of Housing and Urban Affairs (MoHUA),Urban Infrastructure & Water Supply,State Urban Dev Auth,Gujarat,887.7,887.7,147.52,2025-10-16,2026-02-03,2029-06-17,2029-06-17,16.4,On Track
PRJ-00625,6-Laning of Golden Quadrilateral Stretch Mangaluru (Chhattisgarh) - Stage-II (PRJ-00625),Ministry of Road Transport and Highways (MoRTH),Road Transport & Highways,NHIDCL,Chhattisgarh,8533.35,13006.05,2892.89,2025-04-23,2025-08-25,2032-02-20,2034-09-07,2.0,Delayed
PRJ-00626,Tripling and 4th Line Quadrupling 65 (Bhopal-Jammu & Kashmir) - Phase-III,Ministry of Railways (MoR),Railways,IRCON,Jammu & Kashmir,1112.72,1278.35,236.51,2025-08-12,2025-12-16,2028-11-30,2029-08-27,2.0,Stalled
PRJ-00627,First Mile Connectivity Coal Conveyor Network Bhopal (Punjab) - Phase-I (PRJ-00627),Ministry of Coal (MoC),Coal Mining & Infrastructure,SCCL,Punjab,1722.38,2164.89,2164.89,2021-06-25,2021-11-03,2024-11-17,2025-08-14,100.0,Completed
PRJ-00628,6-Laning of Golden Quadrilateral Stretch Hyderabad (Haryana) - Phase-II (PRJ-00628),Ministry of Road Transport and Highways (MoRTH),Road Transport & Highways,State PWD,Haryana,840.51,1055.47,229.65,2025-04-24,2025-08-15,2028-07-30,2029-09-23,2.0,Delayed
PRJ-00629,Fast Breeder Reactor Facility Kochi (Delhi) - Stage-II (PRJ-00629),Department of Atomic Energy (DAE),Atomic Energy & Nuclear Plants,ECIL,Delhi,374.89,374.89,374.89,2021-01-04,2021-03-20,2023-10-06,2023-10-06,100.0,Completed
PRJ-00630,Opencast Coal Mining Project Expansion Bengaluru (Himachal Pradesh) - Package 1 (PRJ-00630),Ministry of Coal (MoC),Coal Mining & Infrastructure,Coal India (CIL),Himachal Pradesh,1342.98,1342.98,960.66,2023-05-23,2023-09-06,2027-07-17,2027-07-17,75.2,On Track
PRJ-00631,Tripling and 4th Line Quadrupling 12 (Dehradun-Mizoram) - Phase-III,Ministry of Railways (MoR),Railways,Zonal Railways,Mizoram,283.35,345.53,345.53,2020-02-03,2020-03-19,2023-05-03,2025-04-22,100.0,Completed
PRJ-00632,Widening & Paving of NH-49 (Dehradun-Tamil Nadu) - Package 1,Ministry of Road Transport and Highways (MoRTH),Road Transport & Highways,MoRTH Direct,Tamil Nadu,481.61,613.23,212.84,2024-03-04,2024-05-14,2027-01-29,2028-05-23,23.6,Delayed
PRJ-00633,Barrage & Canal Distribution Network Imphal (Maharashtra) - Stage-II (PRJ-00633),Ministry of Jal Shakti,Water Resources & Irrigation,Polavaram Project Auth,Maharashtra,1042.03,1042.03,667.9,2024-08-03,2024-11-07,2027-03-27,2027-03-27,69.2,On Track
PRJ-00634,HVDC Bipole Power Transmission Line 11 (Shimla-Punjab) - Phase-II,Ministry of Power (MoP),Power Transmission & Distribution,PGCIL,Punjab,632.41,632.41,454.31,2024-08-26,2024-11-04,2027-05-23,2027-05-23,71.3,On Track
PRJ-00635,New Broad Gauge Railway Line between 32 (Lucknow-Gujarat) - Package 2,Ministry of Railways (MoR),Railways,RVNL,Gujarat,498.74,642.86,383.85,2023-11-01,2024-01-01,2026-06-19,2028-02-09,43.2,Delayed
PRJ-00636,City Gas Distribution (CGD) Steel Network Bhubaneswar (Rajasthan) - Phase-III (PRJ-00636),Ministry of Petroleum and Natural Gas (MoPNG),Petroleum & Natural Gas Pipelines,HPCL,Rajasthan,1142.82,1142.82,710.94,2024-09-17,2024-11-12,2027-06-30,2027-06-30,65.4,On Track
PRJ-00637,Underground Metro Link Jaipur (Ladakh) - Stage-I (PRJ-00637),Ministry of Housing and Urban Affairs (MoHUA),Urban Metro & Transit Systems,KMRL,Ladakh,727.21,1022.84,156.7,2024-07-03,2024-10-11,2027-09-26,2030-03-14,2.0,Delayed
PRJ-00638,National Waterway-1 Modern Navigation Channel Mangaluru (Delhi) - Package 2 (PRJ-00638),"Ministry of Ports, Shipping and Waterways (MoPSW)",Inland Waterways,IWAI,Delhi,1184.95,1645.98,1645.98,2021-02-21,2021-06-24,2024-04-09,2026-04-29,100.0,Completed
PRJ-00639,"New Terminal Building & Runway Extension at at Agartala, Tripura (Package 1)",Ministry of Civil Aviation (MoCA),Civil Aviation & Airports,AAI,Tripura,681.6,871.77,871.77,2020-10-08,2020-11-16,2024-05-29,2025-05-24,100.0,Completed
PRJ-00640,"Deep Water Container Terminal Berth at Nagpur, Mizoram (Package 1)","Ministry of Ports, Shipping and Waterways (MoPSW)",Ports & Maritime Infrastructure,Deendayal Port Auth,Mizoram,301.55,301.55,301.55,2021-07-04,2021-11-11,2024-07-28,2024-07-28,100.0,Completed
PRJ-00641,Integrated Steel Plant Modernization Phase Shimla (Mizoram) - Phase-I (PRJ-00641),Ministry of Steel (MoS),Steel & Metallurgy,NMDC,Mizoram,10386.44,14959.35,4890.48,2021-06-25,2021-09-12,2028-08-06,2031-03-24,22.9,Delayed
PRJ-00642,"Multimodal Freight Terminal on NW-at Hyderabad, Karnataka (Phase-I)","Ministry of Ports, Shipping and Waterways (MoPSW)",Inland Waterways,IWAI,Karnataka,2690.24,2690.24,512.67,2025-09-23,2025-11-11,2030-03-20,2030-03-20,19.2,On Track
PRJ-00643,Economic Corridor Bypass near 69 (Shimla-Madhya Pradesh) - Stage-I,Ministry of Road Transport and Highways (MoRTH),Road Transport & Highways,NHIDCL,Madhya Pradesh,620.32,761.98,664.22,2021-08-12,2021-12-22,2025-02-04,2026-03-01,75.8,Delayed
PRJ-00644,Dedicated Freight Corridor (DFCC) Segment 21 (Bhubaneswar-Odisha) - Stage-I,Ministry of Railways (MoR),Railways,Zonal Railways,Odisha,967.32,1177.66,1177.66,2020-12-08,2021-05-07,2024-09-18,2025-06-15,100.0,Completed
PRJ-00645,High-Speed Rail Link Indore (Tamil Nadu) - Stage-I (PRJ-00645),Ministry of Railways (MoR),Railways,Zonal Railways,Tamil Nadu,844.64,1037.86,1037.86,2020-07-01,2020-10-17,2023-02-04,2023-08-03,100.0,Completed
PRJ-00646,Hydroelectric Project (HEP) Visakhapatnam (Telangana) - Stage-I (PRJ-00646),Ministry of Power (MoP),Hydroelectric Power,NHPC,Telangana,708.93,877.03,444.84,2024-04-06,2024-05-15,2026-10-02,2028-01-25,32.6,Delayed
PRJ-00647,New Broad Gauge Railway Line between 42 (Bengaluru-Ladakh) - Stage-I,Ministry of Railways (MoR),Railways,IRCON,Ladakh,741.72,924.04,431.4,2024-02-10,2024-04-18,2027-08-31,2028-08-25,30.9,Delayed
PRJ-00648,High-Speed Rail Link Dehradun (Goa) - Stage-II (PRJ-00648),Ministry of Railways (MoR),Railways,DFCCIL,Goa,2307.59,3395.83,2401.89,2020-08-20,2021-01-05,2024-09-16,2027-10-31,61.8,Delayed
PRJ-00649,4-Laning of NH-66 (Ranchi-West Bengal) - Phase-I,Ministry of Road Transport and Highways (MoRTH),Road Transport & Highways,NHIDCL,West Bengal,731.57,858.22,772.82,2023-04-03,2023-07-09,2025-09-26,2026-09-21,80.9,Delayed
PRJ-00650,Pellet Plant & Blast Furnace Expansion Ranchi (West Bengal) - Phase-III (PRJ-00650),Ministry of Steel (MoS),Steel & Metallurgy,RINL,West Bengal,1330.16,1571.42,896.69,2023-03-18,2023-07-29,2026-09-11,2028-08-31,38.5,Delayed
PRJ-00651,Integrated Steel Plant Modernization Phase Shillong (Ladakh) - Phase-I (PRJ-00651),Ministry of Steel (MoS),Steel & Metallurgy,SAIL,Ladakh,959.43,1119.14,1119.14,2021-05-02,2021-06-18,2024-05-03,2025-03-29,100.0,Completed
PRJ-00652,First Mile Connectivity Coal Conveyor Network Hyderabad (Rajasthan) - Stage-II (PRJ-00652),Ministry of Coal (MoC),Coal Mining & Infrastructure,SCCL,Rajasthan,226.26,226.26,183.57,2023-09-24,2024-02-19,2027-03-05,2027-03-05,80.6,On Track
PRJ-00653,Expressway Corridor Phase-87 (Raipur-Himachal Pradesh) - Package 1,Ministry of Road Transport and Highways (MoRTH),Road Transport & Highways,NHIDCL,Himachal Pradesh,676.54,850.94,121.06,2025-01-14,2025-04-15,2028-09-26,2029-12-20,2.0,Delayed
PRJ-00654,Hydroelectric Project (HEP) Jaipur (Nagaland) - Stage-II (PRJ-00654),Ministry of Power (MoP),Hydroelectric Power,SJVN,Nagaland,1063.47,1200.63,912.66,2022-12-08,2023-04-02,2026-01-16,2026-06-15,66.1,Delayed
PRJ-00655,Port Modernization & Breakwater Expansion Hyderabad (Arunachal Pradesh) - Phase-I (PRJ-00655),"Ministry of Ports, Shipping and Waterways (MoPSW)",Ports & Maritime Infrastructure,Deendayal Port Auth,Arunachal Pradesh,431.41,509.19,394.67,2022-04-05,2022-06-28,2024-11-14,2025-03-14,67.4,Delayed
PRJ-00656,"New Terminal Building & Runway Extension at at Indore, Himachal Pradesh (Stage-I)",Ministry of Civil Aviation (MoCA),Civil Aviation & Airports,PPP Airport SPV,Himachal Pradesh,803.6,942.85,942.85,2020-05-04,2020-07-07,2023-09-20,2024-06-16,100.0,Completed
PRJ-00657,Expressway Corridor Phase-23 (Surat-Sikkim) - Package 2,Ministry of Road Transport and Highways (MoRTH),Road Transport & Highways,NHIDCL,Sikkim,358.1,413.41,413.41,2023-03-09,2023-06-09,2025-08-27,2026-04-24,100.0,Completed
PRJ-00658,Expressway Corridor Phase-85 (Dehradun-Nagaland) - Phase-II,Ministry of Road Transport and Highways (MoRTH),Road Transport & Highways,State PWD,Nagaland,399.55,503.41,427.11,2023-02-04,2023-03-22,2026-01-05,2027-09-27,60.6,Delayed
PRJ-00659,Dedicated Freight Corridor (DFCC) Segment 90 (Bengaluru-Goa) - Package 2,Ministry of Railways (MoR),Railways,Zonal Railways,Goa,682.08,682.08,682.08,2022-05-24,2022-08-22,2025-07-07,2025-07-07,100.0,Completed
PRJ-00660,National Waterway-1 Modern Navigation Channel Dehradun (Kerala) - Package 1 (PRJ-00660),"Ministry of Ports, Shipping and Waterways (MoPSW)",Inland Waterways,IWAI,Kerala,820.93,820.93,820.93,2020-08-14,2020-11-19,2023-08-06,2023-08-06,100.0,Completed
PRJ-00661,Light Urban Rail Transit (Metrolite) Guwahati (Chhattisgarh) - Stage-I (PRJ-00661),Ministry of Housing and Urban Affairs (MoHUA),Urban Metro & Transit Systems,UPMRC,Chhattisgarh,479.26,529.22,235.07,2024-09-03,2024-10-24,2027-02-11,2027-11-08,33.7,Delayed
PRJ-00662,Opencast Coal Mining Project Expansion Nagpur (Meghalaya) - Package 2 (PRJ-00662),Ministry of Coal (MoC),Coal Mining & Infrastructure,Coal India (CIL),Meghalaya,528.55,528.55,528.55,2021-10-23,2021-11-23,2024-04-11,2024-04-11,100.0,Completed
PRJ-00663,Super Thermal Power Project (STPP) Stage Kolkata (Arunachal Pradesh) - Phase-I (PRJ-00663),Ministry of Power (MoP),Thermal Power Generation,State Genco,Arunachal Pradesh,1517.14,1834.54,957.91,2024-04-10,2024-05-15,2027-12-26,2028-08-22,37.8,Delayed
PRJ-00664,Dedicated Freight Corridor (DFCC) Segment 55 (Bengaluru-Maharashtra) - Stage-I,Ministry of Railways (MoR),Railways,IRCON,Maharashtra,586.55,671.58,154.33,2025-10-12,2025-12-22,2028-09-07,2029-09-02,2.0,Delayed
PRJ-00665,4-Laning of NH-56 (Dehradun-Himachal Pradesh) - Stage-II,Ministry of Road Transport and Highways (MoRTH),Road Transport & Highways,State PWD,Himachal Pradesh,783.09,994.76,701.26,2021-12-09,2022-01-30,2025-01-14,2025-11-10,61.3,Delayed
PRJ-00666,Widening & Paving of NH-81 (Dehradun-Punjab) - Package 2,Ministry of Road Transport and Highways (MoRTH),Road Transport & Highways,State PWD,Punjab,1054.06,1161.07,1161.07,2021-08-08,2021-10-18,2025-03-01,2025-08-28,100.0,Completed
PRJ-00667,Railway Line Doubling & Electrification 34 (Surat-Uttarakhand) - Package 1,Ministry of Railways (MoR),Railways,Zonal Railways,Uttarakhand,1072.76,1072.76,1072.76,2021-04-19,2021-07-20,2024-02-05,2024-02-05,100.0,Completed
PRJ-00668,Light Urban Rail Transit (Metrolite) Pune (Bihar) - Stage-I (PRJ-00668),Ministry of Housing and Urban Affairs (MoHUA),Urban Metro & Transit Systems,DMRC,Bihar,379.33,439.04,385.55,2023-02-24,2023-06-01,2025-11-17,2026-09-13,69.6,Delayed
PRJ-00669,Opencast Coal Mining Project Expansion Varanasi (Goa) - Phase-II (PRJ-00669),Ministry of Coal (MoC),Coal Mining & Infrastructure,SCCL,Goa,2358.23,2702.56,1892.74,2020-05-05,2020-10-02,2024-04-14,2025-06-08,60.9,Delayed
PRJ-00670,Ring Road Construction Phase Srinagar (Tamil Nadu) - Package 1 (PRJ-00670),Ministry of Road Transport and Highways (MoRTH),Road Transport & Highways,NHIDCL,Tamil Nadu,613.71,763.96,659.79,2021-05-11,2021-08-10,2024-09-23,2025-04-21,75.1,Delayed
PRJ-00671,Tripling and 4th Line Quadrupling 11 (Imphal-Haryana) - Phase-II,Ministry of Railways (MoR),Railways,KRCL,Haryana,449.95,522.23,522.23,2021-01-08,2021-04-02,2023-11-18,2024-10-13,100.0,Completed
PRJ-00672,Strategic Mineral Beneficiation Facility Bengaluru (Nagaland) - Phase-III (PRJ-00672),Ministry of Mines,Mining & Mineral Processing,NMDC,Nagaland,810.01,949.57,949.57,2020-10-11,2020-11-25,2023-09-11,2024-09-05,100.0,Completed
PRJ-00673,Widening & Paving of NH-90 (Raipur-Haryana) - Phase-III,Ministry of Road Transport and Highways (MoRTH),Road Transport & Highways,NHIDCL,Haryana,1095.28,1095.28,1095.28,2022-06-04,2022-08-07,2026-04-18,2026-04-18,100.0,Completed
PRJ-00674,"New Terminal Building & Runway Extension at at Guwahati, Assam (Stage-I)",Ministry of Civil Aviation (MoCA),Civil Aviation & Airports,PPP Airport SPV,Assam,3790.16,4619.1,2070.53,2023-02-04,2023-05-18,2028-11-17,2029-10-13,30.5,Delayed
PRJ-00675,Light Urban Rail Transit (Metrolite) Bhubaneswar (Ladakh) - Package 1 (PRJ-00675),Ministry of Housing and Urban Affairs (MoHUA),Urban Metro & Transit Systems,CMRL,Ladakh,1161.68,1610.75,764.62,2023-12-14,2024-03-30,2027-04-14,2029-02-02,35.1,Delayed
PRJ-00676,Ultra Supercritical Power Plant Expansion Unit Bhopal (Tamil Nadu) - Package 2 (PRJ-00676),Ministry of Power (MoP),Thermal Power Generation,State Genco,Tamil Nadu,1657.63,2120.48,737.13,2024-04-13,2024-05-23,2027-05-08,2028-07-01,19.2,Delayed
PRJ-00677,Hydroelectric Project (HEP) Ahmedabad (Rajasthan) - Phase-III (PRJ-00677),Ministry of Power (MoP),Hydroelectric Power,SJVN,Rajasthan,1583.9,2255.29,2255.29,2020-04-28,2020-05-30,2023-08-13,2026-06-28,100.0,Completed
PRJ-00678,High-Speed Rail Link Shillong (Chhattisgarh) - Package 1 (PRJ-00678),Ministry of Railways (MoR),Railways,IRCON,Chhattisgarh,2509.59,3329.43,2567.25,2021-04-27,2021-06-24,2025-03-05,2027-08-22,56.5,Delayed
PRJ-00679,Elevated Metro Rail Extension Kochi (Delhi) - Phase-I (PRJ-00679),Ministry of Housing and Urban Affairs (MoHUA),Urban Metro & Transit Systems,UPMRC,Delhi,611.31,732.26,181.84,2025-02-22,2025-06-06,2028-08-19,2029-10-13,4.1,Delayed
PRJ-00680,Dedicated Freight Corridor (DFCC) Segment 64 (Ahmedabad-Nagaland) - Package 2,Ministry of Railways (MoR),Railways,RVNL,Nagaland,340.75,466.58,466.58,2021-03-16,2021-07-19,2024-05-04,2025-11-25,100.0,Completed
PRJ-00681,Dedicated Freight Corridor (DFCC) Segment 33 (Dehradun-Himachal Pradesh) - Package 2,Ministry of Railways (MoR),Railways,IRCON,Himachal Pradesh,735.13,771.89,373.78,2024-03-01,2024-05-20,2027-12-01,2028-07-28,28.4,Delayed
PRJ-00682,Railway Line Doubling & Electrification 31 (Lucknow-Gujarat) - Package 1,Ministry of Railways (MoR),Railways,KRCL,Gujarat,362.83,362.83,362.83,2022-02-17,2022-05-06,2024-11-21,2024-11-21,100.0,Completed
PRJ-00683,Widening & Paving of NH-62 (Bhubaneswar-Tamil Nadu) - Stage-I,Ministry of Road Transport and Highways (MoRTH),Road Transport & Highways,MoRTH Direct,Tamil Nadu,2062.82,2447.2,1586.55,2023-03-02,2023-07-12,2027-04-22,2027-11-18,44.4,Delayed
PRJ-00684,24x7 Urban Surface Water Supply Project Lucknow (Nagaland) - Package 2 (PRJ-00684),Ministry of Housing and Urban Affairs (MoHUA),Urban Infrastructure & Water Supply,NBCC,Nagaland,860.59,1108.47,1108.47,2020-02-07,2020-05-23,2023-06-07,2025-12-23,100.0,Completed
PRJ-00685,BharatNet Rural Optical Fibre Deployment Phase Surat (Jharkhand) - Phase-I (PRJ-00685),Ministry of Communications,Telecommunications & Optical Fibre,TCIL,Jharkhand,602.88,602.88,602.88,2022-02-10,2022-03-13,2024-08-29,2024-08-29,100.0,Completed
PRJ-00686,Multi-Modal Transit Hub & Metro Station Jammu (Bihar) - Phase-I (PRJ-00686),Ministry of Housing and Urban Affairs (MoHUA),Urban Metro & Transit Systems,BMRCL,Bihar,258.84,258.84,172.85,2024-03-01,2024-06-14,2027-08-28,2027-08-28,70.0,On Track
PRJ-00687,"Greenfield International Airport Phase at Mangaluru, Uttarakhand (Phase-II)",Ministry of Civil Aviation (MoCA),Civil Aviation & Airports,Adani Airports,Uttarakhand,754.27,754.27,98.52,2025-11-05,2026-03-13,2029-01-26,2029-01-26,13.0,On Track
PRJ-00688,Expressway Corridor Phase-57 (Hyderabad-Jharkhand) - Phase-III,Ministry of Road Transport and Highways (MoRTH),Road Transport & Highways,MoRTH Direct,Jharkhand,326.09,326.09,222.58,2024-07-02,2024-11-23,2027-05-12,2027-05-12,69.4,On Track
PRJ-00689,6-Laning of Golden Quadrilateral Stretch Nagpur (Jharkhand) - Stage-II (PRJ-00689),Ministry of Road Transport and Highways (MoRTH),Road Transport & Highways,NHAI,Jharkhand,5173.64,5844.78,2684.34,2022-09-28,2023-02-07,2028-08-09,2028-12-07,25.7,Delayed
PRJ-00690,Nano Fertilizer Manufacturing Plant Jaipur (Uttarakhand) - Phase-III (PRJ-00690),Ministry of Chemicals and Fertilizers,Fertilizer Plants & Petrochemicals,NFL,Uttarakhand,5471.36,6912.56,6639.65,2020-02-06,2020-06-05,2025-03-11,2026-08-03,79.0,Delayed
PRJ-00691,Pumped Storage Hydel Scheme Ranchi (Himachal Pradesh) - Package 1 (PRJ-00691),Ministry of Power (MoP),Hydroelectric Power,THDC,Himachal Pradesh,1141.71,1476.06,878.02,2023-10-22,2023-12-07,2026-06-24,2028-01-15,35.8,Delayed
PRJ-00692,24x7 Urban Surface Water Supply Project Jaipur (Kerala) - Package 2 (PRJ-00692),Ministry of Housing and Urban Affairs (MoHUA),Urban Infrastructure & Water Supply,Smart City SPVs,Kerala,881.7,1200.66,269.99,2025-01-24,2025-06-04,2027-10-22,2029-06-13,5.5,Delayed
PRJ-00693,Dedicated Freight Corridor (DFCC) Segment 60 (Guwahati-Karnataka) - Phase-II,Ministry of Railways (MoR),Railways,IRCON,Karnataka,4192.73,6021.13,2258.21,2023-11-03,2024-01-16,2028-02-24,2029-06-18,24.8,Delayed
PRJ-00694,Green Energy Corridor Transmission System Phase 66 (Bengaluru-Uttar Pradesh) - Stage-II,Ministry of Power (MoP),Power Transmission & Distribution,PGCIL,Uttar Pradesh,433.7,433.7,433.7,2021-07-11,2021-08-18,2024-07-03,2024-07-03,100.0,Completed
PRJ-00695,Ammonia-Urea Fertilizer Complex Revival Dehradun (Assam) - Phase-III (PRJ-00695),Ministry of Chemicals and Fertilizers,Fertilizer Plants & Petrochemicals,FACT,Assam,686.92,856.05,600.51,2024-01-20,2024-05-28,2026-05-18,2027-09-10,46.5,Delayed
PRJ-00696,Widening & Paving of NH-45 (Srinagar-Delhi) - Package 1,Ministry of Road Transport and Highways (MoRTH),Road Transport & Highways,NHAI,Delhi,514.77,728.63,526.94,2022-11-06,2022-12-16,2026-04-29,2027-11-20,56.1,Delayed
PRJ-00697,Dedicated Freight Corridor (DFCC) Segment 65 (Imphal-Meghalaya) - Phase-I,Ministry of Railways (MoR),Railways,DFCCIL,Meghalaya,1157.07,1618.19,1459.7,2022-05-06,2022-06-30,2025-05-15,2027-04-05,72.4,Delayed
PRJ-00698,Ring Road Construction Phase Nagpur (Chhattisgarh) - Stage-II (PRJ-00698),Ministry of Road Transport and Highways (MoRTH),Road Transport & Highways,MoRTH Direct,Chhattisgarh,836.54,836.54,567.99,2024-04-03,2024-08-03,2027-06-19,2027-06-19,67.6,On Track
PRJ-00699,Railway Line Doubling & Electrification 51 (Visakhapatnam-Assam) - Package 1,Ministry of Railways (MoR),Railways,RVNL,Assam,526.36,746.68,574.68,2020-11-14,2021-01-16,2023-10-03,2027-09-12,63.6,Delayed
PRJ-00700,6-Laning of Golden Quadrilateral Stretch Jammu (Manipur) - Package 1 (PRJ-00700),Ministry of Road Transport and Highways (MoRTH),Road Transport & Highways,NHAI,Manipur,431.67,632.02,112.16,2025-09-25,2025-11-15,2028-06-02,2031-06-17,2.0,Stalled
PRJ-00701,Pumped Storage Hydel Scheme Imphal (Ladakh) - Phase-I (PRJ-00701),Ministry of Power (MoP),Hydroelectric Power,NHPC,Ladakh,423.06,539.28,436.91,2022-05-17,2022-09-28,2025-10-12,2027-07-04,57.5,Delayed
PRJ-00702,Refinery Modernization & BS-VI / Clean Fuel Upgrade Indore (Bihar) - Phase-I (PRJ-00702),Ministry of Petroleum and Natural Gas (MoPNG),Oil Refineries & Petrochemicals,MRPL,Bihar,262.45,342.0,286.91,2021-08-14,2021-10-30,2024-07-16,2026-09-04,74.2,Delayed
PRJ-00703,4-Laning of NH-24 (Shimla-Rajasthan) - Phase-I,Ministry of Road Transport and Highways (MoRTH),Road Transport & Highways,State PWD,Rajasthan,743.02,743.02,743.02,2020-11-01,2021-02-17,2024-02-02,2024-02-02,100.0,Completed
PRJ-00704,Cross-Country Natural Gas Grid Pipeline Kochi (Punjab) - Phase-II (PRJ-00704),Ministry of Petroleum and Natural Gas (MoPNG),Petroleum & Natural Gas Pipelines,BPCL,Punjab,1011.65,1313.72,809.62,2023-09-13,2023-10-27,2026-08-12,2028-01-04,40.6,Delayed
PRJ-00705,Railway Line Doubling & Electrification 47 (Ranchi-Jammu & Kashmir) - Package 2,Ministry of Railways (MoR),Railways,Zonal Railways,Jammu & Kashmir,1105.11,1450.51,947.63,2022-11-09,2023-01-17,2026-05-31,2027-11-22,53.9,Delayed
PRJ-00706,4G/5G Saturation Network Infrastructure Agartala (Assam) - Stage-II (PRJ-00706),Ministry of Communications,Telecommunications & Optical Fibre,BSNL,Assam,1690.82,1943.5,406.94,2024-12-20,2025-02-28,2028-12-09,2029-08-06,9.1,Delayed
PRJ-00707,City Gas Distribution (CGD) Steel Network Varanasi (Chhattisgarh) - Package 1 (PRJ-00707),Ministry of Petroleum and Natural Gas (MoPNG),Petroleum & Natural Gas Pipelines,HPCL,Chhattisgarh,750.47,877.83,877.83,2021-11-13,2022-03-16,2024-11-30,2025-06-28,100.0,Completed
PRJ-00708,6-Laning of Golden Quadrilateral Stretch Bhopal (Chhattisgarh) - Phase-III (PRJ-00708),Ministry of Road Transport and Highways (MoRTH),Road Transport & Highways,State PWD,Chhattisgarh,633.46,826.21,826.21,2021-02-03,2021-03-08,2023-10-24,2024-10-18,100.0,Completed
PRJ-00709,Expressway Corridor Phase-41 (Dehradun-Andhra Pradesh) - Phase-II,Ministry of Road Transport and Highways (MoRTH),Road Transport & Highways,MoRTH Direct,Andhra Pradesh,773.51,773.51,318.94,2025-04-10,2025-06-03,2028-01-19,2028-01-19,44.4,On Track
PRJ-00710,Hydroelectric Project (HEP) Ahmedabad (Mizoram) - Stage-I (PRJ-00710),Ministry of Power (MoP),Hydroelectric Power,NHPC,Mizoram,864.72,1077.51,1077.51,2020-11-19,2021-04-08,2024-01-23,2026-01-12,100.0,Completed
PRJ-00711,Ammonia-Urea Fertilizer Complex Revival Surat (Arunachal Pradesh) - Package 1 (PRJ-00711),Ministry of Chemicals and Fertilizers,Fertilizer Plants & Petrochemicals,FACT,Arunachal Pradesh,3323.39,4135.88,4135.88,2020-08-21,2020-09-29,2024-08-09,2025-02-05,100.0,Completed
PRJ-00712,Pellet Plant & Blast Furnace Expansion Ranchi (Tripura) - Package 2 (PRJ-00712),Ministry of Steel (MoS),Steel & Metallurgy,SAIL,Tripura,497.62,637.48,200.25,2024-09-01,2024-10-21,2027-06-08,2028-04-03,17.0,Delayed
PRJ-00713,Underground Metro Link Srinagar (Gujarat) - Phase-II (PRJ-00713),Ministry of Housing and Urban Affairs (MoHUA),Urban Metro & Transit Systems,KMRL,Gujarat,1913.07,2488.45,2076.35,2022-02-07,2022-03-12,2026-02-19,2027-04-15,65.1,Delayed
PRJ-00714,HVDC Bipole Power Transmission Line 48 (Mangaluru-Ladakh) - Stage-I,Ministry of Power (MoP),Power Transmission & Distribution,PGCIL,Ladakh,432.84,432.84,432.84,2023-12-26,2024-03-28,2026-07-16,2026-07-16,100.0,Completed
PRJ-00715,Widening & Paving of NH-66 (Patna-Jharkhand) - Package 1,Ministry of Road Transport and Highways (MoRTH),Road Transport & Highways,NHIDCL,Jharkhand,1667.69,1805.28,1458.96,2023-07-20,2023-11-22,2027-02-04,2027-06-04,62.9,Delayed
PRJ-00716,"New Terminal Building & Runway Extension at at Ahmedabad, Chhattisgarh (Phase-II)",Ministry of Civil Aviation (MoCA),Civil Aviation & Airports,Adani Airports,Chhattisgarh,254.61,254.61,254.61,2020-09-09,2020-12-23,2023-09-09,2023-09-09,100.0,Completed
PRJ-00717,First Mile Connectivity Coal Conveyor Network Kolkata (Jharkhand) - Phase-II (PRJ-00717),Ministry of Coal (MoC),Coal Mining & Infrastructure,NLCIL,Jharkhand,349.32,414.09,414.09,2020-04-22,2020-07-08,2023-10-21,2024-08-16,100.0,Completed
PRJ-00718,First Mile Connectivity Coal Conveyor Network Ahmedabad (Maharashtra) - Phase-III (PRJ-00718),Ministry of Coal (MoC),Coal Mining & Infrastructure,Coal India (CIL),Maharashtra,816.82,1016.65,527.32,2024-04-17,2024-06-13,2027-03-30,2028-07-22,28.4,Delayed
PRJ-00719,Pellet Plant & Blast Furnace Expansion Dehradun (Haryana) - Stage-I (PRJ-00719),Ministry of Steel (MoS),Steel & Metallurgy,NMDC,Haryana,1114.64,1316.24,786.24,2023-06-27,2023-09-05,2027-04-17,2028-11-07,35.3,Delayed
PRJ-00720,First Mile Connectivity Coal Conveyor Network Kolkata (Kerala) - Package 2 (PRJ-00720),Ministry of Coal (MoC),Coal Mining & Infrastructure,Coal India (CIL),Kerala,186.83,242.77,238.04,2023-04-19,2023-05-21,2025-08-08,2026-11-01,76.0,Delayed
PRJ-00721,Super Thermal Power Project (STPP) Stage Bhopal (Haryana) - Phase-III (PRJ-00721),Ministry of Power (MoP),Thermal Power Generation,NTPC,Haryana,673.82,828.82,267.66,2025-01-03,2025-04-03,2027-04-23,2028-09-14,22.1,Delayed
PRJ-00722,New Broad Gauge Railway Line between 89 (Bhopal-Uttarakhand) - Package 1,Ministry of Railways (MoR),Railways,Zonal Railways,Uttarakhand,1742.72,1742.72,1742.72,2020-07-10,2020-11-06,2024-02-19,2024-02-19,100.0,Completed
PRJ-00723,Widening & Paving of NH-66 (Bhubaneswar-Arunachal Pradesh) - Stage-I,Ministry of Road Transport and Highways (MoRTH),Road Transport & Highways,NHIDCL,Arunachal Pradesh,3644.94,4100.92,4100.92,2021-03-03,2021-04-26,2025-07-04,2026-03-01,100.0,Completed
PRJ-00724,4G/5G Saturation Network Infrastructure Jaipur (Uttarakhand) - Stage-I (PRJ-00724),Ministry of Communications,Telecommunications & Optical Fibre,BBNL,Uttarakhand,771.85,893.55,269.58,2024-07-09,2024-11-05,2028-06-17,2029-06-12,21.5,Delayed
PRJ-00725,Widening & Paving of NH-77 (Visakhapatnam-Andhra Pradesh) - Phase-I,Ministry of Road Transport and Highways (MoRTH),Road Transport & Highways,MoRTH Direct,Andhra Pradesh,2109.71,2109.71,1254.36,2024-04-19,2024-07-19,2027-12-01,2027-12-01,61.5,On Track
PRJ-00726,Petrochemical Complex Expansion Unit Bhopal (Ladakh) - Stage-I (PRJ-00726),Ministry of Petroleum and Natural Gas (MoPNG),Oil Refineries & Petrochemicals,IOCL,Ladakh,570.61,576.32,95.09,2025-12-28,2026-02-22,2028-11-08,2028-11-08,17.3,On Track
PRJ-00727,"765kV Super Grid Substation & Transmission Link at Guwahati, Chhattisgarh (Package 1)",Ministry of Power (MoP),Power Transmission & Distribution,State Transco,Chhattisgarh,1038.83,1038.83,1038.83,2020-06-07,2020-10-19,2022-10-09,2022-10-09,100.0,Completed
PRJ-00728,"New Terminal Building & Runway Extension at at Ranchi, Nagaland (Package 1)",Ministry of Civil Aviation (MoCA),Civil Aviation & Airports,AAI,Nagaland,535.5,605.94,239.35,2024-09-07,2025-01-14,2027-09-01,2029-08-21,15.2,Delayed
PRJ-00729,4-Laning of NH-25 (Visakhapatnam-Assam) - Stage-I,Ministry of Road Transport and Highways (MoRTH),Road Transport & Highways,NHAI,Assam,1396.75,1819.45,1819.45,2021-01-15,2021-03-09,2023-09-25,2025-07-16,100.0,Completed
PRJ-00730,4-Laning of NH-45 (Bhubaneswar-Gujarat) - Package 1,Ministry of Road Transport and Highways (MoRTH),Road Transport & Highways,MoRTH Direct,Gujarat,483.97,483.97,483.97,2022-02-02,2022-05-26,2025-01-10,2025-01-10,100.0,Completed
PRJ-00731,Hydroelectric Project (HEP) Raipur (Arunachal Pradesh) - Stage-I (PRJ-00731),Ministry of Power (MoP),Hydroelectric Power,THDC,Arunachal Pradesh,333.01,388.43,329.66,2021-02-08,2021-03-24,2023-06-12,2024-01-08,73.8,Stalled
PRJ-00732,4G/5G Saturation Network Infrastructure Pune (Arunachal Pradesh) - Package 1 (PRJ-00732),Ministry of Communications,Telecommunications & Optical Fibre,BBNL,Arunachal Pradesh,1217.5,1655.07,1507.44,2021-03-26,2021-05-21,2024-05-05,2025-08-28,79.2,Delayed
PRJ-00733,Strategic Border Tunnel & High-Altitude Road Raipur (Tripura) - Phase-II (PRJ-00733),Ministry of Defence,Defence Infrastructure & Strategic Roads,Border Roads Organisation (BRO),Tripura,541.53,541.53,541.53,2021-06-15,2021-08-02,2024-06-17,2024-06-17,100.0,Completed
PRJ-00734,Hydroelectric Project (HEP) Chandigarh (Tamil Nadu) - Package 1 (PRJ-00734),Ministry of Power (MoP),Hydroelectric Power,NEEPCO,Tamil Nadu,241.45,241.45,241.45,2021-08-04,2021-09-08,2023-09-28,2023-09-28,100.0,Completed
PRJ-00735,Floating Solar PV Power Facility Agartala (Sikkim) - Phase-III (PRJ-00735),Ministry of New and Renewable Energy (MNRE),Renewable Energy (Solar/Wind),SECI,Sikkim,609.92,609.92,568.02,2023-08-24,2023-11-06,2026-08-22,2026-08-22,95.0,On Track
PRJ-00736,Ring Road Construction Phase Raipur (Mizoram) - Stage-I (PRJ-00736),Ministry of Road Transport and Highways (MoRTH),Road Transport & Highways,NHAI,Mizoram,5346.29,7043.29,1628.87,2025-01-05,2025-03-28,2030-09-28,2032-03-21,2.0,Delayed
PRJ-00737,4-Laning of NH-59 (Jammu-Manipur) - Phase-II,Ministry of Road Transport and Highways (MoRTH),Road Transport & Highways,State PWD,Manipur,269.18,369.09,73.08,2025-02-09,2025-07-01,2027-07-21,2030-05-06,2.0,Delayed
PRJ-00738,New Broad Gauge Railway Line between 61 (Raipur-Goa) - Phase-III,Ministry of Railways (MoR),Railways,DFCCIL,Goa,497.62,574.96,291.05,2024-07-09,2024-09-16,2027-09-01,2028-12-24,31.6,Delayed
PRJ-00739,Ultra Supercritical Power Plant Expansion Unit Agartala (Karnataka) - Phase-III (PRJ-00739),Ministry of Power (MoP),Thermal Power Generation,DVC,Karnataka,1294.0,1294.0,1294.0,2020-01-16,2020-06-12,2023-07-27,2023-07-27,100.0,Completed
PRJ-00740,Super Thermal Power Project (STPP) Stage Lucknow (Jharkhand) - Package 1 (PRJ-00740),Ministry of Power (MoP),Thermal Power Generation,NTPC,Jharkhand,2277.53,3309.97,2938.73,2020-04-10,2020-08-23,2024-06-03,2027-06-18,73.0,Delayed
PRJ-00741,High-Speed Rail Link Lucknow (Ladakh) - Stage-I (PRJ-00741),Ministry of Railways (MoR),Railways,IRCON,Ladakh,587.42,656.28,247.01,2024-03-03,2024-07-02,2027-06-17,2028-03-13,22.1,Delayed
PRJ-00742,New Broad Gauge Railway Line between 97 (Surat-Himachal Pradesh) - Phase-II,Ministry of Railways (MoR),Railways,IRCON,Himachal Pradesh,5836.99,5895.36,928.83,2025-07-14,2025-10-03,2031-07-04,2031-07-04,17.2,On Track
PRJ-00743,Ring Road Construction Phase Bhubaneswar (Madhya Pradesh) - Phase-II (PRJ-00743),Ministry of Road Transport and Highways (MoRTH),Road Transport & Highways,MoRTH Direct,Madhya Pradesh,397.14,417.0,187.07,2025-04-09,2025-05-26,2027-05-16,2027-11-12,31.6,Delayed
PRJ-00744,Wind-Solar Hybrid Power Project Agartala (West Bengal) - Phase-I (PRJ-00744),Ministry of New and Renewable Energy (MNRE),Renewable Energy (Solar/Wind),NTPC Green,West Bengal,745.02,745.02,745.02,2021-09-15,2022-01-11,2024-04-30,2024-04-30,100.0,Completed
PRJ-00745,Pumped Storage Hydel Scheme Srinagar (Delhi) - Phase-I (PRJ-00745),Ministry of Power (MoP),Hydroelectric Power,NHPC,Delhi,214.33,289.72,258.82,2021-10-10,2022-02-17,2025-03-03,2027-05-22,71.2,Delayed
PRJ-00746,Integrated Steel Plant Modernization Phase Raipur (West Bengal) - Package 1 (PRJ-00746),Ministry of Steel (MoS),Steel & Metallurgy,SAIL,West Bengal,490.04,591.8,240.71,2024-08-27,2024-10-02,2027-08-18,2028-08-12,30.4,Delayed
PRJ-00747,Barrage & Canal Distribution Network Surat (Karnataka) - Phase-III (PRJ-00747),Ministry of Jal Shakti,Water Resources & Irrigation,State Irrigation Dept,Karnataka,2653.9,3017.66,3017.66,2020-02-24,2020-06-07,2024-10-14,2025-03-13,100.0,Completed
PRJ-00748,Widening & Paving of NH-73 (Lucknow-Andhra Pradesh) - Phase-I,Ministry of Road Transport and Highways (MoRTH),Road Transport & Highways,State PWD,Andhra Pradesh,464.65,526.39,291.09,2024-12-07,2025-01-20,2027-07-09,2028-01-05,30.7,Delayed
PRJ-00749,Major Inter-State River Interlinking Project Surat (Arunachal Pradesh) - Stage-II (PRJ-00749),Ministry of Jal Shakti,Water Resources & Irrigation,NWDA,Arunachal Pradesh,319.97,397.97,164.05,2024-08-13,2024-09-19,2027-01-07,2028-12-27,20.0,Delayed
PRJ-00750,National Waterway-1 Modern Navigation Channel Raipur (Punjab) - Package 1 (PRJ-00750),"Ministry of Ports, Shipping and Waterways (MoPSW)",Inland Waterways,IWAI,Punjab,399.11,526.91,403.97,2021-11-01,2021-12-24,2024-06-11,2026-09-29,68.5,Delayed
PRJ-00751,Dedicated Freight Corridor (DFCC) Segment 74 (Lucknow-Sikkim) - Package 2,Ministry of Railways (MoR),Railways,Zonal Railways,Sikkim,702.33,865.43,758.87,2022-11-09,2023-01-28,2026-05-12,2026-12-08,72.1,Delayed
PRJ-00752,Integrated Steel Plant Modernization Phase Guwahati (Karnataka) - Package 2 (PRJ-00752),Ministry of Steel (MoS),Steel & Metallurgy,SAIL,Karnataka,497.93,497.93,497.93,2022-01-21,2022-05-14,2025-04-28,2025-04-28,100.0,Completed
PRJ-00753,City Gas Distribution (CGD) Steel Network Shillong (Gujarat) - Phase-II (PRJ-00753),Ministry of Petroleum and Natural Gas (MoPNG),Petroleum & Natural Gas Pipelines,BPCL,Gujarat,336.97,336.97,336.97,2022-12-17,2023-03-06,2025-12-20,2025-12-20,100.0,Completed
PRJ-00754,Dedicated Freight Corridor (DFCC) Segment 93 (Guwahati-Goa) - Stage-II,Ministry of Railways (MoR),Railways,DFCCIL,Goa,3837.01,4915.42,2360.32,2023-07-16,2023-10-31,2027-07-12,2028-08-05,31.2,Delayed
PRJ-00755,Ring Road Construction Phase Bhubaneswar (Rajasthan) - Package 2 (PRJ-00755),Ministry of Road Transport and Highways (MoRTH),Road Transport & Highways,NHIDCL,Rajasthan,2052.37,2366.48,1923.66,2022-10-20,2023-03-05,2026-09-15,2027-01-13,68.9,Delayed
PRJ-00756,Super Thermal Power Project (STPP) Stage Bhubaneswar (Tamil Nadu) - Stage-II (PRJ-00756),Ministry of Power (MoP),Thermal Power Generation,State Genco,Tamil Nadu,301.64,301.64,99.37,2025-04-04,2025-08-27,2028-06-12,2028-06-12,35.4,On Track
PRJ-00757,24x7 Urban Surface Water Supply Project Shillong (Himachal Pradesh) - Package 1 (PRJ-00757),Ministry of Housing and Urban Affairs (MoHUA),Urban Infrastructure & Water Supply,NBCC,Himachal Pradesh,1424.85,1741.91,1072.82,2022-10-21,2023-03-07,2026-08-18,2028-03-10,42.6,Delayed
PRJ-00758,Pumped Storage Hydel Scheme Jaipur (Manipur) - Package 1 (PRJ-00758),Ministry of Power (MoP),Hydroelectric Power,SJVN,Manipur,523.08,634.7,185.16,2025-05-08,2025-07-02,2028-03-18,2029-01-12,11.9,Delayed
PRJ-00759,6-Laning of Golden Quadrilateral Stretch Varanasi (Manipur) - Phase-I (PRJ-00759),Ministry of Road Transport and Highways (MoRTH),Road Transport & Highways,NHAI,Manipur,2136.03,2136.03,1797.1,2022-07-19,2022-10-26,2026-09-05,2026-09-05,90.4,On Track
PRJ-00760,Crude Oil Pipeline Augmentation Ranchi (Gujarat) - Package 2 (PRJ-00760),Ministry of Petroleum and Natural Gas (MoPNG),Petroleum & Natural Gas Pipelines,HPCL,Gujarat,6437.23,8226.46,2758.39,2024-03-26,2024-05-03,2030-05-02,2031-09-24,9.5,Delayed
PRJ-00761,Petrochemical Complex Expansion Unit Surat (Arunachal Pradesh) - Phase-I (PRJ-00761),Ministry of Petroleum and Natural Gas (MoPNG),Oil Refineries & Petrochemicals,IOCL,Arunachal Pradesh,487.47,617.06,145.6,2024-09-11,2024-10-13,2027-08-29,2029-09-17,9.8,Delayed
PRJ-00762,Strategic Border Tunnel & High-Altitude Road Lucknow (Delhi) - Package 2 (PRJ-00762),Ministry of Defence,Defence Infrastructure & Strategic Roads,Border Roads Organisation (BRO),Delhi,2034.88,2034.88,1224.51,2024-04-28,2024-08-02,2027-10-16,2027-10-16,59.4,On Track
PRJ-00763,4-Laning of NH-64 (Nagpur-Andhra Pradesh) - Phase-III,Ministry of Road Transport and Highways (MoRTH),Road Transport & Highways,State PWD,Andhra Pradesh,2332.14,3153.79,2247.18,2022-04-11,2022-09-01,2026-10-10,2028-07-01,52.2,Delayed
PRJ-00764,Heavy Machinery Manufacturing Facility Upgrade Ahmedabad (Tamil Nadu) - Phase-III (PRJ-00764),Ministry of Heavy Industries,Heavy Engineering & Equipment,BHEL,Tamil Nadu,729.58,736.88,736.88,2020-07-20,2020-11-21,2024-02-04,2024-02-04,100.0,Completed
PRJ-00765,Expressway Corridor Phase-40 (Surat-Bihar) - Stage-II,Ministry of Road Transport and Highways (MoRTH),Road Transport & Highways,State PWD,Bihar,2336.14,3099.83,2463.28,2020-01-01,2020-05-09,2023-11-20,2024-11-14,69.1,Delayed
PRJ-00766,Ultra Supercritical Power Plant Expansion Unit Kochi (Assam) - Package 2 (PRJ-00766),Ministry of Power (MoP),Thermal Power Generation,State Genco,Assam,979.24,979.24,979.24,2021-02-15,2021-04-01,2024-06-14,2024-06-14,100.0,Completed
PRJ-00767,High-Speed Rail Link Jammu (Bihar) - Package 2 (PRJ-00767),Ministry of Railways (MoR),Railways,IRCON,Bihar,442.44,554.73,425.51,2020-01-28,2020-05-29,2023-02-13,2024-05-08,66.7,Stalled
PRJ-00768,First Mile Connectivity Coal Conveyor Network Guwahati (Telangana) - Stage-I (PRJ-00768),Ministry of Coal (MoC),Coal Mining & Infrastructure,Coal India (CIL),Telangana,2796.37,3120.84,3120.84,2020-11-03,2020-12-12,2025-04-20,2025-12-16,100.0,Completed
PRJ-00769,Refinery Modernization & BS-VI / Clean Fuel Upgrade Jaipur (Gujarat) - Stage-I (PRJ-00769),Ministry of Petroleum and Natural Gas (MoPNG),Oil Refineries & Petrochemicals,BPCL,Gujarat,894.52,894.52,508.69,2024-09-04,2024-10-10,2027-06-27,2027-06-27,61.3,On Track
PRJ-00770,Opencast Coal Mining Project Expansion Bhopal (Uttar Pradesh) - Phase-I (PRJ-00770),Ministry of Coal (MoC),Coal Mining & Infrastructure,NLCIL,Uttar Pradesh,207.2,274.05,193.57,2022-12-27,2023-05-06,2025-08-23,2027-07-14,60.9,Delayed
PRJ-00771,Strategic Mineral Beneficiation Facility Jaipur (Mizoram) - Phase-III (PRJ-00771),Ministry of Mines,Mining & Mineral Processing,NMDC,Mizoram,267.15,344.96,344.96,2020-01-09,2020-05-27,2023-03-13,2025-01-31,100.0,Completed
PRJ-00772,New Broad Gauge Railway Line between 88 (Bhopal-Himachal Pradesh) - Phase-I,Ministry of Railways (MoR),Railways,DFCCIL,Himachal Pradesh,2582.91,3026.08,2279.61,2022-05-26,2022-09-29,2026-03-12,2027-07-05,64.2,Delayed
PRJ-00773,Widening & Paving of NH-47 (Guwahati-Maharashtra) - Stage-I,Ministry of Road Transport and Highways (MoRTH),Road Transport & Highways,NHAI,Maharashtra,1111.53,1111.53,496.91,2024-08-14,2024-11-25,2028-06-07,2028-06-07,48.5,On Track
PRJ-00774,Widening & Paving of NH-21 (Agartala-Mizoram) - Phase-III,Ministry of Road Transport and Highways (MoRTH),Road Transport & Highways,NHAI,Mizoram,2832.26,3104.19,2284.68,2021-09-10,2021-11-22,2025-12-31,2026-07-29,64.0,Stalled
PRJ-00775,Expressway Corridor Phase-44 (Raipur-Karnataka) - Stage-II,Ministry of Road Transport and Highways (MoRTH),Road Transport & Highways,State PWD,Karnataka,1662.89,2393.27,1624.84,2021-08-15,2021-09-16,2025-08-26,2028-08-10,53.9,Delayed
PRJ-00776,Expressway Corridor Phase-81 (Ahmedabad-Karnataka) - Package 2,Ministry of Road Transport and Highways (MoRTH),Road Transport & Highways,NHAI,Karnataka,1163.73,1401.07,1401.07,2022-02-15,2022-04-09,2024-12-24,2025-07-22,100.0,Completed
PRJ-00777,Underground Metro Link Varanasi (Andhra Pradesh) - Stage-I (PRJ-00777),Ministry of Housing and Urban Affairs (MoHUA),Urban Metro & Transit Systems,DMRC,Andhra Pradesh,5337.19,7660.48,2314.07,2024-08-19,2024-10-28,2030-08-28,2032-07-18,9.5,Delayed
PRJ-00778,"Multimodal Freight Terminal on NW-at Shillong, Madhya Pradesh (Package 2)","Ministry of Ports, Shipping and Waterways (MoPSW)",Inland Waterways,IWAI,Madhya Pradesh,1937.33,2439.38,395.93,2025-01-20,2025-03-21,2028-03-05,2029-08-27,5.4,Stalled
PRJ-00779,Pellet Plant & Blast Furnace Expansion Ranchi (Karnataka) - Phase-I (PRJ-00779),Ministry of Steel (MoS),Steel & Metallurgy,RINL,Karnataka,519.73,689.84,178.0,2025-07-10,2025-08-27,2028-02-13,2030-04-03,4.9,Delayed
PRJ-00780,Run-of-River Hydro Project Lucknow (Tamil Nadu) - Phase-I (PRJ-00780),Ministry of Power (MoP),Hydroelectric Power,NEEPCO,Tamil Nadu,320.69,320.69,320.69,2021-06-02,2021-08-08,2024-06-23,2024-06-23,100.0,Completed
PRJ-00781,Ring Road Construction Phase Imphal (West Bengal) - Phase-I (PRJ-00781),Ministry of Road Transport and Highways (MoRTH),Road Transport & Highways,NHIDCL,West Bengal,1856.8,2333.28,623.67,2025-12-05,2026-02-21,2030-04-01,2030-12-27,2.0,Delayed
PRJ-00782,High-Speed Rail Link Bengaluru (Uttar Pradesh) - Stage-II (PRJ-00782),Ministry of Railways (MoR),Railways,KRCL,Uttar Pradesh,381.68,449.15,449.15,2020-10-16,2021-02-07,2023-02-27,2023-06-27,100.0,Completed
PRJ-00783,Dedicated Freight Corridor (DFCC) Segment 41 (Jammu-Tripura) - Stage-I,Ministry of Railways (MoR),Railways,Zonal Railways,Tripura,1571.57,2042.77,784.45,2023-12-14,2024-02-28,2027-07-12,2029-06-01,27.2,Delayed
PRJ-00784,Tripling and 4th Line Quadrupling 83 (Visakhapatnam-Nagaland) - Phase-II,Ministry of Railways (MoR),Railways,KRCL,Nagaland,696.91,696.91,696.91,2021-09-08,2022-01-15,2024-07-03,2024-07-03,100.0,Completed
PRJ-00785,Integrated Smart City Sewerage Treatment Facility Hyderabad (Gujarat) - Stage-I (PRJ-00785),Ministry of Housing and Urban Affairs (MoHUA),Urban Infrastructure & Water Supply,State Urban Dev Auth,Gujarat,339.06,443.6,391.28,2021-03-15,2021-04-15,2024-01-30,2026-10-16,68.6,Delayed
PRJ-00786,Cross-Country Natural Gas Grid Pipeline Mangaluru (Jammu & Kashmir) - Phase-I (PRJ-00786),Ministry of Petroleum and Natural Gas (MoPNG),Petroleum & Natural Gas Pipelines,HPCL,Jammu & Kashmir,2088.91,2088.91,2088.91,2021-09-28,2022-01-03,2025-07-16,2025-07-16,100.0,Completed
PRJ-00787,Super Thermal Power Project (STPP) Stage Shimla (Telangana) - Stage-I (PRJ-00787),Ministry of Power (MoP),Thermal Power Generation,State Genco,Telangana,1303.91,1660.85,1660.85,2020-02-24,2020-07-20,2023-05-06,2025-04-25,100.0,Completed
PRJ-00788,Multi-Modal Transit Hub & Metro Station Chandigarh (Odisha) - Phase-I (PRJ-00788),Ministry of Housing and Urban Affairs (MoHUA),Urban Metro & Transit Systems,UPMRC,Odisha,672.83,869.78,869.78,2021-01-19,2021-05-04,2024-06-17,2025-01-13,100.0,Completed
PRJ-00789,High-Speed Rail Link Varanasi (Tripura) - Package 2 (PRJ-00789),Ministry of Railways (MoR),Railways,Zonal Railways,Tripura,1149.48,1149.48,463.63,2024-10-17,2025-03-04,2028-06-16,2028-06-16,42.6,On Track
PRJ-00790,Strategic Mineral Beneficiation Facility Jaipur (Gujarat) - Phase-I (PRJ-00790),Ministry of Mines,Mining & Mineral Processing,MECL,Gujarat,774.45,1089.64,886.87,2022-05-06,2022-06-20,2025-12-01,2027-12-21,59.4,Delayed
PRJ-00791,6-Laning of Golden Quadrilateral Stretch Jaipur (Madhya Pradesh) - Phase-I (PRJ-00791),Ministry of Road Transport and Highways (MoRTH),Road Transport & Highways,NHIDCL,Madhya Pradesh,288.55,291.44,291.44,2021-09-27,2021-12-31,2024-02-19,2024-02-19,100.0,Completed
PRJ-00792,City Gas Distribution (CGD) Steel Network Lucknow (Manipur) - Package 1 (PRJ-00792),Ministry of Petroleum and Natural Gas (MoPNG),Petroleum & Natural Gas Pipelines,BPCL,Manipur,4556.98,4556.98,840.13,2025-08-17,2025-10-02,2030-08-07,2030-08-07,18.4,On Track
PRJ-00793,Strategic Border Tunnel & High-Altitude Road Jaipur (Tamil Nadu) - Stage-II (PRJ-00793),Ministry of Defence,Defence Infrastructure & Strategic Roads,MES,Tamil Nadu,462.63,586.92,586.92,2021-05-24,2021-09-16,2024-01-04,2025-06-27,100.0,Completed
PRJ-00794,Super Thermal Power Project (STPP) Stage Indore (Uttar Pradesh) - Stage-I (PRJ-00794),Ministry of Power (MoP),Thermal Power Generation,State Genco,Uttar Pradesh,580.99,672.23,190.05,2025-06-02,2025-08-26,2028-07-11,2029-06-06,6.4,Delayed
PRJ-00795,High-Speed Rail Link Hyderabad (Nagaland) - Package 1 (PRJ-00795),Ministry of Railways (MoR),Railways,RVNL,Nagaland,652.95,818.96,818.96,2021-11-07,2022-01-09,2024-07-27,2025-11-19,100.0,Completed
PRJ-00796,Economic Corridor Bypass near 89 (Ahmedabad-Bihar) - Package 2,Ministry of Road Transport and Highways (MoRTH),Road Transport & Highways,NHAI,Bihar,608.26,803.03,655.11,2021-12-06,2022-01-09,2024-09-25,2026-09-15,66.0,Delayed
PRJ-00797,First Mile Connectivity Coal Conveyor Network Pune (Chhattisgarh) - Stage-I (PRJ-00797),Ministry of Coal (MoC),Coal Mining & Infrastructure,NLCIL,Chhattisgarh,435.28,566.42,248.61,2023-08-26,2023-12-14,2026-10-29,2029-07-15,26.8,Delayed
PRJ-00798,Defence Testing Facility & Strategic Depot Visakhapatnam (Bihar) - Phase-II (PRJ-00798),Ministry of Defence,Defence Infrastructure & Strategic Roads,MES,Bihar,3071.7,4417.45,750.35,2025-07-04,2025-08-25,2029-09-03,2032-05-20,2.0,Delayed
PRJ-00799,Crude Oil Pipeline Augmentation Agartala (Chhattisgarh) - Package 2 (PRJ-00799),Ministry of Petroleum and Natural Gas (MoPNG),Petroleum & Natural Gas Pipelines,HPCL,Chhattisgarh,334.89,385.73,237.23,2023-11-08,2023-12-11,2027-04-24,2028-01-19,44.9,Delayed
PRJ-00800,Economic Corridor Bypass near 67 (Bhubaneswar-Madhya Pradesh) - Package 1,Ministry of Road Transport and Highways (MoRTH),Road Transport & Highways,State PWD,Madhya Pradesh,646.62,797.23,561.03,2023-07-09,2023-12-02,2027-02-14,2028-01-10,52.4,Delayed
PRJ-00801,Super Thermal Power Project (STPP) Stage Kolkata (Karnataka) - Stage-II (PRJ-00801),Ministry of Power (MoP),Thermal Power Generation,NTPC,Karnataka,661.04,918.05,128.17,2025-02-20,2025-06-08,2028-03-24,2031-05-08,2.0,Delayed
PRJ-00802,Integrated Smart City Sewerage Treatment Facility Mangaluru (Odisha) - Phase-III (PRJ-00802),Ministry of Housing and Urban Affairs (MoHUA),Urban Infrastructure & Water Supply,NBCC,Odisha,299.66,299.66,257.88,2024-02-21,2024-03-28,2027-01-12,2027-01-12,85.8,On Track
PRJ-00803,Railway Line Doubling & Electrification 42 (Kochi-Tripura) - Package 2,Ministry of Railways (MoR),Railways,DFCCIL,Tripura,306.42,360.12,360.12,2020-01-28,2020-02-29,2023-01-14,2024-01-09,100.0,Completed
PRJ-00804,4-Laning of NH-59 (Jammu-Mizoram) - Stage-II,Ministry of Road Transport and Highways (MoRTH),Road Transport & Highways,NHAI,Mizoram,176.96,176.96,71.81,2025-07-05,2025-11-16,2027-11-06,2027-11-06,39.8,On Track
PRJ-00805,Run-of-River Hydro Project Nagpur (Jammu & Kashmir) - Stage-II (PRJ-00805),Ministry of Power (MoP),Hydroelectric Power,THDC,Jammu & Kashmir,14135.57,21065.78,2795.3,2024-10-05,2024-11-16,2031-10-11,2034-12-24,2.0,Delayed
PRJ-00806,Super Thermal Power Project (STPP) Stage Jammu (Gujarat) - Phase-III (PRJ-00806),Ministry of Power (MoP),Thermal Power Generation,DVC,Gujarat,1056.97,1335.99,1019.76,2022-08-07,2022-09-18,2025-09-02,2027-03-26,59.1,Delayed
PRJ-00807,Widening & Paving of NH-75 (Lucknow-Tamil Nadu) - Package 2,Ministry of Road Transport and Highways (MoRTH),Road Transport & Highways,State PWD,Tamil Nadu,426.0,558.24,558.24,2021-07-01,2021-10-02,2024-04-19,2024-12-15,100.0,Completed
PRJ-00808,4-Laning of NH-50 (Chandigarh-Tamil Nadu) - Stage-I,Ministry of Road Transport and Highways (MoRTH),Road Transport & Highways,State PWD,Tamil Nadu,615.99,622.15,622.15,2022-03-26,2022-07-14,2024-10-31,2024-10-31,100.0,Completed
PRJ-00809,Nano Fertilizer Manufacturing Plant Srinagar (Himachal Pradesh) - Phase-III (PRJ-00809),Ministry of Chemicals and Fertilizers,Fertilizer Plants & Petrochemicals,NFL,Himachal Pradesh,478.38,483.16,419.97,2023-05-24,2023-08-05,2026-12-17,2026-12-17,86.2,On Track
PRJ-00810,Opencast Coal Mining Project Expansion Bhubaneswar (Tamil Nadu) - Phase-III (PRJ-00810),Ministry of Coal (MoC),Coal Mining & Infrastructure,SCCL,Tamil Nadu,841.68,841.68,555.54,2023-12-16,2024-03-20,2027-05-04,2027-05-04,70.9,On Track
PRJ-00811,Fast Breeder Reactor Facility Indore (Meghalaya) - Phase-I (PRJ-00811),Department of Atomic Energy (DAE),Atomic Energy & Nuclear Plants,NPCIL,Meghalaya,1278.1,1290.88,1290.88,2021-04-15,2021-09-03,2024-05-20,2024-05-20,100.0,Completed
PRJ-00812,Dedicated Freight Corridor (DFCC) Segment 48 (Lucknow-Jammu & Kashmir) - Package 1,Ministry of Railways (MoR),Railways,Zonal Railways,Jammu & Kashmir,2002.69,2879.54,449.94,2025-11-09,2026-02-13,2029-12-24,2032-04-12,2.0,Delayed
PRJ-00813,New Broad Gauge Railway Line between 88 (Mangaluru-Delhi) - Package 2,Ministry of Railways (MoR),Railways,KRCL,Delhi,1935.22,1935.22,1735.76,2022-08-15,2022-10-10,2026-09-19,2026-09-19,94.6,On Track
PRJ-00814,Tripling and 4th Line Quadrupling 11 (Hyderabad-Meghalaya) - Phase-I,Ministry of Railways (MoR),Railways,Zonal Railways,Meghalaya,443.46,543.27,543.27,2022-12-07,2023-01-31,2025-03-21,2025-09-17,100.0,Completed
PRJ-00815,6-Laning of Golden Quadrilateral Stretch Nagpur (Andhra Pradesh) - Phase-III (PRJ-00815),Ministry of Road Transport and Highways (MoRTH),Road Transport & Highways,State PWD,Andhra Pradesh,1337.48,1625.81,1329.4,2022-07-19,2022-11-19,2026-04-02,2027-02-26,67.5,Delayed
PRJ-00816,Metro Rail Phase-2 Corridor 38 (Hyderabad-Karnataka) - Stage-I,Ministry of Housing and Urban Affairs (MoHUA),Urban Metro & Transit Systems,DMRC,Karnataka,547.01,794.49,643.2,2022-03-09,2022-06-19,2025-01-04,2027-07-23,57.7,Delayed
PRJ-00817,4G/5G Saturation Network Infrastructure Shimla (Punjab) - Phase-II (PRJ-00817),Ministry of Communications,Telecommunications & Optical Fibre,TCIL,Punjab,540.52,545.93,545.93,2021-01-26,2021-03-26,2024-03-10,2024-03-10,100.0,Completed
PRJ-00818,Economic Corridor Bypass near 49 (Raipur-Bihar) - Phase-III,Ministry of Road Transport and Highways (MoRTH),Road Transport & Highways,MoRTH Direct,Bihar,1364.91,1746.52,670.1,2024-02-08,2024-05-19,2027-10-01,2029-04-23,19.4,Delayed
PRJ-00819,6-Laning of Golden Quadrilateral Stretch Shimla (Haryana) - Phase-II (PRJ-00819),Ministry of Road Transport and Highways (MoRTH),Road Transport & Highways,NHAI,Haryana,332.11,332.11,121.89,2025-05-23,2025-07-10,2028-05-25,2028-05-25,37.2,On Track
PRJ-00820,"Multimodal Freight Terminal on NW-at Nagpur, Meghalaya (Stage-II)","Ministry of Ports, Shipping and Waterways (MoPSW)",Inland Waterways,IWAI,Meghalaya,834.59,876.32,420.24,2023-11-12,2024-03-14,2026-12-29,2028-03-23,31.4,Delayed
PRJ-00821,24x7 Urban Surface Water Supply Project Jammu (Goa) - Phase-II (PRJ-00821),Ministry of Housing and Urban Affairs (MoHUA),Urban Infrastructure & Water Supply,NBCC,Goa,329.85,397.27,317.31,2023-06-17,2023-08-10,2026-02-25,2026-09-23,69.2,Delayed
PRJ-00822,Fast Breeder Reactor Facility Jaipur (Andhra Pradesh) - Package 1 (PRJ-00822),Department of Atomic Energy (DAE),Atomic Energy & Nuclear Plants,NPCIL,Andhra Pradesh,428.67,518.73,476.41,2023-01-23,2023-05-23,2026-02-06,2026-08-05,67.2,Delayed
PRJ-00823,Pumped Storage Hydel Scheme Kolkata (Tamil Nadu) - Stage-I (PRJ-00823),Ministry of Power (MoP),Hydroelectric Power,THDC,Tamil Nadu,4034.59,4958.51,848.19,2025-09-26,2025-11-08,2030-05-16,2031-10-08,2.0,Stalled
PRJ-00824,"Deep Water Container Terminal Berth at Imphal, Bihar (Phase-I)","Ministry of Ports, Shipping and Waterways (MoPSW)",Ports & Maritime Infrastructure,JNPA,Bihar,663.11,812.77,605.61,2023-11-23,2023-12-30,2026-08-16,2027-07-12,53.1,Delayed
PRJ-00825,Expressway Corridor Phase-32 (Raipur-Chhattisgarh) - Stage-I,Ministry of Road Transport and Highways (MoRTH),Road Transport & Highways,State PWD,Chhattisgarh,314.51,417.37,83.85,2024-12-12,2025-03-18,2028-02-01,2029-12-22,2.0,Delayed
PRJ-00826,Ring Road Construction Phase Srinagar (Chhattisgarh) - Phase-II (PRJ-00826),Ministry of Road Transport and Highways (MoRTH),Road Transport & Highways,NHIDCL,Chhattisgarh,331.03,460.73,109.88,2025-05-03,2025-06-24,2027-12-11,2030-03-30,2.0,Delayed
PRJ-00827,Nano Fertilizer Manufacturing Plant Bhopal (Mizoram) - Phase-I (PRJ-00827),Ministry of Chemicals and Fertilizers,Fertilizer Plants & Petrochemicals,RCF,Mizoram,1503.09,1802.14,1634.94,2022-08-19,2023-01-03,2026-04-17,2026-08-15,74.7,Delayed
PRJ-00828,"765kV Super Grid Substation & Transmission Link at Dehradun, Karnataka (Stage-II)",Ministry of Power (MoP),Power Transmission & Distribution,State Transco,Karnataka,1054.15,1064.69,1064.69,2021-01-07,2021-04-28,2024-06-11,2024-06-11,100.0,Completed
PRJ-00829,New Broad Gauge Railway Line between 46 (Guwahati-Himachal Pradesh) - Phase-II,Ministry of Railways (MoR),Railways,DFCCIL,Himachal Pradesh,744.99,882.9,721.9,2021-10-11,2022-01-01,2023-12-22,2024-05-20,71.1,Delayed
PRJ-00830,High-Speed Rail Link Ranchi (Ladakh) - Package 1 (PRJ-00830),Ministry of Railways (MoR),Railways,KRCL,Ladakh,646.62,806.89,122.81,2025-11-27,2026-01-17,2028-09-03,2029-10-28,2.0,Delayed
PRJ-00831,Widening & Paving of NH-47 (Agartala-Andhra Pradesh) - Stage-II,Ministry of Road Transport and Highways (MoRTH),Road Transport & Highways,State PWD,Andhra Pradesh,1285.47,1537.87,1537.87,2021-06-23,2021-09-25,2024-01-13,2024-05-12,100.0,Completed
PRJ-00832,Fast Breeder Reactor Facility Visakhapatnam (Assam) - Phase-III (PRJ-00832),Department of Atomic Energy (DAE),Atomic Energy & Nuclear Plants,ECIL,Assam,293.31,330.93,235.19,2022-10-13,2023-02-04,2025-05-24,2026-06-18,61.8,Delayed
PRJ-00833,Opencast Coal Mining Project Expansion Bengaluru (Haryana) - Phase-III (PRJ-00833),Ministry of Coal (MoC),Coal Mining & Infrastructure,SCCL,Haryana,774.76,983.42,698.92,2022-03-15,2022-06-22,2025-03-08,2026-01-02,61.8,Delayed
PRJ-00834,Integrated Smart City Sewerage Treatment Facility Shimla (Ladakh) - Package 1 (PRJ-00834),Ministry of Housing and Urban Affairs (MoHUA),Urban Infrastructure & Water Supply,Smart City SPVs,Ladakh,1082.7,1082.7,386.49,2025-07-10,2025-08-14,2028-06-29,2028-06-29,37.5,On Track
PRJ-00835,4G/5G Saturation Network Infrastructure Jaipur (Odisha) - Package 2 (PRJ-00835),Ministry of Communications,Telecommunications & Optical Fibre,BBNL,Odisha,404.2,404.2,404.2,2020-03-17,2020-05-07,2022-11-23,2022-11-23,100.0,Completed
PRJ-00836,Super Thermal Power Project (STPP) Stage Lucknow (Uttarakhand) - Stage-II (PRJ-00836),Ministry of Power (MoP),Thermal Power Generation,NTPC,Uttarakhand,693.35,892.63,779.4,2022-08-13,2022-10-03,2025-11-16,2027-01-10,62.5,Delayed
PRJ-00837,Railway Line Doubling & Electrification 98 (Ahmedabad-Bihar) - Phase-II,Ministry of Railways (MoR),Railways,IRCON,Bihar,359.41,464.1,181.0,2024-06-01,2024-08-31,2027-02-17,2028-07-11,25.9,Delayed
PRJ-00838,Economic Corridor Bypass near 42 (Guwahati-Madhya Pradesh) - Stage-I,Ministry of Road Transport and Highways (MoRTH),Road Transport & Highways,MoRTH Direct,Madhya Pradesh,1465.16,1465.16,1465.16,2020-07-05,2020-09-13,2023-07-30,2023-07-30,100.0,Completed
PRJ-00839,Multi-Modal Transit Hub & Metro Station Raipur (Tamil Nadu) - Phase-I (PRJ-00839),Ministry of Housing and Urban Affairs (MoHUA),Urban Metro & Transit Systems,BMRCL,Tamil Nadu,285.09,352.4,352.4,2021-10-06,2022-02-11,2024-05-01,2025-08-24,100.0,Completed
PRJ-00840,Nano Fertilizer Manufacturing Plant Patna (Himachal Pradesh) - Package 1 (PRJ-00840),Ministry of Chemicals and Fertilizers,Fertilizer Plants & Petrochemicals,NFL,Himachal Pradesh,402.12,498.33,480.81,2020-06-13,2020-10-04,2023-11-18,2025-08-09,83.9,Stalled
PRJ-00841,Elevated Metro Rail Extension Ahmedabad (Jharkhand) - Stage-I (PRJ-00841),Ministry of Housing and Urban Affairs (MoHUA),Urban Metro & Transit Systems,CMRL,Jharkhand,635.09,762.02,182.76,2025-02-21,2025-07-11,2028-04-26,2028-10-23,6.8,Delayed
PRJ-00842,Widening & Paving of NH-62 (Surat-Jammu & Kashmir) - Stage-I,Ministry of Road Transport and Highways (MoRTH),Road Transport & Highways,MoRTH Direct,Jammu & Kashmir,933.49,1168.22,870.67,2023-01-10,2023-04-04,2025-11-19,2027-07-12,60.2,Delayed
PRJ-00843,New Broad Gauge Railway Line between 33 (Bhopal-Punjab) - Phase-I,Ministry of Railways (MoR),Railways,DFCCIL,Punjab,418.08,422.26,422.26,2023-09-25,2023-12-13,2025-12-02,2025-12-02,100.0,Completed
PRJ-00844,Specialized Equipment Foundry Expansion Visakhapatnam (Himachal Pradesh) - Phase-I (PRJ-00844),Ministry of Heavy Industries,Heavy Engineering & Equipment,HMT,Himachal Pradesh,624.47,756.03,756.03,2020-08-15,2020-10-30,2023-08-16,2024-07-11,100.0,Completed
PRJ-00845,"765kV Super Grid Substation & Transmission Link at Kochi, Ladakh (Package 1)",Ministry of Power (MoP),Power Transmission & Distribution,State Transco,Ladakh,2801.25,3686.78,2815.88,2022-05-21,2022-06-24,2025-12-05,2027-05-29,66.4,Delayed
PRJ-00846,Floating Solar PV Power Facility Hyderabad (Uttar Pradesh) - Package 1 (PRJ-00846),Ministry of New and Renewable Energy (MNRE),Renewable Energy (Solar/Wind),NTPC Green,Uttar Pradesh,254.41,254.41,254.41,2023-05-12,2023-08-08,2025-11-25,2025-11-25,100.0,Completed
PRJ-00847,Ring Road Construction Phase Hyderabad (Himachal Pradesh) - Stage-I (PRJ-00847),Ministry of Road Transport and Highways (MoRTH),Road Transport & Highways,State PWD,Himachal Pradesh,2078.71,2099.5,601.53,2025-02-13,2025-05-19,2029-02-27,2029-02-27,29.4,On Track
PRJ-00848,Integrated Smart City Sewerage Treatment Facility Jammu (Meghalaya) - Stage-I (PRJ-00848),Ministry of Housing and Urban Affairs (MoHUA),Urban Infrastructure & Water Supply,NBCC,Meghalaya,953.25,953.25,73.71,2025-12-03,2026-04-19,2029-06-02,2029-06-02,7.7,On Track
PRJ-00849,4-Laning of NH-84 (Agartala-Rajasthan) - Phase-III,Ministry of Road Transport and Highways (MoRTH),Road Transport & Highways,NHIDCL,Rajasthan,483.98,595.13,510.11,2023-04-25,2023-09-21,2026-07-07,2027-07-02,61.6,Delayed
PRJ-00850,New Broad Gauge Railway Line between 63 (Lucknow-Madhya Pradesh) - Phase-I,Ministry of Railways (MoR),Railways,IRCON,Madhya Pradesh,1488.85,1488.85,1488.85,2021-01-26,2021-04-19,2024-02-03,2024-02-03,100.0,Completed
PRJ-00851,Expressway Corridor Phase-88 (Shimla-Uttarakhand) - Stage-I,Ministry of Road Transport and Highways (MoRTH),Road Transport & Highways,NHIDCL,Uttarakhand,253.96,333.33,180.69,2023-10-14,2024-02-02,2026-03-23,2027-06-16,43.6,Delayed
PRJ-00852,Tripling and 4th Line Quadrupling 70 (Imphal-Ladakh) - Phase-II,Ministry of Railways (MoR),Railways,DFCCIL,Ladakh,471.29,547.6,64.61,2025-08-07,2025-11-13,2028-03-02,2029-02-25,2.0,Delayed
PRJ-00853,Cross-Country Natural Gas Grid Pipeline Ranchi (Maharashtra) - Phase-II (PRJ-00853),Ministry of Petroleum and Natural Gas (MoPNG),Petroleum & Natural Gas Pipelines,HPCL,Maharashtra,1441.69,1993.51,327.69,2025-09-12,2025-11-19,2028-12-03,2031-07-21,2.0,Delayed
PRJ-00854,Port Modernization & Breakwater Expansion Chandigarh (Ladakh) - Package 1 (PRJ-00854),"Ministry of Ports, Shipping and Waterways (MoPSW)",Ports & Maritime Infrastructure,Cochin Port,Ladakh,1856.58,2565.56,2051.62,2020-05-18,2020-09-20,2024-09-29,2027-05-17,59.1,Delayed
PRJ-00855,Cross-Country Natural Gas Grid Pipeline Patna (Manipur) - Package 2 (PRJ-00855),Ministry of Petroleum and Natural Gas (MoPNG),Petroleum & Natural Gas Pipelines,HPCL,Manipur,397.42,397.42,397.42,2022-03-28,2022-05-17,2025-03-02,2025-03-02,100.0,Completed
PRJ-00856,Pellet Plant & Blast Furnace Expansion Bengaluru (Andhra Pradesh) - Package 2 (PRJ-00856),Ministry of Steel (MoS),Steel & Metallurgy,RINL,Andhra Pradesh,533.23,533.23,304.91,2024-09-13,2024-11-10,2027-07-28,2027-07-28,61.0,On Track
PRJ-00857,New Broad Gauge Railway Line between 70 (Bhopal-Jammu & Kashmir) - Stage-II,Ministry of Railways (MoR),Railways,DFCCIL,Jammu & Kashmir,778.81,1206.91,164.9,2025-03-22,2025-08-15,2028-05-01,2032-03-11,2.0,Delayed
PRJ-00858,Ring Road Construction Phase Shimla (Assam) - Package 2 (PRJ-00858),Ministry of Road Transport and Highways (MoRTH),Road Transport & Highways,NHIDCL,Assam,693.34,887.5,663.41,2020-10-19,2021-02-19,2024-01-05,2025-08-27,65.0,Delayed
PRJ-00859,Petrochemical Complex Expansion Unit Shillong (Gujarat) - Stage-II (PRJ-00859),Ministry of Petroleum and Natural Gas (MoPNG),Oil Refineries & Petrochemicals,MRPL,Gujarat,1419.01,1419.01,1419.01,2021-08-12,2021-12-12,2025-01-25,2025-01-25,100.0,Completed
PRJ-00860,Ring Road Construction Phase Raipur (Nagaland) - Package 1 (PRJ-00860),Ministry of Road Transport and Highways (MoRTH),Road Transport & Highways,MoRTH Direct,Nagaland,7675.73,9658.1,4753.14,2021-03-15,2021-06-17,2028-05-11,2028-11-07,37.9,Delayed
PRJ-00861,National Waterway-1 Modern Navigation Channel Jammu (Jammu & Kashmir) - Stage-I (PRJ-00861),"Ministry of Ports, Shipping and Waterways (MoPSW)",Inland Waterways,IWAI,Jammu & Kashmir,3725.36,3725.36,491.3,2025-07-28,2025-11-01,2030-06-08,2030-06-08,13.5,On Track
PRJ-00862,Air Cargo Logistics Complex at Bengaluru (Maharashtra) - Stage-II (PRJ-00862),Ministry of Civil Aviation (MoCA),Civil Aviation & Airports,Adani Airports,Maharashtra,1539.62,1879.68,290.13,2024-11-18,2025-03-19,2028-08-30,2029-11-23,2.0,Delayed
PRJ-00863,Air Cargo Logistics Complex at Mangaluru (West Bengal) - Stage-I (PRJ-00863),Ministry of Civil Aviation (MoCA),Civil Aviation & Airports,PPP Airport SPV,West Bengal,364.26,460.29,80.67,2025-08-14,2025-12-22,2028-06-09,2030-06-29,2.0,Stalled
PRJ-00864,Green Energy Corridor Transmission System Phase 54 (Ranchi-Meghalaya) - Stage-I,Ministry of Power (MoP),Power Transmission & Distribution,REC Power,Meghalaya,2428.26,3126.82,2471.74,2021-04-26,2021-07-26,2025-02-05,2027-09-23,57.3,Delayed
PRJ-00865,Tripling and 4th Line Quadrupling 68 (Lucknow-Tripura) - Phase-III,Ministry of Railways (MoR),Railways,DFCCIL,Tripura,296.76,382.58,75.8,2025-05-19,2025-07-23,2029-01-03,2030-07-27,2.0,Delayed
PRJ-00866,Refinery Modernization & BS-VI / Clean Fuel Upgrade Mangaluru (Ladakh) - Phase-III (PRJ-00866),Ministry of Petroleum and Natural Gas (MoPNG),Oil Refineries & Petrochemicals,MRPL,Ladakh,715.71,780.15,194.93,2025-03-19,2025-07-08,2028-05-23,2029-05-18,13.7,Delayed
PRJ-00867,Lift Irrigation Project Stage Lucknow (Telangana) - Phase-III (PRJ-00867),Ministry of Jal Shakti,Water Resources & Irrigation,NWDA,Telangana,1560.28,1864.04,599.49,2025-04-01,2025-08-17,2028-08-01,2028-11-29,11.5,Delayed
PRJ-00868,Expressway Corridor Phase-30 (Kolkata-Telangana) - Stage-I,Ministry of Road Transport and Highways (MoRTH),Road Transport & Highways,MoRTH Direct,Telangana,20568.59,25800.49,6196.45,2024-09-11,2024-12-16,2031-11-10,2032-05-08,2.0,Delayed
PRJ-00869,Dedicated Freight Corridor (DFCC) Segment 19 (Guwahati-Tamil Nadu) - Stage-I,Ministry of Railways (MoR),Railways,IRCON,Tamil Nadu,313.75,414.12,262.88,2022-04-10,2022-06-05,2024-12-21,2026-01-15,55.2,Delayed
PRJ-00870,Run-of-River Hydro Project Jammu (Chhattisgarh) - Phase-II (PRJ-00870),Ministry of Power (MoP),Hydroelectric Power,NHPC,Chhattisgarh,1640.55,1986.0,517.66,2025-04-12,2025-08-05,2028-12-17,2029-11-12,2.0,Delayed
PRJ-00871,Opencast Coal Mining Project Expansion Chandigarh (Kerala) - Phase-II (PRJ-00871),Ministry of Coal (MoC),Coal Mining & Infrastructure,Coal India (CIL),Kerala,1295.5,1295.5,1295.5,2022-12-06,2023-04-03,2026-05-17,2026-05-17,100.0,Completed
PRJ-00872,Dedicated Freight Corridor (DFCC) Segment 77 (Imphal-Uttar Pradesh) - Phase-II,Ministry of Railways (MoR),Railways,IRCON,Uttar Pradesh,446.3,486.5,486.5,2022-01-07,2022-03-07,2024-02-25,2024-06-24,100.0,Completed
PRJ-00873,"765kV Super Grid Substation & Transmission Link at Visakhapatnam, Arunachal Pradesh (Package 1)",Ministry of Power (MoP),Power Transmission & Distribution,State Transco,Arunachal Pradesh,559.82,772.47,670.71,2021-02-18,2021-06-03,2024-05-18,2026-08-06,63.7,Delayed
PRJ-00874,Crude Oil Pipeline Augmentation Jaipur (Jammu & Kashmir) - Package 2 (PRJ-00874),Ministry of Petroleum and Natural Gas (MoPNG),Petroleum & Natural Gas Pipelines,HPCL,Jammu & Kashmir,1352.64,1865.43,1582.35,2022-08-21,2022-10-12,2025-09-26,2027-01-19,64.2,Delayed
PRJ-00875,High-Speed Rail Link Bhopal (Madhya Pradesh) - Phase-III (PRJ-00875),Ministry of Railways (MoR),Railways,DFCCIL,Madhya Pradesh,462.5,462.5,126.72,2025-08-04,2025-12-08,2028-03-27,2028-03-27,28.5,On Track
PRJ-00876,Integrated Smart City Sewerage Treatment Facility Ahmedabad (Meghalaya) - Stage-I (PRJ-00876),Ministry of Housing and Urban Affairs (MoHUA),Urban Infrastructure & Water Supply,NBCC,Meghalaya,804.48,873.36,873.36,2022-02-28,2022-05-25,2024-07-13,2025-05-09,100.0,Completed
PRJ-00877,First Mile Connectivity Coal Conveyor Network Bengaluru (Tamil Nadu) - Package 2 (PRJ-00877),Ministry of Coal (MoC),Coal Mining & Infrastructure,SCCL,Tamil Nadu,671.24,851.42,704.0,2021-10-22,2021-12-10,2024-10-25,2025-11-19,71.9,Stalled
PRJ-00878,Lift Irrigation Project Stage Jaipur (Nagaland) - Stage-II (PRJ-00878),Ministry of Jal Shakti,Water Resources & Irrigation,State Irrigation Dept,Nagaland,721.14,927.97,927.97,2022-06-05,2022-08-13,2025-03-30,2026-04-24,100.0,Completed
PRJ-00879,New Broad Gauge Railway Line between 28 (Kochi-Delhi) - Stage-I,Ministry of Railways (MoR),Railways,RVNL,Delhi,1657.21,2228.04,1091.52,2023-05-01,2023-09-12,2026-12-25,2028-04-18,40.0,Delayed
PRJ-00880,New Broad Gauge Railway Line between 82 (Guwahati-Jharkhand) - Package 2,Ministry of Railways (MoR),Railways,Zonal Railways,Jharkhand,331.85,399.11,99.73,2025-04-26,2025-06-22,2028-01-08,2029-10-29,2.0,Delayed
PRJ-00881,Ultra Supercritical Power Plant Expansion Unit Jammu (Tamil Nadu) - Phase-I (PRJ-00881),Ministry of Power (MoP),Thermal Power Generation,State Genco,Tamil Nadu,1110.91,1110.91,148.16,2025-07-23,2025-12-16,2029-07-28,2029-07-28,14.3,On Track
PRJ-00882,Green Energy Corridor Transmission System Phase 79 (Dehradun-Himachal Pradesh) - Phase-III,Ministry of Power (MoP),Power Transmission & Distribution,PGCIL,Himachal Pradesh,922.41,922.41,922.41,2022-08-10,2022-09-23,2026-01-05,2026-01-05,100.0,Completed
PRJ-00883,Pressurized Heavy Water Reactor (PHWR) Complex Pune (Kerala) - Package 2 (PRJ-00883),Department of Atomic Energy (DAE),Atomic Energy & Nuclear Plants,NPCIL,Kerala,8729.58,10099.3,1338.27,2024-11-09,2025-02-18,2032-01-13,2033-04-07,2.0,Delayed
PRJ-00884,Refinery Modernization & BS-VI / Clean Fuel Upgrade Srinagar (Haryana) - Stage-I (PRJ-00884),Ministry of Petroleum and Natural Gas (MoPNG),Oil Refineries & Petrochemicals,HPCL,Haryana,456.02,589.79,589.79,2021-03-11,2021-06-08,2023-11-25,2025-02-17,100.0,Completed
PRJ-00885,Lift Irrigation Project Stage Agartala (West Bengal) - Stage-II (PRJ-00885),Ministry of Jal Shakti,Water Resources & Irrigation,Polavaram Project Auth,West Bengal,343.65,343.65,343.65,2020-09-02,2021-01-26,2024-01-11,2024-01-11,100.0,Completed
PRJ-00886,Widening & Paving of NH-83 (Ahmedabad-Andhra Pradesh) - Phase-I,Ministry of Road Transport and Highways (MoRTH),Road Transport & Highways,State PWD,Andhra Pradesh,493.59,636.91,636.91,2020-09-25,2020-11-08,2023-03-28,2024-07-20,100.0,Completed
PRJ-00887,National Waterway-1 Modern Navigation Channel Visakhapatnam (Kerala) - Stage-I (PRJ-00887),"Ministry of Ports, Shipping and Waterways (MoPSW)",Inland Waterways,IWAI,Kerala,2614.69,3268.23,2669.46,2022-02-06,2022-05-29,2026-05-08,2027-08-31,64.7,Delayed
PRJ-00888,Economic Corridor Bypass near 12 (Imphal-Telangana) - Phase-I,Ministry of Road Transport and Highways (MoRTH),Road Transport & Highways,NHAI,Telangana,1763.49,2833.4,1655.11,2021-06-14,2021-08-02,2024-10-15,2029-05-22,43.2,Delayed
PRJ-00889,Integrated Steel Plant Modernization Phase Ranchi (Goa) - Phase-II (PRJ-00889),Ministry of Steel (MoS),Steel & Metallurgy,NMDC,Goa,806.12,1048.35,1048.35,2021-04-10,2021-06-02,2023-08-21,2025-09-09,100.0,Completed
PRJ-00890,Economic Corridor Bypass near 40 (Kolkata-Sikkim) - Phase-III,Ministry of Road Transport and Highways (MoRTH),Road Transport & Highways,NHIDCL,Sikkim,387.26,463.54,463.54,2021-06-01,2021-07-18,2024-07-02,2025-04-28,100.0,Completed
PRJ-00891,6-Laning of Golden Quadrilateral Stretch Patna (West Bengal) - Stage-II (PRJ-00891),Ministry of Road Transport and Highways (MoRTH),Road Transport & Highways,MoRTH Direct,West Bengal,417.08,512.08,296.87,2023-10-27,2023-12-11,2026-08-27,2027-12-20,35.6,Delayed
PRJ-00892,Multi-Modal Transit Hub & Metro Station Surat (Arunachal Pradesh) - Phase-III (PRJ-00892),Ministry of Housing and Urban Affairs (MoHUA),Urban Metro & Transit Systems,Maha-Metro,Arunachal Pradesh,924.11,1128.63,358.6,2025-06-14,2025-08-07,2027-11-25,2029-03-19,10.3,Stalled
PRJ-00893,Economic Corridor Bypass near 64 (Nagpur-Jammu & Kashmir) - Stage-II,Ministry of Road Transport and Highways (MoRTH),Road Transport & Highways,MoRTH Direct,Jammu & Kashmir,510.0,510.0,510.0,2023-02-12,2023-04-29,2026-06-12,2026-06-12,100.0,Completed
PRJ-00894,Ultra Supercritical Power Plant Expansion Unit Jaipur (Jammu & Kashmir) - Phase-I (PRJ-00894),Ministry of Power (MoP),Thermal Power Generation,DVC,Jammu & Kashmir,574.87,754.55,754.55,2021-04-06,2021-07-17,2024-07-31,2025-02-26,100.0,Completed
PRJ-00895,6-Laning of Golden Quadrilateral Stretch Kochi (Telangana) - Package 1 (PRJ-00895),Ministry of Road Transport and Highways (MoRTH),Road Transport & Highways,State PWD,Telangana,410.49,410.49,410.49,2021-03-17,2021-05-05,2023-12-21,2023-12-21,100.0,Completed
PRJ-00896,Expressway Corridor Phase-52 (Ranchi-Andhra Pradesh) - Package 2,Ministry of Road Transport and Highways (MoRTH),Road Transport & Highways,MoRTH Direct,Andhra Pradesh,246.52,248.99,248.99,2020-01-11,2020-02-13,2022-09-30,2022-09-30,100.0,Completed
PRJ-00897,Expressway Corridor Phase-22 (Nagpur-Arunachal Pradesh) - Phase-II,Ministry of Road Transport and Highways (MoRTH),Road Transport & Highways,NHIDCL,Arunachal Pradesh,16631.45,20512.88,6691.56,2023-02-04,2023-05-05,2030-03-29,2031-01-23,12.5,Delayed
PRJ-00898,New Broad Gauge Railway Line between 52 (Surat-Tamil Nadu) - Phase-II,Ministry of Railways (MoR),Railways,DFCCIL,Tamil Nadu,826.97,835.24,179.49,2025-09-12,2025-12-29,2028-06-16,2028-06-16,22.2,On Track
PRJ-00899,6-Laning of Golden Quadrilateral Stretch Indore (Nagaland) - Stage-II (PRJ-00899),Ministry of Road Transport and Highways (MoRTH),Road Transport & Highways,NHIDCL,Nagaland,3147.38,3968.69,3968.69,2021-04-22,2021-06-01,2025-02-10,2025-06-10,100.0,Completed
PRJ-00900,Ultra Supercritical Power Plant Expansion Unit Raipur (Kerala) - Stage-II (PRJ-00900),Ministry of Power (MoP),Thermal Power Generation,State Genco,Kerala,1253.3,1389.08,1389.08,2021-06-14,2021-08-30,2024-11-12,2025-08-09,100.0,Completed
PRJ-00901,"Greenfield International Airport Phase at Varanasi, Andhra Pradesh (Phase-II)",Ministry of Civil Aviation (MoCA),Civil Aviation & Airports,AAI,Andhra Pradesh,1029.95,1029.95,1029.95,2023-06-01,2023-09-12,2026-05-29,2026-05-29,100.0,Completed
PRJ-00902,New Broad Gauge Railway Line between 76 (Bengaluru-Kerala) - Stage-I,Ministry of Railways (MoR),Railways,KRCL,Kerala,480.65,605.87,517.58,2022-06-06,2022-08-07,2025-03-24,2027-01-13,70.9,Delayed
PRJ-00903,"Multimodal Freight Terminal on NW-at Ranchi, Jharkhand (Stage-I)","Ministry of Ports, Shipping and Waterways (MoPSW)",Inland Waterways,IWAI,Jharkhand,412.15,488.56,488.56,2020-09-05,2020-10-17,2023-11-01,2024-10-26,100.0,Completed
PRJ-00904,City Gas Distribution (CGD) Steel Network Imphal (West Bengal) - Phase-II (PRJ-00904),Ministry of Petroleum and Natural Gas (MoPNG),Petroleum & Natural Gas Pipelines,IOCL,West Bengal,9285.15,12958.08,5467.55,2021-11-08,2022-03-17,2029-02-08,2031-07-28,32.0,Delayed
PRJ-00905,Pumped Storage Hydel Scheme Bhopal (Jharkhand) - Package 2 (PRJ-00905),Ministry of Power (MoP),Hydroelectric Power,NHPC,Jharkhand,698.49,909.61,863.51,2021-12-17,2022-02-06,2025-01-21,2026-08-14,85.2,Delayed
PRJ-00906,Pellet Plant & Blast Furnace Expansion Varanasi (Mizoram) - Phase-III (PRJ-00906),Ministry of Steel (MoS),Steel & Metallurgy,SAIL,Mizoram,527.93,760.65,304.61,2023-09-14,2024-02-05,2026-04-25,2029-08-07,23.8,Delayed
PRJ-00907,HVDC Bipole Power Transmission Line 37 (Bhopal-Rajasthan) - Phase-III,Ministry of Power (MoP),Power Transmission & Distribution,State Transco,Rajasthan,565.0,764.71,130.03,2025-10-20,2025-11-27,2028-10-12,2030-08-03,2.0,Delayed
PRJ-00908,Widening & Paving of NH-61 (Kolkata-Jharkhand) - Package 1,Ministry of Road Transport and Highways (MoRTH),Road Transport & Highways,MoRTH Direct,Jharkhand,1083.2,1334.67,391.75,2024-04-08,2024-08-22,2028-07-02,2028-11-29,19.9,Delayed
PRJ-00909,HVDC Bipole Power Transmission Line 37 (Chandigarh-Uttar Pradesh) - Phase-II,Ministry of Power (MoP),Power Transmission & Distribution,REC Power,Uttar Pradesh,1669.23,1685.92,1438.14,2023-03-22,2023-05-26,2027-01-05,2027-01-05,91.0,On Track
PRJ-00910,Dedicated Freight Corridor (DFCC) Segment 89 (Imphal-Sikkim) - Package 2,Ministry of Railways (MoR),Railways,Zonal Railways,Sikkim,805.48,805.48,710.78,2023-03-03,2023-07-23,2026-10-05,2026-10-05,95.0,On Track
PRJ-00911,Air Cargo Logistics Complex at Mangaluru (Meghalaya) - Stage-II (PRJ-00911),Ministry of Civil Aviation (MoCA),Civil Aviation & Airports,Adani Airports,Meghalaya,379.9,425.12,345.6,2023-05-08,2023-08-12,2025-12-29,2026-11-24,71.0,Delayed
PRJ-00912,Dedicated Freight Corridor (DFCC) Segment 46 (Dehradun-Himachal Pradesh) - Stage-II,Ministry of Railways (MoR),Railways,Zonal Railways,Himachal Pradesh,261.08,344.95,53.96,2025-12-09,2026-05-03,2029-09-14,2032-04-01,2.0,Delayed
PRJ-00913,Integrated Smart City Sewerage Treatment Facility Bengaluru (Jammu & Kashmir) - Phase-II (PRJ-00913),Ministry of Housing and Urban Affairs (MoHUA),Urban Infrastructure & Water Supply,NBCC,Jammu & Kashmir,2361.26,2860.54,1059.61,2024-08-08,2024-11-21,2028-06-03,2028-11-30,17.9,Delayed
PRJ-00914,Widening & Paving of NH-16 (Indore-Telangana) - Package 1,Ministry of Road Transport and Highways (MoRTH),Road Transport & Highways,MoRTH Direct,Telangana,573.78,573.78,356.68,2024-02-19,2024-07-05,2027-07-20,2027-07-20,63.8,On Track
PRJ-00915,4-Laning of NH-93 (Jammu-Rajasthan) - Phase-III,Ministry of Road Transport and Highways (MoRTH),Road Transport & Highways,MoRTH Direct,Rajasthan,315.83,315.83,315.83,2023-08-19,2024-01-06,2026-04-25,2026-04-25,100.0,Completed
PRJ-00916,Opencast Coal Mining Project Expansion Bhubaneswar (Andhra Pradesh) - Phase-III (PRJ-00916),Ministry of Coal (MoC),Coal Mining & Infrastructure,Coal India (CIL),Andhra Pradesh,1523.28,1523.28,1438.56,2023-01-24,2023-04-22,2026-09-03,2026-09-03,95.0,On Track
PRJ-00917,Opencast Coal Mining Project Expansion Jaipur (Andhra Pradesh) - Phase-II (PRJ-00917),Ministry of Coal (MoC),Coal Mining & Infrastructure,SCCL,Andhra Pradesh,2432.29,2432.29,1182.9,2024-09-21,2024-12-01,2028-06-13,2028-06-13,48.9,On Track
PRJ-00918,Railway Line Doubling & Electrification 50 (Jammu-Maharashtra) - Phase-III,Ministry of Railways (MoR),Railways,KRCL,Maharashtra,249.74,288.89,288.89,2020-12-03,2021-03-24,2023-08-11,2023-12-09,100.0,Completed
PRJ-00919,Opencast Coal Mining Project Expansion Kolkata (Odisha) - Phase-III (PRJ-00919),Ministry of Coal (MoC),Coal Mining & Infrastructure,NLCIL,Odisha,1682.58,1966.2,1966.2,2020-02-07,2020-05-21,2024-01-31,2024-09-27,100.0,Completed
PRJ-00920,Ring Road Construction Phase Mangaluru (Uttarakhand) - Stage-I (PRJ-00920),Ministry of Road Transport and Highways (MoRTH),Road Transport & Highways,NHAI,Uttarakhand,2337.08,2803.69,1534.29,2023-05-05,2023-09-03,2026-10-17,2027-10-12,45.2,Delayed
PRJ-00921,New Broad Gauge Railway Line between 67 (Ahmedabad-Karnataka) - Phase-II,Ministry of Railways (MoR),Railways,KRCL,Karnataka,2734.01,3752.09,3582.26,2020-04-18,2020-06-06,2024-04-16,2027-01-01,77.9,Delayed
PRJ-00922,Major Inter-State River Interlinking Project Lucknow (Jammu & Kashmir) - Phase-I (PRJ-00922),Ministry of Jal Shakti,Water Resources & Irrigation,NWDA,Jammu & Kashmir,1355.1,1620.57,412.59,2024-08-27,2024-11-21,2028-02-04,2028-10-01,16.2,Delayed
PRJ-00923,Defence Testing Facility & Strategic Depot Guwahati (Karnataka) - Stage-I (PRJ-00923),Ministry of Defence,Defence Infrastructure & Strategic Roads,DGQA,Karnataka,808.46,944.02,944.02,2022-05-14,2022-07-30,2024-10-17,2025-08-13,100.0,Completed
PRJ-00924,Ring Road Construction Phase Agartala (Goa) - Stage-I (PRJ-00924),Ministry of Road Transport and Highways (MoRTH),Road Transport & Highways,NHAI,Goa,652.48,652.48,534.33,2023-09-11,2023-10-24,2027-02-05,2027-02-05,83.8,On Track
PRJ-00925,Defence Testing Facility & Strategic Depot Visakhapatnam (Telangana) - Package 2 (PRJ-00925),Ministry of Defence,Defence Infrastructure & Strategic Roads,MES,Telangana,370.07,370.07,370.07,2023-02-06,2023-03-10,2025-05-28,2025-05-28,100.0,Completed
PRJ-00926,4-Laning of NH-87 (Jammu-Delhi) - Stage-I,Ministry of Road Transport and Highways (MoRTH),Road Transport & Highways,State PWD,Delhi,528.5,528.5,528.5,2023-07-23,2023-11-27,2026-04-15,2026-04-15,100.0,Completed
PRJ-00927,Integrated Smart City Sewerage Treatment Facility Bhopal (Odisha) - Stage-II (PRJ-00927),Ministry of Housing and Urban Affairs (MoHUA),Urban Infrastructure & Water Supply,NBCC,Odisha,1223.4,1223.4,1223.4,2020-10-02,2021-01-31,2024-01-16,2024-01-16,100.0,Completed
PRJ-00928,Railway Line Doubling & Electrification 34 (Srinagar-Telangana) - Stage-II,Ministry of Railways (MoR),Railways,IRCON,Telangana,358.68,401.12,322.9,2020-11-16,2021-03-19,2024-01-03,2024-05-02,70.0,Delayed
PRJ-00929,Heavy Machinery Manufacturing Facility Upgrade Bhubaneswar (Punjab) - Phase-I (PRJ-00929),Ministry of Heavy Industries,Heavy Engineering & Equipment,BHEL,Punjab,708.68,766.14,615.75,2022-06-06,2022-10-04,2025-05-21,2027-03-12,57.5,Delayed
PRJ-00930,Ammonia-Urea Fertilizer Complex Revival Visakhapatnam (Tripura) - Package 2 (PRJ-00930),Ministry of Chemicals and Fertilizers,Fertilizer Plants & Petrochemicals,HURL,Tripura,1191.85,1203.77,1203.77,2022-01-20,2022-02-26,2025-05-11,2025-05-11,100.0,Completed
PRJ-00931,"765kV Super Grid Substation & Transmission Link at Ranchi, Karnataka (Phase-II)",Ministry of Power (MoP),Power Transmission & Distribution,REC Power,Karnataka,517.4,567.95,420.62,2021-11-20,2022-02-21,2025-03-07,2025-07-05,64.4,Stalled
PRJ-00932,Pressurized Heavy Water Reactor (PHWR) Complex Imphal (Chhattisgarh) - Phase-I (PRJ-00932),Department of Atomic Energy (DAE),Atomic Energy & Nuclear Plants,BHAVINI,Chhattisgarh,483.17,483.17,369.33,2024-01-18,2024-06-09,2026-12-26,2026-12-26,82.1,On Track
PRJ-00933,Ring Road Construction Phase Patna (Tamil Nadu) - Phase-II (PRJ-00933),Ministry of Road Transport and Highways (MoRTH),Road Transport & Highways,NHAI,Tamil Nadu,846.42,846.42,706.74,2024-06-15,2024-11-10,2026-10-31,2026-10-31,83.5,On Track
PRJ-00934,Pellet Plant & Blast Furnace Expansion Imphal (Nagaland) - Phase-II (PRJ-00934),Ministry of Steel (MoS),Steel & Metallurgy,SAIL,Nagaland,238.0,238.0,238.0,2023-01-12,2023-02-18,2025-05-08,2025-05-08,100.0,Completed
PRJ-00935,High-Speed Rail Link Chandigarh (Karnataka) - Package 2 (PRJ-00935),Ministry of Railways (MoR),Railways,KRCL,Karnataka,349.17,462.43,301.87,2023-09-21,2023-11-15,2026-06-02,2028-01-23,40.7,Delayed
PRJ-00936,Pressurized Heavy Water Reactor (PHWR) Complex Ahmedabad (West Bengal) - Phase-I (PRJ-00936),Department of Atomic Energy (DAE),Atomic Energy & Nuclear Plants,ECIL,West Bengal,1449.34,1685.31,1466.83,2023-02-11,2023-05-23,2026-05-07,2027-03-03,63.2,Delayed
PRJ-00937,Expressway Corridor Phase-84 (Ahmedabad-Manipur) - Package 2,Ministry of Road Transport and Highways (MoRTH),Road Transport & Highways,NHAI,Manipur,1829.96,2366.59,604.68,2024-03-21,2024-05-30,2027-11-11,2030-07-28,2.0,Delayed
PRJ-00938,Widening & Paving of NH-66 (Imphal-Chhattisgarh) - Stage-II,Ministry of Road Transport and Highways (MoRTH),Road Transport & Highways,NHAI,Chhattisgarh,303.89,367.62,93.53,2025-09-17,2026-02-02,2028-01-23,2028-11-18,2.0,Delayed
PRJ-00939,Integrated Smart City Sewerage Treatment Facility Pune (Haryana) - Phase-I (PRJ-00939),Ministry of Housing and Urban Affairs (MoHUA),Urban Infrastructure & Water Supply,NBCC,Haryana,290.87,290.87,108.69,2025-04-16,2025-06-11,2028-04-26,2028-04-26,40.3,On Track
PRJ-00940,4G/5G Saturation Network Infrastructure Pune (Haryana) - Phase-II (PRJ-00940),Ministry of Communications,Telecommunications & Optical Fibre,BSNL,Haryana,1639.74,1656.14,1656.14,2023-04-12,2023-09-06,2026-03-24,2026-03-24,100.0,Completed
PRJ-00941,New Broad Gauge Railway Line between 99 (Dehradun-Delhi) - Package 1,Ministry of Railways (MoR),Railways,IRCON,Delhi,1086.96,1214.03,1214.03,2020-07-27,2020-10-17,2023-12-01,2024-05-29,100.0,Completed
PRJ-00942,Petrochemical Complex Expansion Unit Mangaluru (Madhya Pradesh) - Phase-I (PRJ-00942),Ministry of Petroleum and Natural Gas (MoPNG),Oil Refineries & Petrochemicals,BPCL,Madhya Pradesh,819.75,819.75,315.13,2025-02-04,2025-03-26,2028-07-08,2028-07-08,39.9,On Track
PRJ-00943,Expressway Corridor Phase-83 (Lucknow-Maharashtra) - Stage-II,Ministry of Road Transport and Highways (MoRTH),Road Transport & Highways,State PWD,Maharashtra,1418.36,1818.03,1474.66,2022-02-25,2022-04-11,2025-03-26,2027-05-15,65.2,Delayed
PRJ-00944,Major Inter-State River Interlinking Project Bengaluru (Tamil Nadu) - Phase-II (PRJ-00944),Ministry of Jal Shakti,Water Resources & Irrigation,Polavaram Project Auth,Tamil Nadu,376.39,376.39,376.39,2020-07-06,2020-08-15,2023-02-01,2023-02-01,100.0,Completed
PRJ-00945,"765kV Super Grid Substation & Transmission Link at Indore, Goa (Stage-II)",Ministry of Power (MoP),Power Transmission & Distribution,REC Power,Goa,1991.94,1991.94,1991.94,2021-12-11,2022-01-15,2025-06-28,2025-06-28,100.0,Completed
PRJ-00946,Ammonia-Urea Fertilizer Complex Revival Lucknow (Assam) - Phase-II (PRJ-00946),Ministry of Chemicals and Fertilizers,Fertilizer Plants & Petrochemicals,FACT,Assam,701.24,701.24,701.24,2021-11-07,2022-01-18,2024-01-08,2024-01-08,100.0,Completed
PRJ-00947,BharatNet Rural Optical Fibre Deployment Phase Bhubaneswar (Delhi) - Phase-I (PRJ-00947),Ministry of Communications,Telecommunications & Optical Fibre,TCIL,Delhi,434.77,434.77,235.36,2025-02-14,2025-05-21,2027-05-11,2027-05-11,58.6,On Track
PRJ-00948,Cross-Country Natural Gas Grid Pipeline Guwahati (Jammu & Kashmir) - Package 2 (PRJ-00948),Ministry of Petroleum and Natural Gas (MoPNG),Petroleum & Natural Gas Pipelines,IOCL,Jammu & Kashmir,487.33,511.7,511.7,2020-07-25,2020-11-04,2023-10-20,2024-08-15,87.3,Delayed
PRJ-00949,6-Laning of Golden Quadrilateral Stretch Jammu (Goa) - Stage-I (PRJ-00949),Ministry of Road Transport and Highways (MoRTH),Road Transport & Highways,MoRTH Direct,Goa,523.16,523.16,523.16,2023-10-09,2023-12-22,2026-05-10,2026-05-10,100.0,Completed
PRJ-00950,Expressway Corridor Phase-13 (Kolkata-Mizoram) - Stage-I,Ministry of Road Transport and Highways (MoRTH),Road Transport & Highways,MoRTH Direct,Mizoram,382.88,484.28,370.84,2023-05-05,2023-06-09,2026-05-24,2027-06-18,65.0,Delayed
PRJ-00951,Green Energy Corridor Transmission System Phase 68 (Kochi-Bihar) - Stage-I,Ministry of Power (MoP),Power Transmission & Distribution,State Transco,Bihar,721.52,964.15,552.94,2023-07-15,2023-09-29,2026-05-16,2027-10-08,43.9,Delayed
PRJ-00952,Widening & Paving of NH-90 (Patna-Karnataka) - Stage-I,Ministry of Road Transport and Highways (MoRTH),Road Transport & Highways,NHIDCL,Karnataka,2164.93,2410.1,1659.72,2022-08-18,2023-01-05,2026-03-20,2027-05-14,52.4,Delayed
PRJ-00953,New Broad Gauge Railway Line between 90 (Visakhapatnam-Andhra Pradesh) - Stage-II,Ministry of Railways (MoR),Railways,KRCL,Andhra Pradesh,644.82,818.38,483.01,2023-01-07,2023-03-05,2026-01-18,2027-07-12,48.7,Delayed
PRJ-00954,Widening & Paving of NH-45 (Chandigarh-West Bengal) - Phase-II,Ministry of Road Transport and Highways (MoRTH),Road Transport & Highways,NHIDCL,West Bengal,498.67,724.66,159.02,2025-11-19,2026-03-27,2028-11-11,2031-11-26,2.0,Delayed
PRJ-00955,Barrage & Canal Distribution Network Shillong (Nagaland) - Phase-II (PRJ-00955),Ministry of Jal Shakti,Water Resources & Irrigation,Polavaram Project Auth,Nagaland,213.82,262.91,200.14,2023-06-20,2023-11-16,2025-11-05,2027-10-26,53.8,Delayed
PRJ-00956,Dedicated Freight Corridor (DFCC) Segment 22 (Nagpur-Jammu & Kashmir) - Phase-III,Ministry of Railways (MoR),Railways,RVNL,Jammu & Kashmir,2077.54,3013.32,1479.31,2022-06-07,2022-10-10,2026-02-21,2029-12-02,31.8,Delayed
PRJ-00957,Railway Line Doubling & Electrification 49 (Mangaluru-Tripura) - Phase-III,Ministry of Railways (MoR),Railways,Zonal Railways,Tripura,930.12,930.12,930.12,2020-09-06,2021-01-29,2024-04-13,2024-04-13,100.0,Completed
PRJ-00958,24x7 Urban Surface Water Supply Project Pune (Punjab) - Stage-I (PRJ-00958),Ministry of Housing and Urban Affairs (MoHUA),Urban Infrastructure & Water Supply,Smart City SPVs,Punjab,1345.75,1640.45,1504.33,2021-08-04,2021-12-08,2025-05-21,2026-09-13,75.7,Delayed
PRJ-00959,6-Laning of Golden Quadrilateral Stretch Chandigarh (Karnataka) - Package 1 (PRJ-00959),Ministry of Road Transport and Highways (MoRTH),Road Transport & Highways,MoRTH Direct,Karnataka,1829.01,2195.06,2195.06,2020-08-22,2020-12-02,2024-01-16,2024-10-12,100.0,Completed
PRJ-00960,First Mile Connectivity Coal Conveyor Network Dehradun (Manipur) - Phase-III (PRJ-00960),Ministry of Coal (MoC),Coal Mining & Infrastructure,SCCL,Manipur,1632.33,1632.33,618.83,2025-02-12,2025-05-30,2028-08-12,2028-08-12,38.6,On Track
PRJ-00961,Ring Road Construction Phase Jaipur (Gujarat) - Phase-I (PRJ-00961),Ministry of Road Transport and Highways (MoRTH),Road Transport & Highways,NHIDCL,Gujarat,1231.16,1231.16,1231.16,2023-06-06,2023-07-12,2026-06-26,2026-06-26,100.0,Completed
PRJ-00962,24x7 Urban Surface Water Supply Project Bhubaneswar (Uttarakhand) - Phase-II (PRJ-00962),Ministry of Housing and Urban Affairs (MoHUA),Urban Infrastructure & Water Supply,Smart City SPVs,Uttarakhand,320.12,368.88,238.87,2024-01-24,2024-05-06,2026-04-26,2027-01-21,52.0,Delayed
PRJ-00963,Ring Road Construction Phase Ranchi (Tripura) - Stage-II (PRJ-00963),Ministry of Road Transport and Highways (MoRTH),Road Transport & Highways,MoRTH Direct,Tripura,2426.73,2973.71,1351.9,2023-07-23,2023-10-04,2027-07-15,2028-09-07,28.1,Delayed
PRJ-00964,24x7 Urban Surface Water Supply Project Visakhapatnam (Uttarakhand) - Stage-II (PRJ-00964),Ministry of Housing and Urban Affairs (MoHUA),Urban Infrastructure & Water Supply,State Urban Dev Auth,Uttarakhand,707.54,714.62,128.45,2025-06-28,2025-10-01,2029-08-11,2029-08-11,18.4,On Track
PRJ-00965,Railway Line Doubling & Electrification 41 (Ahmedabad-Ladakh) - Package 2,Ministry of Railways (MoR),Railways,IRCON,Ladakh,600.76,837.09,742.0,2020-02-01,2020-06-02,2023-11-14,2026-12-28,71.5,Delayed
PRJ-00966,Opencast Coal Mining Project Expansion Bhubaneswar (Punjab) - Package 2 (PRJ-00966),Ministry of Coal (MoC),Coal Mining & Infrastructure,SCCL,Punjab,1633.96,2390.61,2390.61,2020-01-23,2020-03-10,2023-04-24,2025-12-09,100.0,Completed
PRJ-00967,Economic Corridor Bypass near 91 (Ahmedabad-Rajasthan) - Phase-III,Ministry of Road Transport and Highways (MoRTH),Road Transport & Highways,NHAI,Rajasthan,444.9,536.66,303.41,2024-04-16,2024-08-28,2027-04-15,2027-09-12,40.2,Delayed
PRJ-00968,4-Laning of NH-33 (Indore-Meghalaya) - Phase-I,Ministry of Road Transport and Highways (MoRTH),Road Transport & Highways,MoRTH Direct,Meghalaya,851.88,1220.82,1220.82,2021-05-05,2021-09-24,2024-05-11,2026-05-01,100.0,Completed
PRJ-00969,Integrated Smart City Sewerage Treatment Facility Chandigarh (Chhattisgarh) - Package 2 (PRJ-00969),Ministry of Housing and Urban Affairs (MoHUA),Urban Infrastructure & Water Supply,Smart City SPVs,Chhattisgarh,1007.13,1118.87,770.97,2023-09-21,2023-11-26,2027-01-09,2027-09-06,54.7,Delayed
PRJ-00970,Dedicated Freight Corridor (DFCC) Segment 19 (Kolkata-Odisha) - Phase-I,Ministry of Railways (MoR),Railways,DFCCIL,Odisha,808.89,1030.38,674.53,2023-06-24,2023-07-31,2026-03-17,2027-08-09,48.0,Delayed
PRJ-00971,Pellet Plant & Blast Furnace Expansion Srinagar (Karnataka) - Stage-I (PRJ-00971),Ministry of Steel (MoS),Steel & Metallurgy,RINL,Karnataka,313.72,313.72,60.14,2025-10-22,2025-11-29,2028-12-13,2028-12-13,19.9,On Track
PRJ-00972,Ultra Supercritical Power Plant Expansion Unit Lucknow (Tamil Nadu) - Phase-III (PRJ-00972),Ministry of Power (MoP),Thermal Power Generation,DVC,Tamil Nadu,2602.25,3103.87,674.09,2024-12-07,2025-02-04,2029-08-12,2030-07-08,2.0,Stalled
PRJ-00973,Economic Corridor Bypass near 30 (Shillong-Kerala) - Package 1,Ministry of Road Transport and Highways (MoRTH),Road Transport & Highways,MoRTH Direct,Kerala,2442.56,3085.93,3085.93,2021-12-25,2022-03-14,2025-03-28,2026-11-18,77.0,Delayed
PRJ-00974,City Gas Distribution (CGD) Steel Network Imphal (Jharkhand) - Phase-II (PRJ-00974),Ministry of Petroleum and Natural Gas (MoPNG),Petroleum & Natural Gas Pipelines,HPCL,Jharkhand,690.76,885.71,885.71,2021-10-06,2021-12-02,2024-09-17,2025-10-12,100.0,Completed
PRJ-00975,Strategic Mineral Beneficiation Facility Shimla (Tamil Nadu) - Package 1 (PRJ-00975),Ministry of Mines,Mining & Mineral Processing,NALCO,Tamil Nadu,314.34,418.15,304.72,2023-03-16,2023-07-09,2025-12-25,2028-02-13,53.1,Delayed
PRJ-00976,"765kV Super Grid Substation & Transmission Link at Surat, Gujarat (Package 1)",Ministry of Power (MoP),Power Transmission & Distribution,PGCIL,Gujarat,2234.88,2234.88,1792.14,2023-01-10,2023-04-30,2027-01-09,2027-01-09,86.5,On Track
PRJ-00977,Railway Line Doubling & Electrification 83 (Mangaluru-Jharkhand) - Phase-III,Ministry of Railways (MoR),Railways,DFCCIL,Jharkhand,190.09,256.93,218.31,2023-02-01,2023-04-29,2026-01-13,2027-03-09,68.7,Delayed
PRJ-00978,Pellet Plant & Blast Furnace Expansion Chandigarh (Tripura) - Stage-I (PRJ-00978),Ministry of Steel (MoS),Steel & Metallurgy,NMDC,Tripura,553.02,750.49,750.49,2021-03-11,2021-07-19,2024-06-03,2026-08-22,79.9,Delayed
PRJ-00979,Pellet Plant & Blast Furnace Expansion Bengaluru (Haryana) - Stage-II (PRJ-00979),Ministry of Steel (MoS),Steel & Metallurgy,NMDC,Haryana,546.6,546.6,546.6,2021-10-11,2021-11-20,2024-04-08,2024-04-08,100.0,Completed
PRJ-00980,Green Energy Corridor Transmission System Phase 18 (Hyderabad-Rajasthan) - Stage-II,Ministry of Power (MoP),Power Transmission & Distribution,State Transco,Rajasthan,1597.71,2146.02,966.8,2023-04-08,2023-07-28,2027-06-07,2029-03-28,29.2,Delayed
PRJ-00981,High-Speed Rail Link Bhubaneswar (Tamil Nadu) - Package 2 (PRJ-00981),Ministry of Railways (MoR),Railways,DFCCIL,Tamil Nadu,509.42,704.46,451.44,2021-11-07,2022-04-04,2025-08-16,2027-06-07,55.2,Delayed
PRJ-00982,"Multimodal Freight Terminal on NW-at Guwahati, Jharkhand (Stage-I)","Ministry of Ports, Shipping and Waterways (MoPSW)",Inland Waterways,IWAI,Jharkhand,2017.78,2592.07,2012.09,2020-05-09,2020-07-04,2023-05-20,2024-06-13,67.5,Delayed
PRJ-00983,Integrated Smart City Sewerage Treatment Facility Shimla (Meghalaya) - Stage-II (PRJ-00983),Ministry of Housing and Urban Affairs (MoHUA),Urban Infrastructure & Water Supply,Smart City SPVs,Meghalaya,783.46,894.47,894.47,2022-02-09,2022-05-08,2025-02-21,2025-10-19,100.0,Completed
PRJ-00984,Ultra Supercritical Power Plant Expansion Unit Bhubaneswar (Assam) - Package 2 (PRJ-00984),Ministry of Power (MoP),Thermal Power Generation,DVC,Assam,1522.92,1700.13,1669.7,2020-11-14,2021-03-06,2024-03-20,2024-08-17,85.4,Delayed
PRJ-00985,Cross-Country Natural Gas Grid Pipeline Ahmedabad (Tamil Nadu) - Phase-II (PRJ-00985),Ministry of Petroleum and Natural Gas (MoPNG),Petroleum & Natural Gas Pipelines,IOCL,Tamil Nadu,1627.44,1627.44,1627.44,2021-02-17,2021-04-08,2024-08-20,2024-08-20,100.0,Completed
PRJ-00986,Refinery Modernization & BS-VI / Clean Fuel Upgrade Varanasi (Maharashtra) - Stage-I (PRJ-00986),Ministry of Petroleum and Natural Gas (MoPNG),Oil Refineries & Petrochemicals,CPCL,Maharashtra,198.08,198.08,198.08,2023-12-05,2024-03-14,2026-07-02,2026-07-02,100.0,Completed
PRJ-00987,Run-of-River Hydro Project Dehradun (Himachal Pradesh) - Phase-II (PRJ-00987),Ministry of Power (MoP),Hydroelectric Power,NHPC,Himachal Pradesh,15014.98,19151.63,6608.12,2023-01-02,2023-03-01,2030-01-23,2030-12-19,10.4,Delayed
PRJ-00988,New Broad Gauge Railway Line between 14 (Indore-Jammu & Kashmir) - Package 1,Ministry of Railways (MoR),Railways,Zonal Railways,Jammu & Kashmir,534.33,610.28,143.47,2025-12-23,2026-03-16,2028-11-30,2029-06-28,2.0,Stalled
PRJ-00989,Super Thermal Power Project (STPP) Stage Mangaluru (Ladakh) - Package 2 (PRJ-00989),Ministry of Power (MoP),Thermal Power Generation,NTPC,Ladakh,278.58,337.61,286.14,2022-09-27,2022-11-17,2025-04-05,2025-12-31,73.7,Stalled
PRJ-00990,Pellet Plant & Blast Furnace Expansion Shimla (Odisha) - Phase-III (PRJ-00990),Ministry of Steel (MoS),Steel & Metallurgy,SAIL,Odisha,360.21,425.86,340.86,2021-06-09,2021-08-28,2024-02-14,2024-11-10,69.6,Stalled
PRJ-00991,4-Laning of NH-37 (Agartala-West Bengal) - Stage-I,Ministry of Road Transport and Highways (MoRTH),Road Transport & Highways,NHAI,West Bengal,796.85,1079.27,1079.27,2021-10-24,2022-02-26,2024-03-17,2026-01-06,100.0,Completed
PRJ-00992,First Mile Connectivity Coal Conveyor Network Nagpur (Gujarat) - Phase-I (PRJ-00992),Ministry of Coal (MoC),Coal Mining & Infrastructure,Coal India (CIL),Gujarat,1073.97,1320.15,1320.15,2021-03-28,2021-06-08,2024-12-19,2026-01-13,100.0,Completed
PRJ-00993,Dedicated Freight Corridor (DFCC) Segment 14 (Shimla-Uttarakhand) - Phase-I,Ministry of Railways (MoR),Railways,IRCON,Uttarakhand,362.78,362.78,322.71,2024-01-28,2024-02-28,2026-11-14,2026-11-14,88.4,On Track
PRJ-00994,Expressway Corridor Phase-46 (Jammu-Bihar) - Phase-I,Ministry of Road Transport and Highways (MoRTH),Road Transport & Highways,NHIDCL,Bihar,1140.23,1421.93,824.57,2023-11-01,2024-01-08,2027-03-23,2028-04-16,40.6,Delayed
PRJ-00995,6-Laning of Golden Quadrilateral Stretch Surat (Haryana) - Phase-I (PRJ-00995),Ministry of Road Transport and Highways (MoRTH),Road Transport & Highways,NHAI,Haryana,261.48,261.48,261.48,2020-02-24,2020-04-24,2022-09-11,2022-09-11,100.0,Completed
PRJ-00996,Widening & Paving of NH-14 (Guwahati-Uttarakhand) - Package 1,Ministry of Road Transport and Highways (MoRTH),Road Transport & Highways,NHIDCL,Uttarakhand,556.36,633.23,632.09,2020-08-14,2020-12-28,2023-03-18,2023-07-16,86.8,Stalled
PRJ-00997,Crude Oil Pipeline Augmentation Raipur (Jammu & Kashmir) - Stage-II (PRJ-00997),Ministry of Petroleum and Natural Gas (MoPNG),Petroleum & Natural Gas Pipelines,BPCL,Jammu & Kashmir,775.37,775.37,775.37,2021-04-23,2021-07-19,2024-04-04,2024-04-04,100.0,Completed
PRJ-00998,Air Cargo Logistics Complex at Ahmedabad (Ladakh) - Phase-III (PRJ-00998),Ministry of Civil Aviation (MoCA),Civil Aviation & Airports,PPP Airport SPV,Ladakh,503.72,695.5,430.43,2023-08-18,2023-10-07,2026-04-24,2028-02-13,51.5,Delayed
PRJ-00999,Refinery Modernization & BS-VI / Clean Fuel Upgrade Chandigarh (Meghalaya) - Phase-III (PRJ-00999),Ministry of Petroleum and Natural Gas (MoPNG),Oil Refineries & Petrochemicals,CPCL,Meghalaya,830.25,974.72,974.72,2023-06-25,2023-08-31,2025-12-18,2026-04-17,100.0,Completed
PRJ-01000,National Waterway-1 Modern Navigation Channel Srinagar (Kerala) - Phase-I (PRJ-01000),"Ministry of Ports, Shipping and Waterways (MoPSW)",Inland Waterways,IWAI,Kerala,586.04,692.36,444.46,2022-09-28,2023-01-16,2025-11-01,2027-01-25,53.5,Delayed
